source,problem_id,num_attempts,num_fallos,ultimo_intento,dias_desde_ultimo_intento,repetitions_antes,repetitions_despues,interval_antes,interval_despues,due_date_antes,due_date_despues,easiness_antes,easiness_despues,cambia
101_weiqi,3,2,1,2026-06-03,69,,0,,1.0,,2026-06-04,,2.3,SI
101_weiqi,7,3,1,2026-05-30,73,,0,,1.0,,2026-05-31,,2.3,SI
101_weiqi,21,4,4,2026-05-30,73,,0,,1.0,,2026-05-31,,1.7,SI
101_weiqi,35,3,3,2026-05-30,73,,0,,1.0,,2026-05-31,,1.9,SI
101_weiqi,4419,2,0,2026-07-15,27,2,2,30.0,15,2026-08-14,2026-08-01,2.5,2.5,SI
101_weiqi,5091,2,0,2026-07-13,29,2,2,47.0,15,2026-08-29,2026-08-11,2.5,2.5,SI
101_weiqi,5157,2,0,2026-07-11,31,2,2,32.0,15,2026-08-12,2026-07-26,2.5,2.5,SI
101_weiqi,5611,3,2,2026-05-29,74,,1,,6.0,,2026-06-06,,2.1,SI
101_weiqi,6443,2,0,2026-07-05,37,2,2,41.0,15,2026-08-15,2026-08-09,2.5,2.5,SI
101_weiqi,6564,2,0,2026-07-19,23,2,2,55.0,15,2026-09-12,2026-08-11,2.5,2.5,SI
101_weiqi,6946,2,0,2026-06-03,69,,2,,15,,2026-07-03,,2.5,SI
101_weiqi,6960,2,2,2026-06-03,69,,0,,1.0,,2026-06-04,,2.1,SI
101_weiqi,8054,3,0,2026-07-07,35,2,3,39.0,38,2026-08-15,2026-08-24,2.5,2.5,SI
101_weiqi,8174,2,0,2026-07-13,29,2,2,44.0,15,2026-08-26,2026-07-31,2.5,2.5,SI
101_weiqi,8181,3,0,2026-08-07,4,3,3,123.0,38,2026-12-08,2026-09-23,2.5,2.5,SI
101_weiqi,8183,3,0,2026-08-05,6,3,3,94.0,38,2026-11-07,2026-10-04,2.5,2.5,SI
101_weiqi,8188,3,0,2026-07-06,36,3,3,327.0,38,2027-05-29,2026-09-04,2.5,2.5,SI
101_weiqi,8199,2,0,2026-07-13,29,2,2,30.0,15,2026-08-12,2026-07-31,2.5,2.5,SI
101_weiqi,8200,4,0,2026-08-10,1,2,4,74.0,95,2026-10-23,2027-03-14,2.5,2.5,SI
101_weiqi,8201,3,0,2026-07-13,29,2,3,64.0,38,2026-09-15,2026-08-24,2.5,2.5,SI
101_weiqi,8203,3,0,2026-07-13,29,2,3,46.0,38,2026-08-28,2026-09-18,2.5,2.5,SI
101_weiqi,8206,2,0,2026-07-17,25,2,2,69.0,15,2026-09-24,2026-08-05,2.5,2.5,SI
101_weiqi,8209,2,0,2026-07-13,29,2,2,35.0,15,2026-08-17,2026-08-11,2.5,2.5,SI
101_weiqi,8210,3,0,2026-08-08,3,3,3,112.0,38,2026-11-28,2026-09-24,2.5,2.5,SI
101_weiqi,8217,2,0,2026-07-13,29,2,2,81.0,15,2026-10-02,2026-08-11,2.5,2.5,SI
101_weiqi,8224,2,0,2026-07-13,29,2,2,42.0,15,2026-08-24,2026-08-19,2.5,2.5,SI
101_weiqi,8231,2,0,2026-07-15,27,2,2,49.0,15,2026-09-02,2026-08-11,2.5,2.5,SI
101_weiqi,8232,2,0,2026-07-17,25,2,2,38.0,15,2026-08-24,2026-08-17,2.5,2.5,SI
101_weiqi,8234,2,0,2026-07-15,27,2,2,55.0,15,2026-09-08,2026-08-19,2.5,2.5,SI
101_weiqi,8240,3,0,2026-07-28,14,3,3,86.0,38,2026-10-22,2026-09-14,2.5,2.5,SI
101_weiqi,8241,2,0,2026-07-16,26,2,2,50.0,15,2026-09-04,2026-08-13,2.5,2.5,SI
101_weiqi,8248,3,0,2026-07-11,31,2,3,59.0,38,2026-09-08,2026-08-28,2.5,2.5,SI
101_weiqi,8253,2,0,2026-06-03,69,,2,,15,,2026-07-07,,2.5,SI
101_weiqi,8255,3,0,2026-08-08,3,3,3,99.0,38,2026-11-15,2026-10-08,2.5,2.5,SI
101_weiqi,8264,2,0,2026-07-16,26,2,2,51.0,15,2026-09-05,2026-08-17,2.5,2.5,SI
101_weiqi,8268,4,1,2026-07-27,15,2,2,37.0,14,2026-09-02,2026-08-24,2.3,2.3,SI
101_weiqi,8270,3,0,2026-08-05,6,3,3,92.0,38,2026-11-05,2026-09-30,2.5,2.5,SI
101_weiqi,8273,4,1,2026-07-20,22,2,2,27.0,14,2026-08-16,2026-08-05,2.3,2.3,SI
101_weiqi,8274,4,0,2026-08-09,2,3,4,92.0,95,2026-11-09,2027-03-08,2.5,2.5,SI
101_weiqi,8277,3,0,2026-07-07,35,2,3,39.0,38,2026-08-15,2026-09-06,2.5,2.5,SI
101_weiqi,8282,2,0,2026-07-13,29,2,2,37.0,15,2026-08-19,2026-08-15,2.5,2.5,SI
101_weiqi,8283,2,0,2026-07-11,31,2,2,42.0,15,2026-08-22,2026-08-13,2.5,2.5,SI
101_weiqi,8293,2,0,2026-07-20,22,2,2,45.0,15,2026-09-03,2026-08-13,2.5,2.5,SI
101_weiqi,8295,2,0,2026-07-17,25,2,2,62.0,15,2026-09-17,2026-08-21,2.5,2.5,SI
101_weiqi,8297,4,0,2026-07-14,28,2,4,47.0,95,2026-08-30,2027-01-27,2.5,2.5,SI
101_weiqi,8300,3,0,2026-07-30,12,3,3,75.0,38,2026-10-13,2026-09-19,2.5,2.5,SI
101_weiqi,8304,2,0,2026-07-18,24,2,2,37.0,15,2026-08-24,2026-08-16,2.5,2.5,SI
101_weiqi,8305,2,0,2026-07-18,24,2,2,79.0,15,2026-10-05,2026-08-24,2.5,2.5,SI
101_weiqi,8307,2,0,2026-07-18,24,2,2,70.0,15,2026-09-26,2026-08-09,2.5,2.5,SI
101_weiqi,8310,2,0,2026-07-16,26,2,2,60.0,15,2026-09-14,2026-08-03,2.5,2.5,SI
101_weiqi,8312,5,0,2026-08-08,3,3,5,85.0,238,2026-11-01,2027-12-14,2.5,2.5,SI
101_weiqi,8313,2,0,2026-07-15,27,2,2,32.0,15,2026-08-16,2026-08-01,2.5,2.5,SI
101_weiqi,8317,3,0,2026-08-09,2,3,3,166.0,38,2027-01-22,2026-10-24,2.5,2.5,SI
101_weiqi,8322,2,0,2026-07-16,26,2,2,46.0,15,2026-08-31,2026-08-17,2.5,2.5,SI
101_weiqi,8329,2,0,2026-06-03,69,,2,,15,,2026-07-05,,2.5,SI
101_weiqi,8330,2,0,2026-07-13,29,2,2,42.0,15,2026-08-24,2026-08-05,2.5,2.5,SI
101_weiqi,8333,3,0,2026-07-13,29,2,3,45.0,38,2026-08-27,2026-09-14,2.5,2.5,SI
101_weiqi,8339,3,0,2026-08-05,6,3,3,97.0,38,2026-11-10,2026-11-01,2.5,2.5,SI
101_weiqi,8341,3,0,2026-08-10,1,3,3,84.0,38,2026-11-02,2026-10-22,2.5,2.5,SI
101_weiqi,8342,2,0,2026-07-18,24,2,2,60.0,15,2026-09-16,2026-08-16,2.5,2.5,SI
101_weiqi,8345,2,0,2026-07-19,23,2,2,44.0,15,2026-09-01,2026-08-23,2.5,2.5,SI
101_weiqi,8346,3,0,2026-07-11,31,2,3,68.0,38,2026-09-17,2026-09-11,2.5,2.5,SI
101_weiqi,8348,2,0,2026-07-18,24,2,2,42.0,15,2026-08-29,2026-08-04,2.5,2.5,SI
101_weiqi,8350,2,0,2026-07-18,24,2,2,49.0,15,2026-09-05,2026-08-06,2.5,2.5,SI
101_weiqi,8365,3,0,2026-07-06,36,3,3,217.0,38,2027-02-08,2026-09-13,2.5,2.5,SI
101_weiqi,8366,3,0,2026-07-14,28,2,3,56.0,38,2026-09-08,2026-09-02,2.5,2.5,SI
101_weiqi,8372,2,0,2026-07-15,27,2,2,43.0,15,2026-08-27,2026-08-15,2.5,2.5,SI
101_weiqi,8374,2,0,2026-07-08,34,2,2,55.0,15,2026-09-01,2026-07-27,2.5,2.5,SI
101_weiqi,8377,2,0,2026-07-18,24,2,2,43.0,15,2026-08-30,2026-08-17,2.5,2.5,SI
101_weiqi,8379,2,0,2026-07-13,29,2,2,33.0,15,2026-08-15,2026-08-13,2.5,2.5,SI
101_weiqi,8380,2,0,2026-07-05,37,2,2,60.0,15,2026-09-03,2026-07-24,2.5,2.5,SI
101_weiqi,8384,2,0,2026-07-16,26,2,2,30.0,15,2026-08-15,2026-08-08,2.5,2.5,SI
101_weiqi,8385,2,0,2026-07-14,28,2,2,56.0,15,2026-09-08,2026-08-04,2.5,2.5,SI
101_weiqi,8389,2,0,2026-07-17,25,2,2,44.0,15,2026-08-30,2026-08-23,2.5,2.5,SI
101_weiqi,8391,2,0,2026-07-16,26,2,2,51.0,15,2026-09-05,2026-08-11,2.5,2.5,SI
101_weiqi,8398,2,0,2026-07-13,29,2,2,56.0,15,2026-09-07,2026-08-11,2.5,2.5,SI
101_weiqi,8401,2,0,2026-07-14,28,2,2,71.0,15,2026-09-23,2026-08-06,2.5,2.5,SI
101_weiqi,8403,2,0,2026-06-03,69,,2,,15,,2026-06-20,,2.5,SI
101_weiqi,8404,2,0,2026-07-17,25,2,2,63.0,15,2026-09-18,2026-08-17,2.5,2.5,SI
101_weiqi,8405,2,0,2026-07-11,31,2,2,71.0,15,2026-09-20,2026-08-04,2.5,2.5,SI
101_weiqi,8417,3,0,2026-07-27,15,3,3,117.0,38,2026-11-21,2026-09-10,2.5,2.5,SI
101_weiqi,8418,2,0,2026-07-17,25,2,2,34.0,15,2026-08-20,2026-08-21,2.5,2.5,SI
101_weiqi,8424,2,0,2026-07-20,22,2,2,65.0,15,2026-09-23,2026-08-04,2.5,2.5,SI
101_weiqi,8427,2,0,2026-07-15,27,2,2,41.0,15,2026-08-25,2026-08-02,2.5,2.5,SI
101_weiqi,8428,3,0,2026-08-10,1,2,3,58.0,38,2026-10-07,2026-09-27,2.5,2.5,SI
101_weiqi,8432,3,0,2026-08-05,6,3,3,132.0,38,2026-12-15,2026-10-17,2.5,2.5,SI
101_weiqi,8435,3,0,2026-07-27,15,3,3,115.0,38,2026-11-19,2026-10-29,2.5,2.5,SI
101_weiqi,8437,4,1,2026-07-27,15,2,2,26.0,14,2026-08-22,2026-08-25,2.3,2.3,SI
101_weiqi,8439,2,0,2026-07-20,22,2,2,81.0,15,2026-10-09,2026-08-15,2.5,2.5,SI
101_weiqi,8448,2,0,2026-07-13,29,2,2,32.0,15,2026-08-14,2026-07-31,2.5,2.5,SI
101_weiqi,8452,2,0,2026-07-17,25,2,2,59.0,15,2026-09-14,2026-08-01,2.5,2.5,SI
101_weiqi,8455,2,0,2026-07-16,26,2,2,43.0,15,2026-08-28,2026-08-14,2.5,2.5,SI
101_weiqi,8457,2,0,2026-07-07,35,2,2,41.0,15,2026-08-17,2026-07-29,2.5,2.5,SI
101_weiqi,8467,4,0,2026-07-18,24,2,4,66.0,95,2026-09-22,2027-01-09,2.5,2.5,SI
101_weiqi,8468,3,0,2026-08-05,6,3,3,91.0,38,2026-11-04,2026-09-16,2.5,2.5,SI
101_weiqi,8472,3,0,2026-07-06,36,3,3,199.0,38,2027-01-21,2026-08-24,2.5,2.5,SI
101_weiqi,8473,2,0,2026-07-13,29,2,2,36.0,15,2026-08-18,2026-08-15,2.5,2.5,SI
101_weiqi,8474,2,0,2026-07-16,26,2,2,38.0,15,2026-08-23,2026-08-12,2.5,2.5,SI
101_weiqi,8478,3,0,2026-08-10,1,2,3,66.0,38,2026-10-15,2026-11-11,2.5,2.5,SI
101_weiqi,8479,2,0,2026-07-16,26,2,2,61.0,15,2026-09-15,2026-08-14,2.5,2.5,SI
101_weiqi,8490,2,0,2026-07-14,28,2,2,67.0,15,2026-09-19,2026-08-06,2.5,2.5,SI
101_weiqi,8493,2,0,2026-07-14,28,2,2,53.0,15,2026-09-05,2026-08-14,2.5,2.5,SI
101_weiqi,8494,2,0,2026-07-11,31,2,2,32.0,15,2026-08-12,2026-08-06,2.5,2.5,SI
101_weiqi,8495,3,0,2026-08-05,6,3,3,107.0,38,2026-11-20,2026-10-23,2.5,2.5,SI
101_weiqi,8500,2,0,2026-07-18,24,2,2,43.0,15,2026-08-30,2026-08-02,2.5,2.5,SI
101_weiqi,8502,2,0,2026-07-17,25,2,2,66.0,15,2026-09-21,2026-08-14,2.5,2.5,SI
101_weiqi,8507,2,0,2026-06-03,69,,2,,15,,2026-06-21,,2.5,SI
101_weiqi,8508,2,0,2026-07-13,29,2,2,39.0,15,2026-08-21,2026-07-31,2.5,2.5,SI
101_weiqi,8510,3,0,2026-08-11,0,3,3,101.0,38,2026-11-20,2026-09-26,2.5,2.5,SI
101_weiqi,8515,2,0,2026-07-17,25,2,2,68.0,15,2026-09-23,2026-08-02,2.5,2.5,SI
101_weiqi,8531,2,0,2026-07-14,28,2,2,54.0,15,2026-09-06,2026-08-13,2.5,2.5,SI
101_weiqi,8535,2,0,2026-07-14,28,2,2,44.0,15,2026-08-27,2026-08-10,2.5,2.5,SI
101_weiqi,8536,3,0,2026-08-06,5,3,3,85.0,38,2026-10-30,2026-09-29,2.5,2.5,SI
101_weiqi,8537,3,0,2026-08-09,2,3,3,95.0,38,2026-11-12,2026-10-18,2.5,2.5,SI
101_weiqi,8539,2,0,2026-07-16,26,2,2,35.0,15,2026-08-20,2026-08-17,2.5,2.5,SI
101_weiqi,8542,2,0,2026-07-11,31,2,2,60.0,15,2026-09-09,2026-08-05,2.5,2.5,SI
101_weiqi,8548,2,0,2026-07-17,25,2,2,49.0,15,2026-09-04,2026-08-18,2.5,2.5,SI
101_weiqi,8550,3,0,2026-07-14,28,2,3,75.0,38,2026-09-27,2026-08-25,2.5,2.5,SI
101_weiqi,8553,3,0,2026-08-05,6,3,3,150.0,38,2027-01-02,2026-10-01,2.5,2.5,SI
101_weiqi,8556,2,0,2026-07-13,29,2,2,37.0,15,2026-08-19,2026-08-05,2.5,2.5,SI
101_weiqi,8559,3,0,2026-08-10,1,3,3,145.0,38,2027-01-02,2026-09-18,2.5,2.5,SI
101_weiqi,8561,3,0,2026-08-10,1,2,3,46.0,38,2026-09-25,2026-11-09,2.5,2.5,SI
101_weiqi,8564,3,0,2026-08-05,6,3,3,128.0,38,2026-12-11,2026-10-25,2.5,2.5,SI
101_weiqi,8565,2,0,2026-06-03,69,,2,,15,,2026-07-06,,2.5,SI
101_weiqi,8568,2,0,2026-07-13,29,2,2,30.0,15,2026-08-12,2026-08-17,2.5,2.5,SI
101_weiqi,8577,2,0,2026-06-03,69,,2,,15,,2026-06-24,,2.5,SI
101_weiqi,8585,2,0,2026-07-15,27,2,2,37.0,15,2026-08-21,2026-08-21,2.5,2.5,SI
101_weiqi,8586,4,0,2026-07-13,29,2,4,30.0,95,2026-08-12,2027-01-16,2.5,2.5,SI
101_weiqi,8587,3,0,2026-07-28,14,3,3,60.0,38,2026-09-26,2026-10-30,2.5,2.5,SI
101_weiqi,8590,2,0,2026-07-06,36,2,2,64.0,15,2026-09-08,2026-07-26,2.5,2.5,SI
101_weiqi,8591,3,1,2026-07-16,26,2,2,36.0,14,2026-08-21,2026-08-02,2.3,2.3,SI
101_weiqi,8592,2,0,2026-07-18,24,2,2,36.0,15,2026-08-23,2026-08-03,2.5,2.5,SI
101_weiqi,8593,2,0,2026-07-13,29,2,2,74.0,15,2026-09-25,2026-08-16,2.5,2.5,SI
101_weiqi,8594,2,0,2026-07-11,31,2,2,35.0,15,2026-08-15,2026-08-07,2.5,2.5,SI
101_weiqi,8603,2,0,2026-07-20,22,2,2,76.0,15,2026-10-04,2026-08-26,2.5,2.5,SI
101_weiqi,8605,2,0,2026-07-18,24,2,2,40.0,15,2026-08-27,2026-08-18,2.5,2.5,SI
101_weiqi,8606,2,0,2026-07-16,26,2,2,40.0,15,2026-08-25,2026-08-20,2.5,2.5,SI
101_weiqi,8608,3,0,2026-07-11,31,2,3,40.0,38,2026-08-20,2026-09-03,2.5,2.5,SI
101_weiqi,8614,3,0,2026-08-08,3,3,3,143.0,38,2026-12-29,2026-10-20,2.5,2.5,SI
101_weiqi,8615,2,0,2026-07-11,31,2,2,43.0,15,2026-08-23,2026-08-10,2.5,2.5,SI
101_weiqi,8616,2,0,2026-07-17,25,2,2,34.0,15,2026-08-20,2026-08-13,2.5,2.5,SI
101_weiqi,8622,3,0,2026-07-13,29,2,3,72.0,38,2026-09-23,2026-08-31,2.5,2.5,SI
101_weiqi,8623,2,0,2026-07-20,22,2,2,62.0,15,2026-09-20,2026-08-06,2.5,2.5,SI
101_weiqi,8629,2,0,2026-07-20,22,2,2,62.0,15,2026-09-20,2026-08-10,2.5,2.5,SI
101_weiqi,8636,2,0,2026-07-16,26,2,2,71.0,15,2026-09-25,2026-08-03,2.5,2.5,SI
101_weiqi,8657,2,0,2026-07-05,37,2,2,85.0,15,2026-09-28,2026-07-30,2.5,2.5,SI
101_weiqi,8660,2,0,2026-07-09,33,2,2,54.0,15,2026-09-01,2026-08-03,2.5,2.5,SI
101_weiqi,8665,3,0,2026-07-07,35,2,3,39.0,38,2026-08-15,2026-09-13,2.5,2.5,SI
101_weiqi,8667,3,0,2026-07-08,34,2,3,35.0,38,2026-08-12,2026-10-07,2.5,2.5,SI
101_weiqi,8679,2,0,2026-07-17,25,2,2,34.0,15,2026-08-20,2026-08-17,2.5,2.5,SI
101_weiqi,8682,2,0,2026-07-19,23,2,2,47.0,15,2026-09-04,2026-08-17,2.5,2.5,SI
101_weiqi,8683,4,0,2026-08-05,6,3,4,81.0,95,2026-10-25,2027-01-20,2.5,2.5,SI
101_weiqi,8684,2,0,2026-07-15,27,2,2,57.0,15,2026-09-10,2026-08-20,2.5,2.5,SI
101_weiqi,8688,2,0,2026-07-08,34,2,2,46.0,15,2026-08-23,2026-07-31,2.5,2.5,SI
101_weiqi,8692,2,0,2026-07-13,29,2,2,49.0,15,2026-08-31,2026-08-03,2.5,2.5,SI
101_weiqi,8694,3,0,2026-08-07,4,3,3,122.0,38,2026-12-07,2026-10-08,2.5,2.5,SI
101_weiqi,8697,2,0,2026-07-18,24,2,2,37.0,15,2026-08-24,2026-08-13,2.5,2.5,SI
101_weiqi,8708,2,0,2026-07-08,34,2,2,39.0,15,2026-08-16,2026-07-23,2.5,2.5,SI
101_weiqi,8709,2,0,2026-07-17,25,2,2,42.0,15,2026-08-28,2026-08-11,2.5,2.5,SI
101_weiqi,8714,2,0,2026-07-08,34,2,2,36.0,15,2026-08-13,2026-08-06,2.5,2.5,SI
101_weiqi,8715,2,0,2026-07-17,25,2,2,66.0,15,2026-09-21,2026-08-20,2.5,2.5,SI
101_weiqi,8719,3,0,2026-08-05,6,3,3,75.0,38,2026-10-19,2026-11-04,2.5,2.5,SI
101_weiqi,8720,3,0,2026-08-05,6,3,3,109.0,38,2026-11-22,2026-09-26,2.5,2.5,SI
101_weiqi,8724,2,0,2026-07-11,31,2,2,41.0,15,2026-08-21,2026-08-16,2.5,2.5,SI
101_weiqi,8730,2,0,2026-07-18,24,2,2,67.0,15,2026-09-23,2026-08-19,2.5,2.5,SI
101_weiqi,8731,3,0,2026-08-08,3,3,3,146.0,38,2027-01-01,2026-10-11,2.5,2.5,SI
101_weiqi,8735,2,0,2026-07-13,29,2,2,47.0,15,2026-08-29,2026-08-04,2.5,2.5,SI
101_weiqi,8736,2,0,2026-07-15,27,2,2,65.0,15,2026-09-18,2026-08-02,2.5,2.5,SI
101_weiqi,8737,2,0,2026-06-03,69,,2,,15,,2026-07-09,,2.5,SI
101_weiqi,8739,2,0,2026-07-20,22,2,2,86.0,15,2026-10-14,2026-08-16,2.5,2.5,SI
101_weiqi,8742,3,0,2026-08-08,3,3,3,83.0,38,2026-10-30,2026-09-30,2.5,2.5,SI
101_weiqi,8749,2,0,2026-07-13,29,2,2,50.0,15,2026-09-01,2026-08-04,2.5,2.5,SI
101_weiqi,8751,3,0,2026-08-05,6,3,3,118.0,38,2026-12-01,2026-10-29,2.5,2.5,SI
101_weiqi,8757,2,0,2026-07-16,26,2,2,59.0,15,2026-09-13,2026-07-31,2.5,2.5,SI
101_weiqi,8759,2,0,2026-07-17,25,2,2,54.0,15,2026-09-09,2026-08-14,2.5,2.5,SI
101_weiqi,8760,2,0,2026-07-19,23,2,2,76.0,15,2026-10-03,2026-08-06,2.5,2.5,SI
101_weiqi,8767,2,0,2026-07-08,34,2,2,53.0,15,2026-08-30,2026-08-01,2.5,2.5,SI
101_weiqi,8772,2,0,2026-07-15,27,2,2,31.0,15,2026-08-15,2026-08-12,2.5,2.5,SI
101_weiqi,8776,4,0,2026-08-05,6,3,4,99.0,95,2026-11-12,2027-01-06,2.5,2.5,SI
101_weiqi,8786,3,0,2026-08-05,6,3,3,109.0,38,2026-11-22,2026-09-13,2.5,2.5,SI
101_weiqi,8794,2,0,2026-07-13,29,2,2,53.0,15,2026-09-04,2026-08-05,2.5,2.5,SI
101_weiqi,8797,2,0,2026-06-03,69,,2,,15,,2026-06-19,,2.5,SI
101_weiqi,8798,3,0,2026-08-09,2,3,3,136.0,38,2026-12-23,2026-10-16,2.5,2.5,SI
101_weiqi,8800,2,0,2026-07-06,36,2,2,39.0,15,2026-08-14,2026-07-22,2.5,2.5,SI
101_weiqi,8802,2,0,2026-07-11,31,2,2,44.0,15,2026-08-24,2026-07-29,2.5,2.5,SI
101_weiqi,8807,3,1,2026-07-13,29,2,2,33.0,14,2026-08-15,2026-08-07,2.3,2.3,SI
101_weiqi,8808,2,0,2026-07-19,23,2,2,49.0,15,2026-09-06,2026-08-15,2.5,2.5,SI
101_weiqi,8812,2,0,2026-07-17,25,2,2,50.0,15,2026-09-05,2026-08-13,2.5,2.5,SI
101_weiqi,8813,2,0,2026-07-17,25,2,2,35.0,15,2026-08-21,2026-08-16,2.5,2.5,SI
101_weiqi,8819,3,0,2026-08-05,6,3,3,56.0,38,2026-09-30,2026-10-26,2.5,2.5,SI
101_weiqi,8827,2,0,2026-07-18,24,2,2,46.0,15,2026-09-02,2026-08-18,2.5,2.5,SI
101_weiqi,8831,2,0,2026-07-11,31,2,2,52.0,15,2026-09-01,2026-08-13,2.5,2.5,SI
101_weiqi,8836,2,0,2026-07-14,28,2,2,48.0,15,2026-08-31,2026-08-04,2.5,2.5,SI
101_weiqi,8841,3,0,2026-08-09,2,3,3,101.0,38,2026-11-18,2026-11-07,2.5,2.5,SI
101_weiqi,8850,2,0,2026-07-15,27,2,2,54.0,15,2026-09-07,2026-08-06,2.5,2.5,SI
101_weiqi,8871,2,0,2026-07-17,25,2,2,57.0,15,2026-09-12,2026-08-18,2.5,2.5,SI
101_weiqi,8872,2,0,2026-07-09,33,2,2,60.0,15,2026-09-07,2026-08-13,2.5,2.5,SI
101_weiqi,8875,2,0,2026-07-13,29,2,2,43.0,15,2026-08-25,2026-08-11,2.5,2.5,SI
101_weiqi,8887,2,0,2026-07-15,27,2,2,38.0,15,2026-08-22,2026-08-07,2.5,2.5,SI
101_weiqi,8889,2,0,2026-07-14,28,2,2,38.0,15,2026-08-21,2026-08-03,2.5,2.5,SI
101_weiqi,8891,3,0,2026-07-13,29,2,3,67.0,38,2026-09-18,2026-08-28,2.5,2.5,SI
101_weiqi,8896,2,0,2026-07-13,29,2,2,62.0,15,2026-09-13,2026-08-03,2.5,2.5,SI
101_weiqi,8897,4,1,2026-08-08,3,3,3,132.0,32,2026-12-18,2026-09-09,2.3,2.3,SI
101_weiqi,8901,2,0,2026-07-16,26,2,2,55.0,15,2026-09-09,2026-08-20,2.5,2.5,SI
101_weiqi,8908,2,0,2026-07-18,24,2,2,71.0,15,2026-09-27,2026-08-04,2.5,2.5,SI
101_weiqi,8909,2,0,2026-07-18,24,2,2,67.0,15,2026-09-23,2026-08-23,2.5,2.5,SI
101_weiqi,8912,4,0,2026-08-10,1,2,4,64.0,95,2026-10-13,2026-11-14,2.5,2.5,SI
101_weiqi,8913,2,0,2026-07-06,36,2,2,55.0,15,2026-08-30,2026-07-30,2.5,2.5,SI
101_weiqi,8917,2,0,2026-07-16,26,2,2,46.0,15,2026-08-31,2026-08-04,2.5,2.5,SI
101_weiqi,8921,2,0,2026-07-20,22,2,2,36.0,15,2026-08-25,2026-08-26,2.5,2.5,SI
101_weiqi,8929,3,0,2026-07-14,28,2,3,54.0,38,2026-09-06,2026-09-22,2.5,2.5,SI
101_weiqi,8935,2,0,2026-07-13,29,2,2,34.0,15,2026-08-16,2026-08-15,2.5,2.5,SI
101_weiqi,8939,2,0,2026-07-11,31,2,2,40.0,15,2026-08-20,2026-08-09,2.5,2.5,SI
101_weiqi,8945,2,0,2026-07-14,28,2,2,38.0,15,2026-08-21,2026-08-12,2.5,2.5,SI
101_weiqi,8948,2,0,2026-07-18,24,2,2,65.0,15,2026-09-21,2026-08-03,2.5,2.5,SI
101_weiqi,8949,2,0,2026-07-17,25,2,2,64.0,15,2026-09-19,2026-08-20,2.5,2.5,SI
101_weiqi,8951,2,0,2026-07-13,29,2,2,49.0,15,2026-08-31,2026-07-28,2.5,2.5,SI
101_weiqi,8953,3,0,2026-08-05,6,3,3,81.0,38,2026-10-25,2026-09-19,2.5,2.5,SI
101_weiqi,8954,2,0,2026-07-16,26,2,2,31.0,15,2026-08-16,2026-08-13,2.5,2.5,SI
101_weiqi,8955,3,0,2026-08-11,0,3,3,122.0,38,2026-12-11,2026-10-04,2.5,2.5,SI
101_weiqi,8956,2,0,2026-07-11,31,2,2,40.0,15,2026-08-20,2026-08-09,2.5,2.5,SI
101_weiqi,8959,2,0,2026-07-18,24,2,2,58.0,15,2026-09-14,2026-08-21,2.5,2.5,SI
101_weiqi,8963,3,0,2026-08-11,0,3,3,87.0,38,2026-11-06,2026-11-07,2.5,2.5,SI
101_weiqi,8966,3,1,2026-07-16,26,2,2,48.0,14,2026-09-02,2026-08-03,2.3,2.3,SI
101_weiqi,8970,2,0,2026-07-14,28,2,2,30.0,15,2026-08-13,2026-08-18,2.5,2.5,SI
101_weiqi,8971,2,0,2026-07-19,23,2,2,44.0,15,2026-09-01,2026-08-23,2.5,2.5,SI
101_weiqi,8972,2,0,2026-07-15,27,2,2,52.0,15,2026-09-05,2026-08-09,2.5,2.5,SI
101_weiqi,8976,2,0,2026-07-20,22,2,2,53.0,15,2026-09-11,2026-08-25,2.5,2.5,SI
101_weiqi,8977,2,0,2026-07-20,22,2,2,57.0,15,2026-09-15,2026-08-25,2.5,2.5,SI
101_weiqi,8980,2,0,2026-07-06,36,2,2,56.0,15,2026-08-31,2026-08-09,2.5,2.5,SI
101_weiqi,8985,3,0,2026-08-10,1,3,3,82.0,38,2026-10-31,2026-10-17,2.5,2.5,SI
101_weiqi,8993,2,0,2026-07-20,22,2,2,38.0,15,2026-08-27,2026-08-24,2.5,2.5,SI
101_weiqi,8998,2,0,2026-07-15,27,2,2,32.0,15,2026-08-16,2026-08-04,2.5,2.5,SI
101_weiqi,9000,2,0,2026-07-17,25,2,2,64.0,15,2026-09-19,2026-08-13,2.5,2.5,SI
101_weiqi,9002,2,0,2026-07-19,23,2,2,78.0,15,2026-10-05,2026-08-21,2.5,2.5,SI
101_weiqi,9003,3,0,2026-07-14,28,2,3,47.0,38,2026-08-30,2026-09-09,2.5,2.5,SI
101_weiqi,9005,2,0,2026-07-14,28,2,2,31.0,15,2026-08-14,2026-08-01,2.5,2.5,SI
101_weiqi,9006,2,0,2026-06-03,69,,2,,15,,2026-07-05,,2.5,SI
101_weiqi,9007,2,0,2026-07-20,22,2,2,83.0,15,2026-10-11,2026-08-04,2.5,2.5,SI
101_weiqi,9008,2,0,2026-07-16,26,2,2,61.0,15,2026-09-15,2026-08-14,2.5,2.5,SI
101_weiqi,9015,2,0,2026-07-13,29,2,2,42.0,15,2026-08-24,2026-08-03,2.5,2.5,SI
101_weiqi,9016,2,0,2026-07-13,29,2,2,36.0,15,2026-08-18,2026-08-06,2.5,2.5,SI
101_weiqi,9017,4,0,2026-08-05,6,3,4,124.0,95,2026-12-07,2027-03-12,2.5,2.5,SI
101_weiqi,9022,2,0,2026-07-09,33,2,2,56.0,15,2026-09-03,2026-08-05,2.5,2.5,SI
101_weiqi,9023,4,0,2026-08-05,6,3,4,126.0,95,2026-12-09,2027-02-26,2.5,2.5,SI
101_weiqi,9027,2,0,2026-07-17,25,2,2,70.0,15,2026-09-25,2026-08-15,2.5,2.5,SI
101_weiqi,9031,3,0,2026-08-05,6,3,3,49.0,38,2026-09-23,2026-10-05,2.5,2.5,SI
101_weiqi,9036,4,0,2026-08-10,1,2,4,35.0,95,2026-09-14,2026-11-22,2.5,2.5,SI
101_weiqi,9038,3,0,2026-07-14,28,2,3,58.0,38,2026-09-10,2026-09-28,2.5,2.5,SI
101_weiqi,9046,2,0,2026-07-09,33,2,2,43.0,15,2026-08-21,2026-08-04,2.5,2.5,SI
101_weiqi,9049,3,0,2026-08-08,3,3,3,127.0,38,2026-12-13,2026-10-13,2.5,2.5,SI
101_weiqi,9050,2,0,2026-07-15,27,2,2,39.0,15,2026-08-23,2026-07-30,2.5,2.5,SI
101_weiqi,9062,2,0,2026-07-13,29,2,2,63.0,15,2026-09-14,2026-08-01,2.5,2.5,SI
101_weiqi,9065,2,0,2026-07-14,28,2,2,44.0,15,2026-08-27,2026-08-08,2.5,2.5,SI
101_weiqi,9066,3,0,2026-07-09,33,2,3,52.0,38,2026-08-30,2026-09-09,2.5,2.5,SI
101_weiqi,9069,2,0,2026-07-13,29,2,2,31.0,15,2026-08-13,2026-07-28,2.5,2.5,SI
101_weiqi,9086,2,0,2026-07-13,29,2,2,40.0,15,2026-08-22,2026-08-12,2.5,2.5,SI
101_weiqi,9087,3,0,2026-08-05,6,3,3,168.0,38,2027-01-20,2026-10-01,2.5,2.5,SI
101_weiqi,9090,2,0,2026-07-13,29,2,2,30.0,15,2026-08-12,2026-08-18,2.5,2.5,SI
101_weiqi,9092,3,0,2026-08-07,4,3,3,127.0,38,2026-12-12,2026-10-22,2.5,2.5,SI
101_weiqi,9093,2,0,2026-07-11,31,2,2,63.0,15,2026-09-12,2026-08-10,2.5,2.5,SI
101_weiqi,9109,3,0,2026-07-21,21,3,3,81.0,38,2026-10-10,2026-10-14,2.5,2.5,SI
101_weiqi,9110,2,0,2026-07-14,28,2,2,65.0,15,2026-09-17,2026-07-30,2.5,2.5,SI
101_weiqi,9113,3,0,2026-07-13,29,2,3,34.0,38,2026-08-16,2026-09-11,2.5,2.5,SI
101_weiqi,9124,2,0,2026-07-11,31,2,2,56.0,15,2026-09-05,2026-07-26,2.5,2.5,SI
101_weiqi,9131,3,0,2026-07-27,15,3,3,100.0,38,2026-11-04,2026-09-11,2.5,2.5,SI
101_weiqi,9132,2,0,2026-07-15,27,2,2,38.0,15,2026-08-22,2026-08-08,2.5,2.5,SI
101_weiqi,9133,4,1,2026-08-05,6,2,2,44.0,14,2026-09-18,2026-08-24,2.3,2.3,SI
101_weiqi,9144,4,0,2026-07-13,29,2,4,33.0,95,2026-08-15,2026-10-24,2.5,2.5,SI
101_weiqi,9149,7,4,2026-07-25,17,2,2,19.0,10,2026-08-13,2026-08-09,1.6999999999999997,1.7,SI
101_weiqi,9152,3,0,2026-08-05,6,3,3,96.0,38,2026-11-09,2026-11-05,2.5,2.5,SI
101_weiqi,9155,2,0,2026-07-13,29,2,2,42.0,15,2026-08-24,2026-08-19,2.5,2.5,SI
101_weiqi,9164,2,0,2026-07-16,26,2,2,50.0,15,2026-09-04,2026-07-31,2.5,2.5,SI
101_weiqi,9165,4,0,2026-08-11,0,3,4,152.0,95,2027-01-10,2027-02-09,2.5,2.5,SI
101_weiqi,9169,2,0,2026-07-09,33,2,2,38.0,15,2026-08-16,2026-07-29,2.5,2.5,SI
101_weiqi,9170,3,0,2026-08-07,4,3,3,123.0,38,2026-12-08,2026-10-20,2.5,2.5,SI
101_weiqi,9187,4,0,2026-07-19,23,2,4,62.0,95,2026-09-19,2026-11-06,2.5,2.5,SI
101_weiqi,9190,3,0,2026-08-11,0,3,3,126.0,38,2026-12-15,2026-11-02,2.5,2.5,SI
101_weiqi,9194,3,0,2026-08-10,1,2,3,42.0,38,2026-09-21,2026-10-06,2.5,2.5,SI
101_weiqi,9203,3,1,2026-05-30,73,,1,,6.0,,2026-06-11,,2.3,SI
101_weiqi,9230,2,0,2026-07-14,28,2,2,31.0,15,2026-08-14,2026-08-12,2.5,2.5,SI
101_weiqi,9282,3,0,2026-08-05,6,3,3,98.0,38,2026-11-11,2026-09-25,2.5,2.5,SI
101_weiqi,9287,3,0,2026-05-30,73,,3,,38,,2026-07-23,,2.5,SI
101_weiqi,9313,2,0,2026-06-03,69,,2,,15,,2026-06-21,,2.5,SI
101_weiqi,9324,2,0,2026-07-20,22,2,2,61.0,15,2026-09-19,2026-08-06,2.5,2.5,SI
101_weiqi,9336,2,0,2026-07-05,37,2,2,38.0,15,2026-08-12,2026-07-22,2.5,2.5,SI
101_weiqi,9372,2,0,2026-07-20,22,2,2,68.0,15,2026-09-26,2026-08-07,2.5,2.5,SI
101_weiqi,9413,2,0,2026-07-13,29,2,2,37.0,15,2026-08-19,2026-08-01,2.5,2.5,SI
101_weiqi,9418,3,0,2026-07-30,12,3,3,130.0,38,2026-12-07,2026-10-12,2.5,2.5,SI
101_weiqi,9419,5,2,2026-08-11,0,1,1,7.0,6.0,2026-08-18,2026-08-21,2.0999999999999996,2.1,SI
101_weiqi,9425,2,0,2026-07-13,29,2,2,70.0,15,2026-09-21,2026-07-31,2.5,2.5,SI
101_weiqi,9427,2,0,2026-07-19,23,2,2,47.0,15,2026-09-04,2026-08-15,2.5,2.5,SI
101_weiqi,9430,3,1,2026-07-17,25,2,2,46.0,14,2026-09-01,2026-08-08,2.3,2.3,SI
101_weiqi,9450,3,0,2026-08-05,6,3,3,130.0,38,2026-12-13,2026-10-16,2.5,2.5,SI
101_weiqi,9471,3,0,2026-08-05,6,3,3,75.0,38,2026-10-19,2026-10-22,2.5,2.5,SI
101_weiqi,9523,3,0,2026-07-06,36,3,3,121.0,38,2026-11-04,2026-08-27,2.5,2.5,SI
101_weiqi,9603,3,0,2026-08-05,6,3,3,138.0,38,2026-12-21,2026-10-10,2.5,2.5,SI
101_weiqi,9628,2,0,2026-07-15,27,2,2,42.0,15,2026-08-26,2026-08-15,2.5,2.5,SI
101_weiqi,9640,2,0,2026-06-03,69,,2,,15,,2026-06-23,,2.5,SI
101_weiqi,9643,2,0,2026-07-14,28,2,2,56.0,15,2026-09-08,2026-08-06,2.5,2.5,SI
101_weiqi,9659,2,0,2026-06-03,69,,2,,15,,2026-06-23,,2.5,SI
101_weiqi,9727,4,1,2026-08-10,1,3,3,132.0,32,2026-12-20,2026-09-25,2.3,2.3,SI
101_weiqi,9744,2,0,2026-07-20,22,2,2,36.0,15,2026-08-25,2026-08-12,2.5,2.5,SI
101_weiqi,9769,2,0,2026-07-16,26,2,2,31.0,15,2026-08-16,2026-08-03,2.5,2.5,SI
101_weiqi,9788,3,0,2026-08-06,5,3,3,176.0,38,2027-01-29,2026-09-29,2.5,2.5,SI
101_weiqi,9797,2,0,2026-06-03,69,,2,,15,,2026-07-10,,2.5,SI
101_weiqi,9814,3,0,2026-08-08,3,3,3,194.0,38,2027-02-18,2026-10-29,2.5,2.5,SI
101_weiqi,9815,2,0,2026-07-06,36,2,2,62.0,15,2026-09-06,2026-08-01,2.5,2.5,SI
101_weiqi,9830,4,1,2026-07-30,12,2,2,39.0,14,2026-09-07,2026-08-21,2.3,2.3,SI
101_weiqi,9843,4,0,2026-07-18,24,2,4,41.0,95,2026-08-28,2026-12-14,2.5,2.5,SI
101_weiqi,9846,2,0,2026-07-13,29,2,2,40.0,15,2026-08-22,2026-07-30,2.5,2.5,SI
101_weiqi,9901,2,1,2026-06-03,69,,1,,6.0,,2026-06-14,,2.3,SI
101_weiqi,9914,2,0,2026-07-16,26,2,2,48.0,15,2026-09-02,2026-08-20,2.5,2.5,SI
101_weiqi,10003,2,0,2026-07-15,27,2,2,37.0,15,2026-08-21,2026-08-13,2.5,2.5,SI
101_weiqi,10009,2,0,2026-07-13,29,2,2,39.0,15,2026-08-21,2026-08-09,2.5,2.5,SI
101_weiqi,10015,2,0,2026-07-14,28,2,2,34.0,15,2026-08-17,2026-08-16,2.5,2.5,SI
101_weiqi,10018,10,5,2026-08-07,4,1,1,7.0,6.0,2026-08-14,2026-08-14,1.4999999999999998,1.5,SI
101_weiqi,10036,2,0,2026-07-13,29,2,2,42.0,15,2026-08-24,2026-08-04,2.5,2.5,SI
101_weiqi,10046,4,1,2026-08-05,6,3,3,86.0,32,2026-10-30,2026-10-01,2.3,2.3,SI
101_weiqi,10052,3,0,2026-08-05,6,3,3,163.0,38,2027-01-15,2026-10-25,2.5,2.5,SI
101_weiqi,10082,2,0,2026-07-06,36,2,2,61.0,15,2026-09-05,2026-07-27,2.5,2.5,SI
101_weiqi,10083,2,0,2026-07-16,26,2,2,54.0,15,2026-09-08,2026-08-17,2.5,2.5,SI
101_weiqi,10086,2,0,2026-07-11,31,2,2,41.0,15,2026-08-21,2026-07-31,2.5,2.5,SI
101_weiqi,10087,2,0,2026-07-06,36,2,2,48.0,15,2026-08-23,2026-08-07,2.5,2.5,SI
101_weiqi,10094,2,0,2026-07-17,25,2,2,54.0,15,2026-09-09,2026-08-22,2.5,2.5,SI
101_weiqi,10107,2,0,2026-07-11,31,2,2,33.0,15,2026-08-13,2026-07-31,2.5,2.5,SI
101_weiqi,10116,2,0,2026-07-13,29,2,2,45.0,15,2026-08-27,2026-07-28,2.5,2.5,SI
101_weiqi,10119,2,1,2026-06-03,69,,1,,6.0,,2026-06-11,,2.3,SI
101_weiqi,10136,2,0,2026-06-03,69,,2,,15,,2026-06-22,,2.5,SI
101_weiqi,10141,3,0,2026-08-05,6,3,3,109.0,38,2026-11-22,2026-09-20,2.5,2.5,SI
101_weiqi,10155,2,0,2026-07-05,37,2,2,42.0,15,2026-08-16,2026-08-08,2.5,2.5,SI
101_weiqi,10156,2,0,2026-07-17,25,2,2,48.0,15,2026-09-03,2026-08-22,2.5,2.5,SI
101_weiqi,10164,3,0,2026-07-22,20,3,3,84.0,38,2026-10-14,2026-10-15,2.5,2.5,SI
101_weiqi,10166,2,0,2026-07-14,28,2,2,33.0,15,2026-08-16,2026-08-11,2.5,2.5,SI
101_weiqi,10175,2,0,2026-07-14,28,2,2,47.0,15,2026-08-30,2026-08-15,2.5,2.5,SI
101_weiqi,10185,3,0,2026-08-05,6,3,3,109.0,38,2026-11-22,2026-09-20,2.5,2.5,SI
101_weiqi,10190,2,0,2026-07-15,27,2,2,30.0,15,2026-08-14,2026-08-05,2.5,2.5,SI
101_weiqi,10204,7,3,2026-08-05,6,2,2,14.0,11,2026-08-19,2026-08-22,1.8999999999999997,1.9,SI
101_weiqi,10208,2,0,2026-06-03,69,,2,,15,,2026-07-06,,2.5,SI
101_weiqi,10237,2,0,2026-07-16,26,2,2,28.0,15,2026-08-13,2026-08-12,2.5,2.5,SI
101_weiqi,10305,3,0,2026-05-30,73,,3,,38,,2026-08-07,,2.5,SI
101_weiqi,10437,2,0,2026-07-16,26,2,2,39.0,15,2026-08-24,2026-08-15,2.5,2.5,SI
101_weiqi,10513,3,0,2026-05-30,73,,3,,38,,2026-08-02,,2.5,SI
101_weiqi,10522,3,0,2026-08-05,6,3,3,116.0,38,2026-11-29,2026-10-16,2.5,2.5,SI
101_weiqi,10528,2,0,2026-07-17,25,2,2,35.0,15,2026-08-21,2026-08-08,2.5,2.5,SI
101_weiqi,10549,3,1,2026-07-16,26,2,2,42.0,14,2026-08-27,2026-08-10,2.3,2.3,SI
101_weiqi,10612,3,0,2026-05-29,74,,3,,38,,2026-08-03,,2.5,SI
101_weiqi,10700,2,0,2026-07-11,31,2,2,40.0,15,2026-08-20,2026-07-30,2.5,2.5,SI
101_weiqi,10714,3,0,2026-05-29,74,,3,,38,,2026-08-10,,2.5,SI
101_weiqi,10766,4,0,2026-05-29,74,,4,,95,,2026-12-01,,2.5,SI
101_weiqi,10864,3,0,2026-05-29,74,,3,,38,,2026-07-22,,2.5,SI
101_weiqi,10911,2,0,2026-07-14,28,2,2,42.0,15,2026-08-25,2026-08-17,2.5,2.5,SI
101_weiqi,10966,3,0,2026-07-11,31,2,3,34.0,38,2026-08-14,2026-09-14,2.5,2.5,SI
101_weiqi,11013,3,0,2026-05-29,74,,3,,38,,2026-08-18,,2.5,SI
101_weiqi,11027,3,0,2026-05-30,73,,3,,38,,2026-07-07,,2.5,SI
101_weiqi,11040,3,1,2026-05-30,73,,2,,14,,2026-06-23,,2.3,SI
101_weiqi,11050,3,2,2026-05-29,74,,1,,6.0,,2026-06-05,,2.1,SI
101_weiqi,11102,2,0,2026-07-15,27,2,2,65.0,15,2026-09-18,2026-08-13,2.5,2.5,SI
101_weiqi,11128,3,0,2026-05-29,74,,3,,38,,2026-08-30,,2.5,SI
101_weiqi,11243,2,0,2026-07-17,25,2,2,68.0,15,2026-09-23,2026-08-05,2.5,2.5,SI
101_weiqi,11283,2,0,2026-07-13,29,2,2,50.0,15,2026-09-01,2026-08-01,2.5,2.5,SI
101_weiqi,11333,2,0,2026-07-13,29,2,2,32.0,15,2026-08-14,2026-08-15,2.5,2.5,SI
101_weiqi,11437,2,0,2026-07-13,29,2,2,42.0,15,2026-08-24,2026-08-08,2.5,2.5,SI
101_weiqi,11640,2,0,2026-07-05,37,2,2,46.0,15,2026-08-20,2026-08-05,2.5,2.5,SI
101_weiqi,11759,3,0,2026-08-05,6,3,3,57.0,38,2026-10-01,2026-09-13,2.5,2.5,SI
101_weiqi,11853,2,0,2026-07-16,26,2,2,56.0,15,2026-09-10,2026-08-11,2.5,2.5,SI
101_weiqi,11879,3,0,2026-08-06,5,3,3,111.0,38,2026-11-25,2026-10-02,2.5,2.5,SI
101_weiqi,11934,2,0,2026-06-03,69,,2,,15,,2026-06-20,,2.5,SI
101_weiqi,12007,2,0,2026-07-11,31,2,2,38.0,15,2026-08-18,2026-07-31,2.5,2.5,SI
101_weiqi,12100,2,0,2026-07-15,27,2,2,33.0,15,2026-08-17,2026-08-06,2.5,2.5,SI
101_weiqi,12199,3,0,2026-07-06,36,3,3,230.0,38,2027-02-21,2026-08-18,2.5,2.5,SI
101_weiqi,12220,9,5,2026-08-05,6,2,2,12.0,9,2026-08-17,2026-08-16,1.4999999999999998,1.5,SI
101_weiqi,12661,7,3,2026-08-05,6,2,2,12.0,11,2026-08-17,2026-08-23,1.8999999999999997,1.9,SI
101_weiqi,12739,2,0,2026-07-13,29,2,2,38.0,15,2026-08-20,2026-08-05,2.5,2.5,SI
101_weiqi,13966,3,0,2026-07-06,36,3,3,97.0,38,2026-10-11,2026-09-28,2.5,2.5,SI
101_weiqi,17985,2,0,2026-07-13,29,2,2,63.0,15,2026-09-14,2026-08-16,2.5,2.5,SI
101_weiqi,19816,2,0,2026-07-19,23,2,2,53.0,15,2026-09-10,2026-08-14,2.5,2.5,SI
101_weiqi,19825,3,0,2026-08-06,5,3,3,77.0,38,2026-10-22,2026-10-16,2.5,2.5,SI
101_weiqi,19851,3,0,2026-08-08,3,3,3,92.0,38,2026-11-08,2026-09-23,2.5,2.5,SI
101_weiqi,19927,4,0,2026-07-17,25,2,4,28.0,95,2026-08-14,2027-02-12,2.5,2.5,SI
101_weiqi,19943,2,0,2026-07-16,26,2,2,45.0,15,2026-08-30,2026-08-19,2.5,2.5,SI
101_weiqi,19946,3,0,2026-07-30,12,3,3,131.0,38,2026-12-08,2026-10-07,2.5,2.5,SI
101_weiqi,19948,2,0,2026-07-06,36,2,2,84.0,15,2026-09-28,2026-07-28,2.5,2.5,SI
101_weiqi,20247,2,0,2026-07-15,27,2,2,61.0,15,2026-09-14,2026-08-01,2.5,2.5,SI
101_weiqi,20255,2,0,2026-07-15,27,2,2,42.0,15,2026-08-26,2026-08-07,2.5,2.5,SI
101_weiqi,20267,3,0,2026-05-30,73,,3,,38,,2026-08-04,,2.5,SI
101_weiqi,20435,2,0,2026-07-13,29,2,2,67.0,15,2026-09-18,2026-07-29,2.5,2.5,SI
101_weiqi,20438,2,0,2026-07-18,24,2,2,58.0,15,2026-09-14,2026-08-14,2.5,2.5,SI
101_weiqi,20610,3,0,2026-08-10,1,3,3,139.0,38,2026-12-27,2026-09-25,2.5,2.5,SI
101_weiqi,20725,3,0,2026-07-13,29,2,3,49.0,38,2026-08-31,2026-10-06,2.5,2.5,SI
101_weiqi,20765,2,0,2026-07-18,24,2,2,73.0,15,2026-09-29,2026-08-09,2.5,2.5,SI
101_weiqi,20974,4,1,2026-08-05,6,3,3,93.0,32,2026-11-06,2026-10-07,2.3,2.3,SI
101_weiqi,20978,3,0,2026-08-07,4,3,3,70.0,38,2026-10-16,2026-09-27,2.5,2.5,SI
101_weiqi,21137,2,0,2026-07-18,24,2,2,60.0,15,2026-09-16,2026-08-14,2.5,2.5,SI
101_weiqi,21274,2,0,2026-07-16,26,2,2,29.0,15,2026-08-14,2026-08-20,2.5,2.5,SI
101_weiqi,21714,2,0,2026-07-19,23,2,2,42.0,15,2026-08-30,2026-08-15,2.5,2.5,SI
101_weiqi,21722,3,0,2026-07-30,12,3,3,67.0,38,2026-10-05,2026-10-26,2.5,2.5,SI
101_weiqi,21727,2,0,2026-07-14,28,2,2,49.0,15,2026-09-01,2026-08-15,2.5,2.5,SI
101_weiqi,21866,3,0,2026-08-10,1,3,3,148.0,38,2027-01-05,2026-10-19,2.5,2.5,SI
101_weiqi,21871,2,0,2026-07-20,22,2,2,81.0,15,2026-10-09,2026-08-26,2.5,2.5,SI
101_weiqi,21872,2,0,2026-07-19,23,2,2,45.0,15,2026-09-02,2026-08-04,2.5,2.5,SI
101_weiqi,21892,2,0,2026-07-19,23,2,2,55.0,15,2026-09-12,2026-08-17,2.5,2.5,SI
101_weiqi,21995,2,0,2026-07-17,25,2,2,78.0,15,2026-10-03,2026-08-03,2.5,2.5,SI
101_weiqi,22604,3,2,2026-05-30,73,,0,,1.0,,2026-05-31,,2.1,SI
101_weiqi,22865,2,0,2026-07-15,27,2,2,34.0,15,2026-08-18,2026-08-15,2.5,2.5,SI
101_weiqi,23055,2,0,2026-07-18,24,2,2,70.0,15,2026-09-26,2026-08-06,2.5,2.5,SI
101_weiqi,24544,2,0,2026-07-18,24,2,2,74.0,15,2026-09-30,2026-08-15,2.5,2.5,SI
101_weiqi,25873,2,0,2026-07-14,28,2,2,44.0,15,2026-08-27,2026-08-05,2.5,2.5,SI
101_weiqi,26107,2,0,2026-07-14,28,2,2,32.0,15,2026-08-15,2026-08-14,2.5,2.5,SI
101_weiqi,27534,2,0,2026-07-18,24,2,2,68.0,15,2026-09-24,2026-08-13,2.5,2.5,SI
101_weiqi,28277,4,0,2026-08-05,6,3,4,74.0,95,2026-10-18,2026-12-21,2.5,2.5,SI
101_weiqi,28288,2,0,2026-07-14,28,2,2,46.0,15,2026-08-29,2026-08-02,2.5,2.5,SI
101_weiqi,28297,2,0,2026-07-15,27,2,2,51.0,15,2026-09-04,2026-08-11,2.5,2.5,SI
101_weiqi,28420,2,0,2026-07-18,24,2,2,54.0,15,2026-09-10,2026-08-24,2.5,2.5,SI
101_weiqi,28957,3,0,2026-07-21,21,3,3,75.0,38,2026-10-04,2026-09-11,2.5,2.5,SI
101_weiqi,39646,2,0,2026-07-18,24,2,2,55.0,15,2026-09-11,2026-08-12,2.5,2.5,SI
101_weiqi,39661,2,0,2026-07-14,28,2,2,59.0,15,2026-09-11,2026-08-14,2.5,2.5,SI
101_weiqi,39664,4,0,2026-08-08,3,3,4,145.0,95,2026-12-31,2026-11-26,2.5,2.5,SI
101_weiqi,40696,3,0,2026-08-05,6,3,3,50.0,38,2026-09-24,2026-10-30,2.5,2.5,SI
101_weiqi,41987,2,0,2026-06-03,69,,2,,15,,2026-06-20,,2.5,SI
101_weiqi,42099,2,0,2026-07-13,29,2,2,38.0,15,2026-08-20,2026-08-02,2.5,2.5,SI
101_weiqi,42257,3,0,2026-07-13,29,2,3,58.0,38,2026-09-09,2026-09-26,2.5,2.5,SI
101_weiqi,43123,2,2,2026-06-03,69,,0,,1.0,,2026-06-04,,2.1,SI
101_weiqi,43138,3,0,2026-05-29,74,,3,,38,,2026-07-18,,2.5,SI
101_weiqi,43154,2,0,2026-07-05,37,2,2,62.0,15,2026-09-05,2026-07-26,2.5,2.5,SI
101_weiqi,43265,2,0,2026-07-13,29,2,2,34.0,15,2026-08-16,2026-08-11,2.5,2.5,SI
101_weiqi,43295,4,0,2026-07-22,20,3,4,92.0,95,2026-10-22,2026-12-02,2.5,2.5,SI
101_weiqi,43298,3,0,2026-07-11,31,2,3,60.0,38,2026-09-09,2026-09-08,2.5,2.5,SI
101_weiqi,43302,4,0,2026-08-10,1,2,4,50.0,95,2026-09-29,2027-03-08,2.5,2.5,SI
101_weiqi,43314,2,0,2026-06-03,69,,2,,15,,2026-07-06,,2.5,SI
101_weiqi,43320,2,0,2026-07-16,26,2,2,30.0,15,2026-08-15,2026-08-01,2.5,2.5,SI
101_weiqi,43321,2,0,2026-07-13,29,2,2,36.0,15,2026-08-18,2026-08-11,2.5,2.5,SI
101_weiqi,43322,2,0,2026-07-17,25,2,2,54.0,15,2026-09-09,2026-08-12,2.5,2.5,SI
101_weiqi,43324,3,0,2026-08-10,1,3,3,137.0,38,2026-12-25,2026-11-11,2.5,2.5,SI
101_weiqi,43325,3,0,2026-08-05,6,3,3,88.0,38,2026-11-01,2026-09-18,2.5,2.5,SI
101_weiqi,43333,3,0,2026-07-27,15,3,3,44.0,38,2026-09-09,2026-10-20,2.5,2.5,SI
101_weiqi,43339,3,0,2026-08-10,1,3,3,85.0,38,2026-11-03,2026-09-24,2.5,2.5,SI
101_weiqi,43343,2,0,2026-07-06,36,2,2,68.0,15,2026-09-12,2026-07-28,2.5,2.5,SI
101_weiqi,43345,2,0,2026-07-13,29,2,2,43.0,15,2026-08-25,2026-08-03,2.5,2.5,SI
101_weiqi,43353,3,0,2026-08-10,1,3,3,162.0,38,2027-01-19,2026-09-17,2.5,2.5,SI
101_weiqi,43413,2,0,2026-07-19,23,2,2,43.0,15,2026-08-31,2026-08-04,2.5,2.5,SI
101_weiqi,49338,3,0,2026-05-30,73,,3,,38,,2026-07-07,,2.5,SI
101_weiqi,49726,2,0,2026-07-13,29,2,2,57.0,15,2026-09-08,2026-08-09,2.5,2.5,SI
101_weiqi,49727,4,0,2026-08-09,2,3,4,92.0,95,2026-11-09,2027-01-08,2.5,2.5,SI
101_weiqi,49728,3,0,2026-07-14,28,2,3,86.0,38,2026-10-08,2026-09-19,2.5,2.5,SI
101_weiqi,49729,1,0,2026-06-03,69,,1,,6.0,,2026-06-14,,2.5,SI
101_weiqi,49730,4,0,2026-07-28,14,3,4,83.0,95,2026-10-19,2027-03-17,2.5,2.5,SI
101_weiqi,49731,4,0,2026-08-05,6,3,4,179.0,95,2027-01-31,2027-01-26,2.5,2.5,SI
101_weiqi,49734,1,0,2026-06-03,69,,1,,6.0,,2026-06-09,,2.5,SI
101_weiqi,49736,4,0,2026-08-10,1,2,4,55.0,95,2026-10-04,2026-11-16,2.5,2.5,SI
101_weiqi,49738,3,0,2026-07-14,28,2,3,80.0,38,2026-10-02,2026-09-22,2.5,2.5,SI
101_weiqi,49739,2,0,2026-07-19,23,2,2,60.0,15,2026-09-17,2026-08-15,2.5,2.5,SI
101_weiqi,49740,2,0,2026-07-19,23,2,2,54.0,15,2026-09-11,2026-08-10,2.5,2.5,SI
101_weiqi,49741,2,0,2026-07-20,22,2,2,67.0,15,2026-09-25,2026-08-23,2.5,2.5,SI
101_weiqi,49743,3,0,2026-07-09,33,2,3,39.0,38,2026-08-17,2026-09-10,2.5,2.5,SI
101_weiqi,49746,2,0,2026-07-18,24,2,2,70.0,15,2026-09-26,2026-08-09,2.5,2.5,SI
101_weiqi,49804,3,0,2026-07-13,29,2,3,73.0,38,2026-09-24,2026-08-24,2.5,2.5,SI
101_weiqi,49915,3,0,2026-08-05,6,3,3,117.0,38,2026-11-30,2026-09-25,2.5,2.5,SI
101_weiqi,50357,4,0,2026-05-29,74,,4,,95,,2026-12-06,,2.5,SI
101_weiqi,50427,3,0,2026-07-08,34,2,3,37.0,38,2026-08-14,2026-08-18,2.5,2.5,SI
101_weiqi,50429,3,0,2026-07-13,29,2,3,75.0,38,2026-09-26,2026-09-24,2.5,2.5,SI
101_weiqi,50430,3,0,2026-07-09,33,2,3,48.0,38,2026-08-26,2026-10-07,2.5,2.5,SI
101_weiqi,50690,1,0,2026-05-29,74,,1,,6.0,,2026-06-07,,2.5,SI
101_weiqi,50691,1,0,2026-05-29,74,,1,,6.0,,2026-06-08,,2.5,SI
101_weiqi,50692,1,0,2026-05-29,74,,1,,6.0,,2026-06-08,,2.5,SI
101_weiqi,50693,1,0,2026-05-29,74,,1,,6.0,,2026-06-08,,2.5,SI
101_weiqi,50694,1,1,2026-05-29,74,,0,,1.0,,2026-05-30,,2.3,SI
101_weiqi,50696,1,0,2026-05-29,74,,1,,6.0,,2026-06-12,,2.5,SI
101_weiqi,50697,1,0,2026-05-29,74,,1,,6.0,,2026-06-06,,2.5,SI
101_weiqi,50698,1,0,2026-05-29,74,,1,,6.0,,2026-06-04,,2.5,SI
101_weiqi,50699,1,0,2026-05-29,74,,1,,6.0,,2026-06-05,,2.5,SI
101_weiqi,50700,1,0,2026-05-29,74,,1,,6.0,,2026-06-05,,2.5,SI
101_weiqi,50701,1,0,2026-05-29,74,,1,,6.0,,2026-06-06,,2.5,SI
101_weiqi,50702,1,0,2026-05-29,74,,1,,6.0,,2026-06-07,,2.5,SI
101_weiqi,50703,1,0,2026-05-29,74,,1,,6.0,,2026-06-06,,2.5,SI
101_weiqi,50704,1,0,2026-05-29,74,,1,,6.0,,2026-06-04,,2.5,SI
101_weiqi,50706,1,0,2026-05-29,74,,1,,6.0,,2026-06-08,,2.5,SI
101_weiqi,51586,3,0,2026-07-08,34,2,3,48.0,38,2026-08-25,2026-08-26,2.5,2.5,SI
101_weiqi,51587,3,0,2026-07-09,33,2,3,57.0,38,2026-09-04,2026-10-02,2.5,2.5,SI
101_weiqi,51824,3,0,2026-07-06,36,3,3,204.0,38,2027-01-26,2026-10-03,2.5,2.5,SI
101_weiqi,51825,3,0,2026-07-06,36,3,3,300.0,38,2027-05-02,2026-09-21,2.5,2.5,SI
101_weiqi,51828,3,0,2026-07-06,36,3,3,282.0,38,2027-04-14,2026-09-02,2.5,2.5,SI
101_weiqi,51829,3,0,2026-07-06,36,3,3,200.0,38,2027-01-22,2026-10-05,2.5,2.5,SI
101_weiqi,51830,3,0,2026-07-06,36,3,3,84.0,38,2026-09-28,2026-09-16,2.5,2.5,SI
101_weiqi,51831,3,0,2026-07-06,36,3,3,281.0,38,2027-04-13,2026-09-25,2.5,2.5,SI
101_weiqi,51832,3,0,2026-07-06,36,3,3,223.0,38,2027-02-14,2026-09-02,2.5,2.5,SI
101_weiqi,51833,3,0,2026-07-06,36,3,3,197.0,38,2027-01-19,2026-10-07,2.5,2.5,SI
101_weiqi,51931,3,0,2026-07-09,33,2,3,41.0,38,2026-08-19,2026-10-04,2.5,2.5,SI
101_weiqi,52505,2,0,2026-07-15,27,2,2,53.0,15,2026-09-06,2026-08-07,2.5,2.5,SI
101_weiqi,52896,3,0,2026-07-06,36,3,3,199.0,38,2027-01-21,2026-08-28,2.5,2.5,SI
101_weiqi,53806,4,0,2026-08-11,0,3,4,114.0,95,2026-12-03,2027-03-19,2.5,2.5,SI
101_weiqi,54092,3,0,2026-07-06,36,2,3,37.0,38,2026-08-12,2026-09-18,2.5,2.5,SI
101_weiqi,54113,3,0,2026-07-06,36,3,3,124.0,38,2026-11-07,2026-08-29,2.5,2.5,SI
101_weiqi,54307,2,0,2026-07-06,36,2,2,38.0,15,2026-08-13,2026-08-06,2.5,2.5,SI
101_weiqi,57672,3,0,2026-07-06,36,3,3,196.0,38,2027-01-18,2026-09-04,2.5,2.5,SI
101_weiqi,60828,2,0,2026-07-11,31,2,2,36.0,15,2026-08-16,2026-08-14,2.5,2.5,SI
101_weiqi,61269,2,0,2026-07-08,34,2,2,42.0,15,2026-08-19,2026-08-07,2.5,2.5,SI
101_weiqi,61279,4,0,2026-08-11,0,3,4,195.0,95,2027-02-22,2027-01-02,2.5,2.5,SI
101_weiqi,61377,2,0,2026-07-17,25,2,2,32.0,15,2026-08-18,2026-08-14,2.5,2.5,SI
101_weiqi,61416,3,0,2026-07-13,29,2,3,65.0,38,2026-09-16,2026-09-10,2.5,2.5,SI
101_weiqi,61527,3,0,2026-07-11,31,2,3,34.0,38,2026-08-14,2026-09-01,2.5,2.5,SI
101_weiqi,61529,3,0,2026-07-11,31,2,3,51.0,38,2026-08-31,2026-10-05,2.5,2.5,SI
101_weiqi,61547,4,0,2026-08-05,6,3,4,74.0,95,2026-10-18,2026-12-29,2.5,2.5,SI
101_weiqi,61552,4,0,2026-08-05,6,3,4,156.0,95,2027-01-08,2027-02-10,2.5,2.5,SI
101_weiqi,62100,3,0,2026-07-06,36,3,3,147.0,38,2026-11-30,2026-09-26,2.5,2.5,SI
101_weiqi,62129,3,0,2026-07-06,36,3,3,294.0,38,2027-04-26,2026-08-23,2.5,2.5,SI
101_weiqi,62184,5,1,2026-07-18,24,2,2,51.0,14,2026-09-07,2026-08-05,2.3,2.3,SI
101_weiqi,62682,4,0,2026-08-10,1,2,4,38.0,95,2026-09-17,2027-01-12,2.5,2.5,SI
101_weiqi,62685,3,0,2026-07-07,35,2,3,43.0,38,2026-08-19,2026-09-15,2.5,2.5,SI
101_weiqi,62695,3,0,2026-07-09,33,2,3,45.0,38,2026-08-23,2026-09-25,2.5,2.5,SI
101_weiqi,62697,3,0,2026-07-11,31,2,3,45.0,38,2026-08-25,2026-10-06,2.5,2.5,SI
101_weiqi,62702,4,0,2026-08-05,6,3,4,137.0,95,2026-12-20,2026-12-17,2.5,2.5,SI
101_weiqi,62705,4,0,2026-08-10,1,2,4,67.0,95,2026-10-16,2026-12-17,2.5,2.5,SI
101_weiqi,62708,3,0,2026-07-13,29,2,3,46.0,38,2026-08-28,2026-09-03,2.5,2.5,SI
101_weiqi,62711,4,0,2026-08-10,1,2,4,48.0,95,2026-09-27,2026-12-12,2.5,2.5,SI
101_weiqi,62716,3,0,2026-07-14,28,2,3,52.0,38,2026-09-04,2026-09-02,2.5,2.5,SI
101_weiqi,62731,4,0,2026-08-10,1,2,4,57.0,95,2026-10-06,2027-01-18,2.5,2.5,SI
101_weiqi,65557,4,0,2026-08-05,6,3,4,140.0,95,2026-12-23,2026-12-19,2.5,2.5,SI
101_weiqi,66610,4,0,2026-08-06,5,3,4,152.0,95,2027-01-05,2027-02-22,2.5,2.5,SI
101_weiqi,67494,3,0,2026-07-06,36,3,3,106.0,38,2026-10-20,2026-09-08,2.5,2.5,SI
101_weiqi,67747,4,1,2026-07-06,36,3,3,150.0,32,2026-12-03,2026-08-25,2.3,2.3,SI
101_weiqi,68036,3,0,2026-07-11,31,2,3,55.0,38,2026-09-04,2026-10-04,2.5,2.5,SI
101_weiqi,70216,3,0,2026-07-11,31,2,3,68.0,38,2026-09-17,2026-08-24,2.5,2.5,SI
101_weiqi,70217,3,0,2026-07-09,33,2,3,36.0,38,2026-08-14,2026-08-30,2.5,2.5,SI
101_weiqi,71447,2,0,2026-07-13,29,2,2,69.0,15,2026-09-20,2026-08-05,2.5,2.5,SI
101_weiqi,75113,2,0,2026-07-15,27,2,2,49.0,15,2026-09-02,2026-08-09,2.5,2.5,SI
101_weiqi,75118,2,0,2026-07-15,27,2,2,29.0,15,2026-08-13,2026-08-20,2.5,2.5,SI
101_weiqi,76788,3,0,2026-07-14,28,2,3,68.0,38,2026-09-20,2026-08-27,2.5,2.5,SI
101_weiqi,76797,4,0,2026-08-09,2,3,4,83.0,95,2026-10-31,2026-11-20,2.5,2.5,SI
101_weiqi,76800,4,0,2026-08-05,6,3,4,59.0,95,2026-10-03,2027-03-18,2.5,2.5,SI
101_weiqi,76844,4,0,2026-08-06,5,3,4,153.0,95,2027-01-06,2026-11-20,2.5,2.5,SI
101_weiqi,76848,4,1,2026-07-22,20,2,2,32.0,14,2026-08-23,2026-08-18,2.3,2.3,SI
101_weiqi,76863,3,0,2026-07-07,35,2,3,38.0,38,2026-08-14,2026-09-10,2.5,2.5,SI
101_weiqi,76924,3,0,2026-07-13,29,2,3,55.0,38,2026-09-06,2026-10-01,2.5,2.5,SI
101_weiqi,76958,4,0,2026-08-10,1,2,4,54.0,95,2026-10-03,2026-11-25,2.5,2.5,SI
101_weiqi,77156,3,0,2026-07-06,36,3,3,239.0,38,2027-03-02,2026-10-03,2.5,2.5,SI
101_weiqi,82064,4,1,2026-07-25,17,2,2,25.0,14,2026-08-19,2026-08-11,2.3,2.3,SI
101_weiqi,82065,10,6,2026-08-08,3,1,1,6.0,6.0,2026-08-14,2026-08-14,1.3,1.3,NO
101_weiqi,82066,3,0,2026-08-09,2,3,3,111.0,38,2026-11-28,2026-09-25,2.5,2.5,SI
101_weiqi,82067,2,0,2026-07-15,27,2,2,62.0,15,2026-09-15,2026-08-08,2.5,2.5,SI
101_weiqi,82068,2,0,2026-07-11,31,2,2,32.0,15,2026-08-12,2026-07-26,2.5,2.5,SI
101_weiqi,82069,3,0,2026-08-06,5,3,3,141.0,38,2026-12-25,2026-10-17,2.5,2.5,SI
101_weiqi,82070,2,0,2026-07-16,26,2,2,60.0,15,2026-09-14,2026-08-11,2.5,2.5,SI
101_weiqi,82071,2,0,2026-07-15,27,2,2,35.0,15,2026-08-19,2026-08-21,2.5,2.5,SI
101_weiqi,82072,4,1,2026-07-25,17,2,2,44.0,14,2026-09-07,2026-08-19,2.3,2.3,SI
101_weiqi,82073,2,0,2026-07-18,24,2,2,79.0,15,2026-10-05,2026-08-11,2.5,2.5,SI
101_weiqi,82074,4,1,2026-07-27,15,2,2,28.0,14,2026-08-24,2026-08-25,2.3,2.3,SI
101_weiqi,82075,2,0,2026-07-14,28,2,2,35.0,15,2026-08-18,2026-08-10,2.5,2.5,SI
101_weiqi,82076,2,0,2026-07-19,23,2,2,78.0,15,2026-10-05,2026-08-05,2.5,2.5,SI
101_weiqi,90535,2,0,2026-07-17,25,2,2,39.0,15,2026-08-25,2026-08-04,2.5,2.5,SI
101_weiqi,100687,4,0,2026-08-10,1,2,4,67.0,95,2026-10-16,2027-03-15,2.5,2.5,SI
101_weiqi,104389,1,0,2026-06-03,69,,1,,6.0,,2026-06-12,,2.5,SI
101_weiqi,104461,1,0,2026-06-03,69,,1,,6.0,,2026-06-16,,2.5,SI
101_weiqi,104469,3,0,2026-07-11,31,2,3,67.0,38,2026-09-16,2026-09-25,2.5,2.5,SI
101_weiqi,128100,2,0,2026-07-07,35,2,2,39.0,15,2026-08-15,2026-08-11,2.5,2.5,SI
101_weiqi,128101,3,0,2026-08-05,6,3,3,122.0,38,2026-12-05,2026-09-27,2.5,2.5,SI
101_weiqi,128103,3,0,2026-07-09,33,2,3,53.0,38,2026-08-31,2026-09-01,2.5,2.5,SI
101_weiqi,128105,2,0,2026-07-11,31,2,2,35.0,15,2026-08-15,2026-08-13,2.5,2.5,SI
101_weiqi,129929,3,0,2026-07-13,29,2,3,46.0,38,2026-08-28,2026-08-30,2.5,2.5,SI
101_weiqi,129930,4,0,2026-08-10,1,2,4,60.0,95,2026-10-09,2027-03-27,2.5,2.5,SI
101_weiqi,131078,3,0,2026-07-14,28,2,3,85.0,38,2026-10-07,2026-09-27,2.5,2.5,SI
101_weiqi,135806,4,0,2026-07-28,14,3,4,61.0,95,2026-09-27,2026-12-28,2.5,2.5,SI
101_weiqi,141997,4,0,2026-08-08,3,3,4,137.0,95,2026-12-23,2026-12-10,2.5,2.5,SI
101_weiqi,142008,3,0,2026-08-05,6,3,3,142.0,38,2026-12-25,2026-10-06,2.5,2.5,SI
101_weiqi,142568,2,0,2026-07-08,34,2,2,36.0,15,2026-08-13,2026-08-13,2.5,2.5,SI
101_weiqi,155582,3,0,2026-07-06,36,3,3,223.0,38,2027-02-14,2026-10-07,2.5,2.5,SI
101_weiqi,157213,2,0,2026-05-30,73,,2,,15,,2026-06-15,,2.5,SI
101_weiqi,157214,2,0,2026-05-30,73,,2,,15,,2026-06-26,,2.5,SI
101_weiqi,157215,2,0,2026-05-30,73,,2,,15,,2026-06-18,,2.5,SI
101_weiqi,157217,2,2,2026-05-30,73,,0,,1.0,,2026-05-31,,2.1,SI
101_weiqi,157218,2,0,2026-05-30,73,,2,,15,,2026-07-06,,2.5,SI
101_weiqi,157219,2,0,2026-05-30,73,,2,,15,,2026-06-30,,2.5,SI
101_weiqi,157220,2,1,2026-05-30,73,,1,,6.0,,2026-06-09,,2.3,SI
101_weiqi,157221,2,0,2026-05-30,73,,2,,15,,2026-06-23,,2.5,SI
101_weiqi,157222,2,1,2026-05-30,73,,0,,1.0,,2026-05-31,,2.3,SI
101_weiqi,157223,2,0,2026-05-30,73,,2,,15,,2026-06-20,,2.5,SI
101_weiqi,157224,2,1,2026-05-30,73,,0,,1.0,,2026-05-31,,2.3,SI
101_weiqi,157225,2,1,2026-05-30,73,,1,,6.0,,2026-06-09,,2.3,SI
101_weiqi,157227,2,0,2026-05-30,73,,2,,15,,2026-06-16,,2.5,SI
101_weiqi,157230,2,1,2026-05-30,73,,0,,1.0,,2026-05-31,,2.3,SI
101_weiqi,157231,2,0,2026-05-30,73,,2,,15,,2026-07-01,,2.5,SI
101_weiqi,157232,2,0,2026-05-30,73,,2,,15,,2026-06-26,,2.5,SI
101_weiqi,158788,3,0,2026-07-13,29,2,3,46.0,38,2026-08-28,2026-10-05,2.5,2.5,SI
101_weiqi,161604,2,0,2026-07-11,31,2,2,46.0,15,2026-08-26,2026-08-11,2.5,2.5,SI
101_weiqi,161806,4,0,2026-08-08,3,3,4,79.0,95,2026-10-26,2027-01-09,2.5,2.5,SI
101_weiqi,161814,3,0,2026-08-08,3,3,3,81.0,38,2026-10-28,2026-10-22,2.5,2.5,SI
101_weiqi,161817,4,0,2026-08-08,3,3,4,176.0,95,2027-01-31,2026-12-17,2.5,2.5,SI
101_weiqi,161820,3,0,2026-08-09,2,3,3,176.0,38,2027-02-01,2026-11-05,2.5,2.5,SI
101_weiqi,166413,4,0,2026-08-06,5,3,4,100.0,95,2026-11-14,2026-12-23,2.5,2.5,SI
101_weiqi,166415,2,0,2026-07-14,28,2,2,72.0,15,2026-09-24,2026-08-16,2.5,2.5,SI
101_weiqi,166416,3,0,2026-07-11,31,2,3,37.0,38,2026-08-17,2026-08-25,2.5,2.5,SI
101_weiqi,166417,2,0,2026-07-13,29,2,2,73.0,15,2026-09-24,2026-08-05,2.5,2.5,SI
101_weiqi,166418,4,0,2026-08-10,1,2,4,70.0,95,2026-10-19,2026-12-30,2.5,2.5,SI
101_weiqi,166419,2,0,2026-07-14,28,2,2,82.0,15,2026-10-04,2026-08-08,2.5,2.5,SI
101_weiqi,166420,3,0,2026-07-13,29,2,3,48.0,38,2026-08-30,2026-10-07,2.5,2.5,SI
101_weiqi,166421,4,0,2026-08-10,1,2,4,39.0,95,2026-09-18,2027-01-20,2.5,2.5,SI
101_weiqi,166422,4,0,2026-07-28,14,3,4,114.0,95,2026-11-19,2026-12-13,2.5,2.5,SI
101_weiqi,167081,3,0,2026-07-06,36,3,3,411.0,38,2027-08-21,2026-08-20,2.5,2.5,SI
101_weiqi,167083,3,0,2026-07-06,36,3,3,196.0,38,2027-01-18,2026-08-26,2.5,2.5,SI
101_weiqi,167084,3,0,2026-07-06,36,3,3,85.0,38,2026-09-29,2026-08-19,2.5,2.5,SI
101_weiqi,167085,3,0,2026-07-06,36,3,3,415.0,38,2027-08-25,2026-08-13,2.5,2.5,SI
101_weiqi,167086,3,0,2026-07-06,36,3,3,240.0,38,2027-03-03,2026-09-19,2.5,2.5,SI
101_weiqi,200134,3,0,2026-07-14,28,2,3,58.0,38,2026-09-10,2026-10-15,2.5,2.5,SI
101_weiqi,218364,2,0,2026-07-11,31,2,2,69.0,15,2026-09-18,2026-08-12,2.5,2.5,SI
101_weiqi,218365,2,0,2026-07-08,34,2,2,35.0,15,2026-08-12,2026-08-03,2.5,2.5,SI
101_weiqi,218366,3,0,2026-08-07,4,3,3,128.0,38,2026-12-13,2026-09-22,2.5,2.5,SI
101_weiqi,218382,2,0,2026-07-14,28,2,2,82.0,15,2026-10-04,2026-08-20,2.5,2.5,SI
101_weiqi,218383,3,0,2026-08-05,6,3,3,121.0,38,2026-12-04,2026-09-30,2.5,2.5,SI
101_weiqi,218385,2,0,2026-07-13,29,2,2,47.0,15,2026-08-29,2026-08-13,2.5,2.5,SI
101_weiqi,218386,3,0,2026-08-05,6,3,3,90.0,38,2026-11-03,2026-10-30,2.5,2.5,SI
101_weiqi,218387,2,0,2026-07-11,31,2,2,55.0,15,2026-09-04,2026-08-05,2.5,2.5,SI
101_weiqi,218389,3,0,2026-08-05,6,3,3,107.0,38,2026-11-20,2026-10-23,2.5,2.5,SI
101_weiqi,218390,2,0,2026-07-07,35,2,2,40.0,15,2026-08-16,2026-08-10,2.5,2.5,SI
101_weiqi,218391,2,0,2026-07-14,28,2,2,71.0,15,2026-09-23,2026-08-05,2.5,2.5,SI
101_weiqi,218392,3,0,2026-08-10,1,2,3,48.0,38,2026-09-27,2026-09-28,2.5,2.5,SI
101_weiqi,218393,3,0,2026-08-05,6,3,3,71.0,38,2026-10-15,2026-10-21,2.5,2.5,SI
101_weiqi,218394,2,0,2026-07-11,31,2,2,61.0,15,2026-09-10,2026-08-04,2.5,2.5,SI
101_weiqi,218396,2,0,2026-07-11,31,2,2,68.0,15,2026-09-17,2026-08-03,2.5,2.5,SI
101_weiqi,218397,2,0,2026-07-13,29,2,2,58.0,15,2026-09-09,2026-08-02,2.5,2.5,SI
101_weiqi,218398,2,0,2026-07-13,29,2,2,79.0,15,2026-09-30,2026-08-19,2.5,2.5,SI
101_weiqi,218399,2,0,2026-07-11,31,2,2,50.0,15,2026-08-30,2026-08-14,2.5,2.5,SI
101_weiqi,218400,3,0,2026-07-27,15,3,3,83.0,38,2026-10-18,2026-09-04,2.5,2.5,SI
101_weiqi,218401,2,0,2026-07-07,35,2,2,40.0,15,2026-08-16,2026-08-10,2.5,2.5,SI
101_weiqi,218402,2,0,2026-07-11,31,2,2,53.0,15,2026-09-02,2026-07-31,2.5,2.5,SI
101_weiqi,218403,2,0,2026-07-11,31,2,2,51.0,15,2026-08-31,2026-07-29,2.5,2.5,SI
101_weiqi,218404,2,0,2026-07-14,28,2,2,73.0,15,2026-09-25,2026-08-05,2.5,2.5,SI
101_weiqi,218405,3,0,2026-08-10,1,2,3,53.0,38,2026-10-02,2026-10-15,2.5,2.5,SI
101_weiqi,218406,2,0,2026-07-11,31,2,2,55.0,15,2026-09-04,2026-08-14,2.5,2.5,SI
101_weiqi,218407,2,0,2026-07-11,31,2,2,50.0,15,2026-08-30,2026-07-31,2.5,2.5,SI
101_weiqi,218409,3,0,2026-07-30,12,3,3,104.0,38,2026-11-11,2026-10-02,2.5,2.5,SI
101_weiqi,218410,2,0,2026-07-13,29,2,2,73.0,15,2026-09-24,2026-07-31,2.5,2.5,SI
101_weiqi,218411,2,0,2026-07-08,34,2,2,43.0,15,2026-08-20,2026-08-10,2.5,2.5,SI
101_weiqi,218412,2,0,2026-07-13,29,2,2,74.0,15,2026-09-25,2026-08-03,2.5,2.5,SI
101_weiqi,218413,2,0,2026-07-13,29,2,2,81.0,15,2026-10-02,2026-08-04,2.5,2.5,SI
101_weiqi,218414,2,0,2026-07-13,29,2,2,51.0,15,2026-09-02,2026-08-13,2.5,2.5,SI
101_weiqi,218415,2,0,2026-07-11,31,2,2,48.0,15,2026-08-28,2026-08-06,2.5,2.5,SI
101_weiqi,218416,2,0,2026-07-07,35,2,2,43.0,15,2026-08-19,2026-08-02,2.5,2.5,SI
101_weiqi,218417,3,1,2026-07-15,27,2,2,67.0,14,2026-09-20,2026-08-04,2.3,2.3,SI
101_weiqi,218419,3,0,2026-07-30,12,3,3,142.0,38,2026-12-19,2026-09-18,2.5,2.5,SI
101_weiqi,218432,2,0,2026-07-07,35,2,2,39.0,15,2026-08-15,2026-08-13,2.5,2.5,SI
101_weiqi,218433,2,0,2026-07-13,29,2,2,72.0,15,2026-09-23,2026-08-06,2.5,2.5,SI
101_weiqi,218434,2,0,2026-07-14,28,2,2,50.0,15,2026-09-02,2026-08-16,2.5,2.5,SI
101_weiqi,218436,3,0,2026-07-28,14,3,3,51.0,38,2026-09-17,2026-09-12,2.5,2.5,SI
101_weiqi,218439,2,0,2026-07-14,28,2,2,65.0,15,2026-09-17,2026-07-29,2.5,2.5,SI
101_weiqi,218444,2,0,2026-07-09,33,2,2,34.0,15,2026-08-12,2026-07-28,2.5,2.5,SI
101_weiqi,218445,2,0,2026-07-13,29,2,2,74.0,15,2026-09-25,2026-08-03,2.5,2.5,SI
101_weiqi,218446,2,0,2026-07-11,31,2,2,55.0,15,2026-09-04,2026-08-02,2.5,2.5,SI
101_weiqi,218448,2,0,2026-07-11,31,2,2,47.0,15,2026-08-27,2026-08-17,2.5,2.5,SI
101_weiqi,218451,2,0,2026-07-13,29,2,2,44.0,15,2026-08-26,2026-08-01,2.5,2.5,SI
101_weiqi,218453,2,0,2026-07-11,31,2,2,55.0,15,2026-09-04,2026-08-07,2.5,2.5,SI
101_weiqi,218454,2,0,2026-07-11,31,2,2,55.0,15,2026-09-04,2026-08-07,2.5,2.5,SI
101_weiqi,218455,3,0,2026-07-27,15,3,3,119.0,38,2026-11-23,2026-09-10,2.5,2.5,SI
101_weiqi,218457,2,0,2026-07-08,34,2,2,37.0,15,2026-08-14,2026-08-06,2.5,2.5,SI
101_weiqi,218497,2,0,2026-07-14,28,2,2,76.0,15,2026-09-28,2026-08-20,2.5,2.5,SI
101_weiqi,218498,2,0,2026-07-08,34,2,2,35.0,15,2026-08-12,2026-08-03,2.5,2.5,SI
101_weiqi,218499,3,0,2026-08-05,6,3,3,143.0,38,2026-12-26,2026-09-18,2.5,2.5,SI
101_weiqi,218500,3,0,2026-08-11,0,3,3,156.0,38,2027-01-14,2026-10-18,2.5,2.5,SI
101_weiqi,218501,2,0,2026-07-11,31,2,2,61.0,15,2026-09-10,2026-08-03,2.5,2.5,SI
101_weiqi,218502,3,0,2026-08-08,3,3,3,109.0,38,2026-11-25,2026-11-09,2.5,2.5,SI
101_weiqi,218509,2,0,2026-07-13,29,2,2,49.0,15,2026-08-31,2026-08-17,2.5,2.5,SI
101_weiqi,218515,2,0,2026-07-11,31,2,2,43.0,15,2026-08-23,2026-08-02,2.5,2.5,SI
101_weiqi,218516,3,0,2026-07-27,15,3,3,124.0,38,2026-11-28,2026-09-15,2.5,2.5,SI
101_weiqi,218517,2,0,2026-07-14,28,2,2,61.0,15,2026-09-13,2026-08-06,2.5,2.5,SI
101_weiqi,218520,2,0,2026-07-09,33,2,2,57.0,15,2026-09-04,2026-08-11,2.5,2.5,SI
101_weiqi,218521,2,0,2026-07-11,31,2,2,32.0,15,2026-08-12,2026-08-12,2.5,2.5,SI
101_weiqi,218522,2,0,2026-07-13,29,2,2,75.0,15,2026-09-26,2026-08-11,2.5,2.5,SI
101_weiqi,218523,3,0,2026-08-05,6,3,3,148.0,38,2026-12-31,2026-10-21,2.5,2.5,SI
101_weiqi,218524,2,0,2026-07-13,29,2,2,34.0,15,2026-08-16,2026-08-19,2.5,2.5,SI
101_weiqi,218526,3,1,2026-07-11,31,2,2,40.0,14,2026-08-20,2026-08-06,2.3,2.3,SI
101_weiqi,218528,2,0,2026-07-11,31,2,2,60.0,15,2026-09-09,2026-07-26,2.5,2.5,SI
101_weiqi,218530,2,0,2026-07-14,28,2,2,70.0,15,2026-09-22,2026-08-12,2.5,2.5,SI
101_weiqi,218534,2,0,2026-07-09,33,2,2,52.0,15,2026-08-30,2026-08-11,2.5,2.5,SI
101_weiqi,218536,3,0,2026-07-30,12,3,3,120.0,38,2026-11-27,2026-10-02,2.5,2.5,SI
101_weiqi,218539,3,0,2026-08-05,6,3,3,102.0,38,2026-11-15,2026-10-04,2.5,2.5,SI
101_weiqi,218540,3,0,2026-08-05,6,3,3,68.0,38,2026-10-12,2026-09-27,2.5,2.5,SI
101_weiqi,218543,2,0,2026-07-11,31,2,2,63.0,15,2026-09-12,2026-07-29,2.5,2.5,SI
101_weiqi,218545,2,0,2026-07-13,29,2,2,56.0,15,2026-09-07,2026-08-08,2.5,2.5,SI
101_weiqi,218546,2,0,2026-07-13,29,2,2,32.0,15,2026-08-14,2026-08-06,2.5,2.5,SI
101_weiqi,218547,2,0,2026-07-11,31,2,2,48.0,15,2026-08-28,2026-08-07,2.5,2.5,SI
101_weiqi,218549,2,0,2026-07-07,35,2,2,38.0,15,2026-08-14,2026-08-07,2.5,2.5,SI
101_weiqi,218551,2,0,2026-07-11,31,2,2,60.0,15,2026-09-09,2026-07-26,2.5,2.5,SI
101_weiqi,218552,2,0,2026-07-11,31,2,2,54.0,15,2026-09-03,2026-08-04,2.5,2.5,SI
101_weiqi,218553,3,0,2026-08-10,1,2,3,23.0,38,2026-09-02,2026-10-02,2.5,2.5,SI
101_weiqi,218554,4,1,2026-08-11,0,3,3,117.0,32,2026-12-06,2026-09-14,2.3,2.3,SI
101_weiqi,218555,3,0,2026-08-05,6,3,3,83.0,38,2026-10-27,2026-09-18,2.5,2.5,SI
101_weiqi,218556,3,0,2026-07-28,14,3,3,116.0,38,2026-11-21,2026-10-05,2.5,2.5,SI
101_weiqi,218564,3,0,2026-07-23,19,3,3,47.0,38,2026-09-08,2026-09-05,2.5,2.5,SI
101_weiqi,218565,2,0,2026-07-11,31,2,2,43.0,15,2026-08-23,2026-08-09,2.5,2.5,SI
101_weiqi,218566,2,0,2026-07-11,31,2,2,68.0,15,2026-09-17,2026-07-28,2.5,2.5,SI
101_weiqi,218575,3,0,2026-08-11,0,3,3,164.0,38,2027-01-22,2026-10-20,2.5,2.5,SI
101_weiqi,218576,2,0,2026-07-07,35,2,2,42.0,15,2026-08-18,2026-08-09,2.5,2.5,SI
101_weiqi,218577,2,0,2026-07-09,33,2,2,40.0,15,2026-08-18,2026-08-04,2.5,2.5,SI
101_weiqi,218578,2,0,2026-07-09,33,2,2,37.0,15,2026-08-15,2026-08-02,2.5,2.5,SI
101_weiqi,218579,2,0,2026-07-13,29,2,2,77.0,15,2026-09-28,2026-08-01,2.5,2.5,SI
101_weiqi,218581,2,0,2026-07-11,31,2,2,55.0,15,2026-09-04,2026-08-04,2.5,2.5,SI
101_weiqi,218582,3,0,2026-07-30,12,3,3,115.0,38,2026-11-22,2026-10-20,2.5,2.5,SI
101_weiqi,218583,2,0,2026-07-13,29,2,2,52.0,15,2026-09-03,2026-08-18,2.5,2.5,SI
101_weiqi,218584,3,0,2026-08-05,6,3,3,147.0,38,2026-12-30,2026-09-26,2.5,2.5,SI
101_weiqi,218585,2,0,2026-07-13,29,2,2,55.0,15,2026-09-06,2026-08-09,2.5,2.5,SI
101_weiqi,218587,2,0,2026-07-07,35,2,2,42.0,15,2026-08-18,2026-08-02,2.5,2.5,SI
101_weiqi,218589,2,0,2026-07-13,29,2,2,36.0,15,2026-08-18,2026-08-11,2.5,2.5,SI
101_weiqi,218592,2,0,2026-07-11,31,2,2,54.0,15,2026-09-03,2026-08-06,2.5,2.5,SI
101_weiqi,218594,2,0,2026-07-07,35,2,2,43.0,15,2026-08-19,2026-08-06,2.5,2.5,SI
101_weiqi,218595,2,0,2026-07-13,29,2,2,79.0,15,2026-09-30,2026-08-08,2.5,2.5,SI
101_weiqi,218596,2,0,2026-07-11,31,2,2,47.0,15,2026-08-27,2026-07-30,2.5,2.5,SI
101_weiqi,218597,2,0,2026-07-14,28,2,2,42.0,15,2026-08-25,2026-08-09,2.5,2.5,SI
101_weiqi,218600,2,0,2026-07-14,28,2,2,44.0,15,2026-08-27,2026-07-30,2.5,2.5,SI
101_weiqi,218601,3,0,2026-08-09,2,3,3,108.0,38,2026-11-25,2026-11-11,2.5,2.5,SI
101_weiqi,218871,3,0,2026-08-10,1,2,3,46.0,38,2026-09-25,2026-09-21,2.5,2.5,SI
101_weiqi,218872,2,0,2026-07-14,28,2,2,64.0,15,2026-09-16,2026-08-01,2.5,2.5,SI
101_weiqi,218873,2,0,2026-07-11,31,2,2,66.0,15,2026-09-15,2026-08-09,2.5,2.5,SI
101_weiqi,218876,3,0,2026-08-05,6,3,3,113.0,38,2026-11-26,2026-10-29,2.5,2.5,SI
101_weiqi,218877,2,0,2026-07-09,33,2,2,34.0,15,2026-08-12,2026-08-15,2.5,2.5,SI
101_weiqi,218878,3,0,2026-08-10,1,3,3,180.0,38,2027-02-06,2026-10-21,2.5,2.5,SI
101_weiqi,218879,2,0,2026-07-09,33,2,2,40.0,15,2026-08-18,2026-08-06,2.5,2.5,SI
101_weiqi,218880,2,0,2026-07-09,33,2,2,48.0,15,2026-08-26,2026-08-07,2.5,2.5,SI
101_weiqi,218881,2,0,2026-07-13,29,2,2,33.0,15,2026-08-15,2026-08-15,2.5,2.5,SI
101_weiqi,218882,3,0,2026-08-06,5,3,3,133.0,38,2026-12-17,2026-09-30,2.5,2.5,SI
101_weiqi,218883,2,0,2026-07-14,28,2,2,51.0,15,2026-09-03,2026-08-10,2.5,2.5,SI
101_weiqi,218884,2,0,2026-07-08,34,2,2,43.0,15,2026-08-20,2026-07-26,2.5,2.5,SI
101_weiqi,218885,4,1,2026-07-21,21,2,2,24.0,14,2026-08-14,2026-08-08,2.3,2.3,SI
101_weiqi,218886,2,0,2026-07-11,31,2,2,43.0,15,2026-08-23,2026-08-01,2.5,2.5,SI
101_weiqi,218887,2,0,2026-07-14,28,2,2,62.0,15,2026-09-14,2026-08-18,2.5,2.5,SI
101_weiqi,218949,2,0,2026-07-13,29,2,2,50.0,15,2026-09-01,2026-08-08,2.5,2.5,SI
101_weiqi,218953,3,0,2026-08-09,2,3,3,186.0,38,2027-02-11,2026-10-13,2.5,2.5,SI
101_weiqi,219533,2,0,2026-07-08,34,2,2,49.0,15,2026-08-26,2026-08-09,2.5,2.5,SI
101_weiqi,223646,2,0,2026-07-13,29,2,2,64.0,15,2026-09-15,2026-07-28,2.5,2.5,SI
101_weiqi,223647,3,0,2026-08-10,1,3,3,123.0,38,2026-12-11,2026-10-14,2.5,2.5,SI
101_weiqi,223648,4,0,2026-08-05,6,3,4,123.0,95,2026-12-06,2027-01-27,2.5,2.5,SI
101_weiqi,223649,2,0,2026-07-14,28,2,2,64.0,15,2026-09-16,2026-08-15,2.5,2.5,SI
101_weiqi,223650,3,0,2026-07-11,31,2,3,59.0,38,2026-09-08,2026-10-09,2.5,2.5,SI
101_weiqi,223651,3,0,2026-08-10,1,2,3,53.0,38,2026-10-02,2026-10-07,2.5,2.5,SI
101_weiqi,223652,3,0,2026-07-11,31,2,3,33.0,38,2026-08-13,2026-09-03,2.5,2.5,SI
101_weiqi,223653,2,0,2026-07-08,34,2,2,48.0,15,2026-08-25,2026-08-13,2.5,2.5,SI
101_weiqi,223654,2,0,2026-07-11,31,2,2,42.0,15,2026-08-22,2026-08-10,2.5,2.5,SI
101_weiqi,223655,2,0,2026-07-09,33,2,2,44.0,15,2026-08-22,2026-08-07,2.5,2.5,SI
101_weiqi,223656,3,0,2026-08-10,1,2,3,69.0,38,2026-10-18,2026-10-28,2.5,2.5,SI
101_weiqi,223657,4,0,2026-07-30,12,3,4,96.0,95,2026-11-03,2027-02-27,2.5,2.5,SI
101_weiqi,223658,2,0,2026-07-08,34,2,2,38.0,15,2026-08-15,2026-07-25,2.5,2.5,SI
101_weiqi,223659,3,0,2026-07-13,29,2,3,69.0,38,2026-09-20,2026-09-18,2.5,2.5,SI
101_weiqi,223660,2,0,2026-07-13,29,2,2,52.0,15,2026-09-03,2026-08-06,2.5,2.5,SI
101_weiqi,223661,3,0,2026-07-27,15,3,3,51.0,38,2026-09-16,2026-09-28,2.5,2.5,SI
101_weiqi,223662,2,0,2026-07-07,35,2,2,39.0,15,2026-08-15,2026-08-01,2.5,2.5,SI
101_weiqi,223663,2,0,2026-07-14,28,2,2,40.0,15,2026-08-23,2026-08-10,2.5,2.5,SI
101_weiqi,223664,4,0,2026-08-05,6,3,4,63.0,95,2026-10-07,2027-01-25,2.5,2.5,SI
101_weiqi,223665,4,0,2026-08-09,2,3,4,122.0,95,2026-12-09,2026-12-08,2.5,2.5,SI
101_weiqi,223666,3,0,2026-07-11,31,2,3,49.0,38,2026-08-29,2026-09-06,2.5,2.5,SI
101_weiqi,223667,2,0,2026-07-09,33,2,2,35.0,15,2026-08-13,2026-07-26,2.5,2.5,SI
101_weiqi,223668,3,0,2026-07-27,15,3,3,88.0,38,2026-10-23,2026-10-19,2.5,2.5,SI
101_weiqi,223669,2,0,2026-07-14,28,2,2,65.0,15,2026-09-17,2026-08-07,2.5,2.5,SI
101_weiqi,223670,4,0,2026-08-10,1,2,4,50.0,95,2026-09-29,2027-04-04,2.5,2.5,SI
101_weiqi,223671,3,0,2026-07-14,28,2,3,75.0,38,2026-09-27,2026-10-12,2.5,2.5,SI
101_weiqi,223672,2,0,2026-07-13,29,2,2,66.0,15,2026-09-17,2026-08-16,2.5,2.5,SI
101_weiqi,223673,3,0,2026-07-13,29,2,3,68.0,38,2026-09-19,2026-09-11,2.5,2.5,SI
101_weiqi,223674,3,0,2026-08-05,6,3,3,88.0,38,2026-11-01,2026-10-26,2.5,2.5,SI
101_weiqi,223675,3,0,2026-08-05,6,3,3,97.0,38,2026-11-10,2026-10-13,2.5,2.5,SI
101_weiqi,223676,3,0,2026-08-10,1,2,3,31.0,38,2026-09-10,2026-10-01,2.5,2.5,SI
101_weiqi,223677,4,0,2026-08-05,6,3,4,92.0,95,2026-11-05,2027-02-16,2.5,2.5,SI
101_weiqi,223678,3,0,2026-08-05,6,3,3,95.0,38,2026-11-08,2026-10-06,2.5,2.5,SI
101_weiqi,223679,3,0,2026-08-09,2,3,3,186.0,38,2027-02-11,2026-09-20,2.5,2.5,SI
101_weiqi,223680,3,0,2026-07-13,29,2,3,66.0,38,2026-09-17,2026-09-03,2.5,2.5,SI
101_weiqi,223681,3,0,2026-07-11,31,2,3,54.0,38,2026-09-03,2026-09-25,2.5,2.5,SI
101_weiqi,223682,3,0,2026-07-08,34,2,3,36.0,38,2026-08-13,2026-10-04,2.5,2.5,SI
101_weiqi,223683,2,0,2026-07-14,28,2,2,40.0,15,2026-08-23,2026-08-01,2.5,2.5,SI
101_weiqi,223684,3,0,2026-07-11,31,2,3,51.0,38,2026-08-31,2026-09-25,2.5,2.5,SI
101_weiqi,223685,3,0,2026-07-14,28,2,3,68.0,38,2026-09-20,2026-09-18,2.5,2.5,SI
101_weiqi,223686,3,0,2026-07-13,29,2,3,79.0,38,2026-09-30,2026-09-28,2.5,2.5,SI
101_weiqi,223687,3,0,2026-07-09,33,2,3,48.0,38,2026-08-26,2026-09-25,2.5,2.5,SI
101_weiqi,223688,2,0,2026-07-09,33,2,2,43.0,15,2026-08-21,2026-08-06,2.5,2.5,SI
101_weiqi,223689,2,0,2026-07-07,35,2,2,44.0,15,2026-08-20,2026-08-02,2.5,2.5,SI
101_weiqi,223690,3,0,2026-08-06,5,3,3,138.0,38,2026-12-22,2026-09-30,2.5,2.5,SI
101_weiqi,223691,2,0,2026-07-11,31,2,2,69.0,15,2026-09-18,2026-08-15,2.5,2.5,SI
101_weiqi,223692,3,0,2026-07-07,35,2,3,39.0,38,2026-08-15,2026-08-19,2.5,2.5,SI
101_weiqi,223693,2,0,2026-07-07,35,2,2,43.0,15,2026-08-19,2026-07-24,2.5,2.5,SI
101_weiqi,223694,2,0,2026-07-14,28,2,2,65.0,15,2026-09-17,2026-08-01,2.5,2.5,SI
101_weiqi,223695,2,0,2026-07-11,31,2,2,37.0,15,2026-08-17,2026-08-15,2.5,2.5,SI
101_weiqi,223696,2,0,2026-07-07,35,2,2,42.0,15,2026-08-18,2026-07-24,2.5,2.5,SI
101_weiqi,223697,2,0,2026-07-14,28,2,2,71.0,15,2026-09-23,2026-08-14,2.5,2.5,SI
101_weiqi,223698,2,0,2026-07-08,34,2,2,44.0,15,2026-08-21,2026-07-25,2.5,2.5,SI
101_weiqi,223699,3,0,2026-08-05,6,3,3,99.0,38,2026-11-12,2026-10-12,2.5,2.5,SI
101_weiqi,223700,2,0,2026-07-11,31,2,2,44.0,15,2026-08-24,2026-07-27,2.5,2.5,SI
101_weiqi,223701,2,0,2026-07-07,35,2,2,43.0,15,2026-08-19,2026-07-25,2.5,2.5,SI
101_weiqi,223702,2,0,2026-07-09,33,2,2,50.0,15,2026-08-28,2026-08-14,2.5,2.5,SI
101_weiqi,223703,2,0,2026-07-13,29,2,2,49.0,15,2026-08-31,2026-07-31,2.5,2.5,SI
101_weiqi,223704,3,0,2026-08-05,6,3,3,87.0,38,2026-10-31,2026-10-14,2.5,2.5,SI
101_weiqi,223705,2,0,2026-07-09,33,2,2,47.0,15,2026-08-25,2026-08-12,2.5,2.5,SI
101_weiqi,223706,2,0,2026-07-11,31,2,2,41.0,15,2026-08-21,2026-07-30,2.5,2.5,SI
101_weiqi,223707,3,0,2026-08-05,6,3,3,144.0,38,2026-12-27,2026-10-03,2.5,2.5,SI
101_weiqi,223708,2,0,2026-07-11,31,2,2,54.0,15,2026-09-03,2026-07-28,2.5,2.5,SI
101_weiqi,223709,3,0,2026-08-10,1,2,3,74.0,38,2026-10-23,2026-09-18,2.5,2.5,SI
101_weiqi,223710,2,0,2026-07-11,31,2,2,35.0,15,2026-08-15,2026-08-03,2.5,2.5,SI
101_weiqi,223711,3,0,2026-08-10,1,2,3,30.0,38,2026-09-09,2026-10-09,2.5,2.5,SI
101_weiqi,223712,2,0,2026-07-08,34,2,2,49.0,15,2026-08-26,2026-08-11,2.5,2.5,SI
101_weiqi,223713,3,0,2026-08-09,2,3,3,151.0,38,2027-01-07,2026-09-28,2.5,2.5,SI
101_weiqi,223714,3,0,2026-07-11,31,2,3,49.0,38,2026-08-29,2026-08-26,2.5,2.5,SI
101_weiqi,223715,2,0,2026-07-09,33,2,2,37.0,15,2026-08-15,2026-08-14,2.5,2.5,SI
101_weiqi,223716,3,0,2026-07-28,14,3,3,70.0,38,2026-10-06,2026-09-06,2.5,2.5,SI
101_weiqi,223717,2,0,2026-07-11,31,2,2,61.0,15,2026-09-10,2026-07-28,2.5,2.5,SI
101_weiqi,223718,3,0,2026-08-10,1,2,3,58.0,38,2026-10-07,2026-10-03,2.5,2.5,SI
101_weiqi,223719,2,0,2026-07-13,29,2,2,63.0,15,2026-09-14,2026-08-11,2.5,2.5,SI
101_weiqi,223720,4,0,2026-08-05,6,3,4,160.0,95,2027-01-12,2027-03-06,2.5,2.5,SI
101_weiqi,223721,2,0,2026-07-13,29,2,2,78.0,15,2026-09-29,2026-08-01,2.5,2.5,SI
101_weiqi,223722,4,0,2026-08-10,1,2,4,75.0,95,2026-10-24,2026-12-23,2.5,2.5,SI
101_weiqi,223723,2,0,2026-07-09,33,2,2,39.0,15,2026-08-17,2026-07-27,2.5,2.5,SI
101_weiqi,223724,3,0,2026-08-11,0,3,3,135.0,38,2026-12-24,2026-10-17,2.5,2.5,SI
101_weiqi,223725,3,0,2026-08-06,5,3,3,158.0,38,2027-01-11,2026-10-11,2.5,2.5,SI
101_weiqi,223726,2,0,2026-07-14,28,2,2,44.0,15,2026-08-27,2026-08-15,2.5,2.5,SI
101_weiqi,223727,2,0,2026-07-14,28,2,2,48.0,15,2026-08-31,2026-08-14,2.5,2.5,SI
101_weiqi,223728,2,0,2026-07-13,29,2,2,42.0,15,2026-08-24,2026-08-16,2.5,2.5,SI
101_weiqi,223729,3,0,2026-08-07,4,3,3,110.0,38,2026-11-25,2026-09-14,2.5,2.5,SI
101_weiqi,223730,2,0,2026-07-09,33,2,2,43.0,15,2026-08-21,2026-08-13,2.5,2.5,SI
101_weiqi,223731,3,0,2026-08-05,6,3,3,93.0,38,2026-11-06,2026-09-30,2.5,2.5,SI
101_weiqi,223732,2,0,2026-07-11,31,2,2,54.0,15,2026-09-03,2026-08-10,2.5,2.5,SI
101_weiqi,223733,3,0,2026-08-08,3,3,3,138.0,38,2026-12-24,2026-09-25,2.5,2.5,SI
101_weiqi,223734,2,0,2026-07-13,29,2,2,34.0,15,2026-08-16,2026-08-01,2.5,2.5,SI
101_weiqi,223735,2,0,2026-07-11,31,2,2,52.0,15,2026-09-01,2026-07-30,2.5,2.5,SI
101_weiqi,223736,3,0,2026-07-28,14,3,3,96.0,38,2026-11-01,2026-10-27,2.5,2.5,SI
101_weiqi,223737,3,0,2026-08-05,6,3,3,138.0,38,2026-12-21,2026-10-19,2.5,2.5,SI
101_weiqi,223738,2,0,2026-07-11,31,2,2,45.0,15,2026-08-25,2026-08-05,2.5,2.5,SI
101_weiqi,223739,3,0,2026-08-05,6,3,3,144.0,38,2026-12-27,2026-10-06,2.5,2.5,SI
101_weiqi,223740,2,0,2026-07-11,31,2,2,37.0,15,2026-08-17,2026-08-13,2.5,2.5,SI
101_weiqi,223741,3,0,2026-08-06,5,3,3,106.0,38,2026-11-20,2026-11-01,2.5,2.5,SI
101_weiqi,223742,3,0,2026-08-07,4,3,3,108.0,38,2026-11-23,2026-11-06,2.5,2.5,SI
101_weiqi,223743,2,0,2026-07-08,34,2,2,35.0,15,2026-08-12,2026-08-04,2.5,2.5,SI
101_weiqi,223744,2,0,2026-07-11,31,2,2,56.0,15,2026-09-05,2026-08-04,2.5,2.5,SI
101_weiqi,223745,3,0,2026-08-08,3,3,3,162.0,38,2027-01-17,2026-10-29,2.5,2.5,SI
101_weiqi,223746,3,0,2026-08-07,4,3,3,132.0,38,2026-12-17,2026-11-06,2.5,2.5,SI
101_weiqi,223747,2,0,2026-07-13,29,2,2,69.0,15,2026-09-20,2026-08-19,2.5,2.5,SI
101_weiqi,223748,3,0,2026-07-30,12,3,3,74.0,38,2026-10-12,2026-10-11,2.5,2.5,SI
101_weiqi,223749,2,0,2026-07-09,33,2,2,34.0,15,2026-08-12,2026-07-24,2.5,2.5,SI
101_weiqi,223750,3,0,2026-08-10,1,2,3,38.0,38,2026-09-17,2026-10-24,2.5,2.5,SI
101_weiqi,223751,2,0,2026-07-14,28,2,2,61.0,15,2026-09-13,2026-08-18,2.5,2.5,SI
101_weiqi,223752,2,0,2026-07-09,33,2,2,42.0,15,2026-08-20,2026-08-02,2.5,2.5,SI
101_weiqi,223753,3,0,2026-07-30,12,3,3,86.0,38,2026-10-24,2026-10-28,2.5,2.5,SI
101_weiqi,223754,3,0,2026-08-10,1,2,3,71.0,38,2026-10-20,2026-11-08,2.5,2.5,SI
101_weiqi,223755,3,0,2026-08-07,4,3,3,87.0,38,2026-11-02,2026-09-20,2.5,2.5,SI
101_weiqi,223756,4,0,2026-08-05,6,3,4,123.0,95,2026-12-06,2027-02-02,2.5,2.5,SI
101_weiqi,223757,3,0,2026-08-08,3,3,3,170.0,38,2027-01-25,2026-09-29,2.5,2.5,SI
101_weiqi,223758,3,0,2026-08-08,3,3,3,147.0,38,2027-01-02,2026-10-06,2.5,2.5,SI
101_weiqi,223759,3,0,2026-08-09,2,3,3,191.0,38,2027-02-16,2026-10-05,2.5,2.5,SI
101_weiqi,223760,2,0,2026-07-11,31,2,2,38.0,15,2026-08-18,2026-08-14,2.5,2.5,SI
101_weiqi,223761,2,0,2026-07-09,33,2,2,52.0,15,2026-08-30,2026-07-25,2.5,2.5,SI
101_weiqi,223762,4,0,2026-08-05,6,3,4,139.0,95,2026-12-22,2026-12-06,2.5,2.5,SI
101_weiqi,223763,3,0,2026-07-11,31,2,3,44.0,38,2026-08-24,2026-09-16,2.5,2.5,SI
101_weiqi,223764,3,0,2026-07-22,20,3,3,70.0,38,2026-09-30,2026-09-10,2.5,2.5,SI
101_weiqi,223765,2,0,2026-07-14,28,2,2,85.0,15,2026-10-07,2026-08-14,2.5,2.5,SI
101_weiqi,223766,3,0,2026-07-30,12,3,3,95.0,38,2026-11-02,2026-09-24,2.5,2.5,SI
101_weiqi,223767,2,0,2026-07-08,34,2,2,40.0,15,2026-08-17,2026-08-10,2.5,2.5,SI
101_weiqi,223768,4,0,2026-08-05,6,3,4,83.0,95,2026-10-27,2026-12-18,2.5,2.5,SI
101_weiqi,223769,3,0,2026-07-11,31,2,3,62.0,38,2026-09-11,2026-08-23,2.5,2.5,SI
101_weiqi,223770,3,0,2026-07-08,34,2,3,42.0,38,2026-08-19,2026-09-03,2.5,2.5,SI
101_weiqi,223771,3,0,2026-07-08,34,2,3,38.0,38,2026-08-15,2026-10-05,2.5,2.5,SI
101_weiqi,223772,3,0,2026-07-14,28,2,3,39.0,38,2026-08-22,2026-09-02,2.5,2.5,SI
101_weiqi,223773,2,0,2026-07-13,29,2,2,34.0,15,2026-08-16,2026-08-01,2.5,2.5,SI
101_weiqi,223774,3,0,2026-07-14,28,2,3,80.0,38,2026-10-02,2026-08-30,2.5,2.5,SI
101_weiqi,223775,3,0,2026-07-11,31,2,3,38.0,38,2026-08-18,2026-09-09,2.5,2.5,SI
101_weiqi,223776,3,0,2026-07-09,33,2,3,46.0,38,2026-08-24,2026-09-17,2.5,2.5,SI
101_weiqi,223777,3,0,2026-07-27,15,3,3,103.0,38,2026-11-07,2026-10-29,2.5,2.5,SI
101_weiqi,223778,2,0,2026-07-13,29,2,2,52.0,15,2026-09-03,2026-08-19,2.5,2.5,SI
101_weiqi,223779,3,0,2026-07-13,29,2,3,60.0,38,2026-09-11,2026-10-07,2.5,2.5,SI
101_weiqi,223780,3,0,2026-07-28,14,3,3,104.0,38,2026-11-09,2026-10-09,2.5,2.5,SI
101_weiqi,223781,3,0,2026-07-08,34,2,3,48.0,38,2026-08-25,2026-09-05,2.5,2.5,SI
101_weiqi,223782,3,0,2026-08-05,6,3,3,115.0,38,2026-11-28,2026-09-16,2.5,2.5,SI
101_weiqi,223783,3,0,2026-08-10,1,2,3,65.0,38,2026-10-14,2026-10-27,2.5,2.5,SI
101_weiqi,223784,3,0,2026-07-11,31,2,3,51.0,38,2026-08-31,2026-09-05,2.5,2.5,SI
101_weiqi,223785,4,0,2026-08-10,1,2,4,68.0,95,2026-10-17,2027-02-11,2.5,2.5,SI
101_weiqi,223786,4,0,2026-07-28,14,3,4,93.0,95,2026-10-29,2027-02-07,2.5,2.5,SI
101_weiqi,223787,3,0,2026-08-05,6,3,3,115.0,38,2026-11-28,2026-09-27,2.5,2.5,SI
101_weiqi,223788,4,0,2026-07-30,12,3,4,90.0,95,2026-10-28,2026-12-26,2.5,2.5,SI
101_weiqi,223789,2,0,2026-07-11,31,2,2,48.0,15,2026-08-28,2026-08-12,2.5,2.5,SI
101_weiqi,223790,3,0,2026-08-05,6,3,3,80.0,38,2026-10-24,2026-10-19,2.5,2.5,SI
101_weiqi,223791,3,0,2026-07-28,14,3,3,111.0,38,2026-11-16,2026-10-23,2.5,2.5,SI
101_weiqi,223792,4,0,2026-07-28,14,3,4,60.0,95,2026-09-26,2026-11-25,2.5,2.5,SI
101_weiqi,223793,4,0,2026-08-10,1,2,4,65.0,95,2026-10-14,2026-12-16,2.5,2.5,SI
101_weiqi,223794,3,0,2026-08-10,1,2,3,64.0,38,2026-10-13,2026-10-20,2.5,2.5,SI
101_weiqi,223795,3,0,2026-07-13,29,2,3,70.0,38,2026-09-21,2026-08-31,2.5,2.5,SI
101_weiqi,223796,3,0,2026-08-05,6,3,3,98.0,38,2026-11-11,2026-10-05,2.5,2.5,SI
101_weiqi,223797,3,0,2026-07-13,29,2,3,36.0,38,2026-08-18,2026-09-09,2.5,2.5,SI
101_weiqi,223798,3,0,2026-08-10,1,2,3,39.0,38,2026-09-18,2026-09-27,2.5,2.5,SI
101_weiqi,223799,4,0,2026-08-10,1,2,4,37.0,95,2026-09-16,2027-03-01,2.5,2.5,SI
101_weiqi,223800,2,0,2026-07-09,33,2,2,53.0,15,2026-08-31,2026-08-10,2.5,2.5,SI
101_weiqi,223801,3,0,2026-08-11,0,3,3,141.0,38,2026-12-30,2026-10-12,2.5,2.5,SI
101_weiqi,223802,4,0,2026-07-28,14,3,4,93.0,95,2026-10-29,2027-02-04,2.5,2.5,SI
101_weiqi,223803,2,0,2026-07-07,35,2,2,40.0,15,2026-08-16,2026-07-26,2.5,2.5,SI
101_weiqi,223804,3,0,2026-08-05,6,3,3,72.0,38,2026-10-16,2026-10-17,2.5,2.5,SI
101_weiqi,223805,3,0,2026-08-07,4,3,3,180.0,38,2027-02-03,2026-10-03,2.5,2.5,SI
101_weiqi,223806,2,0,2026-07-13,29,2,2,47.0,15,2026-08-29,2026-08-18,2.5,2.5,SI
101_weiqi,223807,3,0,2026-08-05,6,3,3,131.0,38,2026-12-14,2026-10-03,2.5,2.5,SI
101_weiqi,223808,2,0,2026-07-13,29,2,2,72.0,15,2026-09-23,2026-07-31,2.5,2.5,SI
101_weiqi,223809,3,0,2026-08-10,1,2,3,34.0,38,2026-09-13,2026-10-05,2.5,2.5,SI
101_weiqi,223810,2,0,2026-07-13,29,2,2,65.0,15,2026-09-16,2026-08-18,2.5,2.5,SI
101_weiqi,223811,2,0,2026-07-14,28,2,2,35.0,15,2026-08-18,2026-07-29,2.5,2.5,SI
101_weiqi,223812,2,0,2026-07-13,29,2,2,82.0,15,2026-10-03,2026-08-18,2.5,2.5,SI
101_weiqi,223813,3,0,2026-08-10,1,2,3,43.0,38,2026-09-22,2026-10-03,2.5,2.5,SI
101_weiqi,223814,2,0,2026-07-09,33,2,2,45.0,15,2026-08-23,2026-07-31,2.5,2.5,SI
101_weiqi,223815,4,0,2026-08-10,1,2,4,67.0,95,2026-10-16,2027-02-15,2.5,2.5,SI
101_weiqi,223816,2,0,2026-07-14,28,2,2,39.0,15,2026-08-22,2026-08-14,2.5,2.5,SI
101_weiqi,223817,3,0,2026-08-10,1,2,3,66.0,38,2026-10-15,2026-10-01,2.5,2.5,SI
101_weiqi,223818,3,0,2026-08-10,1,2,3,48.0,38,2026-09-27,2026-10-23,2.5,2.5,SI
101_weiqi,223819,2,0,2026-07-13,29,2,2,39.0,15,2026-08-21,2026-08-10,2.5,2.5,SI
101_weiqi,223820,2,0,2026-07-09,33,2,2,37.0,15,2026-08-15,2026-07-28,2.5,2.5,SI
101_weiqi,223821,3,0,2026-08-05,6,3,3,83.0,38,2026-10-27,2026-09-26,2.5,2.5,SI
101_weiqi,223822,2,0,2026-07-07,35,2,2,38.0,15,2026-08-14,2026-08-02,2.5,2.5,SI
101_weiqi,223823,2,0,2026-07-14,28,2,2,84.0,15,2026-10-06,2026-08-17,2.5,2.5,SI
101_weiqi,223824,2,0,2026-07-14,28,2,2,81.0,15,2026-10-03,2026-08-13,2.5,2.5,SI
101_weiqi,223825,2,0,2026-07-07,35,2,2,37.0,15,2026-08-13,2026-08-03,2.5,2.5,SI
101_weiqi,223826,3,0,2026-08-05,6,3,3,144.0,38,2026-12-27,2026-10-22,2.5,2.5,SI
101_weiqi,223827,3,0,2026-07-24,18,3,3,94.0,38,2026-10-26,2026-09-23,2.5,2.5,SI
101_weiqi,223828,2,0,2026-07-14,28,2,2,51.0,15,2026-09-03,2026-08-08,2.5,2.5,SI
101_weiqi,223829,3,0,2026-08-08,3,3,3,79.0,38,2026-10-26,2026-09-28,2.5,2.5,SI
101_weiqi,223830,3,0,2026-08-07,4,3,3,175.0,38,2027-01-29,2026-10-19,2.5,2.5,SI
101_weiqi,223831,2,0,2026-07-11,31,2,2,59.0,15,2026-09-08,2026-08-08,2.5,2.5,SI
101_weiqi,223832,3,0,2026-08-10,1,2,3,72.0,38,2026-10-21,2026-09-26,2.5,2.5,SI
101_weiqi,223833,3,0,2026-08-10,1,2,3,29.0,38,2026-09-08,2026-09-29,2.5,2.5,SI
101_weiqi,223834,2,0,2026-07-11,31,2,2,38.0,15,2026-08-18,2026-08-07,2.5,2.5,SI
101_weiqi,223835,2,0,2026-07-13,29,2,2,63.0,15,2026-09-14,2026-07-29,2.5,2.5,SI
101_weiqi,223836,3,0,2026-08-05,6,3,3,83.0,38,2026-10-27,2026-10-21,2.5,2.5,SI
101_weiqi,223837,2,0,2026-07-09,33,2,2,57.0,15,2026-09-04,2026-08-03,2.5,2.5,SI
101_weiqi,223838,2,0,2026-07-14,28,2,2,50.0,15,2026-09-02,2026-08-19,2.5,2.5,SI
101_weiqi,223839,3,0,2026-08-10,1,2,3,35.0,38,2026-09-14,2026-11-06,2.5,2.5,SI
101_weiqi,223840,3,0,2026-08-05,6,3,3,167.0,38,2027-01-19,2026-10-09,2.5,2.5,SI
101_weiqi,223841,3,0,2026-07-22,20,3,3,76.0,38,2026-10-06,2026-09-19,2.5,2.5,SI
101_weiqi,223842,2,0,2026-07-14,28,2,2,73.0,15,2026-09-25,2026-08-01,2.5,2.5,SI
101_weiqi,223843,2,0,2026-07-09,33,2,2,34.0,15,2026-08-12,2026-08-09,2.5,2.5,SI
101_weiqi,223844,2,0,2026-07-13,29,2,2,55.0,15,2026-09-06,2026-08-18,2.5,2.5,SI
101_weiqi,223845,2,0,2026-07-08,34,2,2,48.0,15,2026-08-25,2026-07-30,2.5,2.5,SI
101_weiqi,223846,2,0,2026-07-08,34,2,2,49.0,15,2026-08-26,2026-08-06,2.5,2.5,SI
101_weiqi,223847,3,0,2026-08-05,6,3,3,115.0,38,2026-11-28,2026-11-02,2.5,2.5,SI
101_weiqi,223848,3,0,2026-07-23,19,3,3,98.0,38,2026-10-29,2026-10-15,2.5,2.5,SI
101_weiqi,234956,3,0,2026-08-05,6,3,3,89.0,38,2026-11-02,2026-10-14,2.5,2.5,SI
101_weiqi,234959,3,0,2026-07-28,14,3,3,88.0,38,2026-10-24,2026-09-16,2.5,2.5,SI
101_weiqi,240099,2,0,2026-07-20,22,2,2,75.0,15,2026-10-03,2026-08-11,2.5,2.5,SI
101_weiqi,240100,2,0,2026-07-17,25,2,2,30.0,15,2026-08-16,2026-08-03,2.5,2.5,SI
101_weiqi,240120,2,0,2026-07-19,23,2,2,66.0,15,2026-09-23,2026-08-23,2.5,2.5,SI
101_weiqi,240121,2,0,2026-07-17,25,2,2,29.0,15,2026-08-15,2026-08-18,2.5,2.5,SI
101_weiqi,240124,2,0,2026-07-18,24,2,2,39.0,15,2026-08-26,2026-08-02,2.5,2.5,SI
101_weiqi,240125,3,0,2026-08-06,5,3,3,147.0,38,2026-12-31,2026-10-14,2.5,2.5,SI
101_weiqi,240126,2,0,2026-07-18,24,2,2,54.0,15,2026-09-10,2026-08-22,2.5,2.5,SI
101_weiqi,240128,3,0,2026-08-05,6,3,3,79.0,38,2026-10-23,2026-10-30,2.5,2.5,SI
101_weiqi,240140,2,0,2026-07-13,29,2,2,33.0,15,2026-08-15,2026-08-03,2.5,2.5,SI
101_weiqi,240141,2,0,2026-07-16,26,2,2,54.0,15,2026-09-08,2026-08-05,2.5,2.5,SI
101_weiqi,240142,2,0,2026-07-17,25,2,2,29.0,15,2026-08-15,2026-08-18,2.5,2.5,SI
101_weiqi,240143,2,0,2026-07-16,26,2,2,39.0,15,2026-08-24,2026-08-01,2.5,2.5,SI
101_weiqi,240165,2,0,2026-07-15,27,2,2,48.0,15,2026-09-01,2026-08-11,2.5,2.5,SI
101_weiqi,240167,3,0,2026-08-11,0,3,3,120.0,38,2026-12-09,2026-10-09,2.5,2.5,SI
101_weiqi,240171,2,0,2026-07-16,26,2,2,58.0,15,2026-09-12,2026-08-03,2.5,2.5,SI
101_weiqi,240174,2,0,2026-07-19,23,2,2,81.0,15,2026-10-08,2026-08-20,2.5,2.5,SI
101_weiqi,240176,2,0,2026-07-17,25,2,2,36.0,15,2026-08-22,2026-08-17,2.5,2.5,SI
101_weiqi,240177,3,0,2026-08-09,2,3,3,169.0,38,2027-01-25,2026-10-05,2.5,2.5,SI
101_weiqi,240182,2,0,2026-07-13,29,2,2,37.0,15,2026-08-19,2026-07-30,2.5,2.5,SI
101_weiqi,241751,2,0,2026-07-14,28,2,2,36.0,15,2026-08-19,2026-08-14,2.5,2.5,SI
101_weiqi,241752,3,0,2026-08-08,3,3,3,85.0,38,2026-11-01,2026-10-04,2.5,2.5,SI
101_weiqi,241760,2,0,2026-07-19,23,2,2,63.0,15,2026-09-20,2026-08-24,2.5,2.5,SI
101_weiqi,241770,2,0,2026-07-19,23,2,2,35.0,15,2026-08-23,2026-08-25,2.5,2.5,SI
101_weiqi,241791,3,1,2026-07-16,26,2,2,36.0,14,2026-08-21,2026-08-04,2.3,2.3,SI
101_weiqi,241849,3,0,2026-08-05,6,3,3,112.0,38,2026-11-25,2026-09-14,2.5,2.5,SI
101_weiqi,244127,3,0,2026-08-05,6,3,3,105.0,38,2026-11-18,2026-10-28,2.5,2.5,SI
101_weiqi,244128,2,0,2026-07-20,22,2,2,55.0,15,2026-09-13,2026-08-18,2.5,2.5,SI
101_weiqi,244129,2,0,2026-07-20,22,2,2,38.0,15,2026-08-27,2026-08-24,2.5,2.5,SI
101_weiqi,244130,2,0,2026-07-14,28,2,2,46.0,15,2026-08-29,2026-08-03,2.5,2.5,SI
101_weiqi,244131,2,0,2026-07-20,22,2,2,78.0,15,2026-10-06,2026-08-24,2.5,2.5,SI
101_weiqi,244140,3,0,2026-08-07,4,3,3,88.0,38,2026-11-03,2026-10-31,2.5,2.5,SI
101_weiqi,244145,2,0,2026-07-14,28,2,2,38.0,15,2026-08-21,2026-08-08,2.5,2.5,SI
101_weiqi,244218,2,0,2026-07-20,22,2,2,75.0,15,2026-10-03,2026-08-14,2.5,2.5,SI
101_weiqi,244240,2,0,2026-07-15,27,2,2,44.0,15,2026-08-28,2026-08-09,2.5,2.5,SI
101_weiqi,244992,2,0,2026-07-19,23,2,2,54.0,15,2026-09-11,2026-08-09,2.5,2.5,SI
101_weiqi,244999,2,0,2026-07-15,27,2,2,46.0,15,2026-08-30,2026-08-04,2.5,2.5,SI
101_weiqi,245214,2,0,2026-07-17,25,2,2,35.0,15,2026-08-21,2026-08-05,2.5,2.5,SI
101_weiqi,245229,2,0,2026-07-18,24,2,2,68.0,15,2026-09-24,2026-08-06,2.5,2.5,SI
101_weiqi,245413,2,0,2026-07-18,24,2,2,57.0,15,2026-09-13,2026-08-13,2.5,2.5,SI
101_weiqi,245420,2,0,2026-07-13,29,2,2,37.0,15,2026-08-19,2026-08-05,2.5,2.5,SI
101_weiqi,245422,2,0,2026-07-16,26,2,2,42.0,15,2026-08-27,2026-08-13,2.5,2.5,SI
101_weiqi,245428,2,0,2026-07-17,25,2,2,66.0,15,2026-09-21,2026-08-21,2.5,2.5,SI
101_weiqi,245440,3,0,2026-08-08,3,3,3,154.0,38,2027-01-09,2026-10-05,2.5,2.5,SI
101_weiqi,245443,2,0,2026-07-18,24,2,2,36.0,15,2026-08-23,2026-08-23,2.5,2.5,SI
101_weiqi,245453,2,0,2026-07-14,28,2,2,36.0,15,2026-08-19,2026-08-08,2.5,2.5,SI
101_weiqi,245454,3,0,2026-08-10,1,3,3,126.0,38,2026-12-14,2026-10-13,2.5,2.5,SI
101_weiqi,245472,3,0,2026-08-07,4,3,3,62.0,38,2026-10-08,2026-10-06,2.5,2.5,SI
101_weiqi,245476,3,0,2026-08-08,3,3,3,119.0,38,2026-12-05,2026-09-29,2.5,2.5,SI
101_weiqi,245485,2,0,2026-07-14,28,2,2,33.0,15,2026-08-16,2026-07-31,2.5,2.5,SI
101_weiqi,245502,2,0,2026-07-18,24,2,2,40.0,15,2026-08-27,2026-08-22,2.5,2.5,SI
101_weiqi,245520,2,0,2026-07-18,24,2,2,48.0,15,2026-09-04,2026-08-04,2.5,2.5,SI
101_weiqi,245522,2,0,2026-07-18,24,2,2,66.0,15,2026-09-22,2026-08-09,2.5,2.5,SI
101_weiqi,245564,2,0,2026-07-17,25,2,2,38.0,15,2026-08-24,2026-08-16,2.5,2.5,SI
101_weiqi,245566,2,0,2026-07-13,29,2,2,43.0,15,2026-08-25,2026-07-28,2.5,2.5,SI
101_weiqi,245570,3,0,2026-08-09,2,3,3,133.0,38,2026-12-20,2026-10-11,2.5,2.5,SI
101_weiqi,245591,4,1,2026-07-27,15,2,2,35.0,14,2026-08-31,2026-08-19,2.3,2.3,SI
101_weiqi,245609,2,0,2026-07-19,23,2,2,43.0,15,2026-08-31,2026-08-14,2.5,2.5,SI
101_weiqi,245621,2,0,2026-07-18,24,2,2,63.0,15,2026-09-19,2026-08-03,2.5,2.5,SI
101_weiqi,245674,3,1,2026-07-16,26,2,2,37.0,14,2026-08-22,2026-08-14,2.3,2.3,SI
101_weiqi,245676,2,0,2026-07-18,24,2,2,63.0,15,2026-09-19,2026-08-02,2.5,2.5,SI
101_weiqi,245679,3,0,2026-08-05,6,3,3,114.0,38,2026-11-27,2026-10-28,2.5,2.5,SI
101_weiqi,245724,2,0,2026-07-14,28,2,2,38.0,15,2026-08-21,2026-08-02,2.5,2.5,SI
101_weiqi,245943,3,0,2026-08-11,0,3,3,110.0,38,2026-11-29,2026-09-28,2.5,2.5,SI
101_weiqi,245948,2,0,2026-07-20,22,2,2,49.0,15,2026-09-07,2026-08-06,2.5,2.5,SI
101_weiqi,246030,2,0,2026-07-16,26,2,2,44.0,15,2026-08-29,2026-08-18,2.5,2.5,SI
101_weiqi,246031,2,0,2026-07-18,24,2,2,66.0,15,2026-09-22,2026-08-15,2.5,2.5,SI
101_weiqi,246033,4,2,2026-07-17,25,2,2,34.0,13,2026-08-20,2026-08-01,2.0999999999999996,2.1,SI
101_weiqi,246038,3,0,2026-08-05,6,3,3,51.0,38,2026-09-25,2026-10-13,2.5,2.5,SI
101_weiqi,246039,2,0,2026-07-16,26,2,2,46.0,15,2026-08-31,2026-08-06,2.5,2.5,SI
101_weiqi,246126,2,0,2026-07-17,25,2,2,47.0,15,2026-09-02,2026-08-07,2.5,2.5,SI
101_weiqi,246138,2,0,2026-07-15,27,2,2,55.0,15,2026-09-08,2026-08-03,2.5,2.5,SI
101_weiqi,246139,2,0,2026-07-15,27,2,2,50.0,15,2026-09-03,2026-08-21,2.5,2.5,SI
101_weiqi,246144,2,0,2026-07-19,23,2,2,66.0,15,2026-09-23,2026-08-19,2.5,2.5,SI
101_weiqi,246146,3,1,2026-07-17,25,2,2,29.0,14,2026-08-15,2026-08-17,2.3,2.3,SI
101_weiqi,246147,2,0,2026-07-14,28,2,2,33.0,15,2026-08-16,2026-08-08,2.5,2.5,SI
101_weiqi,246148,3,0,2026-08-05,6,3,3,85.0,38,2026-10-29,2026-10-27,2.5,2.5,SI
101_weiqi,246156,2,0,2026-07-13,29,2,2,37.0,15,2026-08-19,2026-08-03,2.5,2.5,SI
101_weiqi,246157,3,0,2026-08-09,2,3,3,108.0,38,2026-11-25,2026-10-07,2.5,2.5,SI
101_weiqi,246162,2,0,2026-07-17,25,2,2,68.0,15,2026-09-23,2026-08-18,2.5,2.5,SI
101_weiqi,246163,3,0,2026-08-05,6,3,3,85.0,38,2026-10-29,2026-10-08,2.5,2.5,SI
101_weiqi,246164,2,0,2026-07-13,29,2,2,37.0,15,2026-08-19,2026-07-28,2.5,2.5,SI
101_weiqi,246165,3,0,2026-08-06,5,3,3,112.0,38,2026-11-26,2026-10-24,2.5,2.5,SI
101_weiqi,246167,3,0,2026-08-09,2,3,3,70.0,38,2026-10-18,2026-09-22,2.5,2.5,SI
101_weiqi,246168,4,1,2026-08-07,4,3,3,111.0,32,2026-11-26,2026-09-26,2.3,2.3,SI
101_weiqi,246170,2,0,2026-07-13,29,2,2,37.0,15,2026-08-19,2026-08-18,2.5,2.5,SI
101_weiqi,246171,9,5,2026-08-08,3,1,1,6.0,6.0,2026-08-14,2026-08-14,1.4999999999999998,1.5,NO
101_weiqi,246172,2,0,2026-07-14,28,2,2,42.0,15,2026-08-25,2026-08-16,2.5,2.5,SI
101_weiqi,246174,2,0,2026-07-18,24,2,2,51.0,15,2026-09-07,2026-08-07,2.5,2.5,SI
101_weiqi,246179,2,0,2026-07-20,22,2,2,48.0,15,2026-09-06,2026-08-05,2.5,2.5,SI
101_weiqi,246180,2,0,2026-07-20,22,2,2,84.0,15,2026-10-12,2026-08-04,2.5,2.5,SI
101_weiqi,246183,2,0,2026-07-13,29,2,2,30.0,15,2026-08-12,2026-08-17,2.5,2.5,SI
101_weiqi,246184,2,0,2026-07-14,28,2,2,33.0,15,2026-08-16,2026-08-02,2.5,2.5,SI
101_weiqi,246185,2,0,2026-07-16,26,2,2,58.0,15,2026-09-12,2026-08-18,2.5,2.5,SI
101_weiqi,246186,2,0,2026-07-13,29,2,2,34.0,15,2026-08-16,2026-08-13,2.5,2.5,SI
101_weiqi,246191,2,0,2026-07-17,25,2,2,40.0,15,2026-08-26,2026-08-19,2.5,2.5,SI
101_weiqi,246192,3,0,2026-08-10,1,3,3,92.0,38,2026-11-10,2026-11-01,2.5,2.5,SI
101_weiqi,246197,2,0,2026-07-17,25,2,2,60.0,15,2026-09-15,2026-08-20,2.5,2.5,SI
101_weiqi,246198,3,0,2026-08-05,6,3,3,112.0,38,2026-11-25,2026-09-24,2.5,2.5,SI
101_weiqi,246214,2,0,2026-07-18,24,2,2,79.0,15,2026-10-05,2026-08-18,2.5,2.5,SI
101_weiqi,246217,2,0,2026-07-18,24,2,2,67.0,15,2026-09-23,2026-08-22,2.5,2.5,SI
101_weiqi,246221,2,0,2026-07-13,29,2,2,44.0,15,2026-08-26,2026-08-09,2.5,2.5,SI
101_weiqi,246223,2,0,2026-07-17,25,2,2,71.0,15,2026-09-26,2026-08-19,2.5,2.5,SI
101_weiqi,246226,2,0,2026-07-15,27,2,2,53.0,15,2026-09-06,2026-08-14,2.5,2.5,SI
101_weiqi,246227,2,0,2026-07-16,26,2,2,67.0,15,2026-09-21,2026-08-14,2.5,2.5,SI
101_weiqi,246349,3,0,2026-07-30,12,3,3,57.0,38,2026-09-25,2026-09-16,2.5,2.5,SI
101_weiqi,246352,2,0,2026-07-17,25,2,2,39.0,15,2026-08-25,2026-08-15,2.5,2.5,SI
101_weiqi,246353,2,0,2026-07-17,25,2,2,34.0,15,2026-08-20,2026-08-15,2.5,2.5,SI
101_weiqi,246354,2,0,2026-07-13,29,2,2,40.0,15,2026-08-22,2026-07-28,2.5,2.5,SI
101_weiqi,246355,2,0,2026-07-19,23,2,2,39.0,15,2026-08-27,2026-08-20,2.5,2.5,SI
101_weiqi,246356,2,0,2026-07-18,24,2,2,40.0,15,2026-08-27,2026-08-06,2.5,2.5,SI
101_weiqi,246357,2,0,2026-07-19,23,2,2,41.0,15,2026-08-29,2026-08-23,2.5,2.5,SI
101_weiqi,246358,2,0,2026-07-18,24,2,2,34.0,15,2026-08-21,2026-08-13,2.5,2.5,SI
101_weiqi,246359,2,0,2026-07-18,24,2,2,43.0,15,2026-08-30,2026-08-04,2.5,2.5,SI
101_weiqi,246374,3,0,2026-08-05,6,3,3,138.0,38,2026-12-21,2026-10-27,2.5,2.5,SI
101_weiqi,246375,2,0,2026-07-15,27,2,2,28.0,15,2026-08-12,2026-08-08,2.5,2.5,SI
101_weiqi,246377,2,0,2026-07-17,25,2,2,41.0,15,2026-08-27,2026-08-14,2.5,2.5,SI
101_weiqi,246378,2,0,2026-07-15,27,2,2,52.0,15,2026-09-05,2026-08-19,2.5,2.5,SI
101_weiqi,246387,3,0,2026-07-30,12,3,3,67.0,38,2026-10-05,2026-09-18,2.5,2.5,SI
101_weiqi,246389,2,0,2026-07-15,27,2,2,33.0,15,2026-08-17,2026-08-15,2.5,2.5,SI
101_weiqi,246391,2,0,2026-07-19,23,2,2,44.0,15,2026-09-01,2026-08-17,2.5,2.5,SI
101_weiqi,246414,2,0,2026-07-14,28,2,2,32.0,15,2026-08-15,2026-08-09,2.5,2.5,SI
101_weiqi,246424,3,0,2026-08-05,6,3,3,77.0,38,2026-10-21,2026-10-10,2.5,2.5,SI
101_weiqi,246425,2,0,2026-07-13,29,2,2,39.0,15,2026-08-21,2026-08-05,2.5,2.5,SI
101_weiqi,246465,2,0,2026-07-17,25,2,2,73.0,15,2026-09-28,2026-08-15,2.5,2.5,SI
101_weiqi,246475,2,0,2026-07-17,25,2,2,69.0,15,2026-09-24,2026-08-12,2.5,2.5,SI
101_weiqi,246482,2,0,2026-07-15,27,2,2,57.0,15,2026-09-10,2026-08-13,2.5,2.5,SI
101_weiqi,246488,3,0,2026-08-05,6,3,3,56.0,38,2026-09-30,2026-10-12,2.5,2.5,SI
101_weiqi,246493,2,0,2026-07-14,28,2,2,32.0,15,2026-08-15,2026-08-01,2.5,2.5,SI
101_weiqi,246542,4,1,2026-08-05,6,3,3,45.0,32,2026-09-19,2026-10-16,2.3,2.3,SI
101_weiqi,246548,2,0,2026-07-15,27,2,2,49.0,15,2026-09-02,2026-07-31,2.5,2.5,SI
101_weiqi,246575,2,0,2026-07-16,26,2,2,48.0,15,2026-09-02,2026-08-10,2.5,2.5,SI
101_weiqi,246581,2,0,2026-07-13,29,2,2,38.0,15,2026-08-20,2026-08-03,2.5,2.5,SI
101_weiqi,246582,2,0,2026-07-14,28,2,2,52.0,15,2026-09-04,2026-08-09,2.5,2.5,SI
101_weiqi,246602,2,0,2026-07-13,29,2,2,34.0,15,2026-08-16,2026-08-13,2.5,2.5,SI
101_weiqi,293248,3,0,2026-08-09,2,3,3,102.0,38,2026-11-19,2026-09-23,2.5,2.5,SI
101_weiqi,293627,3,0,2026-08-07,4,3,3,175.0,38,2027-01-29,2026-10-06,2.5,2.5,SI
101_weiqi,295551,2,0,2026-07-11,31,2,2,62.0,15,2026-09-11,2026-08-06,2.5,2.5,SI
101_weiqi,295569,3,0,2026-08-05,6,3,3,118.0,38,2026-12-01,2026-10-11,2.5,2.5,SI
101_weiqi,355853,3,0,2026-07-27,15,3,3,77.0,38,2026-10-12,2026-10-21,2.5,2.5,SI
go_problems,169,3,0,2026-08-11,0,3,3,164.0,38,2027-01-22,2026-10-31,2.5,2.5,SI
go_problems,186,2,0,2026-07-21,21,2,2,65.0,15,2026-09-24,2026-08-15,2.5,2.5,SI
go_problems,195,4,0,2026-08-11,0,4,4,719.0,95,2028-07-30,2027-01-17,2.5,2.5,SI
go_problems,233,3,0,2026-08-11,0,3,3,136.0,38,2026-12-25,2026-09-18,2.5,2.5,SI
go_problems,235,2,0,2026-07-16,26,2,2,30.0,15,2026-08-15,2026-08-21,2.5,2.5,SI
go_problems,255,2,0,2026-07-18,24,2,2,25.0,15,2026-08-12,2026-08-18,2.5,2.5,SI
go_problems,323,1,0,2026-06-28,44,,1,,6.0,,2026-07-06,,2.5,SI
go_problems,405,2,0,2026-07-20,22,2,2,70.0,15,2026-09-28,2026-08-10,2.5,2.5,SI
go_problems,1146,2,0,2026-07-21,21,2,2,42.0,15,2026-09-01,2026-08-16,2.5,2.5,SI
go_problems,1164,3,0,2026-08-09,2,3,3,148.0,38,2027-01-04,2026-09-21,2.5,2.5,SI
go_problems,1180,1,0,2026-06-28,44,,1,,6.0,,2026-07-09,,2.5,SI
go_problems,1420,2,0,2026-07-20,22,2,2,73.0,15,2026-10-01,2026-08-17,2.5,2.5,SI
go_problems,1641,2,0,2026-07-16,26,2,2,43.0,15,2026-08-28,2026-08-17,2.5,2.5,SI
go_problems,1664,1,0,2026-06-28,44,,1,,6.0,,2026-07-05,,2.5,SI
go_problems,2046,3,0,2026-07-28,14,2,3,31.0,38,2026-08-28,2026-09-30,2.5,2.5,SI
go_problems,2151,2,0,2026-07-22,20,2,2,54.0,15,2026-09-14,2026-08-14,2.5,2.5,SI
go_problems,3052,2,0,2026-07-16,26,2,2,37.0,15,2026-08-22,2026-08-03,2.5,2.5,SI
go_problems,3149,4,0,2026-08-11,0,4,4,147.0,95,2027-01-05,2027-02-08,2.5,2.5,SI
go_problems,3150,2,0,2026-07-21,21,2,2,85.0,15,2026-10-14,2026-08-05,2.5,2.5,SI
go_problems,3170,3,1,2026-07-30,12,2,2,60.0,14,2026-09-28,2026-08-27,2.5,2.3,SI
go_problems,3295,2,0,2026-07-14,28,2,2,36.0,15,2026-08-19,2026-08-14,2.5,2.5,SI
go_problems,3319,3,1,2026-08-11,0,0,0,1.0,1.0,2026-08-12,2026-08-12,2.3,2.3,NO
go_problems,3351,3,0,2026-08-07,4,3,3,57.0,38,2026-10-03,2026-10-06,2.5,2.5,SI
go_problems,3378,2,0,2026-07-20,22,2,2,33.0,15,2026-08-22,2026-08-17,2.5,2.5,SI
go_problems,3408,4,0,2026-08-11,0,4,4,349.0,95,2027-07-26,2027-01-22,2.5,2.5,SI
go_problems,3417,3,0,2026-07-28,14,2,3,21.0,38,2026-08-18,2026-10-27,2.5,2.5,SI
go_problems,3434,3,0,2026-08-11,0,3,3,158.0,38,2027-01-16,2026-09-22,2.5,2.5,SI
go_problems,3614,2,0,2026-07-20,22,2,2,42.0,15,2026-08-31,2026-08-20,2.5,2.5,SI
go_problems,3615,2,0,2026-07-16,26,2,2,30.0,15,2026-08-15,2026-08-08,2.5,2.5,SI
go_problems,3651,3,0,2026-08-05,6,3,3,164.0,38,2027-01-16,2026-10-14,2.5,2.5,SI
go_problems,3682,3,0,2026-08-05,6,3,3,109.0,38,2026-11-22,2026-10-24,2.5,2.5,SI
go_problems,3686,3,0,2026-08-05,6,2,3,53.0,38,2026-09-27,2026-09-13,2.5,2.5,SI
go_problems,3696,1,0,2026-06-28,44,,1,,6.0,,2026-07-07,,2.5,SI
go_problems,3737,2,0,2026-07-16,26,2,2,30.0,15,2026-08-15,2026-08-06,2.5,2.5,SI
go_problems,3789,2,0,2026-07-21,21,2,2,85.0,15,2026-10-14,2026-08-08,2.5,2.5,SI
go_problems,3808,2,0,2026-07-21,21,2,2,71.0,15,2026-09-30,2026-08-10,2.5,2.5,SI
go_problems,4027,3,0,2026-08-11,0,3,3,240.0,38,2027-04-08,2026-10-21,2.5,2.5,SI
go_problems,4305,1,0,2026-06-28,44,,1,,6.0,,2026-07-05,,2.5,SI
go_problems,4455,1,0,2026-06-28,44,,1,,6.0,,2026-07-07,,2.5,SI
go_problems,4497,4,0,2026-08-05,6,3,4,68.0,95,2026-10-12,2027-02-12,2.5,2.5,SI
go_problems,4510,5,2,2026-08-11,0,1,1,12.0,6.0,2026-08-23,2026-08-22,2.0999999999999996,2.1,SI
go_problems,4666,2,0,2026-07-19,23,2,2,52.0,15,2026-09-09,2026-08-20,2.5,2.5,SI
go_problems,4668,2,0,2026-07-21,21,2,2,78.0,15,2026-10-07,2026-08-26,2.5,2.5,SI
go_problems,4682,2,0,2026-07-17,25,2,2,35.0,15,2026-08-21,2026-08-03,2.5,2.5,SI
go_problems,4687,3,0,2026-08-08,3,3,3,154.0,38,2027-01-09,2026-10-27,2.5,2.5,SI
go_problems,4775,3,0,2026-08-08,3,3,3,131.0,38,2026-12-17,2026-09-27,2.5,2.5,SI
go_problems,4802,4,0,2026-08-11,0,4,4,328.0,95,2027-07-05,2027-03-28,2.5,2.5,SI
go_problems,4882,3,0,2026-07-28,14,2,3,24.0,38,2026-08-21,2026-10-12,2.5,2.5,SI
go_problems,5359,2,0,2026-07-18,24,2,2,27.0,15,2026-08-14,2026-08-22,2.5,2.5,SI
go_problems,5631,3,0,2026-07-30,12,2,3,46.0,38,2026-09-14,2026-10-05,2.5,2.5,SI
go_problems,5661,3,0,2026-08-11,0,3,3,85.0,38,2026-11-04,2026-11-11,2.5,2.5,SI
go_problems,5773,2,0,2026-07-19,23,2,2,62.0,15,2026-09-19,2026-08-13,2.5,2.5,SI
go_problems,5906,2,0,2026-07-16,26,2,2,44.0,15,2026-08-29,2026-08-22,2.5,2.5,SI
go_problems,6265,4,1,2026-08-05,6,2,2,60.0,14,2026-10-04,2026-08-20,2.3,2.3,SI
go_problems,6548,4,0,2026-08-11,0,4,4,214.0,95,2027-03-13,2027-02-03,2.5,2.5,SI
go_problems,6551,2,0,2026-07-20,22,2,2,55.0,15,2026-09-13,2026-08-18,2.5,2.5,SI
go_problems,6593,4,0,2026-08-11,0,4,4,545.0,95,2028-02-07,2026-12-22,2.5,2.5,SI
go_problems,7045,2,0,2026-07-16,26,2,2,44.0,15,2026-08-29,2026-07-31,2.5,2.5,SI
go_problems,7067,2,0,2026-07-16,26,2,2,49.0,15,2026-09-03,2026-08-18,2.5,2.5,SI
go_problems,7068,3,0,2026-08-11,0,3,3,207.0,38,2027-03-06,2026-09-30,2.5,2.5,SI
go_problems,7077,2,0,2026-07-16,26,2,2,35.0,15,2026-08-20,2026-08-22,2.5,2.5,SI
go_problems,7081,1,0,2026-06-28,44,,1,,6.0,,2026-07-04,,2.5,SI
go_problems,7099,1,1,2026-06-28,44,,0,,1.0,,2026-06-29,,2.3,SI
go_problems,7100,3,0,2026-08-07,4,3,3,119.0,38,2026-12-04,2026-09-25,2.5,2.5,SI
go_problems,7297,3,0,2026-07-27,15,2,3,35.0,38,2026-08-31,2026-10-18,2.5,2.5,SI
go_problems,7671,2,0,2026-07-18,24,2,2,42.0,15,2026-08-29,2026-08-14,2.5,2.5,SI
go_problems,7705,3,0,2026-07-27,15,3,3,99.0,38,2026-11-03,2026-09-23,2.5,2.5,SI
go_problems,7909,3,0,2026-08-05,6,2,3,72.0,38,2026-10-16,2026-09-18,2.5,2.5,SI
go_problems,7989,3,0,2026-08-06,5,3,3,70.0,38,2026-10-15,2026-09-26,2.5,2.5,SI
go_problems,7993,3,0,2026-07-27,15,2,3,31.0,38,2026-08-27,2026-10-27,2.5,2.5,SI
go_problems,8071,3,0,2026-07-30,12,2,3,51.0,38,2026-09-19,2026-10-29,2.5,2.5,SI
go_problems,8072,2,0,2026-07-16,26,2,2,33.0,15,2026-08-18,2026-08-20,2.5,2.5,SI
go_problems,8255,2,0,2026-07-19,23,2,2,58.0,15,2026-09-15,2026-08-06,2.5,2.5,SI
go_problems,8627,2,0,2026-07-16,26,2,2,29.0,15,2026-08-14,2026-08-20,2.5,2.5,SI
go_problems,8920,2,0,2026-07-20,22,2,2,36.0,15,2026-08-25,2026-08-19,2.5,2.5,SI
go_problems,9182,2,0,2026-07-18,24,2,2,41.0,15,2026-08-28,2026-08-17,2.5,2.5,SI
go_problems,9219,5,3,2026-07-24,18,2,2,30.0,11,2026-08-23,2026-08-04,1.8999999999999997,1.9,SI
go_problems,9242,3,0,2026-08-07,4,3,3,74.0,38,2026-10-20,2026-09-23,2.5,2.5,SI
go_problems,9786,2,0,2026-07-20,22,2,2,65.0,15,2026-09-23,2026-08-18,2.5,2.5,SI
go_problems,10491,2,0,2026-07-17,25,2,2,44.0,15,2026-08-30,2026-08-10,2.5,2.5,SI
go_problems,10549,1,0,2026-06-28,44,,1,,6.0,,2026-07-07,,2.5,SI
go_problems,10595,3,0,2026-08-05,6,3,3,174.0,38,2027-01-26,2026-09-17,2.5,2.5,SI
go_problems,10596,2,0,2026-07-21,21,2,2,35.0,15,2026-08-25,2026-08-17,2.5,2.5,SI
go_problems,10597,2,0,2026-07-18,24,2,2,62.0,15,2026-09-18,2026-08-23,2.5,2.5,SI
go_problems,10604,2,0,2026-07-16,26,2,2,43.0,15,2026-08-28,2026-08-13,2.5,2.5,SI
go_problems,10610,2,0,2026-07-18,24,2,2,26.0,15,2026-08-13,2026-08-05,2.5,2.5,SI
go_problems,10628,2,0,2026-07-14,28,2,2,33.0,15,2026-08-16,2026-08-17,2.5,2.5,SI
go_problems,10648,3,0,2026-07-30,12,2,3,51.0,38,2026-09-19,2026-09-12,2.5,2.5,SI
go_problems,10702,5,2,2026-07-30,12,2,2,17.0,13,2026-08-16,2026-08-22,2.0999999999999996,2.1,SI
go_problems,10808,2,0,2026-07-20,22,2,2,55.0,15,2026-09-13,2026-08-13,2.5,2.5,SI
go_problems,10867,3,0,2026-08-11,0,3,3,177.0,38,2027-02-04,2026-10-12,2.5,2.5,SI
go_problems,11082,3,0,2026-07-09,33,2,3,36.0,38,2026-08-14,2026-08-28,2.5,2.5,SI
go_problems,11322,2,0,2026-07-15,27,2,2,30.0,15,2026-08-14,2026-08-15,2.5,2.5,SI
go_problems,11326,1,0,2026-06-28,44,,1,,6.0,,2026-07-05,,2.5,SI
go_problems,11327,3,0,2026-07-30,12,3,3,112.0,38,2026-11-19,2026-09-15,2.5,2.5,SI
go_problems,11334,3,0,2026-08-11,0,3,3,132.0,38,2026-12-21,2026-10-15,2.5,2.5,SI
go_problems,11339,1,0,2026-06-28,44,,1,,6.0,,2026-07-08,,2.5,SI
go_problems,11449,2,0,2026-07-21,21,2,2,55.0,15,2026-09-14,2026-08-08,2.5,2.5,SI
go_problems,11717,1,0,2026-06-28,44,,1,,6.0,,2026-07-04,,2.5,SI
go_problems,11723,2,0,2026-07-19,23,2,2,58.0,15,2026-09-15,2026-08-14,2.5,2.5,SI
go_problems,11787,3,0,2026-08-11,0,3,3,122.0,38,2026-12-11,2026-11-13,2.5,2.5,SI
go_problems,11800,1,0,2026-06-28,44,,1,,6.0,,2026-07-12,,2.5,SI
go_problems,11999,3,0,2026-08-05,6,2,3,69.0,38,2026-10-13,2026-09-24,2.5,2.5,SI
go_problems,12101,2,0,2026-07-19,23,2,2,62.0,15,2026-09-19,2026-08-08,2.5,2.5,SI
go_problems,12103,2,0,2026-07-17,25,2,2,44.0,15,2026-08-30,2026-08-15,2.5,2.5,SI
go_problems,12106,2,0,2026-07-18,24,2,2,55.0,15,2026-09-11,2026-08-02,2.5,2.5,SI
go_problems,12135,1,0,2026-06-28,44,,1,,6.0,,2026-07-07,,2.5,SI
go_problems,12286,3,0,2026-07-14,28,2,3,45.0,38,2026-08-28,2026-09-08,2.5,2.5,SI
go_problems,12708,3,0,2026-08-11,0,3,3,318.0,38,2027-06-25,2026-10-10,2.5,2.5,SI
go_problems,12759,3,0,2026-07-27,15,2,3,19.0,38,2026-08-15,2026-10-23,2.5,2.5,SI
go_problems,12769,2,0,2026-07-16,26,2,2,31.0,15,2026-08-16,2026-08-16,2.5,2.5,SI
go_problems,12777,3,0,2026-07-30,12,2,3,24.0,38,2026-08-23,2026-10-05,2.5,2.5,SI
go_problems,12781,2,0,2026-07-19,23,2,2,31.0,15,2026-08-19,2026-08-18,2.5,2.5,SI
go_problems,12786,4,1,2026-07-27,15,2,2,49.0,14,2026-09-14,2026-08-17,2.3,2.3,SI
go_problems,12788,1,0,2026-06-28,44,,1,,6.0,,2026-07-07,,2.5,SI
go_problems,12805,2,0,2026-07-03,39,2,2,46.0,15,2026-08-18,2026-07-26,2.5,2.5,SI
go_problems,12849,3,0,2026-08-11,0,3,3,325.0,38,2027-07-02,2026-10-12,2.5,2.5,SI
go_problems,13052,2,0,2026-07-18,24,2,2,40.0,15,2026-08-27,2026-08-17,2.5,2.5,SI
go_problems,13352,2,0,2026-07-18,24,2,2,58.0,15,2026-09-14,2026-08-23,2.5,2.5,SI
go_problems,13458,3,0,2026-08-11,0,3,3,98.0,38,2026-11-17,2026-11-08,2.5,2.5,SI
go_problems,13721,3,0,2026-07-21,21,3,3,106.0,38,2026-11-04,2026-09-02,2.5,2.5,SI
go_problems,13847,2,0,2026-07-20,22,2,2,36.0,15,2026-08-25,2026-08-13,2.5,2.5,SI
go_problems,13998,5,2,2026-07-30,12,2,2,26.0,13,2026-08-25,2026-08-25,2.0999999999999996,2.1,SI
go_problems,14132,3,0,2026-08-11,0,3,3,190.0,38,2027-02-17,2026-10-22,2.5,2.5,SI
go_problems,14385,3,0,2026-08-05,6,2,3,60.0,38,2026-10-04,2026-10-03,2.5,2.5,SI
go_problems,14624,2,0,2026-07-17,25,2,2,53.0,15,2026-09-08,2026-08-11,2.5,2.5,SI
go_problems,14670,2,0,2026-07-14,28,2,2,35.0,15,2026-08-18,2026-08-02,2.5,2.5,SI
go_problems,15402,3,0,2026-08-11,0,3,3,226.0,38,2027-03-25,2026-09-25,2.5,2.5,SI
go_problems,15410,2,0,2026-07-14,28,2,2,32.0,15,2026-08-15,2026-08-02,2.5,2.5,SI
go_problems,17100,2,0,2026-07-17,25,2,2,51.0,15,2026-09-06,2026-08-03,2.5,2.5,SI
go_problems,17157,3,0,2026-08-11,0,3,3,151.0,38,2027-01-09,2026-10-22,2.5,2.5,SI
go_problems,17236,2,0,2026-07-21,21,2,2,80.0,15,2026-10-09,2026-08-05,2.5,2.5,SI
go_problems,17270,5,3,2026-07-30,12,2,2,21.0,11,2026-08-20,2026-08-13,2.0999999999999996,1.9,SI
go_problems,17284,3,1,2026-08-11,0,0,0,1.0,1.0,2026-08-12,2026-08-12,2.3,2.3,NO
go_problems,17310,2,0,2026-07-17,25,2,2,44.0,15,2026-08-30,2026-08-16,2.5,2.5,SI
go_problems,17380,3,0,2026-08-05,6,2,3,77.0,38,2026-10-21,2026-10-31,2.5,2.5,SI
go_problems,17721,4,0,2026-08-11,0,4,4,556.0,95,2028-02-18,2027-01-10,2.5,2.5,SI
go_problems,17869,3,0,2026-08-06,5,3,3,184.0,38,2027-02-06,2026-11-08,2.5,2.5,SI
go_problems,17884,1,0,2026-06-28,44,,1,,6.0,,2026-07-05,,2.5,SI
go_problems,17886,3,0,2026-08-08,3,3,3,105.0,38,2026-11-21,2026-11-07,2.5,2.5,SI
go_problems,17888,4,1,2026-07-14,28,2,2,43.0,14,2026-08-26,2026-08-11,2.3,2.3,SI
go_problems,17890,2,0,2026-07-19,23,2,2,55.0,15,2026-09-12,2026-08-13,2.5,2.5,SI
go_problems,17893,2,0,2026-07-16,26,2,2,29.0,15,2026-08-14,2026-08-22,2.5,2.5,SI
go_problems,17966,2,0,2026-07-22,20,2,2,75.0,15,2026-10-05,2026-08-25,2.5,2.5,SI
go_problems,17967,3,0,2026-08-11,0,3,3,206.0,38,2027-03-05,2026-09-19,2.5,2.5,SI
go_problems,17968,2,0,2026-07-19,23,2,2,60.0,15,2026-09-17,2026-08-14,2.5,2.5,SI
go_problems,17971,2,0,2026-07-17,25,2,2,26.0,15,2026-08-12,2026-08-22,2.5,2.5,SI
go_problems,17997,1,0,2026-06-28,44,,1,,6.0,,2026-07-12,,2.5,SI
go_problems,18000,3,0,2026-08-05,6,2,3,81.0,38,2026-10-25,2026-10-02,2.5,2.5,SI
go_problems,18002,2,0,2026-07-14,28,2,2,37.0,15,2026-08-20,2026-08-18,2.5,2.5,SI
go_problems,18010,1,0,2026-06-28,44,,1,,6.0,,2026-07-05,,2.5,SI
go_problems,18011,2,0,2026-07-21,21,2,2,65.0,15,2026-09-24,2026-08-18,2.5,2.5,SI
go_problems,18018,1,0,2026-06-28,44,,1,,6.0,,2026-07-05,,2.5,SI
go_problems,18023,2,0,2026-07-21,21,2,2,77.0,15,2026-10-06,2026-08-13,2.5,2.5,SI
go_problems,18043,3,0,2026-07-27,15,2,3,26.0,38,2026-08-22,2026-10-21,2.5,2.5,SI
go_problems,18092,3,0,2026-07-14,28,2,3,52.0,38,2026-09-04,2026-08-21,2.5,2.5,SI
go_problems,18094,2,0,2026-07-19,23,2,2,28.0,15,2026-08-16,2026-08-14,2.5,2.5,SI
go_problems,18095,3,0,2026-08-06,5,3,3,72.0,38,2026-10-17,2026-09-18,2.5,2.5,SI
go_problems,18098,2,0,2026-07-09,33,2,2,58.0,15,2026-09-05,2026-08-14,2.5,2.5,SI
go_problems,18100,1,0,2026-06-28,44,,1,,6.0,,2026-07-08,,2.5,SI
go_problems,18114,1,0,2026-06-28,44,,1,,6.0,,2026-07-04,,2.5,SI
go_problems,18136,1,0,2026-06-28,44,,1,,6.0,,2026-07-04,,2.5,SI
go_problems,18139,2,0,2026-07-17,25,2,2,52.0,15,2026-09-07,2026-08-08,2.5,2.5,SI
go_problems,18155,2,0,2026-07-09,33,2,2,42.0,15,2026-08-20,2026-08-08,2.5,2.5,SI
go_problems,18158,2,0,2026-07-16,26,2,2,28.0,15,2026-08-13,2026-08-04,2.5,2.5,SI
go_problems,18161,3,0,2026-08-11,0,3,3,188.0,38,2027-02-15,2026-10-02,2.5,2.5,SI
go_problems,18162,2,0,2026-07-03,39,2,2,40.0,15,2026-08-12,2026-07-31,2.5,2.5,SI
go_problems,18164,2,0,2026-07-03,39,2,2,63.0,15,2026-09-04,2026-08-05,2.5,2.5,SI
go_problems,18184,3,0,2026-08-11,0,3,3,217.0,38,2027-03-16,2026-10-13,2.5,2.5,SI
go_problems,18189,4,0,2026-08-11,0,4,4,301.0,95,2027-06-08,2027-03-24,2.5,2.5,SI
go_problems,18191,2,0,2026-07-14,28,2,2,42.0,15,2026-08-25,2026-08-10,2.5,2.5,SI
go_problems,18216,4,0,2026-08-11,0,4,4,464.0,95,2027-11-18,2026-12-07,2.5,2.5,SI
go_problems,18218,1,0,2026-06-28,44,,1,,6.0,,2026-07-07,,2.5,SI
go_problems,18222,3,0,2026-08-10,1,3,3,135.0,38,2026-12-23,2026-10-27,2.5,2.5,SI
go_problems,18223,2,0,2026-07-18,24,2,2,42.0,15,2026-08-29,2026-08-11,2.5,2.5,SI
go_problems,18225,3,0,2026-08-11,0,3,3,216.0,38,2027-03-15,2026-09-25,2.5,2.5,SI
go_problems,18231,3,0,2026-07-14,28,2,3,53.0,38,2026-09-05,2026-09-14,2.5,2.5,SI
go_problems,18232,6,2,2026-08-07,4,2,2,38.0,13,2026-09-14,2026-08-27,2.0999999999999996,2.1,SI
go_problems,18235,3,0,2026-08-11,0,3,3,230.0,38,2027-03-29,2026-09-30,2.5,2.5,SI
go_problems,18236,1,0,2026-06-28,44,,1,,6.0,,2026-07-12,,2.5,SI
go_problems,18238,2,0,2026-07-20,22,2,2,82.0,15,2026-10-10,2026-08-20,2.5,2.5,SI
go_problems,18241,2,0,2026-07-03,39,2,2,54.0,15,2026-08-26,2026-08-07,2.5,2.5,SI
go_problems,18243,4,0,2026-08-11,0,4,4,299.0,95,2027-06-06,2027-03-04,2.5,2.5,SI
go_problems,18258,3,0,2026-07-14,28,2,3,34.0,38,2026-08-17,2026-09-03,2.5,2.5,SI
go_problems,18274,2,0,2026-07-20,22,2,2,54.0,15,2026-09-12,2026-08-08,2.5,2.5,SI
go_problems,18280,2,0,2026-07-16,26,2,2,27.0,15,2026-08-12,2026-08-12,2.5,2.5,SI
go_problems,18283,4,0,2026-08-11,0,4,4,907.0,95,2029-02-03,2027-02-02,2.5,2.5,SI
go_problems,18291,6,4,2026-08-07,4,1,1,7.0,6.0,2026-08-14,2026-08-16,1.8999999999999997,1.7,SI
go_problems,18297,3,0,2026-08-05,6,2,3,52.0,38,2026-09-26,2026-10-27,2.5,2.5,SI
go_problems,18299,2,0,2026-07-21,21,2,2,52.0,15,2026-09-11,2026-08-13,2.5,2.5,SI
go_problems,18348,2,0,2026-07-20,22,2,2,52.0,15,2026-09-10,2026-08-15,2.5,2.5,SI
go_problems,18353,2,0,2026-07-17,25,2,2,42.0,15,2026-08-28,2026-08-19,2.5,2.5,SI
go_problems,18366,3,0,2026-08-11,0,3,3,153.0,38,2027-01-11,2026-11-01,2.5,2.5,SI
go_problems,18370,2,0,2026-07-17,25,2,2,39.0,15,2026-08-25,2026-08-10,2.5,2.5,SI
go_problems,18384,2,0,2026-07-22,20,2,2,39.0,15,2026-08-30,2026-08-13,2.5,2.5,SI
go_problems,18386,2,0,2026-07-16,26,2,2,41.0,15,2026-08-26,2026-08-10,2.5,2.5,SI
go_problems,18390,4,0,2026-08-11,0,4,4,290.0,95,2027-05-28,2027-03-23,2.5,2.5,SI
go_problems,18400,5,3,2026-07-22,20,2,2,23.0,11,2026-08-14,2026-08-10,1.8999999999999997,1.9,SI
go_problems,18423,3,0,2026-08-11,0,3,3,138.0,38,2026-12-27,2026-09-30,2.5,2.5,SI
go_problems,18427,2,0,2026-07-20,22,2,2,76.0,15,2026-10-04,2026-08-15,2.5,2.5,SI
go_problems,18490,7,3,2026-08-05,6,2,2,22.0,11,2026-08-27,2026-08-25,1.8999999999999997,1.9,SI
go_problems,18509,2,0,2026-07-09,33,2,2,56.0,15,2026-09-03,2026-07-25,2.5,2.5,SI
go_problems,18523,9,5,2026-08-05,6,3,3,19.0,13,2026-08-24,2026-08-18,1.4999999999999998,1.5,SI
go_problems,18527,1,1,2026-06-28,44,,0,,1.0,,2026-06-29,,2.3,SI
go_problems,18530,5,2,2026-08-07,4,3,3,61.0,27,2026-10-07,2026-09-27,2.0999999999999996,2.1,SI
go_problems,18535,3,0,2026-07-28,14,2,3,21.0,38,2026-08-18,2026-09-13,2.5,2.5,SI
go_problems,18541,3,0,2026-08-05,6,3,3,138.0,38,2026-12-21,2026-10-17,2.5,2.5,SI
go_problems,18547,2,0,2026-07-09,33,2,2,39.0,15,2026-08-17,2026-08-10,2.5,2.5,SI
go_problems,18553,2,0,2026-07-21,21,2,2,64.0,15,2026-09-23,2026-08-17,2.5,2.5,SI
go_problems,18554,1,1,2026-06-28,44,,0,,1.0,,2026-06-29,,2.3,SI
go_problems,18560,1,0,2026-06-28,44,,1,,6.0,,2026-07-10,,2.5,SI
go_problems,18561,3,0,2026-08-11,0,3,3,235.0,38,2027-04-03,2026-10-21,2.5,2.5,SI
go_problems,18563,1,0,2026-06-28,44,,1,,6.0,,2026-07-08,,2.5,SI
go_problems,18643,1,0,2026-06-28,44,,1,,6.0,,2026-07-09,,2.5,SI
go_problems,18647,1,0,2026-06-28,44,,1,,6.0,,2026-07-06,,2.5,SI
go_problems,18650,2,0,2026-07-03,39,2,2,79.0,15,2026-09-20,2026-07-25,2.5,2.5,SI
go_problems,18652,2,0,2026-07-18,24,2,2,35.0,15,2026-08-22,2026-08-20,2.5,2.5,SI
go_problems,18653,2,0,2026-07-14,28,2,2,34.0,15,2026-08-17,2026-07-31,2.5,2.5,SI
go_problems,18658,3,0,2026-08-05,6,3,3,74.0,38,2026-10-18,2026-11-02,2.5,2.5,SI
go_problems,18660,2,0,2026-07-19,23,2,2,34.0,15,2026-08-22,2026-08-12,2.5,2.5,SI
go_problems,18676,2,0,2026-07-21,21,2,2,61.0,15,2026-09-20,2026-08-25,2.5,2.5,SI
go_problems,18716,2,0,2026-07-19,23,2,2,58.0,15,2026-09-15,2026-08-22,2.5,2.5,SI
go_problems,18726,1,1,2026-06-28,44,,0,,1.0,,2026-06-29,,2.3,SI
go_problems,18761,2,0,2026-07-09,33,2,2,42.0,15,2026-08-20,2026-08-04,2.5,2.5,SI
go_problems,18766,2,0,2026-07-22,20,2,2,58.0,15,2026-09-18,2026-08-06,2.5,2.5,SI
go_problems,18769,4,0,2026-08-11,0,4,4,468.0,95,2027-11-22,2027-01-18,2.5,2.5,SI
go_problems,18782,2,0,2026-07-09,33,2,2,36.0,15,2026-08-14,2026-08-03,2.5,2.5,SI
go_problems,18784,2,0,2026-07-09,33,2,2,48.0,15,2026-08-26,2026-08-07,2.5,2.5,SI
go_problems,18785,2,0,2026-07-09,33,2,2,51.0,15,2026-08-29,2026-07-26,2.5,2.5,SI
go_problems,18787,1,0,2026-06-28,44,,1,,6.0,,2026-07-07,,2.5,SI
go_problems,18794,2,0,2026-07-03,39,2,2,59.0,15,2026-08-31,2026-08-02,2.5,2.5,SI
go_problems,18803,3,0,2026-08-11,0,3,3,98.0,38,2026-11-17,2026-11-02,2.5,2.5,SI
go_problems,18819,3,0,2026-08-05,6,3,3,101.0,38,2026-11-14,2026-09-14,2.5,2.5,SI
go_problems,18820,3,0,2026-08-11,0,3,3,288.0,38,2027-05-26,2026-10-07,2.5,2.5,SI
go_problems,18821,3,0,2026-07-14,28,2,3,54.0,38,2026-09-06,2026-10-10,2.5,2.5,SI
go_problems,18826,3,1,2026-07-09,33,2,2,35.0,14,2026-08-13,2026-07-25,2.3,2.3,SI
go_problems,18827,2,0,2026-07-19,23,2,2,56.0,15,2026-09-13,2026-08-23,2.5,2.5,SI
go_problems,18843,1,0,2026-06-28,44,,1,,6.0,,2026-07-06,,2.5,SI
go_problems,18845,4,0,2026-08-05,6,3,4,106.0,95,2026-11-19,2026-12-21,2.5,2.5,SI
go_problems,18853,3,0,2026-08-08,3,3,3,170.0,38,2027-01-25,2026-11-06,2.5,2.5,SI
go_problems,18854,3,0,2026-07-16,26,2,3,67.0,38,2026-09-21,2026-10-05,2.5,2.5,SI
go_problems,18855,3,0,2026-08-07,4,3,3,118.0,38,2026-12-03,2026-10-05,2.5,2.5,SI
go_problems,18856,3,0,2026-08-05,6,3,3,74.0,38,2026-10-18,2026-09-23,2.5,2.5,SI
go_problems,18857,3,0,2026-08-11,0,3,3,236.0,38,2027-04-04,2026-10-30,2.5,2.5,SI
go_problems,18867,1,0,2026-06-28,44,,1,,6.0,,2026-07-07,,2.5,SI
go_problems,18876,3,1,2026-07-19,23,2,2,38.0,14,2026-08-26,2026-08-18,2.3,2.3,SI
go_problems,18903,4,1,2026-08-05,6,3,3,85.0,32,2026-10-29,2026-09-20,2.3,2.3,SI
go_problems,18909,1,0,2026-06-28,44,,1,,6.0,,2026-07-08,,2.5,SI
go_problems,18910,3,0,2026-08-11,0,3,3,306.0,38,2027-06-13,2026-09-25,2.5,2.5,SI
go_problems,18911,2,0,2026-07-21,21,2,2,58.0,15,2026-09-17,2026-08-07,2.5,2.5,SI
go_problems,18912,3,0,2026-08-11,0,3,3,127.0,38,2026-12-16,2026-10-27,2.5,2.5,SI
go_problems,18914,2,0,2026-07-17,25,2,2,29.0,15,2026-08-15,2026-08-11,2.5,2.5,SI
go_problems,18926,1,0,2026-06-28,44,,1,,6.0,,2026-07-11,,2.5,SI
go_problems,19048,3,0,2026-08-09,2,3,3,103.0,38,2026-11-20,2026-09-30,2.5,2.5,SI
go_problems,19071,1,1,2026-06-28,44,,0,,1.0,,2026-06-29,,2.3,SI
go_problems,19121,2,0,2026-07-16,26,2,2,37.0,15,2026-08-22,2026-08-01,2.5,2.5,SI
go_problems,19262,1,0,2026-06-28,44,,1,,6.0,,2026-07-07,,2.5,SI
go_problems,19280,2,0,2026-07-09,33,2,2,52.0,15,2026-08-30,2026-08-06,2.5,2.5,SI
go_problems,19331,2,0,2026-07-21,21,2,2,74.0,15,2026-10-03,2026-08-20,2.5,2.5,SI
go_problems,19410,3,0,2026-07-28,14,3,3,105.0,38,2026-11-10,2026-09-09,2.5,2.5,SI
go_problems,19805,2,0,2026-07-09,33,2,2,38.0,15,2026-08-16,2026-08-12,2.5,2.5,SI
go_problems,20347,6,2,2026-08-07,4,2,2,29.0,13,2026-09-05,2026-08-30,2.0999999999999996,2.1,SI
go_problems,20361,4,1,2026-07-24,18,2,2,27.0,14,2026-08-20,2026-08-23,2.3,2.3,SI
go_problems,20375,1,0,2026-06-28,44,,1,,6.0,,2026-07-12,,2.5,SI
go_problems,20382,9,6,2026-08-07,4,1,1,6.0,6.0,2026-08-13,2026-08-13,1.3,1.3,NO
go_problems,20479,1,0,2026-06-28,44,,1,,6.0,,2026-07-05,,2.5,SI
go_problems,20480,3,0,2026-08-05,6,3,3,61.0,38,2026-10-05,2026-10-16,2.5,2.5,SI
go_problems,20489,1,0,2026-06-28,44,,1,,6.0,,2026-07-09,,2.5,SI
go_problems,20511,2,0,2026-07-16,26,2,2,31.0,15,2026-08-16,2026-08-15,2.5,2.5,SI
go_problems,20551,2,0,2026-07-03,39,2,2,52.0,15,2026-08-24,2026-08-04,2.5,2.5,SI
go_problems,20613,2,0,2026-07-16,26,2,2,41.0,15,2026-08-26,2026-08-05,2.5,2.5,SI
go_problems,20627,1,0,2026-06-28,44,,1,,6.0,,2026-07-10,,2.5,SI
go_problems,20629,2,0,2026-07-03,39,2,2,56.0,15,2026-08-28,2026-08-02,2.5,2.5,SI
go_problems,20741,2,0,2026-07-23,19,2,2,72.0,15,2026-10-03,2026-08-29,2.5,2.5,SI
go_problems,20949,2,0,2026-07-09,33,2,2,40.0,15,2026-08-18,2026-08-02,2.5,2.5,SI
go_problems,20952,2,0,2026-07-09,33,2,2,35.0,15,2026-08-13,2026-08-12,2.5,2.5,SI
go_problems,20957,2,0,2026-07-03,39,2,2,82.0,15,2026-09-23,2026-07-28,2.5,2.5,SI
go_problems,20961,2,0,2026-07-18,24,2,2,50.0,15,2026-09-06,2026-08-03,2.5,2.5,SI
go_problems,20962,3,0,2026-07-27,15,3,3,75.0,38,2026-10-10,2026-10-20,2.5,2.5,SI
go_problems,20965,4,1,2026-08-05,6,3,3,111.0,32,2026-11-24,2026-09-28,2.3,2.3,SI
go_problems,20982,3,0,2026-07-27,15,3,3,109.0,38,2026-11-13,2026-10-26,2.5,2.5,SI
go_problems,20989,1,0,2026-06-28,44,,1,,6.0,,2026-07-06,,2.5,SI
go_problems,20990,2,0,2026-07-20,22,2,2,60.0,15,2026-09-18,2026-08-12,2.5,2.5,SI
go_problems,20991,2,0,2026-07-16,26,2,2,48.0,15,2026-09-02,2026-08-15,2.5,2.5,SI
go_problems,21000,1,0,2026-06-28,44,,1,,6.0,,2026-07-11,,2.5,SI
go_problems,21043,4,0,2026-08-11,0,4,4,1051.0,95,2029-06-27,2027-01-21,2.5,2.5,SI
go_problems,21044,3,0,2026-08-11,0,3,3,214.0,38,2027-03-13,2026-09-29,2.5,2.5,SI
go_problems,21045,3,0,2026-08-11,0,3,3,195.0,38,2027-02-22,2026-10-05,2.5,2.5,SI
go_problems,21046,3,0,2026-08-11,0,3,3,264.0,38,2027-05-02,2026-10-29,2.5,2.5,SI
go_problems,21051,3,0,2026-08-06,5,3,3,122.0,38,2026-12-06,2026-10-28,2.5,2.5,SI
go_problems,21052,2,0,2026-07-03,39,2,2,43.0,15,2026-08-15,2026-07-23,2.5,2.5,SI
go_problems,21053,2,0,2026-07-09,33,2,2,49.0,15,2026-08-27,2026-07-31,2.5,2.5,SI
go_problems,21057,3,0,2026-08-05,6,3,3,124.0,38,2026-12-07,2026-10-25,2.5,2.5,SI
go_problems,21059,4,0,2026-08-11,0,4,4,875.0,95,2029-01-02,2027-02-27,2.5,2.5,SI
go_problems,21060,3,0,2026-08-11,0,3,3,320.0,38,2027-06-27,2026-11-10,2.5,2.5,SI
go_problems,21061,2,0,2026-07-16,26,2,2,46.0,15,2026-08-31,2026-08-12,2.5,2.5,SI
go_problems,21064,2,0,2026-07-03,39,2,2,44.0,15,2026-08-16,2026-07-31,2.5,2.5,SI
go_problems,21067,2,0,2026-07-03,39,2,2,58.0,15,2026-08-30,2026-08-04,2.5,2.5,SI
go_problems,21073,2,0,2026-07-19,23,2,2,61.0,15,2026-09-18,2026-08-05,2.5,2.5,SI
go_problems,21075,1,0,2026-06-28,44,,1,,6.0,,2026-07-12,,2.5,SI
go_problems,21077,5,2,2026-08-11,0,3,3,59.0,27,2026-10-09,2026-09-15,2.0999999999999996,2.1,SI
go_problems,21081,2,0,2026-07-20,22,2,2,44.0,15,2026-09-02,2026-08-21,2.5,2.5,SI
go_problems,21124,1,0,2026-06-28,44,,1,,6.0,,2026-07-12,,2.5,SI
go_problems,21148,1,0,2026-06-28,44,,1,,6.0,,2026-07-09,,2.5,SI
go_problems,21151,3,0,2026-08-11,0,3,3,325.0,38,2027-07-02,2026-11-04,2.5,2.5,SI
go_problems,21152,3,0,2026-08-05,6,3,3,174.0,38,2027-01-26,2026-09-18,2.5,2.5,SI
go_problems,21157,3,0,2026-08-11,0,3,3,250.0,38,2027-04-18,2026-10-14,2.5,2.5,SI
go_problems,21167,3,0,2026-07-14,28,2,3,63.0,38,2026-09-15,2026-09-16,2.5,2.5,SI
go_problems,21170,2,0,2026-07-17,25,2,2,48.0,15,2026-09-03,2026-08-12,2.5,2.5,SI
go_problems,21178,2,0,2026-07-19,23,2,2,50.0,15,2026-09-07,2026-08-19,2.5,2.5,SI
go_problems,21190,4,0,2026-08-11,0,4,4,1008.0,95,2029-05-15,2027-02-14,2.5,2.5,SI
go_problems,21231,3,0,2026-08-11,0,3,3,127.0,38,2026-12-16,2026-10-27,2.5,2.5,SI
go_problems,21232,3,0,2026-08-11,0,3,3,191.0,38,2027-02-18,2026-11-08,2.5,2.5,SI
go_problems,21282,4,0,2026-08-11,0,4,4,565.0,95,2028-02-27,2026-12-11,2.5,2.5,SI
go_problems,21291,2,0,2026-07-21,21,2,2,56.0,15,2026-09-15,2026-08-07,2.5,2.5,SI
go_problems,21372,1,0,2026-06-28,44,,1,,6.0,,2026-07-09,,2.5,SI
go_problems,22220,3,0,2026-08-11,0,3,3,166.0,38,2027-01-24,2026-10-10,2.5,2.5,SI
go_problems,22386,2,0,2026-07-09,33,2,2,44.0,15,2026-08-22,2026-07-31,2.5,2.5,SI
go_problems,22455,4,0,2026-08-11,0,4,4,676.0,95,2028-06-17,2027-03-21,2.5,2.5,SI
go_problems,22458,2,0,2026-07-16,26,2,2,55.0,15,2026-09-09,2026-07-31,2.5,2.5,SI
go_problems,22630,4,1,2026-08-05,6,3,3,50.0,32,2026-09-24,2026-09-29,2.3,2.3,SI
go_problems,22632,2,0,2026-07-03,39,2,2,43.0,15,2026-08-15,2026-07-26,2.5,2.5,SI
go_problems,22634,4,0,2026-08-11,0,4,4,562.0,95,2028-02-24,2027-03-21,2.5,2.5,SI
go_problems,22635,2,0,2026-07-09,33,2,2,65.0,15,2026-09-12,2026-08-10,2.5,2.5,SI
go_problems,22642,3,0,2026-08-11,0,3,3,285.0,38,2027-05-23,2026-11-08,2.5,2.5,SI
go_problems,22701,4,0,2026-08-11,0,4,4,605.0,95,2028-04-07,2026-12-06,2.5,2.5,SI
go_problems,22727,3,1,2026-07-09,33,2,2,62.0,14,2026-09-09,2026-07-29,2.3,2.3,SI
go_problems,22728,1,0,2026-06-28,44,,1,,6.0,,2026-07-12,,2.5,SI
go_problems,22755,4,1,2026-08-05,6,2,2,38.0,14,2026-09-12,2026-08-21,2.3,2.3,SI
go_problems,22759,1,0,2026-06-28,44,,1,,6.0,,2026-07-10,,2.5,SI
go_problems,22763,2,0,2026-07-18,24,2,2,59.0,15,2026-09-15,2026-08-15,2.5,2.5,SI
go_problems,22770,3,0,2026-08-05,6,3,3,76.0,38,2026-10-20,2026-10-29,2.5,2.5,SI
go_problems,22774,2,0,2026-07-09,33,2,2,40.0,15,2026-08-18,2026-08-09,2.5,2.5,SI
go_problems,22798,2,0,2026-07-14,28,2,2,46.0,15,2026-08-29,2026-08-06,2.5,2.5,SI
go_problems,22799,3,0,2026-07-28,14,3,3,134.0,38,2026-12-09,2026-09-30,2.5,2.5,SI
go_problems,22871,2,0,2026-07-20,22,2,2,47.0,15,2026-09-05,2026-08-13,2.5,2.5,SI
go_problems,23082,2,0,2026-07-09,33,2,2,36.0,15,2026-08-14,2026-08-13,2.5,2.5,SI
go_problems,23083,5,2,2026-08-05,6,1,1,12.0,6.0,2026-08-17,2026-08-17,2.0999999999999996,2.1,SI
go_problems,23570,2,0,2026-07-09,33,2,2,40.0,15,2026-08-18,2026-07-25,2.5,2.5,SI
go_problems,23575,6,3,2026-08-10,1,1,1,7.0,6.0,2026-08-17,2026-08-17,1.8999999999999997,1.9,SI
go_problems,23585,3,0,2026-08-05,6,3,3,103.0,38,2026-11-16,2026-09-28,2.5,2.5,SI
go_problems,23597,4,1,2026-08-10,1,1,1,12.0,6.0,2026-08-22,2026-08-21,2.3,2.3,SI
go_problems,23599,2,0,2026-07-09,33,2,2,51.0,15,2026-08-29,2026-08-08,2.5,2.5,SI
go_problems,23623,2,0,2026-07-09,33,2,2,53.0,15,2026-08-31,2026-07-24,2.5,2.5,SI
go_problems,23629,3,0,2026-08-06,5,3,3,88.0,38,2026-11-02,2026-10-08,2.5,2.5,SI
go_problems,23640,1,0,2026-06-28,44,,1,,6.0,,2026-07-07,,2.5,SI
go_problems,23660,1,0,2026-06-28,44,,1,,6.0,,2026-07-06,,2.5,SI
go_problems,23695,1,0,2026-06-28,44,,1,,6.0,,2026-07-12,,2.5,SI
go_problems,23725,2,0,2026-07-17,25,2,2,37.0,15,2026-08-23,2026-08-23,2.5,2.5,SI
go_problems,23791,3,0,2026-08-05,6,3,3,157.0,38,2027-01-09,2026-09-29,2.5,2.5,SI
go_problems,24008,2,0,2026-07-22,20,2,2,41.0,15,2026-09-01,2026-08-09,2.5,2.5,SI
go_problems,26321,2,0,2026-07-20,22,2,2,54.0,15,2026-09-12,2026-08-15,2.5,2.5,SI
go_problems,26502,3,1,2026-07-20,22,2,2,58.0,14,2026-09-16,2026-08-19,2.3,2.3,SI
go_problems,27312,2,0,2026-07-16,26,2,2,27.0,15,2026-08-12,2026-08-09,2.5,2.5,SI
go_problems,27609,1,1,2026-06-28,44,,0,,1.0,,2026-06-29,,2.3,SI
go_problems,27699,2,0,2026-07-19,23,2,2,30.0,15,2026-08-18,2026-08-09,2.5,2.5,SI
go_problems,28092,1,0,2026-06-28,44,,1,,6.0,,2026-07-12,,2.5,SI
go_problems,28112,1,0,2026-06-28,44,,1,,6.0,,2026-07-06,,2.5,SI
go_problems,28131,1,0,2026-06-28,44,,1,,6.0,,2026-07-05,,2.5,SI
go_problems,28900,2,0,2026-07-21,21,2,2,37.0,15,2026-08-27,2026-08-12,2.5,2.5,SI
go_problems,29031,1,1,2026-06-28,44,,0,,1.0,,2026-06-29,,2.3,SI
go_problems,29107,2,0,2026-07-16,26,2,2,33.0,15,2026-08-18,2026-08-22,2.5,2.5,SI
go_problems,29499,2,0,2026-07-21,21,2,2,47.0,15,2026-09-06,2026-08-16,2.5,2.5,SI
go_problems,29562,3,0,2026-07-25,17,3,3,133.0,38,2026-12-05,2026-10-03,2.5,2.5,SI
go_problems,29600,2,0,2026-07-22,20,2,2,66.0,15,2026-09-26,2026-08-12,2.5,2.5,SI
go_problems,29609,2,0,2026-07-03,39,2,2,50.0,15,2026-08-22,2026-07-26,2.5,2.5,SI
go_problems,29749,3,0,2026-08-05,6,3,3,88.0,38,2026-11-01,2026-09-23,2.5,2.5,SI
go_problems,29761,1,0,2026-06-28,44,,1,,6.0,,2026-07-06,,2.5,SI
go_problems,29764,2,0,2026-07-23,19,2,2,63.0,15,2026-09-24,2026-08-25,2.5,2.5,SI
go_problems,29868,2,0,2026-07-17,25,2,2,33.0,15,2026-08-19,2026-08-21,2.5,2.5,SI
go_problems,30024,1,0,2026-06-28,44,,1,,6.0,,2026-07-10,,2.5,SI
go_problems,30033,2,0,2026-07-19,23,2,2,31.0,15,2026-08-19,2026-08-04,2.5,2.5,SI
go_problems,30105,1,1,2026-06-28,44,,0,,1.0,,2026-06-29,,2.3,SI
go_problems,30137,2,0,2026-07-21,21,2,2,56.0,15,2026-09-15,2026-08-05,2.5,2.5,SI
go_problems,32097,2,0,2026-07-21,21,2,2,36.0,15,2026-08-26,2026-08-24,2.5,2.5,SI
go_problems,32106,2,0,2026-07-18,24,2,2,69.0,15,2026-09-25,2026-08-20,2.5,2.5,SI
go_problems,32393,2,0,2026-07-16,26,2,2,36.0,15,2026-08-21,2026-08-03,2.5,2.5,SI
go_problems,32401,1,0,2026-06-28,44,,1,,6.0,,2026-07-11,,2.5,SI
go_problems,32408,2,0,2026-07-03,39,2,2,72.0,15,2026-09-13,2026-07-18,2.5,2.5,SI
go_problems,33633,1,0,2026-06-28,44,,1,,6.0,,2026-07-11,,2.5,SI
go_problems,33746,1,0,2026-06-28,44,,1,,6.0,,2026-07-08,,2.5,SI
go_problems,33853,2,0,2026-07-03,39,2,2,63.0,15,2026-09-04,2026-07-20,2.5,2.5,SI
go_problems,34065,2,0,2026-07-19,23,2,2,39.0,15,2026-08-27,2026-08-14,2.5,2.5,SI
go_problems,34208,2,0,2026-07-23,19,2,2,59.0,15,2026-09-20,2026-08-13,2.5,2.5,SI
go_problems,34522,2,0,2026-07-03,39,2,2,41.0,15,2026-08-13,2026-08-04,2.5,2.5,SI
go_problems,34531,2,0,2026-07-18,24,2,2,27.0,15,2026-08-14,2026-08-08,2.5,2.5,SI
go_problems,35044,2,0,2026-07-23,19,2,2,72.0,15,2026-10-03,2026-08-15,2.5,2.5,SI
go_problems,35263,3,0,2026-08-05,6,3,3,165.0,38,2027-01-17,2026-10-27,2.5,2.5,SI
go_problems,35801,4,1,2026-08-05,6,2,2,34.0,14,2026-09-08,2026-08-20,2.3,2.3,SI
go_problems,36215,2,0,2026-07-22,20,2,2,66.0,15,2026-09-26,2026-08-15,2.5,2.5,SI
go_problems,36310,2,0,2026-07-20,22,2,2,53.0,15,2026-09-11,2026-08-18,2.5,2.5,SI
go_problems,36359,3,0,2026-08-05,6,3,3,138.0,38,2026-12-21,2026-09-15,2.5,2.5,SI
go_problems,37361,2,0,2026-07-09,33,2,2,43.0,15,2026-08-21,2026-07-31,2.5,2.5,SI
go_problems,37462,3,0,2026-08-11,0,3,3,189.0,38,2027-02-16,2026-10-22,2.5,2.5,SI
go_problems,37531,2,0,2026-07-21,21,2,2,52.0,15,2026-09-11,2026-08-27,2.5,2.5,SI
go_problems,37806,2,0,2026-07-16,26,2,2,57.0,15,2026-09-11,2026-08-22,2.5,2.5,SI
go_problems,38014,2,0,2026-07-20,22,2,2,59.0,15,2026-09-17,2026-08-23,2.5,2.5,SI
go_problems,38051,2,0,2026-07-16,26,2,2,37.0,15,2026-08-22,2026-08-07,2.5,2.5,SI
go_problems,38134,2,0,2026-07-22,20,2,2,43.0,15,2026-09-03,2026-08-26,2.5,2.5,SI
go_problems,38269,2,0,2026-07-14,28,2,2,52.0,15,2026-09-04,2026-08-18,2.5,2.5,SI
go_problems,38281,2,0,2026-07-08,34,2,2,36.0,15,2026-08-13,2026-08-04,2.5,2.5,SI
go_problems,38333,3,0,2026-08-07,4,3,3,134.0,38,2026-12-19,2026-10-11,2.5,2.5,SI
go_problems,38334,2,0,2026-07-18,24,2,2,53.0,15,2026-09-09,2026-08-15,2.5,2.5,SI
go_problems,38435,2,0,2026-07-16,26,2,2,46.0,15,2026-08-31,2026-08-17,2.5,2.5,SI
go_problems,38779,3,0,2026-07-30,12,3,3,46.0,38,2026-09-14,2026-10-03,2.5,2.5,SI
go_problems,38820,2,0,2026-07-16,26,2,2,37.0,15,2026-08-22,2026-08-02,2.5,2.5,SI
go_problems,39129,2,0,2026-07-23,19,2,2,51.0,15,2026-09-12,2026-08-16,2.5,2.5,SI
go_problems,39133,3,0,2026-08-09,2,3,3,93.0,38,2026-11-10,2026-10-29,2.5,2.5,SI
go_problems,39134,3,0,2026-08-05,6,3,3,142.0,38,2026-12-25,2026-10-23,2.5,2.5,SI
go_problems,39318,2,0,2026-07-14,28,2,2,71.0,15,2026-09-23,2026-08-08,2.5,2.5,SI
go_problems,39333,2,0,2026-07-20,22,2,2,55.0,15,2026-09-13,2026-08-16,2.5,2.5,SI
go_problems,39356,2,0,2026-07-17,25,2,2,42.0,15,2026-08-28,2026-08-11,2.5,2.5,SI
go_problems,39368,2,0,2026-07-23,19,2,2,56.0,15,2026-09-17,2026-08-23,2.5,2.5,SI
go_problems,39370,4,1,2026-07-27,15,2,2,30.0,14,2026-08-26,2026-08-20,2.3,2.3,SI
go_problems,39375,2,0,2026-07-18,24,2,2,33.0,15,2026-08-20,2026-08-10,2.5,2.5,SI
go_problems,39383,2,0,2026-07-22,20,2,2,79.0,15,2026-10-09,2026-08-12,2.5,2.5,SI
go_problems,39385,2,0,2026-07-22,20,2,2,71.0,15,2026-10-01,2026-08-13,2.5,2.5,SI
go_problems,39404,3,0,2026-08-10,1,2,3,47.0,38,2026-09-26,2026-10-21,2.5,2.5,SI
go_problems,39422,2,0,2026-07-17,25,2,2,31.0,15,2026-08-17,2026-08-20,2.5,2.5,SI
go_problems,39430,2,0,2026-07-17,25,2,2,37.0,15,2026-08-23,2026-08-02,2.5,2.5,SI
go_problems,39440,2,0,2026-07-17,25,2,2,33.0,15,2026-08-19,2026-08-11,2.5,2.5,SI
go_problems,39449,2,0,2026-07-14,28,2,2,62.0,15,2026-09-14,2026-08-10,2.5,2.5,SI
go_problems,39534,2,0,2026-07-18,24,2,2,44.0,15,2026-08-31,2026-08-13,2.5,2.5,SI
go_problems,39548,3,0,2026-08-11,0,3,3,123.0,38,2026-12-12,2026-09-26,2.5,2.5,SI
go_problems,39568,2,0,2026-07-21,21,2,2,75.0,15,2026-10-04,2026-08-06,2.5,2.5,SI
go_problems,39678,3,0,2026-08-07,4,3,3,135.0,38,2026-12-20,2026-11-05,2.5,2.5,SI
go_problems,39779,2,0,2026-07-18,24,2,2,45.0,15,2026-09-01,2026-08-17,2.5,2.5,SI
go_problems,39788,2,0,2026-07-17,25,2,2,35.0,15,2026-08-21,2026-08-14,2.5,2.5,SI
go_problems,39846,2,0,2026-07-16,26,2,2,27.0,15,2026-08-12,2026-08-07,2.5,2.5,SI
go_problems,40089,2,0,2026-07-18,24,2,2,28.0,15,2026-08-15,2026-08-02,2.5,2.5,SI
go_problems,40955,3,0,2026-08-06,5,3,3,158.0,38,2027-01-11,2026-09-16,2.5,2.5,SI
go_problems,40967,2,0,2026-07-16,26,2,2,28.0,15,2026-08-13,2026-08-06,2.5,2.5,SI
go_problems,41005,2,0,2026-07-14,28,2,2,39.0,15,2026-08-22,2026-08-20,2.5,2.5,SI
go_problems,41087,2,0,2026-07-16,26,2,2,34.0,15,2026-08-19,2026-08-03,2.5,2.5,SI
go_problems,41090,2,0,2026-07-22,20,2,2,62.0,15,2026-09-22,2026-08-21,2.5,2.5,SI
go_problems,41092,7,4,2026-08-05,6,2,2,19.0,10,2026-08-24,2026-08-20,1.6999999999999997,1.7,SI
go_problems,41107,2,0,2026-07-14,28,2,2,32.0,15,2026-08-15,2026-08-05,2.5,2.5,SI
go_problems,41109,2,0,2026-07-16,26,2,2,38.0,15,2026-08-23,2026-08-15,2.5,2.5,SI
go_problems,41118,2,0,2026-07-14,28,2,2,62.0,15,2026-09-14,2026-08-15,2.5,2.5,SI
go_problems,41119,2,0,2026-07-18,24,2,2,57.0,15,2026-09-13,2026-08-05,2.5,2.5,SI
go_problems,41141,2,0,2026-07-16,26,2,2,39.0,15,2026-08-24,2026-08-07,2.5,2.5,SI
go_problems,41148,2,0,2026-07-14,28,2,2,37.0,15,2026-08-20,2026-08-16,2.5,2.5,SI
go_problems,41152,7,4,2026-08-05,6,2,2,15.0,10,2026-08-20,2026-08-21,1.6999999999999997,1.7,SI
go_problems,41161,3,0,2026-08-06,5,3,3,109.0,38,2026-11-23,2026-09-21,2.5,2.5,SI
go_problems,41166,3,0,2026-08-05,6,3,3,89.0,38,2026-11-02,2026-11-01,2.5,2.5,SI
go_problems,41184,3,0,2026-08-06,5,3,3,87.0,38,2026-11-01,2026-10-06,2.5,2.5,SI
go_problems,41198,2,0,2026-07-14,28,2,2,31.0,15,2026-08-14,2026-08-04,2.5,2.5,SI
go_problems,41212,2,0,2026-07-14,28,2,2,61.0,15,2026-09-13,2026-08-06,2.5,2.5,SI
go_problems,41217,2,0,2026-07-19,23,2,2,33.0,15,2026-08-21,2026-08-24,2.5,2.5,SI
go_problems,41218,3,0,2026-07-23,19,3,3,79.0,38,2026-10-10,2026-10-19,2.5,2.5,SI
go_problems,41223,3,1,2026-07-17,25,2,2,29.0,14,2026-08-15,2026-08-09,2.3,2.3,SI
go_problems,41226,3,0,2026-08-05,6,3,3,76.0,38,2026-10-20,2026-10-23,2.5,2.5,SI
go_problems,41241,2,0,2026-07-21,21,2,2,75.0,15,2026-10-04,2026-08-07,2.5,2.5,SI
go_problems,41244,2,0,2026-07-19,23,2,2,37.0,15,2026-08-25,2026-08-08,2.5,2.5,SI
go_problems,41250,3,0,2026-07-24,18,3,3,94.0,38,2026-10-26,2026-09-22,2.5,2.5,SI
go_problems,41254,4,1,2026-07-24,18,2,2,21.0,14,2026-08-14,2026-08-08,2.3,2.3,SI
go_problems,41255,2,0,2026-07-06,36,2,2,43.0,15,2026-08-18,2026-08-12,2.5,2.5,SI
go_problems,41258,2,0,2026-07-08,34,2,2,47.0,15,2026-08-24,2026-07-31,2.5,2.5,SI
go_problems,41265,2,0,2026-07-14,28,2,2,69.0,15,2026-09-21,2026-08-09,2.5,2.5,SI
go_problems,41272,2,0,2026-07-21,21,2,2,35.0,15,2026-08-25,2026-08-13,2.5,2.5,SI
go_problems,41275,2,0,2026-07-08,34,2,2,47.0,15,2026-08-24,2026-07-23,2.5,2.5,SI
go_problems,41276,2,0,2026-07-14,28,2,2,66.0,15,2026-09-18,2026-08-16,2.5,2.5,SI
go_problems,41282,2,0,2026-07-19,23,2,2,41.0,15,2026-08-29,2026-08-18,2.5,2.5,SI
go_problems,41283,3,0,2026-08-10,1,3,3,192.0,38,2027-02-18,2026-10-10,2.5,2.5,SI
go_problems,41285,2,0,2026-07-19,23,2,2,61.0,15,2026-09-18,2026-08-15,2.5,2.5,SI
go_problems,41295,2,0,2026-07-22,20,2,2,49.0,15,2026-09-09,2026-08-25,2.5,2.5,SI
go_problems,41299,3,0,2026-08-05,6,3,3,110.0,38,2026-11-23,2026-09-19,2.5,2.5,SI
go_problems,41307,2,0,2026-07-20,22,2,2,35.0,15,2026-08-24,2026-08-20,2.5,2.5,SI
go_problems,41313,2,0,2026-07-14,28,2,2,56.0,15,2026-09-08,2026-08-08,2.5,2.5,SI
go_problems,41320,2,0,2026-07-17,25,2,2,44.0,15,2026-08-30,2026-08-11,2.5,2.5,SI
go_problems,41322,2,0,2026-07-07,35,2,2,38.0,15,2026-08-14,2026-07-24,2.5,2.5,SI
go_problems,41323,2,0,2026-07-14,28,2,2,57.0,15,2026-09-09,2026-08-05,2.5,2.5,SI
go_problems,41324,2,0,2026-07-14,28,2,2,34.0,15,2026-08-17,2026-08-15,2.5,2.5,SI
go_problems,41326,2,0,2026-07-19,23,2,2,35.0,15,2026-08-23,2026-08-24,2.5,2.5,SI
go_problems,41330,2,0,2026-07-14,28,2,2,52.0,15,2026-09-04,2026-08-18,2.5,2.5,SI
go_problems,41334,2,0,2026-07-14,28,2,2,32.0,15,2026-08-15,2026-08-20,2.5,2.5,SI
go_problems,41336,2,0,2026-07-14,28,2,2,29.0,15,2026-08-12,2026-08-08,2.5,2.5,SI
go_problems,41337,3,0,2026-07-30,12,3,3,118.0,38,2026-11-25,2026-10-16,2.5,2.5,SI
go_problems,41339,3,0,2026-08-05,6,3,3,139.0,38,2026-12-22,2026-09-19,2.5,2.5,SI
go_problems,41340,3,0,2026-08-06,5,3,3,104.0,38,2026-11-18,2026-10-17,2.5,2.5,SI
go_problems,41342,2,0,2026-07-09,33,2,2,44.0,15,2026-08-22,2026-07-25,2.5,2.5,SI
go_problems,41344,2,0,2026-07-18,24,2,2,60.0,15,2026-09-16,2026-08-10,2.5,2.5,SI
go_problems,41345,1,0,2026-07-02,40,,1,,6.0,,2026-07-08,,2.5,SI
go_problems,41346,3,0,2026-08-05,6,3,3,134.0,38,2026-12-17,2026-10-20,2.5,2.5,SI
go_problems,41352,2,0,2026-07-16,26,2,2,44.0,15,2026-08-29,2026-08-21,2.5,2.5,SI
go_problems,41353,3,0,2026-08-11,0,3,3,140.0,38,2026-12-29,2026-10-07,2.5,2.5,SI
go_problems,41355,2,0,2026-07-08,34,2,2,36.0,15,2026-08-13,2026-07-26,2.5,2.5,SI
go_problems,41357,2,0,2026-07-13,29,2,2,51.0,15,2026-09-02,2026-08-14,2.5,2.5,SI
go_problems,41362,2,0,2026-07-14,28,2,2,56.0,15,2026-09-08,2026-08-03,2.5,2.5,SI
go_problems,41364,2,0,2026-07-16,26,2,2,30.0,15,2026-08-15,2026-08-20,2.5,2.5,SI
go_problems,41367,3,0,2026-07-28,14,3,3,69.0,38,2026-10-05,2026-09-05,2.5,2.5,SI
go_problems,41378,2,0,2026-07-16,26,2,2,42.0,15,2026-08-27,2026-08-07,2.5,2.5,SI
go_problems,41382,2,0,2026-07-16,26,2,2,43.0,15,2026-08-28,2026-08-15,2.5,2.5,SI
go_problems,41384,3,0,2026-08-10,1,3,3,120.0,38,2026-12-08,2026-09-26,2.5,2.5,SI
go_problems,41388,2,0,2026-07-14,28,2,2,82.0,15,2026-10-04,2026-08-15,2.5,2.5,SI
go_problems,41397,2,0,2026-07-06,36,2,2,39.0,15,2026-08-14,2026-07-23,2.5,2.5,SI
go_problems,41400,2,0,2026-07-22,20,2,2,78.0,15,2026-10-08,2026-08-27,2.5,2.5,SI
go_problems,41408,3,0,2026-08-10,1,3,3,84.0,38,2026-11-02,2026-10-23,2.5,2.5,SI
go_problems,41411,2,0,2026-07-13,29,2,2,65.0,15,2026-09-16,2026-08-12,2.5,2.5,SI
go_problems,41420,2,0,2026-07-09,33,2,2,56.0,15,2026-09-03,2026-07-24,2.5,2.5,SI
go_problems,41426,2,0,2026-07-16,26,2,2,76.0,15,2026-09-30,2026-08-12,2.5,2.5,SI
go_problems,41434,2,0,2026-07-14,28,2,2,64.0,15,2026-09-16,2026-07-29,2.5,2.5,SI
go_problems,41441,2,0,2026-07-14,28,2,2,54.0,15,2026-09-06,2026-08-09,2.5,2.5,SI
go_problems,41442,2,0,2026-07-14,28,2,2,40.0,15,2026-08-23,2026-07-30,2.5,2.5,SI
go_problems,41443,2,0,2026-07-07,35,2,2,38.0,15,2026-08-14,2026-07-31,2.5,2.5,SI
go_problems,41444,2,0,2026-07-16,26,2,2,33.0,15,2026-08-18,2026-08-15,2.5,2.5,SI
go_problems,41456,2,0,2026-07-14,28,2,2,62.0,15,2026-09-14,2026-08-08,2.5,2.5,SI
go_problems,41457,3,0,2026-08-11,0,3,3,153.0,38,2027-01-11,2026-10-20,2.5,2.5,SI
go_problems,41459,2,0,2026-07-13,29,2,2,60.0,15,2026-09-11,2026-08-09,2.5,2.5,SI
go_problems,41460,2,0,2026-07-14,28,2,2,69.0,15,2026-09-21,2026-07-29,2.5,2.5,SI
go_problems,41462,2,0,2026-07-14,28,2,2,31.0,15,2026-08-14,2026-08-10,2.5,2.5,SI
go_problems,41464,2,0,2026-07-14,28,2,2,75.0,15,2026-09-27,2026-08-10,2.5,2.5,SI
go_problems,41477,3,0,2026-08-07,4,3,3,111.0,38,2026-11-26,2026-10-10,2.5,2.5,SI
go_problems,41481,2,0,2026-07-09,33,2,2,56.0,15,2026-09-03,2026-07-29,2.5,2.5,SI
go_problems,41490,2,0,2026-07-06,36,2,2,42.0,15,2026-08-17,2026-08-05,2.5,2.5,SI
go_problems,41495,3,0,2026-08-10,1,2,3,35.0,38,2026-09-14,2026-11-10,2.5,2.5,SI
go_problems,41496,3,0,2026-08-05,6,3,3,122.0,38,2026-12-05,2026-10-20,2.5,2.5,SI
go_problems,41497,2,0,2026-07-13,29,2,2,59.0,15,2026-09-10,2026-08-07,2.5,2.5,SI
go_problems,41498,2,0,2026-07-14,28,2,2,76.0,15,2026-09-28,2026-08-06,2.5,2.5,SI
go_problems,41499,2,0,2026-07-13,29,2,2,67.0,15,2026-09-18,2026-08-04,2.5,2.5,SI
go_problems,41500,3,0,2026-08-09,2,3,3,149.0,38,2027-01-05,2026-10-29,2.5,2.5,SI
go_problems,41503,2,0,2026-07-14,28,2,2,54.0,15,2026-09-06,2026-08-01,2.5,2.5,SI
go_problems,41504,2,0,2026-07-09,33,2,2,44.0,15,2026-08-22,2026-08-12,2.5,2.5,SI
go_problems,41507,3,0,2026-08-10,1,2,3,38.0,38,2026-09-17,2026-11-05,2.5,2.5,SI
go_problems,41508,2,0,2026-07-13,29,2,2,48.0,15,2026-08-30,2026-08-09,2.5,2.5,SI
go_problems,41509,2,0,2026-07-08,34,2,2,50.0,15,2026-08-27,2026-07-31,2.5,2.5,SI
go_problems,41510,3,0,2026-08-10,1,3,3,209.0,38,2027-03-07,2026-10-08,2.5,2.5,SI
go_problems,41511,2,0,2026-07-14,28,2,2,80.0,15,2026-10-02,2026-08-11,2.5,2.5,SI
go_problems,41512,2,0,2026-07-09,33,2,2,56.0,15,2026-09-03,2026-08-12,2.5,2.5,SI
go_problems,41514,2,0,2026-07-09,33,2,2,50.0,15,2026-08-28,2026-08-11,2.5,2.5,SI
go_problems,41515,3,0,2026-08-09,2,3,3,145.0,38,2027-01-01,2026-10-11,2.5,2.5,SI
go_problems,41516,2,0,2026-07-08,34,2,2,50.0,15,2026-08-27,2026-08-06,2.5,2.5,SI
go_problems,41517,2,0,2026-07-14,28,2,2,39.0,15,2026-08-22,2026-08-03,2.5,2.5,SI
go_problems,41518,3,0,2026-07-28,14,3,3,138.0,38,2026-12-13,2026-10-04,2.5,2.5,SI
go_problems,41519,2,0,2026-07-09,33,2,2,36.0,15,2026-08-14,2026-08-12,2.5,2.5,SI
go_problems,41521,2,0,2026-07-16,26,2,2,40.0,15,2026-08-25,2026-08-17,2.5,2.5,SI
go_problems,41522,3,0,2026-08-05,6,3,3,173.0,38,2027-01-25,2026-09-17,2.5,2.5,SI
go_problems,41523,4,1,2026-07-17,25,2,2,39.0,14,2026-08-25,2026-08-04,2.3,2.3,SI
go_problems,41524,2,0,2026-07-13,29,2,2,46.0,15,2026-08-28,2026-08-19,2.5,2.5,SI
go_problems,41525,2,0,2026-07-09,33,2,2,56.0,15,2026-09-03,2026-08-01,2.5,2.5,SI
go_problems,41526,2,0,2026-07-14,28,2,2,71.0,15,2026-09-23,2026-08-03,2.5,2.5,SI
go_problems,41527,2,0,2026-07-14,28,2,2,43.0,15,2026-08-26,2026-08-19,2.5,2.5,SI
go_problems,41528,4,1,2026-07-30,12,2,2,19.0,14,2026-08-18,2026-08-16,2.3,2.3,SI
go_problems,41534,2,0,2026-07-14,28,2,2,34.0,15,2026-08-17,2026-08-07,2.5,2.5,SI
go_problems,41535,2,0,2026-07-18,24,2,2,35.0,15,2026-08-22,2026-08-03,2.5,2.5,SI
go_problems,41536,3,0,2026-08-11,0,3,3,139.0,38,2026-12-28,2026-10-04,2.5,2.5,SI
go_problems,41537,2,0,2026-07-19,23,2,2,32.0,15,2026-08-20,2026-08-18,2.5,2.5,SI
go_problems,41538,2,0,2026-07-14,28,2,2,31.0,15,2026-08-14,2026-08-09,2.5,2.5,SI
go_problems,41546,1,0,2026-06-29,43,,1,,6.0,,2026-07-12,,2.5,SI
go_problems,41547,3,0,2026-08-05,6,3,3,135.0,38,2026-12-18,2026-11-05,2.5,2.5,SI
go_problems,41549,2,0,2026-07-14,28,2,2,79.0,15,2026-10-01,2026-08-20,2.5,2.5,SI
go_problems,41550,2,0,2026-07-16,26,2,2,79.0,15,2026-10-03,2026-08-04,2.5,2.5,SI
go_problems,41553,2,0,2026-07-14,28,2,2,66.0,15,2026-09-18,2026-07-30,2.5,2.5,SI
go_problems,41554,3,0,2026-08-09,2,3,3,88.0,38,2026-11-05,2026-10-03,2.5,2.5,SI
go_problems,41557,2,0,2026-07-14,28,2,2,35.0,15,2026-08-18,2026-08-11,2.5,2.5,SI
go_problems,41558,2,0,2026-07-09,33,2,2,57.0,15,2026-09-04,2026-08-05,2.5,2.5,SI
go_problems,41559,2,0,2026-07-14,28,2,2,76.0,15,2026-09-28,2026-07-30,2.5,2.5,SI
go_problems,41561,3,0,2026-08-06,5,3,3,121.0,38,2026-12-05,2026-09-17,2.5,2.5,SI
go_problems,41562,2,0,2026-07-09,33,2,2,51.0,15,2026-08-29,2026-08-12,2.5,2.5,SI
go_problems,41563,4,1,2026-07-20,22,2,2,34.0,14,2026-08-23,2026-08-03,2.3,2.3,SI
go_problems,41564,2,0,2026-07-20,22,2,2,31.0,15,2026-08-20,2026-08-15,2.5,2.5,SI
go_problems,41565,2,0,2026-07-13,29,2,2,43.0,15,2026-08-25,2026-08-05,2.5,2.5,SI
go_problems,41566,2,0,2026-07-18,24,2,2,34.0,15,2026-08-21,2026-08-19,2.5,2.5,SI
go_problems,41567,2,0,2026-07-13,29,2,2,40.0,15,2026-08-22,2026-08-10,2.5,2.5,SI
go_problems,41569,2,0,2026-07-16,26,2,2,47.0,15,2026-09-01,2026-08-02,2.5,2.5,SI
go_problems,41570,2,0,2026-07-14,28,2,2,45.0,15,2026-08-28,2026-07-30,2.5,2.5,SI
go_problems,41571,2,0,2026-07-21,21,2,2,68.0,15,2026-09-27,2026-08-22,2.5,2.5,SI
go_problems,41572,2,0,2026-07-09,33,2,2,38.0,15,2026-08-16,2026-08-10,2.5,2.5,SI
go_problems,41575,2,0,2026-07-14,28,2,2,70.0,15,2026-09-22,2026-08-17,2.5,2.5,SI
go_problems,41577,3,0,2026-08-05,6,3,3,109.0,38,2026-11-22,2026-10-24,2.5,2.5,SI
go_problems,41578,2,0,2026-07-06,36,2,2,40.0,15,2026-08-15,2026-07-24,2.5,2.5,SI
go_problems,41580,2,0,2026-07-09,33,2,2,43.0,15,2026-08-21,2026-08-02,2.5,2.5,SI
go_problems,41581,2,0,2026-07-08,34,2,2,53.0,15,2026-08-30,2026-08-09,2.5,2.5,SI
go_problems,41582,3,1,2026-07-14,28,2,2,30.0,14,2026-08-13,2026-08-12,2.3,2.3,SI
go_problems,41584,3,0,2026-08-05,6,3,3,76.0,38,2026-10-20,2026-09-20,2.5,2.5,SI
go_problems,41585,2,0,2026-07-14,28,2,2,52.0,15,2026-09-04,2026-08-18,2.5,2.5,SI
go_problems,41587,2,0,2026-07-16,26,2,2,30.0,15,2026-08-15,2026-08-09,2.5,2.5,SI
go_problems,41621,3,1,2026-07-22,20,2,2,29.0,14,2026-08-20,2026-08-17,2.3,2.3,SI
go_problems,41626,3,0,2026-08-05,6,3,3,83.0,38,2026-10-27,2026-09-19,2.5,2.5,SI
go_problems,41627,4,1,2026-08-11,0,1,1,11.0,6.0,2026-08-22,2026-08-23,2.3,2.3,SI
go_problems,41628,2,0,2026-07-17,25,2,2,34.0,15,2026-08-20,2026-08-23,2.5,2.5,SI
go_problems,41629,2,0,2026-07-13,29,2,2,58.0,15,2026-09-09,2026-08-07,2.5,2.5,SI
go_problems,41630,2,0,2026-07-06,36,2,2,43.0,15,2026-08-18,2026-08-01,2.5,2.5,SI
go_problems,41631,2,0,2026-07-14,28,2,2,55.0,15,2026-09-07,2026-08-16,2.5,2.5,SI
go_problems,41632,2,0,2026-07-14,28,2,2,76.0,15,2026-09-28,2026-08-10,2.5,2.5,SI
go_problems,41633,3,0,2026-07-30,12,3,3,112.0,38,2026-11-19,2026-10-30,2.5,2.5,SI
go_problems,41634,2,0,2026-07-14,28,2,2,53.0,15,2026-09-05,2026-08-17,2.5,2.5,SI
go_problems,41635,2,0,2026-07-14,28,2,2,68.0,15,2026-09-20,2026-08-11,2.5,2.5,SI
go_problems,41637,3,0,2026-08-05,6,3,3,84.0,38,2026-10-28,2026-10-29,2.5,2.5,SI
go_problems,41638,3,0,2026-08-05,6,3,3,170.0,38,2027-01-22,2026-10-19,2.5,2.5,SI
go_problems,41639,2,0,2026-07-09,33,2,2,51.0,15,2026-08-29,2026-08-04,2.5,2.5,SI
go_problems,41642,4,1,2026-07-23,19,2,2,45.0,14,2026-09-06,2026-08-11,2.3,2.3,SI
go_problems,41643,1,0,2026-06-29,43,,1,,6.0,,2026-07-06,,2.5,SI
go_problems,41644,2,0,2026-07-14,28,2,2,77.0,15,2026-09-29,2026-08-16,2.5,2.5,SI
go_problems,41645,3,0,2026-08-05,6,3,3,124.0,38,2026-12-07,2026-10-30,2.5,2.5,SI
go_problems,41646,3,0,2026-08-05,6,3,3,168.0,38,2027-01-20,2026-10-03,2.5,2.5,SI
go_problems,41647,3,0,2026-08-06,5,3,3,124.0,38,2026-12-08,2026-11-06,2.5,2.5,SI
go_problems,41648,3,0,2026-08-10,1,2,3,32.0,38,2026-09-11,2026-10-11,2.5,2.5,SI
go_problems,41649,2,0,2026-07-08,34,2,2,43.0,15,2026-08-20,2026-08-04,2.5,2.5,SI
go_problems,41650,2,0,2026-07-14,28,2,2,84.0,15,2026-10-06,2026-08-17,2.5,2.5,SI
go_problems,41651,2,0,2026-07-09,33,2,2,51.0,15,2026-08-29,2026-07-27,2.5,2.5,SI
go_problems,41652,2,0,2026-07-14,28,2,2,77.0,15,2026-09-29,2026-08-16,2.5,2.5,SI
go_problems,41653,2,0,2026-07-14,28,2,2,47.0,15,2026-08-30,2026-08-01,2.5,2.5,SI
go_problems,41666,2,0,2026-07-07,35,2,2,38.0,15,2026-08-14,2026-08-02,2.5,2.5,SI
go_problems,41680,2,0,2026-07-14,28,2,2,74.0,15,2026-09-26,2026-08-18,2.5,2.5,SI
go_problems,41685,2,0,2026-07-13,29,2,2,54.0,15,2026-09-05,2026-08-18,2.5,2.5,SI
go_problems,41699,2,0,2026-07-07,35,2,2,43.0,15,2026-08-19,2026-07-30,2.5,2.5,SI
go_problems,41700,3,0,2026-08-06,5,3,3,121.0,38,2026-12-05,2026-09-18,2.5,2.5,SI
go_problems,41706,2,0,2026-07-14,28,2,2,52.0,15,2026-09-04,2026-08-08,2.5,2.5,SI
go_problems,41717,2,0,2026-07-13,29,2,2,31.0,15,2026-08-13,2026-08-14,2.5,2.5,SI
go_problems,41719,3,0,2026-07-30,12,3,3,74.0,38,2026-10-12,2026-09-13,2.5,2.5,SI
go_problems,41721,2,0,2026-07-13,29,2,2,68.0,15,2026-09-19,2026-08-08,2.5,2.5,SI
go_problems,41722,3,0,2026-08-05,6,3,3,93.0,38,2026-11-06,2026-09-28,2.5,2.5,SI
go_problems,41723,2,0,2026-07-14,28,2,2,75.0,15,2026-09-27,2026-08-02,2.5,2.5,SI
go_problems,41726,2,0,2026-07-08,34,2,2,48.0,15,2026-08-25,2026-07-24,2.5,2.5,SI
go_problems,41732,3,0,2026-07-30,12,3,3,65.0,38,2026-10-03,2026-09-14,2.5,2.5,SI
go_problems,41733,2,0,2026-07-14,28,2,2,64.0,15,2026-09-16,2026-08-16,2.5,2.5,SI
go_problems,41734,3,0,2026-08-06,5,3,3,109.0,38,2026-11-23,2026-09-25,2.5,2.5,SI
go_problems,41756,2,0,2026-07-14,28,2,2,47.0,15,2026-08-30,2026-08-16,2.5,2.5,SI
go_problems,41758,2,0,2026-07-14,28,2,2,71.0,15,2026-09-23,2026-08-06,2.5,2.5,SI
go_problems,41759,2,0,2026-07-13,29,2,2,64.0,15,2026-09-15,2026-08-15,2.5,2.5,SI
go_problems,41769,2,0,2026-07-08,34,2,2,55.0,15,2026-09-01,2026-07-29,2.5,2.5,SI
go_problems,41770,2,0,2026-07-13,29,2,2,44.0,15,2026-08-26,2026-08-14,2.5,2.5,SI
go_problems,41771,2,0,2026-07-13,29,2,2,53.0,15,2026-09-04,2026-08-05,2.5,2.5,SI
go_problems,41773,2,0,2026-07-14,28,2,2,29.0,15,2026-08-12,2026-08-19,2.5,2.5,SI
go_problems,41776,2,0,2026-07-14,28,2,2,31.0,15,2026-08-14,2026-08-17,2.5,2.5,SI
go_problems,41777,3,0,2026-07-27,15,3,3,103.0,38,2026-11-07,2026-09-28,2.5,2.5,SI
go_problems,41780,2,0,2026-07-22,20,2,2,77.0,15,2026-10-07,2026-08-11,2.5,2.5,SI
go_problems,41784,2,0,2026-07-14,28,2,2,57.0,15,2026-09-09,2026-07-30,2.5,2.5,SI
go_problems,41785,3,0,2026-08-10,1,2,3,17.0,38,2026-08-27,2026-10-27,2.5,2.5,SI
go_problems,41786,3,0,2026-08-07,4,3,3,131.0,38,2026-12-16,2026-10-14,2.5,2.5,SI
go_problems,41788,2,0,2026-07-14,28,2,2,38.0,15,2026-08-21,2026-08-13,2.5,2.5,SI
go_problems,41801,2,0,2026-07-09,33,2,2,39.0,15,2026-08-17,2026-08-14,2.5,2.5,SI
go_problems,41802,3,0,2026-08-08,3,3,3,89.0,38,2026-11-05,2026-10-29,2.5,2.5,SI
go_problems,41803,2,0,2026-07-14,28,2,2,60.0,15,2026-09-12,2026-07-29,2.5,2.5,SI
go_problems,41808,2,0,2026-07-14,28,2,2,45.0,15,2026-08-28,2026-08-01,2.5,2.5,SI
go_problems,41809,2,0,2026-07-13,29,2,2,50.0,15,2026-09-01,2026-08-12,2.5,2.5,SI
go_problems,41810,3,0,2026-07-28,14,3,3,123.0,38,2026-11-28,2026-10-14,2.5,2.5,SI
go_problems,41812,3,0,2026-08-06,5,3,3,113.0,38,2026-11-27,2026-10-17,2.5,2.5,SI
go_problems,41813,2,0,2026-07-14,28,2,2,38.0,15,2026-08-21,2026-08-15,2.5,2.5,SI
go_problems,41814,3,0,2026-08-10,1,3,3,198.0,38,2027-02-24,2026-10-17,2.5,2.5,SI
go_problems,41815,2,0,2026-07-18,24,2,2,36.0,15,2026-08-23,2026-08-17,2.5,2.5,SI
go_problems,41816,3,0,2026-07-28,14,3,3,125.0,38,2026-11-30,2026-09-30,2.5,2.5,SI
go_problems,41820,3,0,2026-08-05,6,3,3,153.0,38,2027-01-05,2026-09-23,2.5,2.5,SI
go_problems,41821,3,0,2026-08-10,1,3,3,210.0,38,2027-03-08,2026-10-17,2.5,2.5,SI
go_problems,41822,3,0,2026-07-30,12,3,3,117.0,38,2026-11-24,2026-09-30,2.5,2.5,SI
go_problems,41827,3,0,2026-08-09,2,3,3,96.0,38,2026-11-13,2026-10-04,2.5,2.5,SI
go_problems,41844,3,0,2026-08-06,5,3,3,91.0,38,2026-11-05,2026-11-05,2.5,2.5,SI
go_problems,41846,2,0,2026-07-16,26,2,2,29.0,15,2026-08-14,2026-08-20,2.5,2.5,SI
go_problems,41847,2,0,2026-07-08,34,2,2,39.0,15,2026-08-16,2026-08-14,2.5,2.5,SI
go_problems,41849,4,1,2026-08-05,6,3,3,73.0,32,2026-10-17,2026-09-08,2.3,2.3,SI
go_problems,41852,2,0,2026-07-16,26,2,2,56.0,15,2026-09-10,2026-08-15,2.5,2.5,SI
go_problems,41857,4,1,2026-07-22,20,2,2,33.0,14,2026-08-24,2026-08-09,2.3,2.3,SI
go_problems,41858,3,0,2026-07-28,14,3,3,129.0,38,2026-12-04,2026-09-18,2.5,2.5,SI
go_problems,41859,3,0,2026-07-24,18,3,3,112.0,38,2026-11-13,2026-10-11,2.5,2.5,SI
go_problems,41861,3,0,2026-08-11,0,3,3,179.0,38,2027-02-06,2026-10-14,2.5,2.5,SI
go_problems,41862,2,0,2026-07-16,26,2,2,33.0,15,2026-08-18,2026-08-08,2.5,2.5,SI
go_problems,41863,2,0,2026-07-16,26,2,2,68.0,15,2026-09-22,2026-08-22,2.5,2.5,SI
go_problems,41883,2,0,2026-07-14,28,2,2,36.0,15,2026-08-19,2026-08-02,2.5,2.5,SI
go_problems,41884,2,0,2026-07-17,25,2,2,50.0,15,2026-09-05,2026-08-06,2.5,2.5,SI
go_problems,41887,2,0,2026-07-19,23,2,2,45.0,15,2026-09-02,2026-08-09,2.5,2.5,SI
go_problems,41889,2,0,2026-07-14,28,2,2,47.0,15,2026-08-30,2026-08-15,2.5,2.5,SI
go_problems,41921,2,0,2026-07-22,20,2,2,59.0,15,2026-09-19,2026-08-20,2.5,2.5,SI
go_problems,41922,3,0,2026-08-11,0,3,3,101.0,38,2026-11-20,2026-11-12,2.5,2.5,SI
go_problems,41923,2,0,2026-07-08,34,2,2,38.0,15,2026-08-15,2026-08-09,2.5,2.5,SI
go_problems,41924,2,0,2026-07-14,28,2,2,35.0,15,2026-08-18,2026-08-14,2.5,2.5,SI
go_problems,41925,2,0,2026-07-13,29,2,2,59.0,15,2026-09-10,2026-07-29,2.5,2.5,SI
go_problems,41926,2,0,2026-07-07,35,2,2,39.0,15,2026-08-15,2026-08-02,2.5,2.5,SI
go_problems,41927,2,0,2026-07-14,28,2,2,55.0,15,2026-09-07,2026-08-19,2.5,2.5,SI
go_problems,41933,2,0,2026-07-14,28,2,2,63.0,15,2026-09-15,2026-08-20,2.5,2.5,SI
go_problems,41934,2,0,2026-07-14,28,2,2,35.0,15,2026-08-18,2026-08-09,2.5,2.5,SI
go_problems,41939,2,0,2026-07-16,26,2,2,30.0,15,2026-08-15,2026-08-02,2.5,2.5,SI
go_problems,41942,3,0,2026-08-10,1,2,3,21.0,38,2026-08-31,2026-11-11,2.5,2.5,SI
go_problems,41945,2,0,2026-07-23,19,2,2,79.0,15,2026-10-10,2026-08-26,2.5,2.5,SI
go_problems,41947,3,0,2026-08-05,6,3,3,70.0,38,2026-10-14,2026-10-16,2.5,2.5,SI
go_problems,41948,2,0,2026-07-13,29,2,2,30.0,15,2026-08-12,2026-08-08,2.5,2.5,SI
go_problems,41949,2,0,2026-07-09,33,2,2,38.0,15,2026-08-16,2026-08-11,2.5,2.5,SI
go_problems,41950,2,0,2026-07-08,34,2,2,38.0,15,2026-08-15,2026-07-31,2.5,2.5,SI
go_problems,41954,2,0,2026-07-09,33,2,2,39.0,15,2026-08-17,2026-07-30,2.5,2.5,SI
go_problems,41957,2,0,2026-07-21,21,2,2,71.0,15,2026-09-30,2026-08-27,2.5,2.5,SI
go_problems,41959,2,0,2026-07-08,34,2,2,43.0,15,2026-08-20,2026-08-01,2.5,2.5,SI
go_problems,41966,2,0,2026-07-14,28,2,2,29.0,15,2026-08-12,2026-08-20,2.5,2.5,SI
go_problems,41967,3,0,2026-08-09,2,3,3,118.0,38,2026-12-05,2026-09-21,2.5,2.5,SI
go_problems,41971,2,0,2026-07-17,25,2,2,43.0,15,2026-08-29,2026-08-08,2.5,2.5,SI
go_problems,41973,3,0,2026-07-19,23,3,3,159.0,38,2026-12-25,2026-09-25,2.5,2.5,SI
go_problems,41977,2,0,2026-07-14,28,2,2,45.0,15,2026-08-28,2026-08-17,2.5,2.5,SI
go_problems,41978,3,0,2026-08-05,6,3,3,145.0,38,2026-12-28,2026-09-15,2.5,2.5,SI
go_problems,41979,2,0,2026-07-07,35,2,2,36.0,15,2026-08-12,2026-07-28,2.5,2.5,SI
go_problems,41980,3,0,2026-07-28,14,3,3,124.0,38,2026-11-29,2026-10-08,2.5,2.5,SI
go_problems,41981,2,0,2026-07-14,28,2,2,50.0,15,2026-09-02,2026-08-18,2.5,2.5,SI
go_problems,41983,2,0,2026-07-06,36,2,2,40.0,15,2026-08-15,2026-08-06,2.5,2.5,SI
go_problems,41985,3,0,2026-08-05,6,3,3,164.0,38,2027-01-16,2026-10-03,2.5,2.5,SI
go_problems,41986,3,0,2026-08-11,0,3,3,208.0,38,2027-03-07,2026-10-14,2.5,2.5,SI
go_problems,42060,3,0,2026-08-07,4,3,3,166.0,38,2027-01-20,2026-09-30,2.5,2.5,SI
go_problems,42062,2,0,2026-07-13,29,2,2,52.0,15,2026-09-03,2026-08-13,2.5,2.5,SI
go_problems,42063,2,0,2026-07-09,33,2,2,38.0,15,2026-08-16,2026-07-31,2.5,2.5,SI
go_problems,42066,3,0,2026-07-27,15,3,3,61.0,38,2026-09-26,2026-10-20,2.5,2.5,SI
go_problems,42067,2,0,2026-07-21,21,2,2,80.0,15,2026-10-09,2026-08-18,2.5,2.5,SI
go_problems,42068,2,0,2026-07-21,21,2,2,75.0,15,2026-10-04,2026-08-23,2.5,2.5,SI
go_problems,42069,2,0,2026-07-08,34,2,2,48.0,15,2026-08-25,2026-08-10,2.5,2.5,SI
go_problems,42070,2,0,2026-07-14,28,2,2,71.0,15,2026-09-23,2026-08-14,2.5,2.5,SI
go_problems,42071,2,0,2026-07-14,28,2,2,35.0,15,2026-08-18,2026-08-13,2.5,2.5,SI
go_problems,42074,2,0,2026-07-14,28,2,2,38.0,15,2026-08-21,2026-08-12,2.5,2.5,SI
go_problems,42075,3,0,2026-08-07,4,3,3,175.0,38,2027-01-29,2026-09-19,2.5,2.5,SI
go_problems,42076,2,0,2026-07-14,28,2,2,53.0,15,2026-09-05,2026-08-04,2.5,2.5,SI
go_problems,42077,2,0,2026-07-14,28,2,2,75.0,15,2026-09-27,2026-08-03,2.5,2.5,SI
go_problems,42078,2,0,2026-07-14,28,2,2,63.0,15,2026-09-15,2026-08-19,2.5,2.5,SI
go_problems,42079,2,0,2026-07-14,28,2,2,51.0,15,2026-09-03,2026-08-13,2.5,2.5,SI
go_problems,42080,3,0,2026-07-19,23,3,3,137.0,38,2026-12-03,2026-10-03,2.5,2.5,SI
go_problems,42085,3,0,2026-08-05,6,3,3,146.0,38,2026-12-29,2026-09-19,2.5,2.5,SI
go_problems,42086,3,0,2026-08-11,0,3,3,189.0,38,2027-02-16,2026-10-18,2.5,2.5,SI
go_problems,42087,3,0,2026-08-05,6,3,3,130.0,38,2026-12-13,2026-09-27,2.5,2.5,SI
go_problems,42088,3,0,2026-08-10,1,2,3,36.0,38,2026-09-15,2026-10-28,2.5,2.5,SI
go_problems,42094,2,0,2026-07-14,28,2,2,40.0,15,2026-08-23,2026-08-05,2.5,2.5,SI
go_problems,42095,3,0,2026-08-09,2,3,3,133.0,38,2026-12-20,2026-10-25,2.5,2.5,SI
go_problems,42096,2,0,2026-07-08,34,2,2,42.0,15,2026-08-19,2026-07-28,2.5,2.5,SI
go_problems,42097,2,0,2026-07-14,28,2,2,60.0,15,2026-09-12,2026-08-15,2.5,2.5,SI
go_problems,42107,2,0,2026-07-07,35,2,2,42.0,15,2026-08-18,2026-08-04,2.5,2.5,SI
go_problems,42119,2,0,2026-07-14,28,2,2,42.0,15,2026-08-25,2026-08-01,2.5,2.5,SI
go_problems,42123,2,0,2026-07-14,28,2,2,44.0,15,2026-08-27,2026-08-16,2.5,2.5,SI
go_problems,42124,3,0,2026-08-05,6,3,3,149.0,38,2027-01-01,2026-09-27,2.5,2.5,SI
go_problems,42147,2,0,2026-07-14,28,2,2,48.0,15,2026-08-31,2026-08-07,2.5,2.5,SI
go_problems,42149,2,0,2026-07-14,28,2,2,73.0,15,2026-09-25,2026-08-14,2.5,2.5,SI
go_problems,42150,2,0,2026-07-14,28,2,2,65.0,15,2026-09-17,2026-08-07,2.5,2.5,SI
go_problems,42151,3,0,2026-08-10,1,3,3,91.0,38,2026-11-09,2026-09-22,2.5,2.5,SI
go_problems,42152,2,0,2026-07-07,35,2,2,41.0,15,2026-08-17,2026-07-28,2.5,2.5,SI
go_problems,42165,3,0,2026-08-05,6,3,3,69.0,38,2026-10-13,2026-10-04,2.5,2.5,SI
go_problems,42167,3,0,2026-08-10,1,3,3,116.0,38,2026-12-04,2026-10-03,2.5,2.5,SI
go_problems,42168,3,0,2026-08-09,2,3,3,104.0,38,2026-11-21,2026-09-22,2.5,2.5,SI
go_problems,42169,2,0,2026-07-16,26,2,2,72.0,15,2026-09-26,2026-08-05,2.5,2.5,SI
go_problems,42171,2,0,2026-07-14,28,2,2,55.0,15,2026-09-07,2026-08-01,2.5,2.5,SI
go_problems,42172,2,0,2026-07-14,28,2,2,63.0,15,2026-09-15,2026-08-06,2.5,2.5,SI
go_problems,42173,2,0,2026-07-13,29,2,2,60.0,15,2026-09-11,2026-08-14,2.5,2.5,SI
go_problems,42174,3,0,2026-08-05,6,3,3,97.0,38,2026-11-10,2026-09-13,2.5,2.5,SI
go_problems,42176,2,0,2026-07-14,28,2,2,38.0,15,2026-08-21,2026-08-09,2.5,2.5,SI
go_problems,42177,3,0,2026-08-08,3,3,3,149.0,38,2027-01-04,2026-10-29,2.5,2.5,SI
go_problems,42178,3,0,2026-07-27,15,3,3,72.0,38,2026-10-07,2026-09-20,2.5,2.5,SI
go_problems,42179,2,0,2026-07-14,28,2,2,54.0,15,2026-09-06,2026-08-13,2.5,2.5,SI
go_problems,42183,4,1,2026-07-19,23,2,2,40.0,14,2026-08-28,2026-08-03,2.3,2.3,SI
go_problems,42185,4,1,2026-08-11,0,3,3,93.0,32,2026-11-12,2026-10-17,2.3,2.3,SI
go_problems,42186,2,0,2026-07-14,28,2,2,52.0,15,2026-09-04,2026-08-03,2.5,2.5,SI
go_problems,42187,2,0,2026-07-14,28,2,2,30.0,15,2026-08-13,2026-08-15,2.5,2.5,SI
go_problems,42191,2,0,2026-07-16,26,2,2,41.0,15,2026-08-26,2026-08-04,2.5,2.5,SI
go_problems,42193,2,0,2026-07-19,23,2,2,30.0,15,2026-08-18,2026-08-16,2.5,2.5,SI
go_problems,42194,2,0,2026-07-08,34,2,2,44.0,15,2026-08-21,2026-08-02,2.5,2.5,SI
go_problems,42195,2,0,2026-07-14,28,2,2,53.0,15,2026-09-05,2026-08-09,2.5,2.5,SI
go_problems,42196,2,0,2026-07-14,28,2,2,46.0,15,2026-08-29,2026-08-05,2.5,2.5,SI
go_problems,42197,3,0,2026-08-08,3,3,3,136.0,38,2026-12-22,2026-10-10,2.5,2.5,SI
go_problems,42199,2,0,2026-07-14,28,2,2,42.0,15,2026-08-25,2026-08-07,2.5,2.5,SI
go_problems,42202,2,0,2026-07-17,25,2,2,44.0,15,2026-08-30,2026-08-09,2.5,2.5,SI
go_problems,42204,2,0,2026-07-14,28,2,2,55.0,15,2026-09-07,2026-08-04,2.5,2.5,SI
go_problems,42205,2,0,2026-07-14,28,2,2,40.0,15,2026-08-23,2026-08-20,2.5,2.5,SI
go_problems,42209,2,0,2026-07-13,29,2,2,48.0,15,2026-08-30,2026-08-18,2.5,2.5,SI
go_problems,42210,3,0,2026-07-22,20,3,3,98.0,38,2026-10-28,2026-09-01,2.5,2.5,SI
go_problems,42217,2,0,2026-07-08,34,2,2,35.0,15,2026-08-12,2026-07-25,2.5,2.5,SI
go_problems,42218,2,0,2026-07-09,33,2,2,45.0,15,2026-08-23,2026-07-26,2.5,2.5,SI
go_problems,42219,2,0,2026-07-14,28,2,2,57.0,15,2026-09-09,2026-08-06,2.5,2.5,SI
go_problems,42221,2,0,2026-07-13,29,2,2,50.0,15,2026-09-01,2026-08-09,2.5,2.5,SI
go_problems,42222,4,0,2026-07-19,23,4,4,672.0,95,2028-05-21,2026-11-18,2.5,2.5,SI
go_problems,42223,2,0,2026-07-08,34,2,2,36.0,15,2026-08-13,2026-07-31,2.5,2.5,SI
go_problems,42224,2,0,2026-07-18,24,2,2,62.0,15,2026-09-18,2026-08-20,2.5,2.5,SI
go_problems,42225,2,0,2026-07-14,28,2,2,53.0,15,2026-09-05,2026-08-15,2.5,2.5,SI
go_problems,42226,2,0,2026-07-14,28,2,2,59.0,15,2026-09-11,2026-07-31,2.5,2.5,SI
go_problems,42227,2,0,2026-07-16,26,2,2,36.0,15,2026-08-21,2026-08-20,2.5,2.5,SI
go_problems,42229,3,0,2026-07-28,14,3,3,84.0,38,2026-10-20,2026-09-19,2.5,2.5,SI
go_problems,42230,2,0,2026-07-14,28,2,2,32.0,15,2026-08-15,2026-08-19,2.5,2.5,SI
go_problems,42231,2,0,2026-07-14,28,2,2,48.0,15,2026-08-31,2026-08-17,2.5,2.5,SI
go_problems,42232,2,0,2026-07-14,28,2,2,77.0,15,2026-09-29,2026-08-03,2.5,2.5,SI
go_problems,42233,2,0,2026-07-17,25,2,2,33.0,15,2026-08-19,2026-08-16,2.5,2.5,SI
go_problems,42234,2,0,2026-07-14,28,2,2,69.0,15,2026-09-21,2026-08-08,2.5,2.5,SI
go_problems,42235,2,0,2026-07-14,28,2,2,54.0,15,2026-09-06,2026-08-09,2.5,2.5,SI
go_problems,42236,2,0,2026-07-14,28,2,2,29.0,15,2026-08-12,2026-07-30,2.5,2.5,SI
go_problems,42237,2,0,2026-07-08,34,2,2,45.0,15,2026-08-22,2026-08-02,2.5,2.5,SI
go_problems,42238,3,0,2026-08-11,0,3,3,94.0,38,2026-11-13,2026-11-02,2.5,2.5,SI
go_problems,42239,3,0,2026-08-05,6,3,3,115.0,38,2026-11-28,2026-09-27,2.5,2.5,SI
go_problems,42240,2,0,2026-07-14,28,2,2,44.0,15,2026-08-27,2026-08-03,2.5,2.5,SI
go_problems,42241,2,0,2026-07-18,24,2,2,40.0,15,2026-08-27,2026-08-05,2.5,2.5,SI
go_problems,42242,2,0,2026-07-14,28,2,2,40.0,15,2026-08-23,2026-08-19,2.5,2.5,SI
go_problems,42243,2,0,2026-07-13,29,2,2,50.0,15,2026-09-01,2026-08-07,2.5,2.5,SI
go_problems,42244,2,0,2026-07-14,28,2,2,30.0,15,2026-08-13,2026-08-20,2.5,2.5,SI
go_problems,42245,2,0,2026-07-14,28,2,2,47.0,15,2026-08-30,2026-08-19,2.5,2.5,SI
go_problems,42246,2,0,2026-07-14,28,2,2,80.0,15,2026-10-02,2026-08-14,2.5,2.5,SI
go_problems,42247,3,0,2026-08-05,6,3,3,135.0,38,2026-12-18,2026-10-29,2.5,2.5,SI
go_problems,42248,3,0,2026-07-28,14,3,3,103.0,38,2026-11-08,2026-09-14,2.5,2.5,SI
go_problems,42249,2,0,2026-07-09,33,2,2,40.0,15,2026-08-18,2026-08-12,2.5,2.5,SI
go_problems,42250,2,0,2026-07-14,28,2,2,72.0,15,2026-09-24,2026-08-07,2.5,2.5,SI
go_problems,42252,2,0,2026-07-08,34,2,2,41.0,15,2026-08-18,2026-08-01,2.5,2.5,SI
go_problems,42254,2,0,2026-07-09,33,2,2,35.0,15,2026-08-13,2026-07-25,2.5,2.5,SI
go_problems,42255,2,0,2026-07-16,26,2,2,55.0,15,2026-09-09,2026-08-18,2.5,2.5,SI
go_problems,42256,2,0,2026-07-09,33,2,2,44.0,15,2026-08-22,2026-07-29,2.5,2.5,SI
go_problems,42257,2,0,2026-07-07,35,2,2,44.0,15,2026-08-20,2026-08-06,2.5,2.5,SI
go_problems,42258,2,0,2026-07-16,26,2,2,43.0,15,2026-08-28,2026-08-02,2.5,2.5,SI
go_problems,42259,2,0,2026-07-16,26,2,2,27.0,15,2026-08-12,2026-08-09,2.5,2.5,SI
go_problems,42260,2,0,2026-07-14,28,2,2,49.0,15,2026-09-01,2026-08-06,2.5,2.5,SI
go_problems,42261,3,0,2026-08-10,1,3,3,95.0,38,2026-11-13,2026-10-27,2.5,2.5,SI
go_problems,42262,2,0,2026-07-14,28,2,2,76.0,15,2026-09-28,2026-08-04,2.5,2.5,SI
go_problems,42263,3,1,2026-07-14,28,2,2,44.0,14,2026-08-27,2026-08-01,2.3,2.3,SI
go_problems,42264,2,0,2026-07-13,29,2,2,50.0,15,2026-09-01,2026-08-10,2.5,2.5,SI
go_problems,42265,3,0,2026-08-06,5,3,3,155.0,38,2027-01-08,2026-10-25,2.5,2.5,SI
go_problems,42266,2,0,2026-07-09,33,2,2,57.0,15,2026-09-04,2026-08-04,2.5,2.5,SI
go_problems,42267,2,0,2026-07-09,33,2,2,40.0,15,2026-08-18,2026-07-30,2.5,2.5,SI
go_problems,42268,3,0,2026-08-05,6,3,3,63.0,38,2026-10-07,2026-09-15,2.5,2.5,SI
go_problems,42269,3,1,2026-07-19,23,2,2,39.0,14,2026-08-27,2026-08-19,2.3,2.3,SI
go_problems,42270,2,0,2026-07-14,28,2,2,31.0,15,2026-08-14,2026-08-06,2.5,2.5,SI
go_problems,42271,2,0,2026-07-21,21,2,2,54.0,15,2026-09-13,2026-08-07,2.5,2.5,SI
go_problems,42276,3,0,2026-08-05,6,3,3,57.0,38,2026-10-01,2026-11-01,2.5,2.5,SI
go_problems,42277,2,0,2026-07-09,33,2,2,36.0,15,2026-08-14,2026-07-25,2.5,2.5,SI
go_problems,42278,3,0,2026-08-07,4,3,3,83.0,38,2026-10-29,2026-11-09,2.5,2.5,SI
go_problems,42279,3,0,2026-08-06,5,3,3,95.0,38,2026-11-09,2026-09-30,2.5,2.5,SI
go_problems,42280,2,0,2026-07-14,28,2,2,49.0,15,2026-09-01,2026-08-07,2.5,2.5,SI
go_problems,42281,5,2,2026-07-23,19,2,2,20.0,13,2026-08-12,2026-08-09,2.0999999999999996,2.1,SI
go_problems,42286,3,0,2026-08-05,6,3,3,163.0,38,2027-01-15,2026-10-23,2.5,2.5,SI
go_problems,42288,2,0,2026-07-08,34,2,2,43.0,15,2026-08-20,2026-08-14,2.5,2.5,SI
go_problems,42295,2,0,2026-07-13,29,2,2,30.0,15,2026-08-12,2026-07-29,2.5,2.5,SI
go_problems,42299,2,0,2026-07-19,23,2,2,42.0,15,2026-08-30,2026-08-18,2.5,2.5,SI
go_problems,42301,2,0,2026-07-14,28,2,2,80.0,15,2026-10-02,2026-08-04,2.5,2.5,SI
go_problems,42303,3,0,2026-07-21,21,3,3,70.0,38,2026-09-29,2026-10-16,2.5,2.5,SI
go_problems,42307,2,0,2026-07-14,28,2,2,35.0,15,2026-08-18,2026-08-02,2.5,2.5,SI
go_problems,42308,4,2,2026-07-23,19,2,2,42.0,13,2026-09-03,2026-08-11,2.0999999999999996,2.1,SI
go_problems,42309,2,0,2026-07-14,28,2,2,65.0,15,2026-09-17,2026-08-17,2.5,2.5,SI
go_problems,42310,2,0,2026-07-17,25,2,2,48.0,15,2026-09-03,2026-08-16,2.5,2.5,SI
go_problems,42323,4,0,2026-07-19,23,4,4,431.0,95,2027-09-23,2027-02-05,2.5,2.5,SI
go_problems,42324,2,0,2026-07-09,33,2,2,55.0,15,2026-09-02,2026-08-02,2.5,2.5,SI
go_problems,42328,3,0,2026-07-30,12,3,3,127.0,38,2026-12-04,2026-10-04,2.5,2.5,SI
go_problems,42329,2,0,2026-07-14,28,2,2,36.0,15,2026-08-19,2026-08-09,2.5,2.5,SI
go_problems,42332,2,0,2026-07-14,28,2,2,67.0,15,2026-09-19,2026-08-03,2.5,2.5,SI
go_problems,42334,2,0,2026-07-14,28,2,2,33.0,15,2026-08-16,2026-08-07,2.5,2.5,SI
go_problems,42337,2,0,2026-07-08,34,2,2,48.0,15,2026-08-25,2026-08-05,2.5,2.5,SI
go_problems,42338,2,0,2026-07-17,25,2,2,46.0,15,2026-09-01,2026-08-13,2.5,2.5,SI
go_problems,42350,2,0,2026-07-13,29,2,2,53.0,15,2026-09-04,2026-08-06,2.5,2.5,SI
go_problems,42351,3,0,2026-08-09,2,3,3,182.0,38,2027-02-07,2026-09-23,2.5,2.5,SI
go_problems,42355,3,0,2026-07-28,14,3,3,135.0,38,2026-12-10,2026-09-16,2.5,2.5,SI
go_problems,42357,3,0,2026-08-11,0,3,3,187.0,38,2027-02-14,2026-10-20,2.5,2.5,SI
go_problems,42358,2,0,2026-07-13,29,2,2,40.0,15,2026-08-22,2026-08-03,2.5,2.5,SI
go_problems,42360,2,0,2026-07-13,29,2,2,41.0,15,2026-08-23,2026-07-29,2.5,2.5,SI
go_problems,42361,2,0,2026-07-14,28,2,2,77.0,15,2026-09-29,2026-08-18,2.5,2.5,SI
go_problems,42362,3,0,2026-08-11,0,3,3,147.0,38,2027-01-05,2026-11-03,2.5,2.5,SI
go_problems,42364,4,1,2026-07-20,22,2,2,62.0,14,2026-09-20,2026-08-17,2.3,2.3,SI
go_problems,42374,3,0,2026-07-27,15,3,3,51.0,38,2026-09-16,2026-10-27,2.5,2.5,SI
go_problems,42376,2,0,2026-07-14,28,2,2,57.0,15,2026-09-09,2026-08-06,2.5,2.5,SI
go_problems,42378,2,0,2026-07-14,28,2,2,35.0,15,2026-08-18,2026-08-15,2.5,2.5,SI
go_problems,42379,2,0,2026-07-09,33,2,2,43.0,15,2026-08-21,2026-07-26,2.5,2.5,SI
go_problems,42380,3,1,2026-07-14,28,2,2,39.0,14,2026-08-22,2026-08-10,2.3,2.3,SI
go_problems,42381,4,1,2026-08-11,0,1,1,13.0,6.0,2026-08-24,2026-08-17,2.3,2.3,SI
go_problems,42383,3,0,2026-07-23,19,3,3,84.0,38,2026-10-15,2026-09-28,2.5,2.5,SI
go_problems,42384,2,0,2026-07-20,22,2,2,39.0,15,2026-08-28,2026-08-07,2.5,2.5,SI
go_problems,42385,2,0,2026-07-14,28,2,2,48.0,15,2026-08-31,2026-08-13,2.5,2.5,SI
go_problems,42386,3,0,2026-07-27,15,3,3,82.0,38,2026-10-17,2026-10-25,2.5,2.5,SI
go_problems,42387,3,0,2026-08-10,1,3,3,101.0,38,2026-11-19,2026-10-27,2.5,2.5,SI
go_problems,42388,3,0,2026-08-08,3,3,3,181.0,38,2027-02-05,2026-10-12,2.5,2.5,SI
go_problems,42390,2,0,2026-07-08,34,2,2,44.0,15,2026-08-21,2026-08-12,2.5,2.5,SI
go_problems,42391,4,1,2026-07-23,19,2,2,24.0,14,2026-08-16,2026-08-06,2.3,2.3,SI
go_problems,42392,2,0,2026-07-08,34,2,2,41.0,15,2026-08-18,2026-07-23,2.5,2.5,SI
go_problems,42393,2,0,2026-07-14,28,2,2,45.0,15,2026-08-28,2026-08-02,2.5,2.5,SI
go_problems,42402,4,1,2026-07-30,12,3,3,88.0,32,2026-10-26,2026-10-02,2.3,2.3,SI
go_problems,42403,2,0,2026-07-14,28,2,2,64.0,15,2026-09-16,2026-08-16,2.5,2.5,SI
go_problems,42417,3,0,2026-08-10,1,3,3,152.0,38,2027-01-09,2026-09-19,2.5,2.5,SI
go_problems,42424,3,0,2026-07-25,17,3,3,106.0,38,2026-11-08,2026-10-27,2.5,2.5,SI
go_problems,42426,2,0,2026-07-09,33,2,2,40.0,15,2026-08-18,2026-07-28,2.5,2.5,SI
go_problems,42440,2,0,2026-07-09,33,2,2,46.0,15,2026-08-24,2026-07-27,2.5,2.5,SI
go_problems,42458,3,0,2026-08-05,6,3,3,86.0,38,2026-10-30,2026-09-12,2.5,2.5,SI
go_problems,42459,2,0,2026-07-14,28,2,2,75.0,15,2026-09-27,2026-08-11,2.5,2.5,SI
go_problems,42460,2,0,2026-07-14,28,2,2,32.0,15,2026-08-15,2026-08-20,2.5,2.5,SI
go_problems,42462,3,0,2026-08-09,2,3,3,83.0,38,2026-10-31,2026-11-11,2.5,2.5,SI
go_problems,42466,3,0,2026-08-09,2,3,3,128.0,38,2026-12-15,2026-10-01,2.5,2.5,SI
go_problems,42468,2,0,2026-07-09,33,2,2,53.0,15,2026-08-31,2026-08-08,2.5,2.5,SI
go_problems,42472,3,0,2026-08-10,1,2,3,45.0,38,2026-09-24,2026-10-03,2.5,2.5,SI
go_problems,42473,2,0,2026-07-14,28,2,2,47.0,15,2026-08-30,2026-07-31,2.5,2.5,SI
go_problems,42474,2,0,2026-07-14,28,2,2,33.0,15,2026-08-16,2026-08-06,2.5,2.5,SI
go_problems,42475,2,0,2026-07-14,28,2,2,52.0,15,2026-09-04,2026-08-05,2.5,2.5,SI
go_problems,42479,2,0,2026-07-14,28,2,2,41.0,15,2026-08-24,2026-08-15,2.5,2.5,SI
go_problems,42486,3,0,2026-08-08,3,3,3,161.0,38,2027-01-16,2026-11-04,2.5,2.5,SI
go_problems,42493,2,0,2026-07-17,25,2,2,29.0,15,2026-08-15,2026-08-05,2.5,2.5,SI
go_problems,42494,2,0,2026-07-14,28,2,2,66.0,15,2026-09-18,2026-08-18,2.5,2.5,SI
go_problems,42497,2,0,2026-07-14,28,2,2,35.0,15,2026-08-18,2026-08-11,2.5,2.5,SI
go_problems,42498,2,0,2026-07-09,33,2,2,40.0,15,2026-08-18,2026-07-29,2.5,2.5,SI
go_problems,42515,2,0,2026-07-14,28,2,2,40.0,15,2026-08-23,2026-07-29,2.5,2.5,SI
go_problems,42521,2,0,2026-07-14,28,2,2,32.0,15,2026-08-15,2026-08-04,2.5,2.5,SI
go_problems,42523,4,1,2026-07-18,24,2,2,35.0,14,2026-08-22,2026-08-13,2.3,2.3,SI
go_problems,42525,2,0,2026-07-14,28,2,2,57.0,15,2026-09-09,2026-08-14,2.5,2.5,SI
go_problems,42529,3,0,2026-08-05,6,3,3,119.0,38,2026-12-02,2026-10-20,2.5,2.5,SI
go_problems,42534,2,0,2026-07-21,21,2,2,63.0,15,2026-09-22,2026-08-11,2.5,2.5,SI
go_problems,42539,3,0,2026-07-30,12,3,3,53.0,38,2026-09-21,2026-09-07,2.5,2.5,SI
go_problems,42542,2,0,2026-07-18,24,2,2,51.0,15,2026-09-07,2026-08-14,2.5,2.5,SI
go_problems,42546,2,0,2026-07-20,22,2,2,42.0,15,2026-08-31,2026-08-06,2.5,2.5,SI
go_problems,42565,3,0,2026-08-10,1,3,3,193.0,38,2027-02-19,2026-09-23,2.5,2.5,SI
go_problems,42569,2,0,2026-07-14,28,2,2,51.0,15,2026-09-03,2026-08-05,2.5,2.5,SI
go_problems,42570,2,0,2026-07-13,29,2,2,30.0,15,2026-08-12,2026-08-04,2.5,2.5,SI
go_problems,42572,2,0,2026-07-14,28,2,2,38.0,15,2026-08-21,2026-08-05,2.5,2.5,SI
go_problems,42574,2,0,2026-07-13,29,2,2,62.0,15,2026-09-13,2026-07-29,2.5,2.5,SI
go_problems,42579,4,1,2026-07-19,23,3,3,135.0,32,2026-12-01,2026-09-08,2.3,2.3,SI
go_problems,42581,2,0,2026-07-17,25,2,2,53.0,15,2026-09-08,2026-08-14,2.5,2.5,SI
go_problems,42583,2,0,2026-07-13,29,2,2,33.0,15,2026-08-15,2026-08-18,2.5,2.5,SI
go_problems,42585,3,0,2026-07-19,23,3,3,282.0,38,2027-04-27,2026-10-02,2.5,2.5,SI
go_problems,42592,2,0,2026-07-16,26,2,2,77.0,15,2026-10-01,2026-08-12,2.5,2.5,SI
go_problems,42593,2,0,2026-07-14,28,2,2,39.0,15,2026-08-22,2026-08-07,2.5,2.5,SI
go_problems,42595,2,0,2026-07-14,28,2,2,35.0,15,2026-08-18,2026-08-16,2.5,2.5,SI
go_problems,42597,3,0,2026-08-08,3,3,3,163.0,38,2027-01-18,2026-10-26,2.5,2.5,SI
go_problems,42598,3,0,2026-08-05,6,3,3,140.0,38,2026-12-23,2026-10-06,2.5,2.5,SI
go_problems,42599,3,0,2026-07-19,23,3,3,257.0,38,2027-04-02,2026-10-14,2.5,2.5,SI
go_problems,42600,2,0,2026-07-09,33,2,2,55.0,15,2026-09-02,2026-08-11,2.5,2.5,SI
go_problems,42603,2,0,2026-07-09,33,2,2,43.0,15,2026-08-21,2026-08-04,2.5,2.5,SI
go_problems,42786,2,0,2026-07-14,28,2,2,76.0,15,2026-09-28,2026-08-13,2.5,2.5,SI
go_problems,42787,2,0,2026-07-08,34,2,2,46.0,15,2026-08-23,2026-07-25,2.5,2.5,SI
go_problems,42790,2,0,2026-07-18,24,2,2,42.0,15,2026-08-29,2026-08-15,2.5,2.5,SI
go_problems,42791,5,1,2026-08-06,5,3,3,70.0,32,2026-10-15,2026-10-13,2.3,2.3,SI
go_problems,42792,2,0,2026-07-17,25,2,2,51.0,15,2026-09-06,2026-08-05,2.5,2.5,SI
go_problems,42793,2,0,2026-07-17,25,2,2,45.0,15,2026-08-31,2026-08-21,2.5,2.5,SI
go_problems,42798,4,0,2026-07-19,23,4,4,292.0,95,2027-05-07,2026-11-22,2.5,2.5,SI
go_problems,42799,2,0,2026-07-09,33,2,2,46.0,15,2026-08-24,2026-08-01,2.5,2.5,SI
go_problems,42813,2,0,2026-07-16,26,2,2,35.0,15,2026-08-20,2026-08-01,2.5,2.5,SI
go_problems,42814,2,0,2026-07-14,28,2,2,75.0,15,2026-09-27,2026-08-20,2.5,2.5,SI
go_problems,42815,2,0,2026-07-14,28,2,2,33.0,15,2026-08-16,2026-07-31,2.5,2.5,SI
go_problems,42816,2,0,2026-07-16,26,2,2,36.0,15,2026-08-21,2026-08-16,2.5,2.5,SI
go_problems,42822,2,0,2026-07-16,26,2,2,38.0,15,2026-08-23,2026-08-10,2.5,2.5,SI
go_problems,42823,2,0,2026-07-14,28,2,2,61.0,15,2026-09-13,2026-08-09,2.5,2.5,SI
go_problems,42826,2,0,2026-07-14,28,2,2,33.0,15,2026-08-16,2026-07-31,2.5,2.5,SI
go_problems,42841,2,0,2026-07-14,28,2,2,71.0,15,2026-09-23,2026-08-02,2.5,2.5,SI
go_problems,42843,2,0,2026-07-20,22,2,2,48.0,15,2026-09-06,2026-08-26,2.5,2.5,SI
go_problems,42844,2,0,2026-07-14,28,2,2,49.0,15,2026-09-01,2026-08-02,2.5,2.5,SI
go_problems,42851,2,0,2026-07-14,28,2,2,62.0,15,2026-09-14,2026-08-06,2.5,2.5,SI
go_problems,42855,2,0,2026-07-14,28,2,2,59.0,15,2026-09-11,2026-07-30,2.5,2.5,SI
go_problems,42856,2,0,2026-07-20,22,2,2,36.0,15,2026-08-25,2026-08-14,2.5,2.5,SI
go_problems,42866,3,0,2026-08-09,2,3,3,123.0,38,2026-12-10,2026-09-25,2.5,2.5,SI
go_problems,42869,2,0,2026-07-14,28,2,2,67.0,15,2026-09-19,2026-08-06,2.5,2.5,SI
go_problems,42870,2,0,2026-07-14,28,2,2,79.0,15,2026-10-01,2026-08-07,2.5,2.5,SI
go_problems,42872,3,0,2026-08-10,1,2,3,42.0,38,2026-09-21,2026-11-12,2.5,2.5,SI
go_problems,42875,2,0,2026-07-19,23,2,2,46.0,15,2026-09-03,2026-08-17,2.5,2.5,SI
go_problems,42876,2,0,2026-07-14,28,2,2,37.0,15,2026-08-20,2026-07-29,2.5,2.5,SI
go_problems,42877,2,0,2026-07-14,28,2,2,61.0,15,2026-09-13,2026-08-12,2.5,2.5,SI
go_problems,42880,2,0,2026-07-21,21,2,2,35.0,15,2026-08-25,2026-08-07,2.5,2.5,SI
go_problems,42881,2,0,2026-07-09,33,2,2,44.0,15,2026-08-22,2026-07-25,2.5,2.5,SI
go_problems,42882,3,0,2026-07-30,12,3,3,148.0,38,2026-12-25,2026-09-09,2.5,2.5,SI
go_problems,42885,3,0,2026-08-05,6,3,3,117.0,38,2026-11-30,2026-10-17,2.5,2.5,SI
go_problems,42890,3,0,2026-08-09,2,3,3,169.0,38,2027-01-25,2026-11-06,2.5,2.5,SI
go_problems,42892,3,0,2026-08-11,0,3,3,117.0,38,2026-12-06,2026-10-24,2.5,2.5,SI
go_problems,42895,2,0,2026-07-14,28,2,2,40.0,15,2026-08-23,2026-08-15,2.5,2.5,SI
go_problems,42905,2,0,2026-07-14,28,2,2,64.0,15,2026-09-16,2026-08-14,2.5,2.5,SI
go_problems,42906,2,0,2026-07-18,24,2,2,46.0,15,2026-09-02,2026-08-03,2.5,2.5,SI
go_problems,42908,3,0,2026-07-25,17,3,3,111.0,38,2026-11-13,2026-10-01,2.5,2.5,SI
go_problems,42910,3,0,2026-08-11,0,3,3,175.0,38,2027-02-02,2026-09-28,2.5,2.5,SI
go_problems,42933,3,0,2026-07-19,23,3,3,110.0,38,2026-11-06,2026-09-02,2.5,2.5,SI
go_problems,42947,4,1,2026-07-25,17,2,2,19.0,14,2026-08-13,2026-08-12,2.3,2.3,SI
go_problems,42955,4,0,2026-07-19,23,4,4,1176.0,95,2029-10-07,2027-02-15,2.5,2.5,SI
go_problems,42961,2,0,2026-07-16,26,2,2,39.0,15,2026-08-24,2026-08-14,2.5,2.5,SI
go_problems,43042,4,0,2026-07-19,23,4,4,1195.0,95,2029-10-26,2026-10-25,2.5,2.5,SI
go_problems,43144,2,0,2026-07-16,26,2,2,77.0,15,2026-10-01,2026-08-16,2.5,2.5,SI
go_problems,43151,3,0,2026-08-09,2,3,3,86.0,38,2026-11-03,2026-11-02,2.5,2.5,SI
go_problems,43152,2,0,2026-07-14,28,2,2,58.0,15,2026-09-10,2026-08-03,2.5,2.5,SI
go_problems,43153,3,0,2026-08-07,4,3,3,93.0,38,2026-11-08,2026-10-09,2.5,2.5,SI
go_problems,43154,2,0,2026-07-07,35,2,2,42.0,15,2026-08-18,2026-08-08,2.5,2.5,SI
go_problems,43155,3,0,2026-08-10,1,3,3,168.0,38,2027-01-25,2026-10-05,2.5,2.5,SI
go_problems,43156,2,0,2026-07-14,28,2,2,45.0,15,2026-08-28,2026-08-02,2.5,2.5,SI
go_problems,43157,3,0,2026-07-19,23,3,3,296.0,38,2027-05-11,2026-09-12,2.5,2.5,SI
go_problems,43158,3,0,2026-08-08,3,3,3,193.0,38,2027-02-17,2026-10-31,2.5,2.5,SI
go_problems,43159,3,0,2026-08-10,1,3,3,125.0,38,2026-12-13,2026-09-20,2.5,2.5,SI
go_problems,43161,3,0,2026-08-05,6,3,3,135.0,38,2026-12-18,2026-11-04,2.5,2.5,SI
go_problems,43163,2,0,2026-07-14,28,2,2,68.0,15,2026-09-20,2026-08-14,2.5,2.5,SI
go_problems,43173,2,0,2026-07-07,35,2,2,41.0,15,2026-08-17,2026-08-02,2.5,2.5,SI
go_problems,43175,2,0,2026-07-14,28,2,2,62.0,15,2026-09-14,2026-08-11,2.5,2.5,SI
go_problems,43189,3,0,2026-07-30,12,3,3,57.0,38,2026-09-25,2026-10-21,2.5,2.5,SI
go_problems,43205,3,0,2026-07-19,23,3,3,156.0,38,2026-12-22,2026-09-01,2.5,2.5,SI
go_problems,43212,2,0,2026-07-14,28,2,2,63.0,15,2026-09-15,2026-08-10,2.5,2.5,SI
go_problems,43215,2,0,2026-07-09,33,2,2,45.0,15,2026-08-23,2026-07-24,2.5,2.5,SI
go_problems,43217,2,0,2026-07-16,26,2,2,60.0,15,2026-09-14,2026-08-17,2.5,2.5,SI
go_problems,43218,5,1,2026-08-06,5,3,3,63.0,32,2026-10-08,2026-10-16,2.3,2.3,SI
go_problems,43221,2,0,2026-07-21,21,2,2,81.0,15,2026-10-10,2026-08-27,2.5,2.5,SI
go_problems,43222,3,1,2026-07-16,26,2,2,31.0,14,2026-08-16,2026-08-12,2.3,2.3,SI
go_problems,43223,3,1,2026-07-14,28,2,2,47.0,14,2026-08-30,2026-08-07,2.3,2.3,SI
go_problems,43229,3,0,2026-08-05,6,3,3,68.0,38,2026-10-12,2026-09-21,2.5,2.5,SI
go_problems,43235,3,0,2026-07-19,23,3,3,193.0,38,2027-01-28,2026-09-11,2.5,2.5,SI
go_problems,43242,2,0,2026-07-14,28,2,2,48.0,15,2026-08-31,2026-08-05,2.5,2.5,SI
go_problems,43247,2,0,2026-07-13,29,2,2,42.0,15,2026-08-24,2026-08-09,2.5,2.5,SI
go_problems,43249,2,0,2026-07-14,28,2,2,69.0,15,2026-09-21,2026-08-16,2.5,2.5,SI
go_problems,43250,3,0,2026-08-06,5,3,3,88.0,38,2026-11-02,2026-10-26,2.5,2.5,SI
go_problems,43253,2,0,2026-07-08,34,2,2,36.0,15,2026-08-13,2026-08-04,2.5,2.5,SI
go_problems,43258,2,0,2026-07-22,20,2,2,39.0,15,2026-08-30,2026-08-15,2.5,2.5,SI
go_problems,43259,2,0,2026-07-13,29,2,2,37.0,15,2026-08-19,2026-08-12,2.5,2.5,SI
go_problems,43264,2,0,2026-07-14,28,2,2,35.0,15,2026-08-18,2026-08-02,2.5,2.5,SI
go_problems,43274,2,0,2026-07-21,21,2,2,75.0,15,2026-10-04,2026-08-23,2.5,2.5,SI
go_problems,43276,4,1,2026-07-27,15,2,2,33.0,14,2026-08-29,2026-08-12,2.3,2.3,SI
go_problems,43327,5,2,2026-08-08,3,3,3,86.0,27,2026-11-02,2026-09-25,2.0999999999999996,2.1,SI
go_problems,43452,2,0,2026-07-09,33,2,2,34.0,15,2026-08-12,2026-08-06,2.5,2.5,SI
go_problems,43457,2,0,2026-07-21,21,2,2,56.0,15,2026-09-15,2026-08-13,2.5,2.5,SI
go_problems,43459,2,0,2026-07-14,28,2,2,72.0,15,2026-09-24,2026-08-13,2.5,2.5,SI
go_problems,43460,2,0,2026-07-16,26,2,2,42.0,15,2026-08-27,2026-08-16,2.5,2.5,SI
go_problems,43464,3,0,2026-07-19,23,3,3,264.0,38,2027-04-09,2026-09-14,2.5,2.5,SI
go_problems,43466,3,0,2026-08-08,3,3,3,81.0,38,2026-10-28,2026-10-05,2.5,2.5,SI
go_problems,43497,2,0,2026-07-19,23,2,2,62.0,15,2026-09-19,2026-08-06,2.5,2.5,SI
go_problems,43500,3,1,2026-07-14,28,2,2,42.0,14,2026-08-25,2026-07-30,2.3,2.3,SI
go_problems,43517,2,0,2026-07-07,35,2,2,37.0,15,2026-08-13,2026-07-28,2.5,2.5,SI
go_problems,43531,2,0,2026-07-07,35,2,2,38.0,15,2026-08-14,2026-08-06,2.5,2.5,SI
go_problems,43534,2,0,2026-07-16,26,2,2,46.0,15,2026-08-31,2026-08-17,2.5,2.5,SI
go_problems,43538,2,0,2026-07-17,25,2,2,43.0,15,2026-08-29,2026-08-09,2.5,2.5,SI
go_problems,43539,2,0,2026-07-21,21,2,2,49.0,15,2026-09-08,2026-08-10,2.5,2.5,SI
go_problems,43540,2,0,2026-07-13,29,2,2,34.0,15,2026-08-16,2026-07-28,2.5,2.5,SI
go_problems,43542,2,0,2026-07-17,25,2,2,57.0,15,2026-09-12,2026-08-22,2.5,2.5,SI
go_problems,43543,2,0,2026-07-21,21,2,2,54.0,15,2026-09-13,2026-08-21,2.5,2.5,SI
go_problems,43547,3,0,2026-07-27,15,3,3,54.0,38,2026-09-19,2026-09-19,2.5,2.5,SI
go_problems,43549,2,0,2026-07-17,25,2,2,41.0,15,2026-08-27,2026-08-02,2.5,2.5,SI
go_problems,43550,2,0,2026-07-19,23,2,2,65.0,15,2026-09-22,2026-08-17,2.5,2.5,SI
go_problems,43555,2,0,2026-07-19,23,2,2,33.0,15,2026-08-21,2026-08-04,2.5,2.5,SI
go_problems,43557,2,0,2026-07-14,28,2,2,43.0,15,2026-08-26,2026-08-18,2.5,2.5,SI
go_problems,43559,5,2,2026-07-30,12,3,3,75.0,27,2026-10-13,2026-08-31,2.0999999999999996,2.1,SI
go_problems,43563,2,0,2026-07-20,22,2,2,63.0,15,2026-09-21,2026-08-18,2.5,2.5,SI
go_problems,43567,2,0,2026-07-16,26,2,2,33.0,15,2026-08-18,2026-08-05,2.5,2.5,SI
go_problems,43572,2,0,2026-07-14,28,2,2,63.0,15,2026-09-15,2026-07-31,2.5,2.5,SI
go_problems,43574,5,2,2026-08-05,6,2,2,31.0,13,2026-09-05,2026-08-22,2.0999999999999996,2.1,SI
go_problems,43575,2,0,2026-07-17,25,2,2,45.0,15,2026-08-31,2026-08-04,2.5,2.5,SI
go_problems,43578,2,0,2026-07-22,20,2,2,42.0,15,2026-09-02,2026-08-25,2.5,2.5,SI
go_problems,43582,3,0,2026-07-30,12,3,3,44.0,38,2026-09-12,2026-10-29,2.5,2.5,SI
go_problems,43584,3,0,2026-07-27,15,3,3,106.0,38,2026-11-10,2026-10-28,2.5,2.5,SI
go_problems,43585,3,0,2026-08-10,1,3,3,203.0,38,2027-03-01,2026-09-30,2.5,2.5,SI
go_problems,43590,2,0,2026-07-14,28,2,2,33.0,15,2026-08-16,2026-08-20,2.5,2.5,SI
go_problems,43592,3,0,2026-08-11,0,3,3,121.0,38,2026-12-10,2026-10-25,2.5,2.5,SI
go_problems,43593,2,0,2026-07-13,29,2,2,55.0,15,2026-09-06,2026-07-28,2.5,2.5,SI
go_problems,43595,2,0,2026-07-09,33,2,2,44.0,15,2026-08-22,2026-08-05,2.5,2.5,SI
go_problems,43597,2,0,2026-07-16,26,2,2,61.0,15,2026-09-15,2026-08-14,2.5,2.5,SI
go_problems,43601,2,0,2026-07-20,22,2,2,70.0,15,2026-09-28,2026-08-17,2.5,2.5,SI
go_problems,43605,2,0,2026-07-09,33,2,2,54.0,15,2026-09-01,2026-08-07,2.5,2.5,SI
go_problems,43620,2,0,2026-07-16,26,2,2,65.0,15,2026-09-19,2026-08-11,2.5,2.5,SI
go_problems,43622,2,0,2026-07-08,34,2,2,48.0,15,2026-08-25,2026-07-31,2.5,2.5,SI
go_problems,43626,2,0,2026-07-14,28,2,2,36.0,15,2026-08-19,2026-08-12,2.5,2.5,SI
go_problems,43627,2,0,2026-07-16,26,2,2,34.0,15,2026-08-19,2026-08-05,2.5,2.5,SI
go_problems,43630,2,0,2026-07-13,29,2,2,55.0,15,2026-09-06,2026-08-09,2.5,2.5,SI
go_problems,43633,2,0,2026-07-14,28,2,2,31.0,15,2026-08-14,2026-08-02,2.5,2.5,SI
go_problems,43635,2,0,2026-07-09,33,2,2,54.0,15,2026-09-01,2026-07-28,2.5,2.5,SI
go_problems,43636,2,0,2026-07-22,20,2,2,84.0,15,2026-10-14,2026-08-16,2.5,2.5,SI
go_problems,43639,3,0,2026-08-11,0,3,3,154.0,38,2027-01-12,2026-10-09,2.5,2.5,SI
go_problems,43640,2,0,2026-07-14,28,2,2,60.0,15,2026-09-12,2026-08-06,2.5,2.5,SI
go_problems,43641,2,0,2026-07-14,28,2,2,50.0,15,2026-09-02,2026-08-03,2.5,2.5,SI
go_problems,43642,2,0,2026-07-08,34,2,2,40.0,15,2026-08-17,2026-07-26,2.5,2.5,SI
go_problems,43645,2,0,2026-07-14,28,2,2,63.0,15,2026-09-15,2026-08-15,2.5,2.5,SI
go_problems,43647,2,0,2026-07-14,28,2,2,54.0,15,2026-09-06,2026-08-16,2.5,2.5,SI
go_problems,43648,2,0,2026-07-14,28,2,2,56.0,15,2026-09-08,2026-08-14,2.5,2.5,SI
go_problems,43650,2,0,2026-07-14,28,2,2,40.0,15,2026-08-23,2026-08-08,2.5,2.5,SI
go_problems,43651,3,0,2026-07-27,15,3,3,66.0,38,2026-10-01,2026-09-14,2.5,2.5,SI
go_problems,43652,3,0,2026-07-19,23,3,3,219.0,38,2027-02-23,2026-09-14,2.5,2.5,SI
go_problems,43654,3,0,2026-08-05,6,3,3,101.0,38,2026-11-14,2026-10-28,2.5,2.5,SI
go_problems,43656,2,0,2026-07-09,33,2,2,51.0,15,2026-08-29,2026-08-14,2.5,2.5,SI
go_problems,43657,2,0,2026-07-21,21,2,2,49.0,15,2026-09-08,2026-08-23,2.5,2.5,SI
go_problems,43658,3,0,2026-07-30,12,3,3,89.0,38,2026-10-27,2026-09-27,2.5,2.5,SI
go_problems,43660,2,0,2026-07-19,23,2,2,42.0,15,2026-08-30,2026-08-07,2.5,2.5,SI
go_problems,43667,2,0,2026-07-14,28,2,2,61.0,15,2026-09-13,2026-08-02,2.5,2.5,SI
go_problems,43668,3,0,2026-08-05,6,3,3,146.0,38,2026-12-29,2026-11-07,2.5,2.5,SI
go_problems,43670,2,0,2026-07-14,28,2,2,36.0,15,2026-08-19,2026-08-14,2.5,2.5,SI
go_problems,43671,4,1,2026-07-27,15,3,3,71.0,32,2026-10-06,2026-09-10,2.3,2.3,SI
go_problems,43672,3,0,2026-08-11,0,3,3,139.0,38,2026-12-28,2026-09-22,2.5,2.5,SI
go_problems,43673,2,0,2026-07-14,28,2,2,39.0,15,2026-08-22,2026-08-19,2.5,2.5,SI
go_problems,43674,2,0,2026-07-20,22,2,2,73.0,15,2026-10-01,2026-08-17,2.5,2.5,SI
go_problems,43675,3,0,2026-08-08,3,3,3,144.0,38,2026-12-30,2026-11-06,2.5,2.5,SI
go_problems,43676,2,0,2026-07-16,26,2,2,37.0,15,2026-08-22,2026-08-07,2.5,2.5,SI
go_problems,43677,2,0,2026-07-14,28,2,2,63.0,15,2026-09-15,2026-07-31,2.5,2.5,SI
go_problems,43678,2,0,2026-07-14,28,2,2,67.0,15,2026-09-19,2026-08-09,2.5,2.5,SI
go_problems,43679,2,0,2026-07-19,23,2,2,40.0,15,2026-08-28,2026-08-04,2.5,2.5,SI
go_problems,43680,2,0,2026-07-14,28,2,2,76.0,15,2026-09-28,2026-08-19,2.5,2.5,SI
go_problems,43682,4,1,2026-07-19,23,3,3,215.0,32,2027-02-19,2026-08-28,2.3,2.3,SI
go_problems,43683,2,0,2026-07-14,28,2,2,58.0,15,2026-09-10,2026-08-12,2.5,2.5,SI
go_problems,43684,2,0,2026-07-09,33,2,2,50.0,15,2026-08-28,2026-07-26,2.5,2.5,SI
go_problems,43688,2,0,2026-07-09,33,2,2,42.0,15,2026-08-20,2026-08-01,2.5,2.5,SI
go_problems,43689,2,0,2026-07-13,29,2,2,41.0,15,2026-08-23,2026-08-08,2.5,2.5,SI
go_problems,43690,2,0,2026-07-20,22,2,2,46.0,15,2026-09-04,2026-08-18,2.5,2.5,SI
go_problems,43693,2,0,2026-07-17,25,2,2,55.0,15,2026-09-10,2026-08-23,2.5,2.5,SI
go_problems,43694,2,0,2026-07-13,29,2,2,50.0,15,2026-09-01,2026-08-04,2.5,2.5,SI
go_problems,43697,2,0,2026-07-21,21,2,2,50.0,15,2026-09-09,2026-08-18,2.5,2.5,SI
go_problems,43698,2,0,2026-07-16,26,2,2,45.0,15,2026-08-30,2026-08-02,2.5,2.5,SI
go_problems,43699,3,0,2026-08-05,6,3,3,125.0,38,2026-12-08,2026-10-15,2.5,2.5,SI
go_problems,43702,2,0,2026-07-19,23,2,2,32.0,15,2026-08-20,2026-08-21,2.5,2.5,SI
go_problems,43703,2,0,2026-07-16,26,2,2,44.0,15,2026-08-29,2026-08-08,2.5,2.5,SI
go_problems,43704,3,0,2026-07-25,17,3,3,63.0,38,2026-09-26,2026-09-09,2.5,2.5,SI
go_problems,43707,3,0,2026-07-24,18,3,3,98.0,38,2026-10-30,2026-10-12,2.5,2.5,SI
go_problems,43714,2,0,2026-07-08,34,2,2,39.0,15,2026-08-16,2026-07-26,2.5,2.5,SI
go_problems,43715,3,0,2026-08-11,0,3,3,120.0,38,2026-12-09,2026-10-22,2.5,2.5,SI
go_problems,43716,2,0,2026-07-14,28,2,2,57.0,15,2026-09-09,2026-08-06,2.5,2.5,SI
go_problems,43722,2,0,2026-07-14,28,2,2,79.0,15,2026-10-01,2026-08-03,2.5,2.5,SI
go_problems,43723,3,0,2026-08-06,5,3,3,167.0,38,2027-01-20,2026-09-22,2.5,2.5,SI
go_problems,43724,2,0,2026-07-14,28,2,2,67.0,15,2026-09-19,2026-08-20,2.5,2.5,SI
go_problems,43745,2,0,2026-07-16,26,2,2,39.0,15,2026-08-24,2026-08-15,2.5,2.5,SI
go_problems,43754,3,0,2026-07-19,23,3,3,230.0,38,2027-03-06,2026-09-12,2.5,2.5,SI
go_problems,43758,2,0,2026-07-19,23,2,2,31.0,15,2026-08-19,2026-08-04,2.5,2.5,SI
go_problems,43759,4,1,2026-08-05,6,2,2,33.0,14,2026-09-07,2026-08-27,2.3,2.3,SI
go_problems,43813,2,0,2026-07-08,34,2,2,48.0,15,2026-08-25,2026-08-07,2.5,2.5,SI
go_problems,43821,2,0,2026-07-09,33,2,2,54.0,15,2026-09-01,2026-08-04,2.5,2.5,SI
go_problems,43844,3,0,2026-08-11,0,3,3,68.0,38,2026-10-18,2026-10-30,2.5,2.5,SI
go_problems,43867,3,0,2026-07-19,23,3,3,196.0,38,2027-01-31,2026-09-04,2.5,2.5,SI
go_problems,43879,3,1,2026-07-21,21,2,2,43.0,14,2026-09-02,2026-08-20,2.3,2.3,SI
go_problems,43908,2,0,2026-07-13,29,2,2,37.0,15,2026-08-19,2026-08-09,2.5,2.5,SI
go_problems,43910,4,0,2026-07-19,23,4,4,370.0,95,2027-07-24,2027-02-13,2.5,2.5,SI
go_problems,43911,2,0,2026-07-14,28,2,2,47.0,15,2026-08-30,2026-08-07,2.5,2.5,SI
go_problems,43917,2,0,2026-07-20,22,2,2,64.0,15,2026-09-22,2026-08-22,2.5,2.5,SI
go_problems,43931,2,0,2026-07-14,28,2,2,30.0,15,2026-08-13,2026-08-11,2.5,2.5,SI
go_problems,43935,2,0,2026-07-14,28,2,2,71.0,15,2026-09-23,2026-08-16,2.5,2.5,SI
go_problems,43938,2,0,2026-07-21,21,2,2,72.0,15,2026-10-01,2026-08-17,2.5,2.5,SI
go_problems,43944,4,0,2026-07-19,23,4,4,826.0,95,2028-10-22,2027-02-09,2.5,2.5,SI
go_problems,43948,3,0,2026-08-09,2,3,3,128.0,38,2026-12-15,2026-11-07,2.5,2.5,SI
go_problems,44010,3,0,2026-07-30,12,3,3,101.0,38,2026-11-08,2026-10-15,2.5,2.5,SI
go_problems,44011,2,0,2026-07-14,28,2,2,47.0,15,2026-08-30,2026-08-18,2.5,2.5,SI
go_problems,44012,2,0,2026-07-22,20,2,2,36.0,15,2026-08-27,2026-08-28,2.5,2.5,SI
go_problems,44013,3,0,2026-08-08,3,3,3,139.0,38,2026-12-25,2026-10-23,2.5,2.5,SI
go_problems,44025,2,0,2026-07-13,29,2,2,36.0,15,2026-08-18,2026-08-07,2.5,2.5,SI
go_problems,44039,2,0,2026-07-16,26,2,2,71.0,15,2026-09-25,2026-08-16,2.5,2.5,SI
go_problems,44048,2,0,2026-07-18,24,2,2,33.0,15,2026-08-20,2026-08-02,2.5,2.5,SI
go_problems,44049,4,0,2026-07-19,23,4,4,256.0,95,2027-04-01,2026-10-26,2.5,2.5,SI
go_problems,44051,2,0,2026-07-14,28,2,2,50.0,15,2026-09-02,2026-07-31,2.5,2.5,SI
go_problems,44054,2,0,2026-07-14,28,2,2,39.0,15,2026-08-22,2026-07-29,2.5,2.5,SI
go_problems,44057,4,1,2026-07-19,23,2,2,30.0,14,2026-08-18,2026-08-11,2.3,2.3,SI
go_problems,44059,2,0,2026-07-16,26,2,2,63.0,15,2026-09-17,2026-08-12,2.5,2.5,SI
go_problems,44063,3,0,2026-08-05,6,3,3,179.0,38,2027-01-31,2026-09-16,2.5,2.5,SI
go_problems,44064,2,0,2026-07-19,23,2,2,44.0,15,2026-09-01,2026-08-17,2.5,2.5,SI
go_problems,44070,2,0,2026-07-14,28,2,2,50.0,15,2026-09-02,2026-08-11,2.5,2.5,SI
go_problems,44072,2,0,2026-07-14,28,2,2,47.0,15,2026-08-30,2026-08-19,2.5,2.5,SI
go_problems,44076,2,0,2026-07-16,26,2,2,37.0,15,2026-08-22,2026-08-21,2.5,2.5,SI
go_problems,44078,2,0,2026-07-09,33,2,2,52.0,15,2026-08-30,2026-08-07,2.5,2.5,SI
go_problems,44079,2,0,2026-07-16,26,2,2,40.0,15,2026-08-25,2026-08-12,2.5,2.5,SI
go_problems,44080,2,0,2026-07-16,26,2,2,75.0,15,2026-09-29,2026-08-13,2.5,2.5,SI
go_problems,44088,4,1,2026-07-19,23,2,2,54.0,14,2026-09-11,2026-08-04,2.3,2.3,SI
go_problems,44090,3,0,2026-08-09,2,3,3,183.0,38,2027-02-08,2026-09-24,2.5,2.5,SI
go_problems,44091,2,0,2026-07-22,20,2,2,63.0,15,2026-09-23,2026-08-11,2.5,2.5,SI
go_problems,44098,4,1,2026-07-22,20,2,2,65.0,14,2026-09-25,2026-08-06,2.3,2.3,SI
go_problems,44112,3,0,2026-08-05,6,3,3,95.0,38,2026-11-08,2026-10-02,2.5,2.5,SI
go_problems,44120,3,1,2026-07-20,22,2,2,53.0,14,2026-09-11,2026-08-08,2.3,2.3,SI
go_problems,44126,2,0,2026-07-16,26,2,2,59.0,15,2026-09-13,2026-08-13,2.5,2.5,SI
go_problems,44142,5,2,2026-08-05,6,3,3,37.0,27,2026-09-11,2026-09-30,2.0999999999999996,2.1,SI
go_problems,44144,3,0,2026-08-09,2,3,3,141.0,38,2026-12-28,2026-10-07,2.5,2.5,SI
go_problems,44153,2,0,2026-07-14,28,2,2,69.0,15,2026-09-21,2026-07-30,2.5,2.5,SI
go_problems,44270,2,0,2026-07-14,28,2,2,30.0,15,2026-08-13,2026-07-29,2.5,2.5,SI
go_problems,44271,2,0,2026-07-22,20,2,2,36.0,15,2026-08-27,2026-08-17,2.5,2.5,SI
go_problems,44273,2,0,2026-07-14,28,2,2,46.0,15,2026-08-29,2026-08-01,2.5,2.5,SI
go_problems,44275,2,0,2026-07-14,28,2,2,65.0,15,2026-09-17,2026-08-02,2.5,2.5,SI
go_problems,44277,2,0,2026-07-18,24,2,2,49.0,15,2026-09-05,2026-08-22,2.5,2.5,SI
go_problems,44279,2,0,2026-07-14,28,2,2,58.0,15,2026-09-10,2026-08-11,2.5,2.5,SI
go_problems,44280,2,0,2026-07-14,28,2,2,73.0,15,2026-09-25,2026-08-04,2.5,2.5,SI
go_problems,44281,2,0,2026-07-17,25,2,2,47.0,15,2026-09-02,2026-08-05,2.5,2.5,SI
go_problems,44285,2,0,2026-07-18,24,2,2,59.0,15,2026-09-15,2026-08-19,2.5,2.5,SI
go_problems,44286,2,0,2026-07-13,29,2,2,43.0,15,2026-08-25,2026-08-13,2.5,2.5,SI
go_problems,44288,4,1,2026-07-22,20,2,2,28.0,14,2026-08-19,2026-08-18,2.3,2.3,SI
go_problems,44289,7,3,2026-08-05,6,3,3,32.0,21,2026-09-06,2026-09-13,1.8999999999999997,1.9,SI
go_problems,44302,2,0,2026-07-14,28,2,2,54.0,15,2026-09-06,2026-08-19,2.5,2.5,SI
go_problems,44319,2,0,2026-07-18,24,2,2,57.0,15,2026-09-13,2026-08-20,2.5,2.5,SI
go_problems,44333,4,1,2026-07-19,23,2,2,53.0,14,2026-09-10,2026-08-15,2.3,2.3,SI
go_problems,44334,3,1,2026-07-16,26,2,2,32.0,14,2026-08-17,2026-08-12,2.3,2.3,SI
go_problems,44338,3,0,2026-08-09,2,3,3,117.0,38,2026-12-04,2026-09-28,2.5,2.5,SI
go_problems,44339,4,0,2026-07-19,23,4,4,751.0,95,2028-08-08,2027-02-20,2.5,2.5,SI
go_problems,44340,2,0,2026-07-14,28,2,2,40.0,15,2026-08-23,2026-07-29,2.5,2.5,SI
go_problems,44341,2,0,2026-07-14,28,2,2,84.0,15,2026-10-06,2026-08-01,2.5,2.5,SI
go_problems,44342,2,0,2026-07-07,35,2,2,38.0,15,2026-08-14,2026-07-28,2.5,2.5,SI
go_problems,44343,2,0,2026-07-22,20,2,2,54.0,15,2026-09-14,2026-08-20,2.5,2.5,SI
go_problems,44344,3,0,2026-08-09,2,3,3,204.0,38,2027-03-01,2026-09-24,2.5,2.5,SI
go_problems,44365,3,0,2026-07-30,12,3,3,96.0,38,2026-11-03,2026-10-13,2.5,2.5,SI
go_problems,44368,3,0,2026-08-05,6,3,3,114.0,38,2026-11-27,2026-09-26,2.5,2.5,SI
go_problems,44394,2,0,2026-07-13,29,2,2,31.0,15,2026-08-13,2026-08-15,2.5,2.5,SI
go_problems,44395,2,0,2026-07-14,28,2,2,67.0,15,2026-09-19,2026-08-11,2.5,2.5,SI
go_problems,44414,2,0,2026-07-14,28,2,2,38.0,15,2026-08-21,2026-08-12,2.5,2.5,SI
go_problems,44415,3,0,2026-07-23,19,3,3,80.0,38,2026-10-11,2026-10-05,2.5,2.5,SI
go_problems,44418,2,0,2026-07-14,28,2,2,40.0,15,2026-08-23,2026-08-19,2.5,2.5,SI
go_problems,44422,2,0,2026-07-14,28,2,2,45.0,15,2026-08-28,2026-08-15,2.5,2.5,SI
go_problems,44423,1,0,2026-07-03,39,,1,,6.0,,2026-07-14,,2.5,SI
go_problems,44424,1,0,2026-07-03,39,,1,,6.0,,2026-07-11,,2.5,SI
go_problems,44425,2,0,2026-07-16,26,2,2,36.0,15,2026-08-21,2026-08-22,2.5,2.5,SI
go_problems,44426,2,0,2026-07-14,28,2,2,31.0,15,2026-08-14,2026-08-10,2.5,2.5,SI
go_problems,44427,3,0,2026-07-27,15,3,3,101.0,38,2026-11-05,2026-10-20,2.5,2.5,SI
go_problems,44428,2,0,2026-07-14,28,2,2,48.0,15,2026-08-31,2026-08-08,2.5,2.5,SI
go_problems,44433,2,0,2026-07-16,26,2,2,42.0,15,2026-08-27,2026-07-31,2.5,2.5,SI
go_problems,44438,2,0,2026-07-08,34,2,2,48.0,15,2026-08-25,2026-07-23,2.5,2.5,SI
go_problems,44441,2,0,2026-07-14,28,2,2,51.0,15,2026-09-03,2026-07-29,2.5,2.5,SI
go_problems,44444,2,0,2026-07-09,33,2,2,43.0,15,2026-08-21,2026-08-15,2.5,2.5,SI
go_problems,44448,3,0,2026-07-25,17,3,3,49.0,38,2026-09-12,2026-10-06,2.5,2.5,SI
go_problems,44450,4,1,2026-08-05,6,2,2,32.0,14,2026-09-06,2026-09-04,2.3,2.3,SI
go_problems,44453,2,0,2026-07-16,26,2,2,55.0,15,2026-09-09,2026-08-16,2.5,2.5,SI
go_problems,44465,2,0,2026-07-13,29,2,2,32.0,15,2026-08-14,2026-08-19,2.5,2.5,SI
go_problems,44467,2,0,2026-07-14,28,2,2,43.0,15,2026-08-26,2026-08-14,2.5,2.5,SI
go_problems,44472,2,0,2026-07-14,28,2,2,58.0,15,2026-09-10,2026-08-19,2.5,2.5,SI
go_problems,44476,1,0,2026-07-03,39,,1,,6.0,,2026-07-17,,2.5,SI
go_problems,44486,2,0,2026-07-16,26,2,2,44.0,15,2026-08-29,2026-08-17,2.5,2.5,SI
go_problems,44487,2,0,2026-07-13,29,2,2,36.0,15,2026-08-18,2026-08-14,2.5,2.5,SI
go_problems,44497,3,0,2026-07-27,15,3,3,53.0,38,2026-09-18,2026-10-06,2.5,2.5,SI
go_problems,44507,2,0,2026-07-14,28,2,2,44.0,15,2026-08-27,2026-08-05,2.5,2.5,SI
go_problems,44508,3,0,2026-08-07,4,3,3,92.0,38,2026-11-07,2026-10-03,2.5,2.5,SI
go_problems,44509,6,2,2026-07-28,14,2,2,31.0,13,2026-08-28,2026-08-10,2.0999999999999996,2.1,SI
go_problems,44510,3,0,2026-08-07,4,3,3,83.0,38,2026-10-29,2026-09-18,2.5,2.5,SI
go_problems,44513,3,1,2026-07-16,26,2,2,55.0,14,2026-09-09,2026-08-09,2.3,2.3,SI
go_problems,44514,3,0,2026-08-09,2,3,3,63.0,38,2026-10-11,2026-10-29,2.5,2.5,SI
go_problems,44515,3,0,2026-08-05,6,3,3,69.0,38,2026-10-13,2026-10-15,2.5,2.5,SI
go_problems,44531,2,0,2026-07-13,29,2,2,53.0,15,2026-09-04,2026-08-15,2.5,2.5,SI
go_problems,44534,3,0,2026-08-10,1,3,3,108.0,38,2026-11-26,2026-10-01,2.5,2.5,SI
go_problems,44535,3,0,2026-08-05,6,3,3,141.0,38,2026-12-24,2026-10-17,2.5,2.5,SI
go_problems,44537,3,0,2026-07-19,23,3,3,202.0,38,2027-02-06,2026-10-04,2.5,2.5,SI
go_problems,44538,3,0,2026-08-05,6,3,3,121.0,38,2026-12-04,2026-10-10,2.5,2.5,SI
go_problems,44539,5,2,2026-07-19,23,2,2,47.0,13,2026-09-04,2026-08-04,2.0999999999999996,2.1,SI
go_problems,44541,3,0,2026-07-19,23,3,3,242.0,38,2027-03-18,2026-10-17,2.5,2.5,SI
go_problems,44545,2,0,2026-07-16,26,2,2,28.0,15,2026-08-13,2026-08-18,2.5,2.5,SI
go_problems,44546,2,0,2026-07-17,25,2,2,73.0,15,2026-09-28,2026-08-17,2.5,2.5,SI
go_problems,44548,4,1,2026-07-28,14,2,2,22.0,14,2026-08-19,2026-08-16,2.3,2.3,SI
go_problems,44560,2,0,2026-07-14,28,2,2,43.0,15,2026-08-26,2026-07-31,2.5,2.5,SI
go_problems,44565,3,0,2026-07-19,23,3,3,183.0,38,2027-01-18,2026-08-31,2.5,2.5,SI
go_problems,44573,2,0,2026-07-14,28,2,2,56.0,15,2026-09-08,2026-08-11,2.5,2.5,SI
go_problems,44592,2,0,2026-07-20,22,2,2,63.0,15,2026-09-21,2026-08-10,2.5,2.5,SI
go_problems,44594,2,0,2026-07-14,28,2,2,68.0,15,2026-09-20,2026-08-18,2.5,2.5,SI
go_problems,44595,3,0,2026-08-09,2,3,3,119.0,38,2026-12-06,2026-11-09,2.5,2.5,SI
go_problems,44597,3,0,2026-08-05,6,3,3,78.0,38,2026-10-22,2026-10-26,2.5,2.5,SI
go_problems,44598,12,7,2026-08-05,6,2,2,9.0,8,2026-08-14,2026-08-14,1.3,1.3,SI
go_problems,44601,2,0,2026-07-09,33,2,2,35.0,15,2026-08-13,2026-07-30,2.5,2.5,SI
go_problems,44602,3,0,2026-08-10,1,3,3,96.0,38,2026-11-14,2026-10-13,2.5,2.5,SI
go_problems,44612,3,0,2026-07-28,14,3,3,93.0,38,2026-10-29,2026-10-04,2.5,2.5,SI
go_problems,44624,2,0,2026-07-22,20,2,2,49.0,15,2026-09-09,2026-08-10,2.5,2.5,SI
go_problems,44686,2,0,2026-07-14,28,2,2,42.0,15,2026-08-25,2026-08-02,2.5,2.5,SI
go_problems,44688,3,0,2026-07-30,12,3,3,96.0,38,2026-11-03,2026-10-14,2.5,2.5,SI
go_problems,44689,5,2,2026-08-05,6,2,2,30.0,13,2026-09-04,2026-08-23,2.0999999999999996,2.1,SI
go_problems,44692,3,0,2026-08-06,5,3,3,97.0,38,2026-11-11,2026-11-05,2.5,2.5,SI
go_problems,44693,4,1,2026-08-07,4,3,3,145.0,32,2026-12-30,2026-09-30,2.3,2.3,SI
go_problems,44694,2,0,2026-07-17,25,2,2,83.0,15,2026-10-08,2026-08-18,2.5,2.5,SI
go_problems,44698,3,0,2026-07-19,23,3,3,160.0,38,2026-12-26,2026-09-06,2.5,2.5,SI
go_problems,44701,2,0,2026-07-20,22,2,2,52.0,15,2026-09-10,2026-08-09,2.5,2.5,SI
go_problems,44704,2,0,2026-07-16,26,2,2,32.0,15,2026-08-17,2026-08-15,2.5,2.5,SI
go_problems,44708,3,1,2026-07-17,25,2,2,29.0,14,2026-08-15,2026-08-03,2.3,2.3,SI
go_problems,44714,2,0,2026-07-14,28,2,2,39.0,15,2026-08-22,2026-08-18,2.5,2.5,SI
go_problems,44715,1,0,2026-07-03,39,,1,,6.0,,2026-07-15,,2.5,SI
go_problems,44716,6,3,2026-08-10,1,3,3,67.0,21,2026-10-16,2026-09-04,1.8999999999999997,1.9,SI
go_problems,44720,3,0,2026-08-05,6,3,3,141.0,38,2026-12-24,2026-10-08,2.5,2.5,SI
go_problems,44721,2,0,2026-07-18,24,2,2,33.0,15,2026-08-20,2026-08-13,2.5,2.5,SI
go_problems,44727,2,0,2026-07-14,28,2,2,74.0,15,2026-09-26,2026-07-30,2.5,2.5,SI
go_problems,44731,3,0,2026-07-19,23,3,3,354.0,38,2027-07-08,2026-10-16,2.5,2.5,SI
go_problems,44737,3,0,2026-08-11,0,3,3,107.0,38,2026-11-26,2026-11-08,2.5,2.5,SI
go_problems,44738,2,0,2026-07-14,28,2,2,37.0,15,2026-08-20,2026-08-17,2.5,2.5,SI
go_problems,44739,3,0,2026-08-05,6,3,3,140.0,38,2026-12-23,2026-10-14,2.5,2.5,SI
go_problems,44743,3,0,2026-08-11,0,3,3,237.0,38,2027-04-05,2026-09-20,2.5,2.5,SI
go_problems,44746,2,0,2026-07-07,35,2,2,37.0,15,2026-08-13,2026-07-27,2.5,2.5,SI
go_problems,44747,3,0,2026-08-11,0,3,3,188.0,38,2027-02-15,2026-09-24,2.5,2.5,SI
go_problems,44749,2,0,2026-07-14,28,2,2,60.0,15,2026-09-12,2026-08-19,2.5,2.5,SI
go_problems,44753,4,0,2026-08-11,0,4,4,240.0,95,2027-04-08,2026-11-14,2.5,2.5,SI
go_problems,44755,2,0,2026-07-14,28,2,2,62.0,15,2026-09-14,2026-08-15,2.5,2.5,SI
go_problems,44758,3,0,2026-08-11,0,3,3,141.0,38,2026-12-30,2026-10-18,2.5,2.5,SI
go_problems,44762,5,2,2026-08-11,0,3,3,116.0,27,2026-12-05,2026-09-08,2.0999999999999996,2.1,SI
go_problems,44770,3,0,2026-08-11,0,3,3,201.0,38,2027-02-28,2026-10-10,2.5,2.5,SI
go_problems,44771,3,1,2026-07-09,33,2,2,35.0,14,2026-08-13,2026-08-07,2.3,2.3,SI
go_problems,44775,2,0,2026-07-14,28,2,2,65.0,15,2026-09-17,2026-08-09,2.5,2.5,SI
go_problems,44782,7,2,2026-08-11,0,3,3,101.0,27,2026-11-20,2026-09-10,2.0999999999999996,2.1,SI
go_problems,44793,3,0,2026-08-11,0,3,3,200.0,38,2027-02-27,2026-10-25,2.5,2.5,SI
go_problems,44801,3,0,2026-07-30,12,3,3,63.0,38,2026-10-01,2026-09-08,2.5,2.5,SI
go_problems,44807,2,0,2026-07-13,29,2,2,54.0,15,2026-09-05,2026-08-19,2.5,2.5,SI
go_problems,44808,2,0,2026-07-14,28,2,2,82.0,15,2026-10-04,2026-07-30,2.5,2.5,SI
go_problems,44809,3,0,2026-08-05,6,3,3,149.0,38,2027-01-01,2026-09-19,2.5,2.5,SI
go_problems,44839,3,0,2026-08-11,0,3,3,250.0,38,2027-04-18,2026-09-24,2.5,2.5,SI
go_problems,44843,1,0,2026-07-03,39,,1,,6.0,,2026-07-17,,2.5,SI
go_problems,44872,3,0,2026-08-08,3,3,3,134.0,38,2026-12-20,2026-10-04,2.5,2.5,SI
go_problems,44885,2,0,2026-07-13,29,2,2,52.0,15,2026-09-03,2026-08-09,2.5,2.5,SI
go_problems,44887,3,0,2026-07-21,21,3,3,56.0,38,2026-09-15,2026-08-28,2.5,2.5,SI
go_problems,44900,3,0,2026-08-11,0,3,3,170.0,38,2027-01-28,2026-11-08,2.5,2.5,SI
go_problems,44921,2,0,2026-07-14,28,2,2,39.0,15,2026-08-22,2026-08-05,2.5,2.5,SI
go_problems,44922,1,0,2026-07-03,39,,1,,6.0,,2026-07-09,,2.5,SI
go_problems,44933,2,0,2026-07-14,28,2,2,39.0,15,2026-08-22,2026-08-02,2.5,2.5,SI
go_problems,44951,4,0,2026-08-11,0,4,4,284.0,95,2027-05-22,2026-12-26,2.5,2.5,SI
go_problems,44969,2,0,2026-07-14,28,2,2,52.0,15,2026-09-04,2026-08-11,2.5,2.5,SI
go_problems,44981,2,0,2026-07-14,28,2,2,69.0,15,2026-09-21,2026-08-02,2.5,2.5,SI
go_problems,44996,6,2,2026-08-11,0,3,3,99.0,27,2026-11-18,2026-09-16,2.0999999999999996,2.1,SI
go_problems,44999,2,0,2026-07-14,28,2,2,45.0,15,2026-08-28,2026-08-06,2.5,2.5,SI
go_problems,45012,2,0,2026-07-14,28,2,2,56.0,15,2026-09-08,2026-08-10,2.5,2.5,SI
go_problems,45017,2,0,2026-07-14,28,2,2,55.0,15,2026-09-07,2026-07-29,2.5,2.5,SI
go_problems,45022,3,0,2026-08-05,6,3,3,92.0,38,2026-11-05,2026-10-14,2.5,2.5,SI
go_problems,45052,2,0,2026-07-14,28,2,2,69.0,15,2026-09-21,2026-08-03,2.5,2.5,SI
go_problems,45058,4,2,2026-07-16,26,2,2,43.0,13,2026-08-28,2026-08-05,2.0999999999999996,2.1,SI
go_problems,45067,4,1,2026-08-10,1,1,1,12.0,6.0,2026-08-22,2026-08-16,2.3,2.3,SI
go_problems,45074,2,0,2026-07-13,29,2,2,52.0,15,2026-09-03,2026-08-09,2.5,2.5,SI
go_problems,45085,5,2,2026-07-19,23,2,2,45.0,13,2026-09-02,2026-08-12,2.0999999999999996,2.1,SI
go_problems,45127,2,0,2026-07-16,26,2,2,62.0,15,2026-09-16,2026-08-22,2.5,2.5,SI
go_problems,45128,3,0,2026-07-19,23,3,3,327.0,38,2027-06-11,2026-09-12,2.5,2.5,SI
go_problems,45186,3,0,2026-08-05,6,3,3,126.0,38,2026-12-09,2026-11-05,2.5,2.5,SI
go_problems,45191,2,0,2026-07-09,33,2,2,37.0,15,2026-08-15,2026-08-05,2.5,2.5,SI
go_problems,45199,3,0,2026-08-09,2,3,3,123.0,38,2026-12-10,2026-09-23,2.5,2.5,SI
go_problems,45200,2,0,2026-07-16,26,2,2,42.0,15,2026-08-27,2026-08-02,2.5,2.5,SI
go_problems,45205,2,0,2026-07-14,28,2,2,42.0,15,2026-08-25,2026-08-19,2.5,2.5,SI
go_problems,45207,2,0,2026-07-17,25,2,2,48.0,15,2026-09-03,2026-08-20,2.5,2.5,SI
go_problems,45217,3,0,2026-08-11,0,3,3,124.0,38,2026-12-13,2026-10-21,2.5,2.5,SI
go_problems,45221,2,0,2026-07-14,28,2,2,37.0,15,2026-08-20,2026-08-10,2.5,2.5,SI
go_problems,45222,2,0,2026-07-14,28,2,2,44.0,15,2026-08-27,2026-08-07,2.5,2.5,SI
go_problems,45223,1,0,2026-07-03,39,,1,,6.0,,2026-07-16,,2.5,SI
go_problems,45227,2,0,2026-07-09,33,2,2,50.0,15,2026-08-28,2026-08-06,2.5,2.5,SI
go_problems,45228,3,0,2026-08-07,4,3,3,128.0,38,2026-12-13,2026-10-04,2.5,2.5,SI
go_problems,45229,4,0,2026-08-11,0,4,4,780.0,95,2028-09-29,2026-12-06,2.5,2.5,SI
go_problems,45230,3,0,2026-08-11,0,3,3,120.0,38,2026-12-09,2026-11-05,2.5,2.5,SI
go_problems,45232,2,0,2026-07-14,28,2,2,33.0,15,2026-08-16,2026-07-31,2.5,2.5,SI
go_problems,45234,2,0,2026-07-16,26,2,2,37.0,15,2026-08-22,2026-08-20,2.5,2.5,SI
go_problems,45235,3,0,2026-07-19,23,3,3,203.0,38,2027-02-07,2026-09-24,2.5,2.5,SI
go_problems,45248,4,0,2026-08-11,0,4,4,222.0,95,2027-03-21,2027-01-25,2.5,2.5,SI
go_problems,45252,2,0,2026-07-13,29,2,2,30.0,15,2026-08-12,2026-08-17,2.5,2.5,SI
go_problems,45255,3,0,2026-07-28,14,3,3,98.0,38,2026-11-03,2026-10-07,2.5,2.5,SI
go_problems,45258,2,0,2026-07-09,33,2,2,35.0,15,2026-08-13,2026-07-25,2.5,2.5,SI
go_problems,45267,2,0,2026-07-16,26,2,2,55.0,15,2026-09-09,2026-08-06,2.5,2.5,SI
go_problems,45269,4,0,2026-07-19,23,4,4,685.0,95,2028-06-03,2027-01-24,2.5,2.5,SI
go_problems,45272,2,0,2026-07-14,28,2,2,30.0,15,2026-08-13,2026-08-06,2.5,2.5,SI
go_problems,45273,4,1,2026-07-25,17,2,2,24.0,14,2026-08-18,2026-08-14,2.3,2.3,SI
go_problems,45276,4,0,2026-08-11,0,4,4,857.0,95,2028-12-15,2027-01-13,2.5,2.5,SI
go_problems,45278,3,0,2026-08-11,0,3,3,319.0,38,2027-06-26,2026-09-22,2.5,2.5,SI
go_problems,45285,2,0,2026-07-14,28,2,2,54.0,15,2026-09-06,2026-08-12,2.5,2.5,SI
go_problems,45287,3,0,2026-07-19,23,3,3,395.0,38,2027-08-18,2026-09-04,2.5,2.5,SI
go_problems,45292,2,0,2026-07-14,28,2,2,46.0,15,2026-08-29,2026-08-03,2.5,2.5,SI
go_problems,45297,4,1,2026-07-23,19,2,2,30.0,14,2026-08-22,2026-08-10,2.3,2.3,SI
go_problems,45305,9,4,2026-08-11,0,3,3,34.0,17,2026-09-14,2026-08-28,1.6999999999999997,1.7,SI
go_problems,45308,2,0,2026-07-13,29,2,2,62.0,15,2026-09-13,2026-08-12,2.5,2.5,SI
go_problems,45321,4,2,2026-07-16,26,2,2,43.0,13,2026-08-28,2026-08-01,2.0999999999999996,2.1,SI
go_problems,45323,4,1,2026-08-11,0,3,3,139.0,32,2026-12-28,2026-10-14,2.3,2.3,SI
go_problems,45331,2,0,2026-07-07,35,2,2,44.0,15,2026-08-20,2026-08-13,2.5,2.5,SI
go_problems,45336,2,0,2026-07-13,29,2,2,31.0,15,2026-08-13,2026-08-01,2.5,2.5,SI
go_problems,45338,3,0,2026-07-19,23,3,3,178.0,38,2027-01-13,2026-10-09,2.5,2.5,SI
go_problems,45346,3,0,2026-07-30,12,3,3,124.0,38,2026-12-01,2026-10-20,2.5,2.5,SI
go_problems,45350,8,3,2026-08-11,0,3,3,42.0,21,2026-09-22,2026-09-13,1.8999999999999997,1.9,SI
go_problems,45353,2,0,2026-07-14,28,2,2,40.0,15,2026-08-23,2026-07-31,2.5,2.5,SI
go_problems,45355,4,1,2026-07-19,23,3,3,199.0,32,2027-02-03,2026-09-26,2.3,2.3,SI
go_problems,45376,2,0,2026-07-17,25,2,2,49.0,15,2026-09-04,2026-08-19,2.5,2.5,SI
go_problems,45378,3,0,2026-08-11,0,3,3,212.0,38,2027-03-11,2026-11-13,2.5,2.5,SI
go_problems,45388,7,2,2026-08-11,0,4,4,145.0,57,2027-01-03,2026-12-01,2.0999999999999996,2.1,SI
go_problems,45389,3,0,2026-08-11,0,3,3,161.0,38,2027-01-19,2026-11-12,2.5,2.5,SI
go_problems,45391,3,0,2026-08-11,0,3,3,534.0,38,2028-01-27,2026-09-27,2.5,2.5,SI
go_problems,45397,2,0,2026-07-14,28,2,2,62.0,15,2026-09-14,2026-08-09,2.5,2.5,SI
go_problems,45398,2,0,2026-07-14,28,2,2,30.0,15,2026-08-13,2026-08-11,2.5,2.5,SI
go_problems,45399,2,0,2026-07-14,28,2,2,33.0,15,2026-08-16,2026-07-29,2.5,2.5,SI
go_problems,45404,3,0,2026-08-11,0,3,3,349.0,38,2027-07-26,2026-10-07,2.5,2.5,SI
go_problems,45405,4,1,2026-08-11,0,3,3,93.0,32,2026-11-12,2026-10-10,2.3,2.3,SI
go_problems,45415,3,1,2026-07-14,28,2,2,39.0,14,2026-08-22,2026-08-12,2.3,2.3,SI
go_problems,45424,3,1,2026-08-11,0,0,0,1.0,1.0,2026-08-12,2026-08-12,2.3,2.3,NO
go_problems,45427,4,1,2026-08-11,0,3,3,176.0,32,2027-02-03,2026-09-20,2.3,2.3,SI
go_problems,45433,3,0,2026-08-11,0,3,3,134.0,38,2026-12-23,2026-11-10,2.5,2.5,SI
go_problems,45474,2,0,2026-07-14,28,2,2,57.0,15,2026-09-09,2026-08-12,2.5,2.5,SI
go_problems,45489,4,0,2026-08-11,0,4,4,700.0,95,2028-07-11,2027-03-10,2.5,2.5,SI
go_problems,45499,2,0,2026-07-07,35,2,2,43.0,15,2026-08-19,2026-07-22,2.5,2.5,SI
go_problems,45500,2,0,2026-07-17,25,2,2,51.0,15,2026-09-06,2026-08-19,2.5,2.5,SI
go_problems,45501,3,0,2026-08-11,0,3,3,248.0,38,2027-04-16,2026-10-16,2.5,2.5,SI
go_problems,45502,4,1,2026-08-11,0,0,0,1.0,1.0,2026-08-12,2026-08-12,2.3,2.3,NO
go_problems,45503,3,0,2026-08-11,0,3,3,144.0,38,2027-01-02,2026-10-17,2.5,2.5,SI
go_problems,45505,2,0,2026-07-14,28,2,2,48.0,15,2026-08-31,2026-08-12,2.5,2.5,SI
go_problems,45509,1,0,2026-07-03,39,,1,,6.0,,2026-07-13,,2.5,SI
go_problems,45510,1,0,2026-07-03,39,,1,,6.0,,2026-07-13,,2.5,SI
go_problems,45511,2,0,2026-07-17,25,2,2,38.0,15,2026-08-24,2026-08-18,2.5,2.5,SI
go_problems,45538,4,1,2026-08-06,5,1,1,10.0,6.0,2026-08-16,2026-08-18,2.3,2.3,SI
go_problems,45539,7,2,2026-08-11,0,4,4,135.0,57,2026-12-24,2026-12-03,2.0999999999999996,2.1,SI
go_problems,45540,2,0,2026-07-14,28,2,2,68.0,15,2026-09-20,2026-08-18,2.5,2.5,SI
go_problems,45542,2,0,2026-07-14,28,2,2,31.0,15,2026-08-14,2026-08-08,2.5,2.5,SI
go_problems,45549,4,1,2026-08-11,0,3,3,172.0,32,2027-01-30,2026-10-04,2.3,2.3,SI
go_problems,45563,3,0,2026-08-11,0,3,3,313.0,38,2027-06-20,2026-10-30,2.5,2.5,SI
go_problems,45564,3,0,2026-08-11,0,3,3,227.0,38,2027-03-26,2026-10-09,2.5,2.5,SI
go_problems,45565,3,0,2026-08-11,0,3,3,225.0,38,2027-03-24,2026-09-21,2.5,2.5,SI
go_problems,45570,2,0,2026-07-16,26,2,2,46.0,15,2026-08-31,2026-08-22,2.5,2.5,SI
go_problems,45571,3,0,2026-08-09,2,3,3,113.0,38,2026-11-30,2026-09-17,2.5,2.5,SI
go_problems,45572,2,0,2026-07-06,36,2,2,37.0,15,2026-08-12,2026-08-03,2.5,2.5,SI
go_problems,45573,2,0,2026-07-14,28,2,2,67.0,15,2026-09-19,2026-08-19,2.5,2.5,SI
go_problems,45574,3,0,2026-08-05,6,3,3,68.0,38,2026-10-12,2026-10-30,2.5,2.5,SI
go_problems,45575,3,0,2026-08-05,6,3,3,123.0,38,2026-12-06,2026-11-02,2.5,2.5,SI
go_problems,45576,1,0,2026-07-03,39,,1,,6.0,,2026-07-12,,2.5,SI
go_problems,45577,1,0,2026-07-03,39,,1,,6.0,,2026-07-10,,2.5,SI
go_problems,45580,3,0,2026-08-05,6,3,3,164.0,38,2027-01-16,2026-09-26,2.5,2.5,SI
go_problems,45582,2,0,2026-07-09,33,2,2,57.0,15,2026-09-04,2026-08-03,2.5,2.5,SI
go_problems,45583,2,0,2026-07-14,28,2,2,64.0,15,2026-09-16,2026-08-02,2.5,2.5,SI
go_problems,45584,2,0,2026-07-14,28,2,2,61.0,15,2026-09-13,2026-08-03,2.5,2.5,SI
go_problems,45585,2,0,2026-07-14,28,2,2,59.0,15,2026-09-11,2026-07-31,2.5,2.5,SI
go_problems,45586,2,0,2026-07-14,28,2,2,43.0,15,2026-08-26,2026-08-18,2.5,2.5,SI
go_problems,45587,3,0,2026-08-06,5,3,3,144.0,38,2026-12-28,2026-10-15,2.5,2.5,SI
go_problems,45588,3,1,2026-08-11,0,0,0,1.0,1.0,2026-08-12,2026-08-12,2.3,2.3,NO
go_problems,45589,2,0,2026-07-08,34,2,2,42.0,15,2026-08-19,2026-07-23,2.5,2.5,SI
go_problems,45593,2,0,2026-07-14,28,2,2,72.0,15,2026-09-24,2026-08-05,2.5,2.5,SI
go_problems,45594,4,0,2026-08-11,0,4,4,512.0,95,2028-01-05,2026-12-18,2.5,2.5,SI
go_problems,45624,2,0,2026-07-16,26,2,2,63.0,15,2026-09-17,2026-08-09,2.5,2.5,SI
go_problems,45626,2,0,2026-07-09,33,2,2,38.0,15,2026-08-16,2026-07-31,2.5,2.5,SI
go_problems,45682,5,1,2026-07-19,23,2,2,55.0,14,2026-09-12,2026-08-10,2.3,2.3,SI
go_problems,45699,2,0,2026-07-14,28,2,2,40.0,15,2026-08-23,2026-08-06,2.5,2.5,SI
go_problems,45702,3,0,2026-08-11,0,3,3,322.0,38,2027-06-29,2026-10-13,2.5,2.5,SI
go_problems,45775,4,0,2026-08-11,0,3,4,126.0,95,2026-12-15,2027-03-01,2.5,2.5,SI
go_problems,45802,3,0,2026-08-11,0,3,3,250.0,38,2027-04-18,2026-10-04,2.5,2.5,SI
go_problems,45807,2,0,2026-07-14,28,2,2,45.0,15,2026-08-28,2026-07-31,2.5,2.5,SI
go_problems,45808,2,0,2026-07-14,28,2,2,65.0,15,2026-09-17,2026-08-16,2.5,2.5,SI
go_problems,45809,3,0,2026-07-19,23,3,3,160.0,38,2026-12-26,2026-09-20,2.5,2.5,SI
go_problems,45813,3,1,2026-07-14,28,2,2,51.0,14,2026-09-03,2026-08-13,2.3,2.3,SI
go_problems,45819,3,0,2026-07-27,15,3,3,72.0,38,2026-10-07,2026-10-14,2.5,2.5,SI
go_problems,45820,2,0,2026-07-14,28,2,2,55.0,15,2026-09-07,2026-08-19,2.5,2.5,SI
go_problems,45821,3,0,2026-08-11,0,3,3,163.0,38,2027-01-21,2026-10-15,2.5,2.5,SI
go_problems,45822,3,0,2026-08-11,0,3,3,158.0,38,2027-01-16,2026-10-14,2.5,2.5,SI
go_problems,45823,2,0,2026-07-14,28,2,2,50.0,15,2026-09-02,2026-08-14,2.5,2.5,SI
go_problems,45824,2,0,2026-07-14,28,2,2,48.0,15,2026-08-31,2026-08-06,2.5,2.5,SI
go_problems,45825,3,0,2026-08-06,5,3,3,123.0,38,2026-12-07,2026-09-14,2.5,2.5,SI
go_problems,45826,3,0,2026-07-19,23,3,3,99.0,38,2026-10-26,2026-09-01,2.5,2.5,SI
go_problems,45827,3,0,2026-08-11,0,3,3,189.0,38,2027-02-16,2026-10-25,2.5,2.5,SI
go_problems,45828,2,0,2026-07-14,28,2,2,64.0,15,2026-09-16,2026-08-12,2.5,2.5,SI
go_problems,45829,2,0,2026-07-14,28,2,2,52.0,15,2026-09-04,2026-08-10,2.5,2.5,SI
go_problems,45831,2,0,2026-07-16,26,2,2,33.0,15,2026-08-18,2026-08-21,2.5,2.5,SI
go_problems,45833,2,0,2026-07-14,28,2,2,59.0,15,2026-09-11,2026-08-04,2.5,2.5,SI
go_problems,45835,3,0,2026-07-19,23,3,3,327.0,38,2027-06-11,2026-08-27,2.5,2.5,SI
go_problems,45836,4,0,2026-08-11,0,3,4,216.0,95,2027-03-15,2026-12-22,2.5,2.5,SI
go_problems,45840,3,0,2026-08-05,6,3,3,95.0,38,2026-11-08,2026-10-26,2.5,2.5,SI
go_problems,45889,3,0,2026-08-11,0,3,3,352.0,38,2027-07-29,2026-10-07,2.5,2.5,SI
go_problems,46028,4,0,2026-07-19,23,4,4,744.0,95,2028-08-01,2027-02-13,2.5,2.5,SI
go_problems,46048,3,0,2026-08-11,0,3,3,308.0,38,2027-06-15,2026-10-07,2.5,2.5,SI
go_problems,46053,7,3,2026-08-11,0,3,3,47.0,21,2026-09-27,2026-09-09,1.8999999999999997,1.9,SI
go_problems,46086,2,0,2026-07-14,28,2,2,30.0,15,2026-08-13,2026-08-10,2.5,2.5,SI
go_problems,46093,3,0,2026-07-19,23,3,3,341.0,38,2027-06-25,2026-09-27,2.5,2.5,SI
go_problems,46095,3,0,2026-08-11,0,3,3,428.0,38,2027-10-13,2026-10-08,2.5,2.5,SI
go_problems,46120,2,0,2026-07-14,28,2,2,57.0,15,2026-09-09,2026-08-01,2.5,2.5,SI
go_problems,46121,2,0,2026-07-14,28,2,2,65.0,15,2026-09-17,2026-08-12,2.5,2.5,SI
go_problems,46122,2,0,2026-07-14,28,2,2,46.0,15,2026-08-29,2026-08-07,2.5,2.5,SI
go_problems,46123,2,0,2026-07-07,35,2,2,36.0,15,2026-08-12,2026-08-10,2.5,2.5,SI
go_problems,46125,2,0,2026-07-14,28,2,2,42.0,15,2026-08-25,2026-08-20,2.5,2.5,SI
go_problems,46127,2,0,2026-07-14,28,2,2,51.0,15,2026-09-03,2026-08-17,2.5,2.5,SI
go_problems,46129,2,0,2026-07-08,34,2,2,41.0,15,2026-08-18,2026-07-29,2.5,2.5,SI
go_problems,46130,2,0,2026-07-14,28,2,2,46.0,15,2026-08-29,2026-08-04,2.5,2.5,SI
go_problems,46131,2,0,2026-07-14,28,2,2,62.0,15,2026-09-14,2026-08-02,2.5,2.5,SI
go_problems,46132,2,0,2026-07-14,28,2,2,36.0,15,2026-08-19,2026-08-07,2.5,2.5,SI
go_problems,46134,2,0,2026-07-06,36,2,2,37.0,15,2026-08-12,2026-07-22,2.5,2.5,SI
go_problems,46135,2,0,2026-07-14,28,2,2,62.0,15,2026-09-14,2026-08-19,2.5,2.5,SI
go_problems,46136,4,0,2026-07-19,23,4,4,654.0,95,2028-05-03,2027-03-13,2.5,2.5,SI
go_problems,46138,2,0,2026-07-14,28,2,2,37.0,15,2026-08-20,2026-08-10,2.5,2.5,SI
go_problems,46152,2,0,2026-07-09,33,2,2,56.0,15,2026-09-03,2026-07-26,2.5,2.5,SI
go_problems,46157,2,0,2026-07-14,28,2,2,40.0,15,2026-08-23,2026-08-17,2.5,2.5,SI
go_problems,46160,3,0,2026-08-09,2,3,3,108.0,38,2026-11-25,2026-09-24,2.5,2.5,SI
go_problems,46162,3,0,2026-08-08,3,3,3,140.0,38,2026-12-26,2026-10-05,2.5,2.5,SI
go_problems,46163,2,0,2026-07-14,28,2,2,51.0,15,2026-09-03,2026-08-01,2.5,2.5,SI
go_problems,46165,4,0,2026-08-11,0,4,4,167.0,95,2027-01-25,2027-01-08,2.5,2.5,SI
go_problems,46166,3,0,2026-08-05,6,3,3,114.0,38,2026-11-27,2026-10-14,2.5,2.5,SI
go_problems,46167,3,0,2026-08-08,3,3,3,175.0,38,2027-01-30,2026-09-16,2.5,2.5,SI
go_problems,46169,2,0,2026-07-14,28,2,2,34.0,15,2026-08-17,2026-08-15,2.5,2.5,SI
go_problems,46170,2,0,2026-07-14,28,2,2,45.0,15,2026-08-28,2026-08-16,2.5,2.5,SI
go_problems,46171,1,0,2026-07-03,39,,1,,6.0,,2026-07-15,,2.5,SI
go_problems,46172,2,0,2026-07-14,28,2,2,78.0,15,2026-09-30,2026-08-06,2.5,2.5,SI
go_problems,46173,3,0,2026-08-05,6,3,3,83.0,38,2026-10-27,2026-09-18,2.5,2.5,SI
go_problems,46174,2,0,2026-07-14,28,2,2,37.0,15,2026-08-20,2026-08-11,2.5,2.5,SI
go_problems,46175,2,0,2026-07-14,28,2,2,52.0,15,2026-09-04,2026-08-07,2.5,2.5,SI
go_problems,46176,2,0,2026-07-16,26,2,2,70.0,15,2026-09-24,2026-08-05,2.5,2.5,SI
go_problems,46177,1,0,2026-07-03,39,,1,,6.0,,2026-07-12,,2.5,SI
go_problems,46178,2,0,2026-07-14,28,2,2,49.0,15,2026-09-01,2026-08-09,2.5,2.5,SI
go_problems,46179,2,0,2026-07-16,26,2,2,31.0,15,2026-08-16,2026-08-03,2.5,2.5,SI
go_problems,46181,3,0,2026-07-27,15,3,3,101.0,38,2026-11-05,2026-09-11,2.5,2.5,SI
go_problems,46182,2,0,2026-07-08,34,2,2,81.0,15,2026-09-27,2026-07-27,2.5,2.5,SI
go_problems,46183,2,0,2026-07-14,28,2,2,49.0,15,2026-09-01,2026-07-31,2.5,2.5,SI
go_problems,46184,2,0,2026-07-14,28,2,2,63.0,15,2026-09-15,2026-08-14,2.5,2.5,SI
go_problems,46185,2,0,2026-07-14,28,2,2,70.0,15,2026-09-22,2026-08-07,2.5,2.5,SI
go_problems,46186,2,0,2026-07-14,28,2,2,47.0,15,2026-08-30,2026-08-19,2.5,2.5,SI
go_problems,46187,2,0,2026-07-17,25,2,2,43.0,15,2026-08-29,2026-08-17,2.5,2.5,SI
go_problems,46188,2,0,2026-07-08,34,2,2,69.0,15,2026-09-15,2026-08-08,2.5,2.5,SI
go_problems,46189,2,0,2026-07-08,34,2,2,38.0,15,2026-08-15,2026-08-06,2.5,2.5,SI
go_problems,46190,2,0,2026-07-08,34,2,2,46.0,15,2026-08-23,2026-08-09,2.5,2.5,SI
go_problems,46191,2,0,2026-07-09,33,2,2,40.0,15,2026-08-18,2026-07-28,2.5,2.5,SI
go_problems,46192,3,0,2026-08-09,2,3,3,164.0,38,2027-01-20,2026-10-13,2.5,2.5,SI
go_problems,46193,2,0,2026-07-14,28,2,2,59.0,15,2026-09-11,2026-08-15,2.5,2.5,SI
go_problems,46194,2,0,2026-07-14,28,2,2,84.0,15,2026-10-06,2026-08-10,2.5,2.5,SI
go_problems,46195,2,0,2026-07-14,28,2,2,56.0,15,2026-09-08,2026-08-09,2.5,2.5,SI
go_problems,46196,2,0,2026-07-14,28,2,2,33.0,15,2026-08-16,2026-08-10,2.5,2.5,SI
go_problems,46197,2,0,2026-07-14,28,2,2,51.0,15,2026-09-03,2026-08-08,2.5,2.5,SI
go_problems,46199,2,0,2026-07-17,25,2,2,57.0,15,2026-09-12,2026-08-08,2.5,2.5,SI
go_problems,46200,3,0,2026-08-05,6,3,3,68.0,38,2026-10-12,2026-10-13,2.5,2.5,SI
go_problems,46202,1,0,2026-07-03,39,,1,,6.0,,2026-07-17,,2.5,SI
go_problems,46203,2,0,2026-07-16,26,2,2,61.0,15,2026-09-15,2026-08-03,2.5,2.5,SI
go_problems,46204,1,0,2026-07-03,39,,1,,6.0,,2026-07-10,,2.5,SI
go_problems,46205,3,1,2026-07-14,28,2,2,43.0,14,2026-08-26,2026-08-06,2.3,2.3,SI
go_problems,46206,3,0,2026-08-08,3,3,3,172.0,38,2027-01-27,2026-10-04,2.5,2.5,SI
go_problems,46207,3,1,2026-07-18,24,2,2,48.0,14,2026-09-04,2026-08-01,2.3,2.3,SI
go_problems,46208,3,0,2026-07-27,15,3,3,65.0,38,2026-09-30,2026-10-06,2.5,2.5,SI
go_problems,46210,2,0,2026-07-08,34,2,2,44.0,15,2026-08-21,2026-07-28,2.5,2.5,SI
go_problems,46216,3,0,2026-08-05,6,3,3,116.0,38,2026-11-29,2026-11-07,2.5,2.5,SI
go_problems,46217,2,0,2026-07-14,28,2,2,68.0,15,2026-09-20,2026-08-10,2.5,2.5,SI
go_problems,46218,3,0,2026-08-09,2,3,3,197.0,38,2027-02-22,2026-10-17,2.5,2.5,SI
go_problems,46219,2,0,2026-07-14,28,2,2,65.0,15,2026-09-17,2026-08-05,2.5,2.5,SI
go_problems,46220,1,0,2026-07-03,39,,1,,6.0,,2026-07-14,,2.5,SI
go_problems,46221,2,0,2026-07-07,35,2,2,42.0,15,2026-08-18,2026-07-27,2.5,2.5,SI
go_problems,46222,3,0,2026-08-05,6,3,3,74.0,38,2026-10-18,2026-09-23,2.5,2.5,SI
go_problems,46223,2,0,2026-07-14,28,2,2,50.0,15,2026-09-02,2026-08-05,2.5,2.5,SI
go_problems,46224,2,0,2026-07-08,34,2,2,73.0,15,2026-09-19,2026-07-24,2.5,2.5,SI
go_problems,46225,2,0,2026-07-08,34,2,2,43.0,15,2026-08-20,2026-08-02,2.5,2.5,SI
go_problems,46226,2,0,2026-07-14,28,2,2,29.0,15,2026-08-12,2026-08-10,2.5,2.5,SI
go_problems,46227,3,0,2026-08-05,6,3,3,95.0,38,2026-11-08,2026-10-31,2.5,2.5,SI
go_problems,46228,3,0,2026-08-05,6,3,3,103.0,38,2026-11-16,2026-10-21,2.5,2.5,SI
go_problems,46229,2,0,2026-07-16,26,2,2,42.0,15,2026-08-27,2026-08-10,2.5,2.5,SI
go_problems,46232,2,0,2026-07-17,25,2,2,63.0,15,2026-09-18,2026-08-06,2.5,2.5,SI
go_problems,46238,3,0,2026-08-06,5,3,3,111.0,38,2026-11-25,2026-11-04,2.5,2.5,SI
go_problems,46240,2,0,2026-07-14,28,2,2,43.0,15,2026-08-26,2026-08-09,2.5,2.5,SI
go_problems,46242,3,1,2026-07-16,26,2,2,47.0,14,2026-09-01,2026-08-04,2.3,2.3,SI
go_problems,46243,1,0,2026-07-03,39,,1,,6.0,,2026-07-16,,2.5,SI
go_problems,46244,3,0,2026-07-27,15,3,3,103.0,38,2026-11-07,2026-10-05,2.5,2.5,SI
go_problems,46246,2,0,2026-07-17,25,2,2,78.0,15,2026-10-03,2026-08-13,2.5,2.5,SI
go_problems,46247,2,0,2026-07-14,28,2,2,39.0,15,2026-08-22,2026-08-19,2.5,2.5,SI
go_problems,46248,2,0,2026-07-14,28,2,2,34.0,15,2026-08-17,2026-08-17,2.5,2.5,SI
go_problems,46249,3,0,2026-08-05,6,3,3,132.0,38,2026-12-15,2026-10-11,2.5,2.5,SI
go_problems,46251,2,0,2026-07-14,28,2,2,39.0,15,2026-08-22,2026-07-31,2.5,2.5,SI
go_problems,46252,3,0,2026-07-20,22,3,3,235.0,38,2027-03-12,2026-10-16,2.5,2.5,SI
go_problems,46253,3,0,2026-07-20,22,3,3,199.0,38,2027-02-04,2026-10-05,2.5,2.5,SI
go_problems,46254,3,0,2026-08-05,6,3,3,129.0,38,2026-12-12,2026-10-29,2.5,2.5,SI
go_problems,46255,2,0,2026-07-14,28,2,2,30.0,15,2026-08-13,2026-07-30,2.5,2.5,SI
go_problems,46257,2,0,2026-07-16,26,2,2,36.0,15,2026-08-21,2026-08-19,2.5,2.5,SI
go_problems,46259,2,0,2026-07-20,22,2,2,81.0,15,2026-10-09,2026-08-16,2.5,2.5,SI
go_problems,46263,7,4,2026-08-08,3,1,1,9.0,6.0,2026-08-17,2026-08-17,1.6999999999999997,1.7,SI
go_problems,46264,2,0,2026-07-08,34,2,2,51.0,15,2026-08-28,2026-07-30,2.5,2.5,SI
go_problems,46265,3,0,2026-08-05,6,3,3,78.0,38,2026-10-22,2026-10-26,2.5,2.5,SI
go_problems,46266,2,0,2026-07-14,28,2,2,39.0,15,2026-08-22,2026-08-11,2.5,2.5,SI
go_problems,46268,2,0,2026-07-14,28,2,2,58.0,15,2026-09-10,2026-08-18,2.5,2.5,SI
go_problems,46269,2,0,2026-07-16,26,2,2,58.0,15,2026-09-12,2026-08-03,2.5,2.5,SI
go_problems,46271,3,1,2026-07-20,22,2,2,53.0,14,2026-09-11,2026-08-11,2.3,2.3,SI
go_problems,46272,2,0,2026-07-14,28,2,2,31.0,15,2026-08-14,2026-08-11,2.5,2.5,SI
go_problems,46277,2,0,2026-07-20,22,2,2,78.0,15,2026-10-06,2026-08-05,2.5,2.5,SI
go_problems,46278,2,0,2026-07-17,25,2,2,70.0,15,2026-09-25,2026-08-16,2.5,2.5,SI
go_problems,46279,3,0,2026-08-10,1,3,3,124.0,38,2026-12-12,2026-10-07,2.5,2.5,SI
go_problems,46280,2,0,2026-07-14,28,2,2,30.0,15,2026-08-13,2026-08-13,2.5,2.5,SI
go_problems,46283,3,0,2026-08-11,0,3,3,183.0,38,2027-02-10,2026-10-11,2.5,2.5,SI
go_problems,46288,2,0,2026-07-14,28,2,2,57.0,15,2026-09-09,2026-08-09,2.5,2.5,SI
go_problems,46293,2,0,2026-07-14,28,2,2,36.0,15,2026-08-19,2026-08-07,2.5,2.5,SI
go_problems,46294,3,0,2026-07-20,22,3,3,172.0,38,2027-01-08,2026-09-03,2.5,2.5,SI
go_problems,46295,2,0,2026-07-08,34,2,2,54.0,15,2026-08-31,2026-07-27,2.5,2.5,SI
go_problems,46302,6,2,2026-08-07,4,3,3,48.0,27,2026-09-24,2026-09-14,2.0999999999999996,2.1,SI
go_problems,46307,2,0,2026-07-16,26,2,2,56.0,15,2026-09-10,2026-08-14,2.5,2.5,SI
go_problems,46308,1,0,2026-07-03,39,,1,,6.0,,2026-07-15,,2.5,SI
go_problems,46310,2,0,2026-07-08,34,2,2,36.0,15,2026-08-13,2026-08-02,2.5,2.5,SI
go_problems,46312,2,0,2026-07-17,25,2,2,85.0,15,2026-10-10,2026-08-07,2.5,2.5,SI
go_problems,46316,2,0,2026-07-14,28,2,2,51.0,15,2026-09-03,2026-08-15,2.5,2.5,SI
go_problems,46317,2,0,2026-07-08,34,2,2,59.0,15,2026-09-05,2026-08-11,2.5,2.5,SI
go_problems,46318,2,0,2026-07-14,28,2,2,36.0,15,2026-08-19,2026-08-12,2.5,2.5,SI
go_problems,46319,2,0,2026-07-08,34,2,2,57.0,15,2026-09-03,2026-08-07,2.5,2.5,SI
go_problems,46321,2,0,2026-07-14,28,2,2,55.0,15,2026-09-07,2026-08-18,2.5,2.5,SI
go_problems,46322,2,0,2026-07-14,28,2,2,45.0,15,2026-08-28,2026-08-16,2.5,2.5,SI
go_problems,46323,2,0,2026-07-14,28,2,2,52.0,15,2026-09-04,2026-08-11,2.5,2.5,SI
go_problems,46324,3,0,2026-08-11,0,3,3,146.0,38,2027-01-04,2026-10-16,2.5,2.5,SI
go_problems,46325,2,0,2026-07-16,26,2,2,42.0,15,2026-08-27,2026-08-22,2.5,2.5,SI
go_problems,46326,3,0,2026-07-21,21,3,3,79.0,38,2026-10-08,2026-09-22,2.5,2.5,SI
go_problems,46327,2,0,2026-07-14,28,2,2,41.0,15,2026-08-24,2026-08-10,2.5,2.5,SI
go_problems,46328,3,0,2026-07-27,15,3,3,47.0,38,2026-09-12,2026-10-28,2.5,2.5,SI
go_problems,46330,3,0,2026-08-08,3,3,3,75.0,38,2026-10-22,2026-10-03,2.5,2.5,SI
go_problems,46331,2,0,2026-07-08,34,2,2,50.0,15,2026-08-27,2026-07-31,2.5,2.5,SI
go_problems,46332,2,0,2026-07-08,34,2,2,44.0,15,2026-08-21,2026-07-30,2.5,2.5,SI
go_problems,46333,2,0,2026-07-08,34,2,2,46.0,15,2026-08-23,2026-08-06,2.5,2.5,SI
go_problems,46334,2,0,2026-07-14,28,2,2,55.0,15,2026-09-07,2026-08-06,2.5,2.5,SI
go_problems,46335,2,0,2026-07-08,34,2,2,72.0,15,2026-09-18,2026-08-13,2.5,2.5,SI
go_problems,46338,2,0,2026-07-08,34,2,2,50.0,15,2026-08-27,2026-08-01,2.5,2.5,SI
go_problems,46339,2,0,2026-07-08,34,2,2,86.0,15,2026-10-02,2026-08-11,2.5,2.5,SI
go_problems,46347,3,0,2026-07-20,22,3,3,125.0,38,2026-11-22,2026-10-16,2.5,2.5,SI
go_problems,46402,4,1,2026-08-11,0,1,1,12.0,6.0,2026-08-23,2026-08-19,2.3,2.3,SI
go_problems,46439,3,1,2026-07-21,21,2,2,61.0,14,2026-09-20,2026-08-18,2.3,2.3,SI
go_problems,46443,8,4,2026-08-06,5,2,2,18.0,10,2026-08-24,2026-08-17,1.6999999999999997,1.7,SI
go_problems,46444,3,0,2026-07-27,15,3,3,109.0,38,2026-11-13,2026-10-19,2.5,2.5,SI
go_problems,46473,2,0,2026-07-08,34,2,2,42.0,15,2026-08-19,2026-08-11,2.5,2.5,SI
go_problems,46476,3,0,2026-08-05,6,3,3,155.0,38,2027-01-07,2026-10-06,2.5,2.5,SI
go_problems,46478,2,0,2026-07-16,26,2,2,55.0,15,2026-09-09,2026-08-22,2.5,2.5,SI
go_problems,46483,2,0,2026-07-14,28,2,2,44.0,15,2026-08-27,2026-08-17,2.5,2.5,SI
go_problems,46484,2,0,2026-07-14,28,2,2,39.0,15,2026-08-22,2026-08-13,2.5,2.5,SI
go_problems,46487,2,0,2026-07-09,33,2,2,38.0,15,2026-08-16,2026-08-06,2.5,2.5,SI
go_problems,46503,2,0,2026-07-16,26,2,2,62.0,15,2026-09-16,2026-08-19,2.5,2.5,SI
go_problems,46506,3,0,2026-08-05,6,3,3,132.0,38,2026-12-15,2026-11-02,2.5,2.5,SI
go_problems,46511,2,0,2026-07-09,33,2,2,34.0,15,2026-08-12,2026-08-07,2.5,2.5,SI
go_problems,46512,2,0,2026-07-14,28,2,2,68.0,15,2026-09-20,2026-07-29,2.5,2.5,SI
go_problems,46513,3,0,2026-08-05,6,3,3,141.0,38,2026-12-24,2026-10-15,2.5,2.5,SI
go_problems,46515,2,0,2026-07-14,28,2,2,30.0,15,2026-08-13,2026-08-04,2.5,2.5,SI
go_problems,46516,2,0,2026-07-14,28,2,2,43.0,15,2026-08-26,2026-07-29,2.5,2.5,SI
go_problems,46521,3,0,2026-07-20,22,3,3,225.0,38,2027-03-02,2026-10-06,2.5,2.5,SI
go_problems,46523,2,0,2026-07-08,34,2,2,72.0,15,2026-09-18,2026-07-25,2.5,2.5,SI
go_problems,46534,3,0,2026-07-20,22,3,3,103.0,38,2026-10-31,2026-09-11,2.5,2.5,SI
go_problems,46541,2,0,2026-07-08,34,2,2,49.0,15,2026-08-26,2026-08-13,2.5,2.5,SI
go_problems,46546,2,0,2026-07-17,25,2,2,43.0,15,2026-08-29,2026-08-22,2.5,2.5,SI
go_problems,46548,2,0,2026-07-14,28,2,2,38.0,15,2026-08-21,2026-08-03,2.5,2.5,SI
go_problems,46549,4,1,2026-07-18,24,2,2,39.0,14,2026-08-26,2026-08-12,2.3,2.3,SI
go_problems,46550,4,1,2026-08-05,6,3,3,79.0,32,2026-10-23,2026-09-23,2.3,2.3,SI
go_problems,46551,3,0,2026-08-11,0,3,3,134.0,38,2026-12-23,2026-10-02,2.5,2.5,SI
go_problems,46552,2,0,2026-07-08,34,2,2,51.0,15,2026-08-28,2026-07-26,2.5,2.5,SI
go_problems,46554,2,0,2026-07-08,34,2,2,55.0,15,2026-09-01,2026-08-09,2.5,2.5,SI
go_problems,46557,3,0,2026-08-05,6,3,3,159.0,38,2027-01-11,2026-10-10,2.5,2.5,SI
go_problems,46558,2,0,2026-07-14,28,2,2,50.0,15,2026-09-02,2026-08-02,2.5,2.5,SI
go_problems,46600,2,0,2026-07-08,34,2,2,45.0,15,2026-08-22,2026-07-25,2.5,2.5,SI
go_problems,46607,2,0,2026-07-16,26,2,2,57.0,15,2026-09-11,2026-08-07,2.5,2.5,SI
go_problems,46608,3,1,2026-07-18,24,2,2,44.0,14,2026-08-31,2026-08-02,2.3,2.3,SI
go_problems,46616,2,0,2026-07-20,22,2,2,74.0,15,2026-10-02,2026-08-18,2.5,2.5,SI
go_problems,46662,3,0,2026-07-30,12,3,3,109.0,38,2026-11-16,2026-09-29,2.5,2.5,SI
go_problems,46730,2,0,2026-07-08,34,2,2,61.0,15,2026-09-07,2026-08-05,2.5,2.5,SI
go_problems,46749,3,0,2026-07-20,22,3,3,157.0,38,2026-12-24,2026-10-04,2.5,2.5,SI
go_problems,46767,3,0,2026-08-05,6,3,3,139.0,38,2026-12-22,2026-10-23,2.5,2.5,SI
go_problems,46774,2,0,2026-07-14,28,2,2,41.0,15,2026-08-24,2026-08-20,2.5,2.5,SI
go_problems,46804,2,0,2026-07-14,28,2,2,42.0,15,2026-08-25,2026-08-08,2.5,2.5,SI
go_problems,46871,2,0,2026-07-14,28,2,2,52.0,15,2026-09-04,2026-08-10,2.5,2.5,SI
go_problems,46875,2,0,2026-07-16,26,2,2,42.0,15,2026-08-27,2026-08-12,2.5,2.5,SI
go_problems,46898,3,0,2026-08-08,3,3,3,193.0,38,2027-02-17,2026-09-20,2.5,2.5,SI
go_problems,46910,2,0,2026-07-14,28,2,2,38.0,15,2026-08-21,2026-08-10,2.5,2.5,SI
go_problems,46945,2,0,2026-07-14,28,2,2,31.0,15,2026-08-14,2026-08-10,2.5,2.5,SI
go_problems,46952,2,0,2026-07-14,28,2,2,42.0,15,2026-08-25,2026-08-07,2.5,2.5,SI
go_problems,47017,2,0,2026-07-16,26,2,2,43.0,15,2026-08-28,2026-08-07,2.5,2.5,SI
go_problems,47021,2,0,2026-07-14,28,2,2,49.0,15,2026-09-01,2026-08-08,2.5,2.5,SI
go_problems,47113,3,0,2026-08-05,6,3,3,91.0,38,2026-11-04,2026-10-12,2.5,2.5,SI
go_problems,47201,2,0,2026-07-14,28,2,2,49.0,15,2026-09-01,2026-08-04,2.5,2.5,SI
go_problems,47256,3,0,2026-08-06,5,3,3,159.0,38,2027-01-12,2026-09-14,2.5,2.5,SI
go_problems,47258,2,0,2026-07-08,34,2,2,38.0,15,2026-08-15,2026-08-03,2.5,2.5,SI
go_problems,47271,2,0,2026-07-14,28,2,2,54.0,15,2026-09-06,2026-08-16,2.5,2.5,SI
go_problems,47305,2,0,2026-07-08,34,2,2,46.0,15,2026-08-23,2026-08-10,2.5,2.5,SI
go_problems,47311,2,0,2026-07-08,34,2,2,71.0,15,2026-09-17,2026-08-11,2.5,2.5,SI
go_problems,47350,7,3,2026-08-06,5,1,1,8.0,6.0,2026-08-14,2026-08-13,1.8999999999999997,1.9,SI
go_problems,47351,3,0,2026-07-27,15,3,3,115.0,38,2026-11-19,2026-10-25,2.5,2.5,SI
go_problems,47396,2,0,2026-07-08,34,2,2,60.0,15,2026-09-06,2026-07-27,2.5,2.5,SI
go_problems,47417,3,0,2026-07-28,14,3,3,127.0,38,2026-12-02,2026-10-19,2.5,2.5,SI
go_problems,47427,2,0,2026-07-14,28,2,2,50.0,15,2026-09-02,2026-08-05,2.5,2.5,SI
go_problems,47437,1,0,2026-07-03,39,,1,,6.0,,2026-07-16,,2.5,SI
go_problems,47446,2,0,2026-07-08,34,2,2,41.0,15,2026-08-18,2026-08-13,2.5,2.5,SI
go_problems,47452,2,0,2026-07-08,34,2,2,46.0,15,2026-08-23,2026-08-06,2.5,2.5,SI
go_problems,47457,2,0,2026-07-14,28,2,2,53.0,15,2026-09-05,2026-08-16,2.5,2.5,SI
go_problems,47539,2,0,2026-07-14,28,2,2,61.0,15,2026-09-13,2026-08-06,2.5,2.5,SI
go_problems,47587,3,0,2026-07-30,12,3,3,90.0,38,2026-10-28,2026-09-17,2.5,2.5,SI
go_problems,47599,2,0,2026-07-08,34,2,2,39.0,15,2026-08-16,2026-07-31,2.5,2.5,SI
go_problems,47612,2,0,2026-07-14,28,2,2,34.0,15,2026-08-17,2026-07-30,2.5,2.5,SI
go_problems,47624,2,0,2026-07-17,25,2,2,43.0,15,2026-08-29,2026-08-17,2.5,2.5,SI
go_problems,47655,3,0,2026-07-20,22,3,3,82.0,38,2026-10-10,2026-10-13,2.5,2.5,SI
go_problems,47663,2,0,2026-07-14,28,2,2,54.0,15,2026-09-06,2026-08-16,2.5,2.5,SI
go_problems,47673,2,0,2026-07-14,28,2,2,35.0,15,2026-08-18,2026-08-04,2.5,2.5,SI
go_problems,47711,2,0,2026-07-18,24,2,2,25.0,15,2026-08-12,2026-08-17,2.5,2.5,SI
go_problems,47732,2,0,2026-07-16,26,2,2,63.0,15,2026-09-17,2026-08-01,2.5,2.5,SI
go_problems,47734,2,0,2026-07-14,28,2,2,81.0,15,2026-10-03,2026-08-18,2.5,2.5,SI
go_problems,47758,3,0,2026-08-11,0,3,3,200.0,38,2027-02-27,2026-09-24,2.5,2.5,SI
go_problems,47814,4,1,2026-08-10,1,3,3,70.0,32,2026-10-19,2026-10-14,2.3,2.3,SI
go_problems,47875,2,0,2026-07-20,22,2,2,43.0,15,2026-09-01,2026-08-07,2.5,2.5,SI
go_problems,47977,2,0,2026-07-20,22,2,2,65.0,15,2026-09-23,2026-08-05,2.5,2.5,SI
go_problems,48004,2,0,2026-07-07,35,2,2,39.0,15,2026-08-15,2026-08-09,2.5,2.5,SI
go_problems,48071,5,2,2026-08-06,5,3,3,58.0,27,2026-10-03,2026-09-11,2.0999999999999996,2.1,SI
go_problems,48208,2,0,2026-07-21,21,2,2,53.0,15,2026-09-12,2026-08-18,2.5,2.5,SI
go_problems,48237,6,3,2026-07-27,15,2,2,26.0,11,2026-08-22,2026-08-13,1.8999999999999997,1.9,SI
go_problems,48240,3,0,2026-07-20,22,3,3,253.0,38,2027-03-30,2026-09-07,2.5,2.5,SI
go_problems,48245,2,0,2026-07-16,26,2,2,36.0,15,2026-08-21,2026-08-22,2.5,2.5,SI
go_problems,48264,2,0,2026-07-17,25,2,2,44.0,15,2026-08-30,2026-08-19,2.5,2.5,SI
go_problems,48286,3,0,2026-08-05,6,3,3,90.0,38,2026-11-03,2026-11-04,2.5,2.5,SI
go_problems,48291,2,0,2026-07-14,28,2,2,37.0,15,2026-08-20,2026-08-15,2.5,2.5,SI
go_problems,48295,2,0,2026-07-14,28,2,2,47.0,15,2026-08-30,2026-08-05,2.5,2.5,SI
go_problems,48298,2,0,2026-07-14,28,2,2,48.0,15,2026-08-31,2026-08-08,2.5,2.5,SI
go_problems,48324,3,0,2026-08-05,6,3,3,94.0,38,2026-11-07,2026-10-28,2.5,2.5,SI
go_problems,48393,2,0,2026-07-16,26,2,2,36.0,15,2026-08-21,2026-08-22,2.5,2.5,SI
go_problems,48455,3,0,2026-07-27,15,3,3,77.0,38,2026-10-12,2026-09-03,2.5,2.5,SI
go_problems,48463,3,0,2026-08-08,3,3,3,126.0,38,2026-12-12,2026-09-26,2.5,2.5,SI
go_problems,48506,2,0,2026-07-18,24,2,2,53.0,15,2026-09-09,2026-08-09,2.5,2.5,SI
go_problems,48527,2,0,2026-07-22,20,2,2,79.0,15,2026-10-09,2026-08-28,2.5,2.5,SI
go_problems,48529,4,1,2026-08-09,2,3,3,104.0,32,2026-11-21,2026-10-14,2.3,2.3,SI
go_problems,48579,2,0,2026-07-09,33,2,2,34.0,15,2026-08-12,2026-08-09,2.5,2.5,SI
go_problems,48592,2,0,2026-07-17,25,2,2,44.0,15,2026-08-30,2026-08-22,2.5,2.5,SI
go_problems,48596,3,0,2026-08-07,4,3,3,198.0,38,2027-02-21,2026-09-19,2.5,2.5,SI
go_problems,48635,2,0,2026-07-14,28,2,2,42.0,15,2026-08-25,2026-08-05,2.5,2.5,SI
go_problems,48716,2,0,2026-07-14,28,2,2,47.0,15,2026-08-30,2026-08-06,2.5,2.5,SI
go_problems,48726,2,0,2026-07-16,26,2,2,35.0,15,2026-08-20,2026-08-08,2.5,2.5,SI
go_problems,48759,4,1,2026-07-30,12,2,2,47.0,14,2026-09-15,2026-08-17,2.3,2.3,SI
go_problems,48768,2,0,2026-07-21,21,2,2,36.0,15,2026-08-26,2026-08-09,2.5,2.5,SI
go_problems,48784,4,1,2026-07-28,14,2,2,47.0,14,2026-09-13,2026-08-16,2.3,2.3,SI
go_problems,48798,2,0,2026-07-19,23,2,2,69.0,15,2026-09-26,2026-08-06,2.5,2.5,SI
go_problems,48845,2,0,2026-07-14,28,2,2,46.0,15,2026-08-29,2026-08-16,2.5,2.5,SI
go_problems,48858,4,1,2026-07-27,15,2,2,38.0,14,2026-09-03,2026-08-14,2.3,2.3,SI
go_problems,48871,2,0,2026-07-17,25,2,2,30.0,15,2026-08-16,2026-08-09,2.5,2.5,SI
go_problems,48940,2,0,2026-07-14,28,2,2,33.0,15,2026-08-16,2026-08-07,2.5,2.5,SI
go_problems,48976,2,0,2026-07-19,23,2,2,39.0,15,2026-08-27,2026-08-04,2.5,2.5,SI
go_problems,49029,2,0,2026-07-21,21,2,2,59.0,15,2026-09-18,2026-08-19,2.5,2.5,SI
go_problems,49035,2,0,2026-07-20,22,2,2,57.0,15,2026-09-15,2026-08-21,2.5,2.5,SI
go_problems,49092,2,0,2026-07-16,26,2,2,30.0,15,2026-08-15,2026-08-04,2.5,2.5,SI
go_problems,49134,4,1,2026-07-24,18,2,2,21.0,14,2026-08-14,2026-08-18,2.3,2.3,SI
go_problems,49135,2,0,2026-07-19,23,2,2,47.0,15,2026-09-04,2026-08-03,2.5,2.5,SI
go_problems,49136,3,0,2026-07-30,12,3,3,87.0,38,2026-10-25,2026-10-08,2.5,2.5,SI
go_problems,49263,4,1,2026-08-05,6,2,2,30.0,14,2026-09-04,2026-08-26,2.3,2.3,SI
go_problems,49292,2,0,2026-07-19,23,2,2,32.0,15,2026-08-20,2026-08-20,2.5,2.5,SI
go_problems,49335,2,0,2026-07-09,33,2,2,37.0,15,2026-08-15,2026-07-30,2.5,2.5,SI
go_problems,49368,3,1,2026-07-20,22,2,2,49.0,14,2026-09-07,2026-08-06,2.3,2.3,SI
go_problems,49389,1,0,2026-07-03,39,,1,,6.0,,2026-07-15,,2.5,SI
go_problems,49393,2,0,2026-07-14,28,2,2,65.0,15,2026-09-17,2026-08-16,2.5,2.5,SI
go_problems,49408,2,0,2026-07-14,28,2,2,34.0,15,2026-08-17,2026-07-31,2.5,2.5,SI
go_problems,49427,3,0,2026-08-08,3,3,3,90.0,38,2026-11-06,2026-10-23,2.5,2.5,SI
go_problems,49440,3,0,2026-08-05,6,3,3,74.0,38,2026-10-18,2026-09-16,2.5,2.5,SI
go_problems,49449,2,0,2026-07-16,26,2,2,47.0,15,2026-09-01,2026-08-03,2.5,2.5,SI
go_problems,49463,3,0,2026-08-05,6,3,3,90.0,38,2026-11-03,2026-10-24,2.5,2.5,SI
go_problems,49473,2,0,2026-07-14,28,2,2,41.0,15,2026-08-24,2026-08-16,2.5,2.5,SI
go_problems,49486,3,0,2026-08-05,6,3,3,135.0,38,2026-12-18,2026-10-21,2.5,2.5,SI
go_problems,49509,2,0,2026-07-16,26,2,2,60.0,15,2026-09-14,2026-08-10,2.5,2.5,SI
go_problems,49518,2,0,2026-07-20,22,2,2,55.0,15,2026-09-13,2026-08-06,2.5,2.5,SI
go_problems,49521,2,0,2026-07-21,21,2,2,59.0,15,2026-09-18,2026-08-14,2.5,2.5,SI
go_problems,49524,2,0,2026-07-08,34,2,2,44.0,15,2026-08-21,2026-08-01,2.5,2.5,SI
go_problems,49528,3,0,2026-08-08,3,3,3,106.0,38,2026-11-22,2026-10-17,2.5,2.5,SI
go_problems,49565,2,0,2026-07-16,26,2,2,54.0,15,2026-09-08,2026-08-17,2.5,2.5,SI
go_problems,49567,2,0,2026-07-14,28,2,2,47.0,15,2026-08-30,2026-07-30,2.5,2.5,SI
go_problems,49644,3,0,2026-07-30,12,3,3,57.0,38,2026-09-25,2026-09-11,2.5,2.5,SI
go_problems,49648,2,0,2026-07-16,26,2,2,67.0,15,2026-09-21,2026-08-03,2.5,2.5,SI
go_problems,49655,2,0,2026-07-14,28,2,2,38.0,15,2026-08-21,2026-07-29,2.5,2.5,SI
go_problems,49657,2,0,2026-07-22,20,2,2,82.0,15,2026-10-12,2026-08-15,2.5,2.5,SI
go_problems,49661,2,0,2026-07-09,33,2,2,56.0,15,2026-09-03,2026-08-15,2.5,2.5,SI
go_problems,49664,2,0,2026-07-22,20,2,2,44.0,15,2026-09-04,2026-08-11,2.5,2.5,SI
go_problems,49699,3,0,2026-08-10,1,3,3,173.0,38,2027-01-30,2026-09-30,2.5,2.5,SI
go_problems,49700,3,0,2026-08-05,6,3,3,103.0,38,2026-11-16,2026-10-17,2.5,2.5,SI
go_problems,49726,3,0,2026-08-05,6,3,3,46.0,38,2026-09-20,2026-10-08,2.5,2.5,SI
go_problems,49760,2,0,2026-07-16,26,2,2,32.0,15,2026-08-17,2026-08-20,2.5,2.5,SI
go_problems,49773,4,1,2026-07-30,12,2,2,43.0,14,2026-09-11,2026-08-14,2.3,2.3,SI
go_problems,49788,2,0,2026-07-20,22,2,2,51.0,15,2026-09-09,2026-08-04,2.5,2.5,SI
go_problems,49789,2,0,2026-07-14,28,2,2,60.0,15,2026-09-12,2026-08-18,2.5,2.5,SI
go_problems,49795,2,0,2026-07-16,26,2,2,56.0,15,2026-09-10,2026-08-22,2.5,2.5,SI
go_problems,49804,2,0,2026-07-20,22,2,2,44.0,15,2026-09-02,2026-08-13,2.5,2.5,SI
go_problems,49824,2,0,2026-07-17,25,2,2,47.0,15,2026-09-02,2026-08-23,2.5,2.5,SI
go_problems,49847,3,0,2026-08-05,6,3,3,102.0,38,2026-11-15,2026-09-28,2.5,2.5,SI
go_problems,49850,3,1,2026-07-17,25,2,2,55.0,14,2026-09-10,2026-07-31,2.3,2.3,SI
go_problems,49892,2,0,2026-07-08,34,2,2,36.0,15,2026-08-13,2026-07-23,2.5,2.5,SI
go_problems,49903,2,0,2026-07-08,34,2,2,49.0,15,2026-08-26,2026-07-24,2.5,2.5,SI
go_problems,49907,3,1,2026-07-20,22,2,2,40.0,14,2026-08-29,2026-08-14,2.3,2.3,SI
go_problems,49911,2,0,2026-07-19,23,2,2,34.0,15,2026-08-22,2026-08-24,2.5,2.5,SI
go_problems,49921,2,0,2026-07-20,22,2,2,32.0,15,2026-08-21,2026-08-14,2.5,2.5,SI
go_problems,49960,3,1,2026-07-21,21,2,2,58.0,14,2026-09-17,2026-08-18,2.3,2.3,SI
go_problems,49961,3,0,2026-08-05,6,3,3,153.0,38,2027-01-05,2026-10-19,2.5,2.5,SI
go_problems,49965,2,0,2026-07-08,34,2,2,48.0,15,2026-08-25,2026-07-30,2.5,2.5,SI
go_problems,49974,2,0,2026-07-17,25,2,2,26.0,15,2026-08-12,2026-08-19,2.5,2.5,SI
go_problems,49987,3,0,2026-07-20,22,3,3,109.0,38,2026-11-06,2026-10-11,2.5,2.5,SI
go_problems,49991,2,0,2026-07-20,22,2,2,73.0,15,2026-10-01,2026-08-05,2.5,2.5,SI
go_problems,50022,2,0,2026-07-14,28,2,2,67.0,15,2026-09-19,2026-08-07,2.5,2.5,SI
go_problems,50064,4,1,2026-07-30,12,2,2,68.0,14,2026-10-06,2026-08-26,2.3,2.3,SI
go_problems,50066,2,0,2026-07-20,22,2,2,45.0,15,2026-09-03,2026-08-06,2.5,2.5,SI
go_problems,50082,3,0,2026-07-27,15,3,3,102.0,38,2026-11-06,2026-10-23,2.5,2.5,SI
go_problems,50088,2,0,2026-07-14,28,2,2,56.0,15,2026-09-08,2026-07-31,2.5,2.5,SI
go_problems,50099,2,0,2026-07-16,26,2,2,61.0,15,2026-09-15,2026-08-02,2.5,2.5,SI
go_problems,50107,5,1,2026-07-27,15,2,2,25.0,14,2026-08-21,2026-08-24,2.3,2.3,SI
go_problems,50111,2,0,2026-07-22,20,2,2,70.0,15,2026-09-30,2026-08-26,2.5,2.5,SI
go_problems,50120,2,0,2026-07-20,22,2,2,68.0,15,2026-09-26,2026-08-04,2.5,2.5,SI
go_problems,50131,2,0,2026-07-18,24,2,2,58.0,15,2026-09-14,2026-08-02,2.5,2.5,SI
go_problems,50147,2,0,2026-07-16,26,2,2,67.0,15,2026-09-21,2026-08-06,2.5,2.5,SI
go_problems,50151,2,0,2026-07-18,24,2,2,45.0,15,2026-09-01,2026-08-11,2.5,2.5,SI
go_problems,50159,3,0,2026-08-07,4,3,3,132.0,38,2026-12-17,2026-09-18,2.5,2.5,SI
go_problems,50188,2,0,2026-07-14,28,2,2,74.0,15,2026-09-26,2026-08-02,2.5,2.5,SI
go_problems,50208,3,0,2026-08-05,6,3,3,108.0,38,2026-11-21,2026-09-14,2.5,2.5,SI
go_problems,50289,2,0,2026-07-18,24,2,2,35.0,15,2026-08-22,2026-08-23,2.5,2.5,SI
go_problems,50292,3,0,2026-07-24,18,3,3,72.0,38,2026-10-04,2026-09-20,2.5,2.5,SI
go_problems,50296,2,0,2026-07-22,20,2,2,38.0,15,2026-08-29,2026-08-08,2.5,2.5,SI
go_problems,50320,3,0,2026-07-20,22,3,3,110.0,38,2026-11-07,2026-09-09,2.5,2.5,SI
go_problems,50327,2,0,2026-07-09,33,2,2,37.0,15,2026-08-15,2026-08-14,2.5,2.5,SI
go_problems,50345,2,0,2026-07-14,28,2,2,38.0,15,2026-08-21,2026-08-18,2.5,2.5,SI
go_problems,50349,2,0,2026-07-17,25,2,2,46.0,15,2026-09-01,2026-08-18,2.5,2.5,SI
go_problems,50375,2,0,2026-07-17,25,2,2,61.0,15,2026-09-16,2026-08-11,2.5,2.5,SI
go_problems,50377,2,0,2026-07-14,28,2,2,60.0,15,2026-09-12,2026-08-12,2.5,2.5,SI
go_problems,50379,2,0,2026-07-14,28,2,2,48.0,15,2026-08-31,2026-08-07,2.5,2.5,SI
go_problems,50396,3,0,2026-07-20,22,3,3,107.0,38,2026-11-04,2026-09-07,2.5,2.5,SI
go_problems,50429,2,0,2026-07-22,20,2,2,64.0,15,2026-09-24,2026-08-19,2.5,2.5,SI
go_problems,50438,2,0,2026-07-21,21,2,2,64.0,15,2026-09-23,2026-08-20,2.5,2.5,SI
go_problems,50447,2,0,2026-07-16,26,2,2,67.0,15,2026-09-21,2026-08-01,2.5,2.5,SI
go_problems,50449,2,0,2026-07-14,28,2,2,51.0,15,2026-09-03,2026-08-04,2.5,2.5,SI
go_problems,50465,3,0,2026-08-11,0,3,3,98.0,38,2026-11-17,2026-11-11,2.5,2.5,SI
go_problems,50471,2,0,2026-07-16,26,2,2,29.0,15,2026-08-14,2026-08-17,2.5,2.5,SI
go_problems,50487,2,0,2026-07-14,28,2,2,48.0,15,2026-08-31,2026-08-18,2.5,2.5,SI
go_problems,50598,2,0,2026-07-14,28,2,2,37.0,15,2026-08-20,2026-08-02,2.5,2.5,SI
go_problems,50599,2,0,2026-07-17,25,2,2,47.0,15,2026-09-02,2026-08-08,2.5,2.5,SI
go_problems,50637,2,0,2026-07-14,28,2,2,33.0,15,2026-08-16,2026-08-15,2.5,2.5,SI
go_problems,50640,2,0,2026-07-16,26,2,2,46.0,15,2026-08-31,2026-08-01,2.5,2.5,SI
go_problems,50647,3,0,2026-07-20,22,3,3,97.0,38,2026-10-25,2026-09-13,2.5,2.5,SI
go_problems,50651,2,0,2026-07-19,23,2,2,72.0,15,2026-09-29,2026-08-12,2.5,2.5,SI
go_problems,50714,3,0,2026-07-30,12,3,3,49.0,38,2026-09-17,2026-10-08,2.5,2.5,SI
go_problems,50744,2,0,2026-07-14,28,2,2,39.0,15,2026-08-22,2026-08-10,2.5,2.5,SI
go_problems,50745,3,0,2026-07-20,22,3,3,240.0,38,2027-03-17,2026-10-15,2.5,2.5,SI
go_problems,50748,2,0,2026-07-14,28,2,2,33.0,15,2026-08-16,2026-08-18,2.5,2.5,SI
go_problems,50774,6,2,2026-08-05,6,1,1,11.0,6.0,2026-08-16,2026-08-16,2.0999999999999996,2.1,SI
go_problems,50792,2,0,2026-07-09,33,2,2,35.0,15,2026-08-13,2026-08-05,2.5,2.5,SI
go_problems,50811,2,0,2026-07-18,24,2,2,65.0,15,2026-09-21,2026-08-18,2.5,2.5,SI
go_problems,50819,4,2,2026-07-20,22,2,2,39.0,13,2026-08-28,2026-08-15,2.0999999999999996,2.1,SI
go_problems,50820,3,0,2026-08-05,6,3,3,149.0,38,2027-01-01,2026-09-16,2.5,2.5,SI
go_problems,50850,2,0,2026-07-16,26,2,2,52.0,15,2026-09-06,2026-08-03,2.5,2.5,SI
go_problems,50859,2,0,2026-07-14,28,2,2,42.0,15,2026-08-25,2026-08-12,2.5,2.5,SI
go_problems,50900,2,0,2026-07-14,28,2,2,55.0,15,2026-09-07,2026-08-18,2.5,2.5,SI
go_problems,50909,3,0,2026-08-05,6,3,3,110.0,38,2026-11-23,2026-09-17,2.5,2.5,SI
go_problems,50916,2,0,2026-07-14,28,2,2,32.0,15,2026-08-15,2026-08-15,2.5,2.5,SI
go_problems,51055,4,1,2026-08-07,4,1,1,13.0,6.0,2026-08-20,2026-08-16,2.3,2.3,SI
go_problems,51056,2,0,2026-07-09,33,2,2,40.0,15,2026-08-18,2026-08-09,2.5,2.5,SI
go_problems,51070,2,0,2026-07-18,24,2,2,64.0,15,2026-09-20,2026-08-16,2.5,2.5,SI
go_problems,51121,2,0,2026-07-16,26,2,2,63.0,15,2026-09-17,2026-08-11,2.5,2.5,SI
go_problems,51123,3,0,2026-07-20,22,3,3,219.0,38,2027-02-24,2026-10-18,2.5,2.5,SI
go_problems,51139,2,0,2026-07-16,26,2,2,79.0,15,2026-10-03,2026-08-16,2.5,2.5,SI
go_problems,51143,2,0,2026-07-16,26,2,2,49.0,15,2026-09-03,2026-08-05,2.5,2.5,SI
go_problems,51146,2,0,2026-07-09,33,2,2,41.0,15,2026-08-19,2026-08-14,2.5,2.5,SI
go_problems,51171,3,0,2026-08-09,2,3,3,158.0,38,2027-01-14,2026-11-01,2.5,2.5,SI
go_problems,51182,3,0,2026-08-05,6,3,3,109.0,38,2026-11-22,2026-10-02,2.5,2.5,SI
go_problems,51252,2,0,2026-07-14,28,2,2,55.0,15,2026-09-07,2026-08-13,2.5,2.5,SI
go_problems,51253,2,0,2026-07-17,25,2,2,36.0,15,2026-08-22,2026-08-13,2.5,2.5,SI
go_problems,51254,3,0,2026-08-11,0,3,3,97.0,38,2026-11-16,2026-09-24,2.5,2.5,SI
go_problems,51280,3,0,2026-07-20,22,3,3,97.0,38,2026-10-25,2026-10-18,2.5,2.5,SI
go_problems,51294,2,0,2026-07-08,34,2,2,40.0,15,2026-08-17,2026-08-13,2.5,2.5,SI
go_problems,51338,2,0,2026-07-14,28,2,2,56.0,15,2026-09-08,2026-07-30,2.5,2.5,SI
go_problems,51449,3,0,2026-08-08,3,3,3,123.0,38,2026-12-09,2026-09-17,2.5,2.5,SI
go_problems,51658,2,0,2026-07-14,28,2,2,29.0,15,2026-08-12,2026-08-05,2.5,2.5,SI
go_problems,51700,3,0,2026-07-22,20,3,3,40.0,38,2026-08-31,2026-10-05,2.5,2.5,SI
go_problems,51798,3,0,2026-08-05,6,3,3,56.0,38,2026-09-30,2026-09-18,2.5,2.5,SI
go_problems,51839,3,0,2026-08-08,3,3,3,118.0,38,2026-12-04,2026-10-07,2.5,2.5,SI
go_problems,51867,2,0,2026-07-14,28,2,2,45.0,15,2026-08-28,2026-08-10,2.5,2.5,SI
go_problems,51889,2,0,2026-07-14,28,2,2,67.0,15,2026-09-19,2026-08-11,2.5,2.5,SI
go_problems,51939,2,0,2026-07-20,22,2,2,64.0,15,2026-09-22,2026-08-15,2.5,2.5,SI
go_problems,51967,3,0,2026-08-07,4,3,3,97.0,38,2026-11-12,2026-09-21,2.5,2.5,SI
go_problems,52021,2,0,2026-07-16,26,2,2,76.0,15,2026-09-30,2026-08-17,2.5,2.5,SI
go_problems,52150,2,0,2026-07-14,28,2,2,58.0,15,2026-09-10,2026-08-08,2.5,2.5,SI
go_problems,52189,2,0,2026-07-14,28,2,2,41.0,15,2026-08-24,2026-08-17,2.5,2.5,SI
go_problems,52199,2,0,2026-07-16,26,2,2,71.0,15,2026-09-25,2026-08-13,2.5,2.5,SI
go_problems,52243,2,0,2026-07-14,28,2,2,37.0,15,2026-08-20,2026-08-10,2.5,2.5,SI
go_problems,52260,2,0,2026-07-07,35,2,2,37.0,15,2026-08-13,2026-07-22,2.5,2.5,SI
go_problems,52370,3,0,2026-07-24,18,3,3,96.0,38,2026-10-28,2026-09-28,2.5,2.5,SI
go_problems,52406,2,0,2026-07-14,28,2,2,44.0,15,2026-08-27,2026-08-08,2.5,2.5,SI
go_problems,52454,1,0,2026-07-03,39,,1,,6.0,,2026-07-10,,2.5,SI
go_problems,52475,3,0,2026-07-20,22,3,3,138.0,38,2026-12-05,2026-10-13,2.5,2.5,SI
go_problems,52478,3,0,2026-08-05,6,3,3,70.0,38,2026-10-14,2026-10-10,2.5,2.5,SI
go_problems,52480,2,0,2026-07-14,28,2,2,34.0,15,2026-08-17,2026-08-11,2.5,2.5,SI
go_problems,52505,3,0,2026-08-05,6,3,3,124.0,38,2026-12-07,2026-10-13,2.5,2.5,SI
go_problems,52508,3,1,2026-07-20,22,2,2,36.0,14,2026-08-25,2026-08-06,2.3,2.3,SI
go_problems,52553,2,0,2026-07-17,25,2,2,69.0,15,2026-09-24,2026-08-18,2.5,2.5,SI
go_problems,52557,2,0,2026-07-14,28,2,2,49.0,15,2026-09-01,2026-08-04,2.5,2.5,SI
go_problems,52573,3,0,2026-08-05,6,3,3,65.0,38,2026-10-09,2026-09-14,2.5,2.5,SI
go_problems,52580,3,0,2026-08-10,1,3,3,144.0,38,2027-01-01,2026-09-21,2.5,2.5,SI
go_problems,52599,3,0,2026-08-05,6,3,3,136.0,38,2026-12-19,2026-10-08,2.5,2.5,SI
go_problems,52667,3,0,2026-07-23,19,3,3,64.0,38,2026-09-25,2026-08-31,2.5,2.5,SI
go_problems,52679,3,0,2026-08-05,6,3,3,84.0,38,2026-10-28,2026-10-20,2.5,2.5,SI
go_problems,52706,2,0,2026-07-16,26,2,2,36.0,15,2026-08-21,2026-08-04,2.5,2.5,SI
go_problems,52707,2,0,2026-07-16,26,2,2,38.0,15,2026-08-23,2026-08-14,2.5,2.5,SI
go_problems,52725,3,0,2026-07-20,22,3,3,156.0,38,2026-12-23,2026-09-23,2.5,2.5,SI
go_problems,52728,2,0,2026-07-14,28,2,2,50.0,15,2026-09-02,2026-08-09,2.5,2.5,SI
go_problems,52734,2,0,2026-07-14,28,2,2,59.0,15,2026-09-11,2026-08-20,2.5,2.5,SI
go_problems,52751,3,0,2026-07-20,22,3,3,198.0,38,2027-02-03,2026-09-28,2.5,2.5,SI
go_problems,52785,2,0,2026-07-14,28,2,2,75.0,15,2026-09-27,2026-07-30,2.5,2.5,SI
go_problems,52786,3,0,2026-07-20,22,3,3,154.0,38,2026-12-21,2026-09-02,2.5,2.5,SI
go_problems,52824,3,0,2026-08-05,6,3,3,67.0,38,2026-10-11,2026-10-30,2.5,2.5,SI
go_problems,52875,3,0,2026-08-08,3,3,3,86.0,38,2026-11-02,2026-11-04,2.5,2.5,SI
go_problems,52928,1,0,2026-07-03,39,,1,,6.0,,2026-07-09,,2.5,SI
go_problems,52934,3,0,2026-08-05,6,3,3,147.0,38,2026-12-30,2026-09-18,2.5,2.5,SI
go_problems,52951,3,0,2026-08-09,2,3,3,65.0,38,2026-10-13,2026-10-07,2.5,2.5,SI
go_problems,52953,2,0,2026-07-17,25,2,2,75.0,15,2026-09-30,2026-08-12,2.5,2.5,SI
go_problems,52973,2,0,2026-07-17,25,2,2,48.0,15,2026-09-03,2026-08-07,2.5,2.5,SI
go_problems,52992,3,0,2026-07-20,22,3,3,191.0,38,2027-01-27,2026-10-14,2.5,2.5,SI
go_problems,53024,2,0,2026-07-18,24,2,2,42.0,15,2026-08-29,2026-08-19,2.5,2.5,SI
go_problems,53025,3,0,2026-08-07,4,3,3,67.0,38,2026-10-13,2026-09-22,2.5,2.5,SI
go_problems,53036,3,0,2026-08-05,6,3,3,65.0,38,2026-10-09,2026-09-23,2.5,2.5,SI
go_problems,53042,6,3,2026-08-10,1,1,1,10.0,6.0,2026-08-20,2026-08-20,1.8999999999999997,1.9,SI
go_problems,53059,2,0,2026-07-14,28,2,2,44.0,15,2026-08-27,2026-08-08,2.5,2.5,SI
go_problems,53095,2,0,2026-07-14,28,2,2,50.0,15,2026-09-02,2026-08-02,2.5,2.5,SI
go_problems,53103,3,0,2026-07-30,12,3,3,86.0,38,2026-10-24,2026-10-10,2.5,2.5,SI
go_problems,53157,2,0,2026-07-16,26,2,2,53.0,15,2026-09-07,2026-08-04,2.5,2.5,SI
go_problems,53262,2,0,2026-07-14,28,2,2,49.0,15,2026-09-01,2026-08-05,2.5,2.5,SI
go_problems,53264,2,0,2026-07-14,28,2,2,42.0,15,2026-08-25,2026-08-19,2.5,2.5,SI
go_problems,53265,2,0,2026-07-14,28,2,2,35.0,15,2026-08-18,2026-08-08,2.5,2.5,SI
go_problems,53266,1,0,2026-07-03,39,,1,,6.0,,2026-07-16,,2.5,SI
go_problems,53268,2,0,2026-07-14,28,2,2,53.0,15,2026-09-05,2026-08-06,2.5,2.5,SI
go_problems,53286,2,0,2026-07-16,26,2,2,45.0,15,2026-08-30,2026-08-07,2.5,2.5,SI
go_problems,53288,3,0,2026-07-21,21,3,3,83.0,38,2026-10-12,2026-09-14,2.5,2.5,SI
go_problems,53293,2,0,2026-07-16,26,2,2,58.0,15,2026-09-12,2026-08-17,2.5,2.5,SI
go_problems,53300,2,0,2026-07-14,28,2,2,67.0,15,2026-09-19,2026-08-07,2.5,2.5,SI
go_problems,53333,2,0,2026-07-14,28,2,2,49.0,15,2026-09-01,2026-08-20,2.5,2.5,SI
go_problems,53348,3,0,2026-08-05,6,3,3,71.0,38,2026-10-15,2026-10-26,2.5,2.5,SI
go_problems,53352,2,0,2026-07-14,28,2,2,54.0,15,2026-09-06,2026-08-09,2.5,2.5,SI
go_problems,53357,2,0,2026-07-14,28,2,2,58.0,15,2026-09-10,2026-08-15,2.5,2.5,SI
go_problems,53368,2,0,2026-07-17,25,2,2,30.0,15,2026-08-16,2026-08-06,2.5,2.5,SI
go_problems,53371,2,0,2026-07-17,25,2,2,46.0,15,2026-09-01,2026-08-06,2.5,2.5,SI
go_problems,53405,2,0,2026-07-14,28,2,2,51.0,15,2026-09-03,2026-08-09,2.5,2.5,SI
go_problems,53483,2,0,2026-07-14,28,2,2,54.0,15,2026-09-06,2026-08-11,2.5,2.5,SI
go_problems,53493,2,0,2026-07-17,25,2,2,69.0,15,2026-09-24,2026-08-01,2.5,2.5,SI
go_problems,53500,2,0,2026-07-14,28,2,2,38.0,15,2026-08-21,2026-08-02,2.5,2.5,SI
go_problems,53547,1,0,2026-07-03,39,,1,,6.0,,2026-07-12,,2.5,SI
go_problems,53591,3,0,2026-08-05,6,3,3,132.0,38,2026-12-15,2026-10-08,2.5,2.5,SI
go_problems,53592,2,0,2026-07-14,28,2,2,37.0,15,2026-08-20,2026-07-31,2.5,2.5,SI
go_problems,53634,2,0,2026-07-18,24,2,2,54.0,15,2026-09-10,2026-08-05,2.5,2.5,SI
go_problems,53652,2,0,2026-07-16,26,2,2,37.0,15,2026-08-22,2026-07-31,2.5,2.5,SI
go_problems,53703,2,0,2026-07-17,25,2,2,47.0,15,2026-09-02,2026-08-07,2.5,2.5,SI
go_problems,53719,3,0,2026-08-08,3,3,3,190.0,38,2027-02-14,2026-10-31,2.5,2.5,SI
go_problems,53720,3,0,2026-08-06,5,3,3,112.0,38,2026-11-26,2026-09-17,2.5,2.5,SI
go_problems,53722,2,0,2026-07-16,26,2,2,70.0,15,2026-09-24,2026-08-07,2.5,2.5,SI
go_problems,53724,2,0,2026-07-09,33,2,2,49.0,15,2026-08-27,2026-08-07,2.5,2.5,SI
go_problems,53732,2,0,2026-07-14,28,2,2,48.0,15,2026-08-31,2026-07-31,2.5,2.5,SI
go_problems,53743,2,0,2026-07-14,28,2,2,48.0,15,2026-08-31,2026-07-31,2.5,2.5,SI
go_problems,53745,2,0,2026-07-18,24,2,2,48.0,15,2026-09-04,2026-08-20,2.5,2.5,SI
go_problems,53750,2,0,2026-07-14,28,2,2,55.0,15,2026-09-07,2026-08-02,2.5,2.5,SI
go_problems,53759,3,0,2026-07-24,18,3,3,109.0,38,2026-11-10,2026-09-07,2.5,2.5,SI
go_problems,53760,2,0,2026-07-14,28,2,2,59.0,15,2026-09-11,2026-08-07,2.5,2.5,SI
go_problems,53767,3,0,2026-07-27,15,3,3,76.0,38,2026-10-11,2026-10-02,2.5,2.5,SI
go_problems,53787,2,0,2026-07-14,28,2,2,40.0,15,2026-08-23,2026-08-04,2.5,2.5,SI
go_problems,53827,3,0,2026-08-08,3,3,3,95.0,38,2026-11-11,2026-10-29,2.5,2.5,SI
go_problems,53829,2,0,2026-07-14,28,2,2,40.0,15,2026-08-23,2026-08-02,2.5,2.5,SI
go_problems,53840,2,0,2026-07-19,23,2,2,75.0,15,2026-10-02,2026-08-21,2.5,2.5,SI
go_problems,53874,2,0,2026-07-19,23,2,2,38.0,15,2026-08-26,2026-08-06,2.5,2.5,SI
go_problems,53889,2,0,2026-07-14,28,2,2,41.0,15,2026-08-24,2026-08-10,2.5,2.5,SI
go_problems,53940,2,0,2026-07-14,28,2,2,71.0,15,2026-09-23,2026-08-12,2.5,2.5,SI
go_problems,53965,2,0,2026-07-14,28,2,2,61.0,15,2026-09-13,2026-08-12,2.5,2.5,SI
go_problems,53984,3,0,2026-08-07,4,3,3,111.0,38,2026-11-26,2026-10-21,2.5,2.5,SI
go_problems,54026,3,0,2026-08-06,5,3,3,82.0,38,2026-10-27,2026-09-13,2.5,2.5,SI
go_problems,54047,2,0,2026-07-14,28,2,2,44.0,15,2026-08-27,2026-07-30,2.5,2.5,SI
go_problems,54068,2,0,2026-07-14,28,2,2,59.0,15,2026-09-11,2026-08-01,2.5,2.5,SI
go_problems,54083,2,0,2026-07-16,26,2,2,73.0,15,2026-09-27,2026-08-14,2.5,2.5,SI
go_problems,54147,3,0,2026-07-28,14,3,3,85.0,38,2026-10-21,2026-10-10,2.5,2.5,SI
go_problems,54172,2,0,2026-07-14,28,2,2,68.0,15,2026-09-20,2026-07-31,2.5,2.5,SI
go_problems,54199,2,0,2026-07-16,26,2,2,76.0,15,2026-09-30,2026-08-19,2.5,2.5,SI
go_problems,54212,2,0,2026-07-14,28,2,2,52.0,15,2026-09-04,2026-08-10,2.5,2.5,SI
go_problems,54229,2,0,2026-07-16,26,2,2,40.0,15,2026-08-25,2026-08-15,2.5,2.5,SI
go_problems,54293,2,0,2026-07-14,28,2,2,57.0,15,2026-09-09,2026-08-16,2.5,2.5,SI
go_problems,54340,2,0,2026-07-16,26,2,2,45.0,15,2026-08-30,2026-08-02,2.5,2.5,SI
go_problems,54358,2,0,2026-07-14,28,2,2,39.0,15,2026-08-22,2026-08-01,2.5,2.5,SI
go_problems,54371,3,0,2026-08-11,0,3,3,136.0,38,2026-12-25,2026-10-11,2.5,2.5,SI
go_problems,54390,2,0,2026-07-14,28,2,2,31.0,15,2026-08-14,2026-08-08,2.5,2.5,SI
go_problems,54438,3,0,2026-08-05,6,3,3,136.0,38,2026-12-19,2026-10-11,2.5,2.5,SI
go_problems,54441,2,0,2026-07-14,28,2,2,38.0,15,2026-08-21,2026-08-13,2.5,2.5,SI
go_problems,54663,3,0,2026-08-05,6,3,3,79.0,38,2026-10-23,2026-09-12,2.5,2.5,SI
go_problems,54797,3,0,2026-07-20,22,3,3,258.0,38,2027-04-04,2026-09-16,2.5,2.5,SI
go_problems,55110,2,0,2026-07-14,28,2,2,31.0,15,2026-08-14,2026-08-16,2.5,2.5,SI
go_problems,55303,2,0,2026-07-14,28,2,2,44.0,15,2026-08-27,2026-07-29,2.5,2.5,SI
go_problems,55322,3,0,2026-08-05,6,3,3,82.0,38,2026-10-26,2026-10-05,2.5,2.5,SI
go_problems,55681,2,0,2026-07-14,28,2,2,43.0,15,2026-08-26,2026-08-14,2.5,2.5,SI
go_problems,55736,1,0,2026-07-02,40,,1,,6.0,,2026-07-08,,2.5,SI
go_problems,55769,2,0,2026-07-08,34,2,2,43.0,15,2026-08-20,2026-08-07,2.5,2.5,SI
go_problems,55912,2,0,2026-07-14,28,2,2,53.0,15,2026-09-05,2026-08-01,2.5,2.5,SI
go_problems,55923,4,1,2026-08-05,6,2,2,56.0,14,2026-09-30,2026-08-20,2.3,2.3,SI
go_problems,55951,2,0,2026-07-14,28,2,2,47.0,15,2026-08-30,2026-07-30,2.5,2.5,SI
go_problems,55952,3,0,2026-08-05,6,3,3,69.0,38,2026-10-13,2026-10-30,2.5,2.5,SI
go_problems,55953,2,0,2026-07-14,28,2,2,47.0,15,2026-08-30,2026-08-12,2.5,2.5,SI
go_problems,55973,2,0,2026-07-16,26,2,2,56.0,15,2026-09-10,2026-08-06,2.5,2.5,SI
go_problems,55980,3,0,2026-07-20,22,3,3,203.0,38,2027-02-08,2026-10-17,2.5,2.5,SI
go_problems,56140,2,0,2026-07-19,23,2,2,51.0,15,2026-09-08,2026-08-19,2.5,2.5,SI
go_problems,56285,3,0,2026-07-20,22,3,3,163.0,38,2026-12-30,2026-09-14,2.5,2.5,SI
go_problems,56405,2,0,2026-07-18,24,2,2,53.0,15,2026-09-09,2026-08-08,2.5,2.5,SI
go_problems,56413,2,0,2026-07-14,28,2,2,32.0,15,2026-08-15,2026-08-05,2.5,2.5,SI
go_problems,56589,2,0,2026-07-20,22,2,2,59.0,15,2026-09-17,2026-08-06,2.5,2.5,SI
go_problems,56663,1,0,2026-07-02,40,,1,,6.0,,2026-07-13,,2.5,SI
go_problems,56827,3,0,2026-07-20,22,3,3,73.0,38,2026-10-01,2026-10-22,2.5,2.5,SI
go_problems,57212,3,0,2026-07-20,22,3,3,242.0,38,2027-03-19,2026-09-19,2.5,2.5,SI
go_problems,57304,2,0,2026-07-14,28,2,2,38.0,15,2026-08-21,2026-08-02,2.5,2.5,SI
go_problems,57704,3,0,2026-07-20,22,3,3,284.0,38,2027-04-30,2026-09-23,2.5,2.5,SI
guo_juan,1021_01,2,0,2026-07-19,23,2,2,33.0,15,2026-08-21,2026-08-12,2.5,2.5,SI
guo_juan,1021_01a,2,0,2026-07-19,23,2,2,30.0,15,2026-08-18,2026-08-16,2.5,2.5,SI
guo_juan,1021_02,3,2,2026-07-19,23,1,1,12.0,6.0,2026-07-31,2026-07-28,2.0999999999999996,2.1,SI
guo_juan,1021_03,1,0,2026-07-11,31,1,1,14.0,6.0,2026-07-25,2026-07-23,2.5,2.5,SI
guo_juan,1021_04,1,0,2026-07-11,31,1,1,11.0,6.0,2026-07-22,2026-07-18,2.5,2.5,SI
guo_juan,1021_05,1,0,2026-07-11,31,1,1,13.0,6.0,2026-07-24,2026-07-19,2.5,2.5,SI
guo_juan,1021_06,1,0,2026-07-11,31,1,1,11.0,6.0,2026-07-22,2026-07-17,2.5,2.5,SI
guo_juan,1021_07,2,0,2026-07-19,23,2,2,37.0,15,2026-08-25,2026-08-13,2.5,2.5,SI
guo_juan,1021_08,2,0,2026-07-19,23,2,2,36.0,15,2026-08-24,2026-08-11,2.5,2.5,SI
guo_juan,1021_09,1,0,2026-07-11,31,1,1,10.0,6.0,2026-07-21,2026-07-25,2.5,2.5,SI
guo_juan,1026_01,1,0,2026-07-11,31,1,1,11.0,6.0,2026-07-22,2026-07-24,2.5,2.5,SI
guo_juan,1026_02,4,4,2026-07-20,22,0,0,1.0,1.0,2026-07-21,2026-07-21,1.6999999999999997,1.7,NO
guo_juan,1026_03,2,0,2026-07-19,23,2,2,33.0,15,2026-08-21,2026-08-19,2.5,2.5,SI
guo_juan,1026_03a,2,0,2026-07-19,23,2,2,30.0,15,2026-08-18,2026-08-12,2.5,2.5,SI
guo_juan,1026_04,2,1,2026-07-20,22,0,0,1.0,1.0,2026-07-21,2026-07-21,2.3,2.3,NO
guo_juan,1026_05,2,0,2026-07-20,22,2,2,29.0,15,2026-08-18,2026-08-06,2.5,2.5,SI
guo_juan,1026_06,1,0,2026-07-11,31,1,1,11.0,6.0,2026-07-22,2026-07-20,2.5,2.5,SI
guo_juan,1026_07,1,0,2026-07-11,31,1,1,11.0,6.0,2026-07-22,2026-07-17,2.5,2.5,SI
guo_juan,1026_08,1,0,2026-07-11,31,1,1,13.0,6.0,2026-07-24,2026-07-22,2.5,2.5,SI
guo_juan,1026_09,1,0,2026-07-11,31,1,1,14.0,6.0,2026-07-25,2026-07-17,2.5,2.5,SI
guo_juan,1026_10,1,0,2026-07-11,31,1,1,11.0,6.0,2026-07-22,2026-07-22,2.5,2.5,SI
guo_juan,1026_11,1,0,2026-07-11,31,1,1,11.0,6.0,2026-07-22,2026-07-25,2.5,2.5,SI
guo_juan,1026_12,2,0,2026-07-19,23,2,2,33.0,15,2026-08-21,2026-08-17,2.5,2.5,SI
guo_juan,1026_13,3,2,2026-07-20,22,0,0,1.0,1.0,2026-07-21,2026-07-21,2.0999999999999996,2.1,NO
guo_juan,1027_01,2,0,2026-07-19,23,2,2,28.0,15,2026-08-16,2026-08-12,2.5,2.5,SI
guo_juan,1027_02,1,0,2026-07-11,31,1,1,10.0,6.0,2026-07-21,2026-07-23,2.5,2.5,SI
guo_juan,1027_03,2,0,2026-07-19,23,2,2,43.0,15,2026-08-31,2026-08-21,2.5,2.5,SI
guo_juan,1027_04,2,0,2026-07-19,23,2,2,26.0,15,2026-08-14,2026-08-14,2.5,2.5,SI
guo_juan,1027_05,1,0,2026-07-11,31,1,1,14.0,6.0,2026-07-25,2026-07-21,2.5,2.5,SI
guo_juan,1027_06,2,0,2026-07-19,23,2,2,34.0,15,2026-08-22,2026-08-18,2.5,2.5,SI
guo_juan,1027_07,2,0,2026-07-19,23,2,2,19.0,15,2026-08-07,2026-08-23,2.5,2.5,SI
guo_juan,1027_08,2,0,2026-07-19,23,2,2,34.0,15,2026-08-22,2026-08-22,2.5,2.5,SI
guo_juan,1027_09,1,0,2026-07-11,31,1,1,10.0,6.0,2026-07-21,2026-07-22,2.5,2.5,SI
guo_juan,1027_10,2,0,2026-07-19,23,2,2,27.0,15,2026-08-15,2026-08-23,2.5,2.5,SI
guo_juan,1027_11,2,0,2026-07-19,23,2,2,39.0,15,2026-08-27,2026-08-13,2.5,2.5,SI
guo_juan,1027_12,1,0,2026-07-11,31,1,1,13.0,6.0,2026-07-24,2026-07-17,2.5,2.5,SI
guo_juan,1027_13,1,0,2026-07-11,31,1,1,10.0,6.0,2026-07-21,2026-07-25,2.5,2.5,SI
guo_juan,1027_14,1,0,2026-07-11,31,1,1,12.0,6.0,2026-07-23,2026-07-18,2.5,2.5,SI
guo_juan,1027_15,1,0,2026-07-11,31,1,1,10.0,6.0,2026-07-21,2026-07-19,2.5,2.5,SI
guo_juan,1027_16,1,0,2026-07-11,31,1,1,13.0,6.0,2026-07-24,2026-07-21,2.5,2.5,SI
guo_juan,1027_17,2,0,2026-07-19,23,2,2,29.0,15,2026-08-17,2026-08-18,2.5,2.5,SI
guo_juan,1165_01,2,0,2026-07-14,28,2,2,50.0,15,2026-09-02,2026-08-18,2.5,2.5,SI
guo_juan,1165_02,2,0,2026-07-14,28,2,2,60.0,15,2026-09-12,2026-07-30,2.5,2.5,SI
guo_juan,1165_03,2,0,2026-07-09,33,2,2,26.0,15,2026-08-04,2026-08-10,2.5,2.5,SI
guo_juan,1165_03a,2,0,2026-07-14,28,2,2,38.0,15,2026-08-21,2026-08-14,2.5,2.5,SI
guo_juan,1165_03b,2,0,2026-07-14,28,2,2,42.0,15,2026-08-25,2026-08-20,2.5,2.5,SI
guo_juan,1165_03c,2,0,2026-07-02,40,2,2,34.0,15,2026-08-05,2026-08-06,2.5,2.5,SI
guo_juan,1165_03d,2,0,2026-07-02,40,2,2,48.0,15,2026-08-19,2026-07-28,2.5,2.5,SI
guo_juan,1165_03e,2,0,2026-07-14,28,2,2,32.0,15,2026-08-15,2026-08-15,2.5,2.5,SI
guo_juan,1165_03f,2,0,2026-07-08,34,2,2,37.0,15,2026-08-14,2026-08-04,2.5,2.5,SI
guo_juan,1165_03g,2,0,2026-07-02,40,2,2,50.0,15,2026-08-21,2026-07-26,2.5,2.5,SI
guo_juan,1165_04,2,0,2026-07-19,23,2,2,62.0,15,2026-09-19,2026-08-19,2.5,2.5,SI
guo_juan,1165_04a,2,0,2026-07-19,23,2,2,61.0,15,2026-09-18,2026-08-07,2.5,2.5,SI
guo_juan,1165_04b,2,0,2026-07-14,28,2,2,35.0,15,2026-08-18,2026-08-18,2.5,2.5,SI
guo_juan,1165_04c,2,0,2026-07-02,40,2,2,59.0,15,2026-08-30,2026-07-27,2.5,2.5,SI
guo_juan,1165_04d,2,0,2026-07-14,28,2,2,39.0,15,2026-08-22,2026-08-10,2.5,2.5,SI
guo_juan,1165_05,2,0,2026-07-02,40,2,2,63.0,15,2026-09-03,2026-07-20,2.5,2.5,SI
guo_juan,1165_05a,2,0,2026-07-02,40,2,2,72.0,15,2026-09-12,2026-07-22,2.5,2.5,SI
guo_juan,1165_05b,4,2,2026-07-20,22,1,1,11.0,6.0,2026-07-31,2026-07-26,2.0999999999999996,2.1,SI
guo_juan,1165_05d,3,1,2026-07-14,28,2,2,47.0,14,2026-08-30,2026-08-12,2.3,2.3,SI
guo_juan,1165_05e,2,0,2026-07-14,28,2,2,39.0,15,2026-08-22,2026-07-31,2.5,2.5,SI
guo_juan,1165_05f,2,0,2026-07-02,40,2,2,73.0,15,2026-09-13,2026-07-20,2.5,2.5,SI
guo_juan,1165_05g,2,0,2026-07-09,33,2,2,20.0,15,2026-07-29,2026-08-13,2.5,2.5,SI
guo_juan,1165_05h,3,1,2026-07-19,23,1,1,9.0,6.0,2026-07-28,2026-07-28,2.3,2.3,SI
guo_juan,1165_05i,3,1,2026-07-14,28,2,2,44.0,14,2026-08-27,2026-08-10,2.3,2.3,SI
guo_juan,1165_05j,2,0,2026-07-14,28,2,2,50.0,15,2026-09-02,2026-08-06,2.5,2.5,SI
guo_juan,1165_05k,2,0,2026-07-08,34,2,2,22.0,15,2026-07-30,2026-07-24,2.5,2.5,SI
guo_juan,1165_05l,2,0,2026-07-14,28,2,2,32.0,15,2026-08-15,2026-08-09,2.5,2.5,SI
guo_juan,1165_05m,2,0,2026-07-14,28,2,2,41.0,15,2026-08-24,2026-08-11,2.5,2.5,SI
guo_juan,1166_01,6,4,2026-07-19,23,1,1,8.0,6.0,2026-07-27,2026-07-27,1.6999999999999997,1.7,SI
guo_juan,1166_010,2,0,2026-07-02,40,2,2,28.0,15,2026-07-30,2026-07-28,2.5,2.5,SI
guo_juan,1166_011,5,4,2026-07-20,22,0,0,1.0,1.0,2026-07-21,2026-07-21,1.6999999999999997,1.7,NO
guo_juan,1166_011a,3,1,2026-07-14,28,2,2,38.0,14,2026-08-21,2026-08-05,2.3,2.3,SI
guo_juan,1166_012,2,0,2026-07-09,33,2,2,39.0,15,2026-08-17,2026-08-04,2.5,2.5,SI
guo_juan,1166_012a,2,0,2026-07-14,28,2,2,29.0,15,2026-08-12,2026-08-14,2.5,2.5,SI
guo_juan,1166_013,3,1,2026-07-14,28,2,2,23.0,14,2026-08-06,2026-08-03,2.3,2.3,SI
guo_juan,1166_013a,7,5,2026-07-14,28,2,2,10.0,9,2026-07-24,2026-07-24,1.4999999999999998,1.5,SI
guo_juan,1166_02,2,0,2026-07-14,28,2,2,26.0,15,2026-08-09,2026-08-18,2.5,2.5,SI
guo_juan,1166_03,2,0,2026-07-19,23,2,2,80.0,15,2026-10-07,2026-08-17,2.5,2.5,SI
guo_juan,1166_03a,3,1,2026-07-14,28,2,2,53.0,14,2026-09-05,2026-08-09,2.3,2.3,SI
guo_juan,1166_03b,3,1,2026-07-14,28,2,2,52.0,14,2026-09-04,2026-08-01,2.3,2.3,SI
guo_juan,1166_03c,3,1,2026-07-14,28,2,2,49.0,14,2026-09-01,2026-08-13,2.3,2.3,SI
guo_juan,1166_04,6,4,2026-07-19,23,1,1,8.0,6.0,2026-07-27,2026-07-27,1.6999999999999997,1.7,SI
guo_juan,1166_05,4,2,2026-07-19,23,1,1,6.0,6.0,2026-07-25,2026-07-25,2.0999999999999996,2.1,NO
guo_juan,1166_06,5,3,2026-07-14,28,2,2,17.0,11,2026-07-31,2026-07-31,1.8999999999999997,1.9,SI
guo_juan,1166_06a,3,1,2026-07-14,28,2,2,28.0,14,2026-08-11,2026-07-30,2.3,2.3,SI
guo_juan,1166_06b,3,2,2026-07-20,22,0,0,1.0,1.0,2026-07-21,2026-07-21,2.0999999999999996,2.1,NO
guo_juan,1166_06c,6,5,2026-07-20,22,0,0,1.0,1.0,2026-07-21,2026-07-21,1.4999999999999998,1.5,NO
guo_juan,1166_06d,11,10,2026-07-20,22,0,0,1.0,1.0,2026-07-21,2026-07-21,1.3,1.3,NO
guo_juan,1166_07,8,6,2026-07-14,28,2,2,8.0,8,2026-07-22,2026-07-22,1.3,1.3,NO
guo_juan,1166_07a,6,4,2026-07-14,28,2,2,13.0,10,2026-07-27,2026-07-29,1.6999999999999997,1.7,SI
guo_juan,1166_07b,6,4,2026-07-19,23,2,2,15.0,10,2026-08-03,2026-08-02,1.6999999999999997,1.7,SI
guo_juan,1166_07c,5,3,2026-07-20,22,1,1,9.0,6.0,2026-07-29,2026-07-30,1.8999999999999997,1.9,SI
guo_juan,1166_07d,5,3,2026-07-20,22,1,1,6.0,6.0,2026-07-26,2026-07-26,1.8999999999999997,1.9,NO
guo_juan,1166_08,2,0,2026-07-08,34,2,2,35.0,15,2026-08-12,2026-08-02,2.5,2.5,SI
guo_juan,1166_09,2,0,2026-07-14,28,2,2,28.0,15,2026-08-11,2026-07-30,2.5,2.5,SI
guo_juan,1178_01,2,0,2026-07-19,23,2,2,35.0,15,2026-08-23,2026-08-04,2.5,2.5,SI
guo_juan,1178_01a,3,1,2026-07-14,28,2,2,15.0,14,2026-07-29,2026-08-02,2.3,2.3,SI
guo_juan,1178_02,2,0,2026-07-08,34,2,2,19.0,15,2026-07-27,2026-07-30,2.5,2.5,SI
guo_juan,1178_02a,3,1,2026-07-14,28,2,2,36.0,14,2026-08-19,2026-08-09,2.3,2.3,SI
guo_juan,1178_02b,2,0,2026-07-14,28,2,2,67.0,15,2026-09-19,2026-07-31,2.5,2.5,SI
guo_juan,1178_03,2,0,2026-07-09,33,2,2,25.0,15,2026-08-03,2026-08-06,2.5,2.5,SI
guo_juan,1178_03a,2,0,2026-07-09,33,2,2,25.0,15,2026-08-03,2026-07-26,2.5,2.5,SI
guo_juan,1178_03b,3,1,2026-07-14,28,2,2,29.0,14,2026-08-12,2026-07-29,2.3,2.3,SI
guo_juan,1178_04,2,0,2026-07-14,28,2,2,34.0,15,2026-08-17,2026-08-18,2.5,2.5,SI
guo_juan,1178_04a,2,0,2026-07-14,28,2,2,34.0,15,2026-08-17,2026-08-13,2.5,2.5,SI
guo_juan,1178_04b,4,2,2026-07-20,22,1,1,9.0,6.0,2026-07-29,2026-07-29,2.0999999999999996,2.1,SI
guo_juan,1197_01,2,0,2026-07-14,28,2,2,38.0,15,2026-08-21,2026-08-06,2.5,2.5,SI
guo_juan,1197_01a,2,0,2026-07-09,33,2,2,23.0,15,2026-08-01,2026-07-27,2.5,2.5,SI
guo_juan,1197_01b,2,0,2026-07-14,28,2,2,24.0,15,2026-08-07,2026-07-31,2.5,2.5,SI
guo_juan,1197_02,2,0,2026-07-08,34,2,2,26.0,15,2026-08-03,2026-07-23,2.5,2.5,SI
guo_juan,1197_02a,2,0,2026-07-14,28,2,2,64.0,15,2026-09-16,2026-08-09,2.5,2.5,SI
guo_juan,1197_02b,2,0,2026-07-08,34,2,2,32.0,15,2026-08-09,2026-07-29,2.5,2.5,SI
guo_juan,1197_02c,2,0,2026-07-14,28,2,2,46.0,15,2026-08-29,2026-08-07,2.5,2.5,SI
guo_juan,1197_03,2,0,2026-07-08,34,2,2,28.0,15,2026-08-05,2026-07-31,2.5,2.5,SI
guo_juan,1197_03a,2,0,2026-07-08,34,2,2,26.0,15,2026-08-03,2026-07-28,2.5,2.5,SI
guo_juan,1197_04,1,0,2026-07-02,40,,1,,6.0,,2026-07-11,,2.5,SI
guo_juan,1197_04a,2,0,2026-07-14,28,2,2,30.0,15,2026-08-13,2026-08-17,2.5,2.5,SI
guo_juan,1197_05,2,0,2026-07-09,33,2,2,34.0,15,2026-08-12,2026-08-12,2.5,2.5,SI
guo_juan,1197_05a,2,0,2026-07-14,28,2,2,41.0,15,2026-08-24,2026-08-05,2.5,2.5,SI
guo_juan,1197_05b,4,2,2026-07-14,28,2,2,25.0,13,2026-08-08,2026-08-02,2.0999999999999996,2.1,SI
guo_juan,1197_06,2,0,2026-07-14,28,2,2,31.0,15,2026-08-14,2026-07-30,2.5,2.5,SI
guo_juan,1197_06a,2,0,2026-07-14,28,2,2,30.0,15,2026-08-13,2026-08-17,2.5,2.5,SI
guo_juan,1197_06b,2,0,2026-07-14,28,2,2,36.0,15,2026-08-19,2026-08-12,2.5,2.5,SI
guo_juan,1197_06c,5,4,2026-07-20,22,0,0,1.0,1.0,2026-07-21,2026-07-21,1.6999999999999997,1.7,NO
guo_juan,1197_06d,7,5,2026-07-19,23,1,1,6.0,6.0,2026-07-25,2026-07-25,1.4999999999999998,1.5,NO
guo_juan,1211_01,1,0,2026-08-10,1,1,1,11.0,6.0,2026-08-21,2026-08-24,2.5,2.5,SI
guo_juan,1211_02,1,0,2026-08-10,1,1,1,14.0,6.0,2026-08-24,2026-08-19,2.5,2.5,SI
guo_juan,1211_03,2,1,2026-08-11,0,1,1,13.0,6.0,2026-08-24,2026-08-22,2.3,2.3,SI
guo_juan,1211_03a,1,0,2026-08-10,1,1,1,7.0,6.0,2026-08-17,2026-08-16,2.5,2.5,SI
guo_juan,1211_03b,2,1,2026-08-11,0,1,1,6.0,6.0,2026-08-17,2026-08-17,2.3,2.3,NO
guo_juan,1211_03c,1,0,2026-08-10,1,1,1,11.0,6.0,2026-08-21,2026-08-16,2.5,2.5,SI
guo_juan,1211_03d,1,0,2026-08-10,1,1,1,9.0,6.0,2026-08-19,2026-08-19,2.5,2.5,SI
guo_juan,1211_03e,2,1,2026-08-11,0,1,1,13.0,6.0,2026-08-24,2026-08-18,2.3,2.3,SI
guo_juan,1211_03f,1,0,2026-08-10,1,1,1,14.0,6.0,2026-08-24,2026-08-18,2.5,2.5,SI
guo_juan,1211_04,1,0,2026-08-10,1,1,1,10.0,6.0,2026-08-20,2026-08-19,2.5,2.5,SI
guo_juan,1211_04a,2,2,2026-08-11,0,0,0,1.0,1.0,2026-08-12,2026-08-12,2.0999999999999996,2.1,NO
guo_juan,1211_05,1,0,2026-08-10,1,1,1,10.0,6.0,2026-08-20,2026-08-17,2.5,2.5,SI
guo_juan,1211_05a,2,1,2026-08-11,0,1,1,13.0,6.0,2026-08-24,2026-08-18,2.3,2.3,SI
guo_juan,1211_05b,1,0,2026-08-10,1,1,1,13.0,6.0,2026-08-23,2026-08-20,2.5,2.5,SI
guo_juan,1410_01,2,0,2026-07-09,33,2,2,51.0,15,2026-08-29,2026-08-03,2.5,2.5,SI
guo_juan,1410_02,3,0,2026-08-11,0,3,3,79.0,38,2026-10-29,2026-11-05,2.5,2.5,SI
guo_juan,1410_03,3,0,2026-08-11,0,3,3,167.0,38,2027-01-25,2026-09-24,2.5,2.5,SI
guo_juan,1410_04,2,0,2026-07-14,28,2,2,63.0,15,2026-09-15,2026-07-30,2.5,2.5,SI
guo_juan,1410_05,3,0,2026-08-11,0,3,3,122.0,38,2026-12-11,2026-10-24,2.5,2.5,SI
guo_juan,1410_06,2,0,2026-07-14,28,2,2,69.0,15,2026-09-21,2026-08-07,2.5,2.5,SI
guo_juan,1411_01,3,0,2026-07-24,18,3,3,65.0,38,2026-09-27,2026-09-18,2.5,2.5,SI
guo_juan,1411_02,3,0,2026-08-11,0,3,3,126.0,38,2026-12-15,2026-10-03,2.5,2.5,SI
guo_juan,1411_03,2,0,2026-07-06,36,2,2,37.0,15,2026-08-12,2026-08-03,2.5,2.5,SI
guo_juan,1411_04,2,0,2026-07-14,28,2,2,46.0,15,2026-08-29,2026-08-16,2.5,2.5,SI
guo_juan,1411_05,2,0,2026-07-14,28,2,2,39.0,15,2026-08-22,2026-08-10,2.5,2.5,SI
guo_juan,1411_06,2,0,2026-07-09,33,2,2,55.0,15,2026-09-02,2026-08-08,2.5,2.5,SI
guo_juan,1411_07,3,0,2026-08-11,0,3,3,163.0,38,2027-01-21,2026-10-28,2.5,2.5,SI
guo_juan,1411_08,3,0,2026-08-11,0,3,3,100.0,38,2026-11-19,2026-09-26,2.5,2.5,SI
guo_juan,1411_09,2,0,2026-07-14,28,2,2,71.0,15,2026-09-23,2026-08-04,2.5,2.5,SI
guo_juan,1411_10,2,0,2026-07-09,33,2,2,46.0,15,2026-08-24,2026-08-15,2.5,2.5,SI
guo_juan,1411_11,2,0,2026-07-14,28,2,2,31.0,15,2026-08-14,2026-08-01,2.5,2.5,SI
guo_juan,1411_12,3,0,2026-08-11,0,3,3,167.0,38,2027-01-25,2026-10-07,2.5,2.5,SI
guo_juan,1413_01,2,0,2026-07-09,33,2,2,38.0,15,2026-08-16,2026-08-13,2.5,2.5,SI
guo_juan,1413_02,3,0,2026-08-10,1,3,3,84.0,38,2026-11-02,2026-10-16,2.5,2.5,SI
guo_juan,1413_03,3,0,2026-08-10,1,3,3,105.0,38,2026-11-23,2026-10-07,2.5,2.5,SI
guo_juan,1413_04,3,0,2026-08-11,0,3,3,99.0,38,2026-11-18,2026-10-29,2.5,2.5,SI
guo_juan,1413_05,2,0,2026-07-14,28,2,2,60.0,15,2026-09-12,2026-08-11,2.5,2.5,SI
guo_juan,1413_06,2,0,2026-07-09,33,2,2,35.0,15,2026-08-13,2026-08-09,2.5,2.5,SI
guo_juan,1413_07,2,0,2026-07-14,28,2,2,54.0,15,2026-09-06,2026-08-20,2.5,2.5,SI
guo_juan,1413_08,2,0,2026-07-14,28,2,2,50.0,15,2026-09-02,2026-08-13,2.5,2.5,SI
guo_juan,1413_09,2,0,2026-07-14,28,2,2,39.0,15,2026-08-22,2026-08-18,2.5,2.5,SI
guo_juan,1413_10,2,0,2026-07-14,28,2,2,45.0,15,2026-08-28,2026-07-31,2.5,2.5,SI
guo_juan,1413_10a,3,0,2026-08-11,0,3,3,123.0,38,2026-12-12,2026-09-24,2.5,2.5,SI
guo_juan,1414_01,2,0,2026-07-14,28,2,2,57.0,15,2026-09-09,2026-07-30,2.5,2.5,SI
guo_juan,1414_01a,2,0,2026-07-07,35,2,2,44.0,15,2026-08-20,2026-07-30,2.5,2.5,SI
guo_juan,1414_02,2,0,2026-07-07,35,2,2,37.0,15,2026-08-13,2026-07-26,2.5,2.5,SI
guo_juan,1414_02a,2,0,2026-07-14,28,2,2,71.0,15,2026-09-23,2026-08-12,2.5,2.5,SI
guo_juan,1414_03,2,0,2026-07-14,28,2,2,48.0,15,2026-08-31,2026-08-11,2.5,2.5,SI
guo_juan,1414_04,2,0,2026-07-14,28,2,2,34.0,15,2026-08-17,2026-08-07,2.5,2.5,SI
guo_juan,1414_04a,3,1,2026-07-19,23,2,2,53.0,14,2026-09-10,2026-08-05,2.3,2.3,SI
guo_juan,1414_05,3,0,2026-08-11,0,3,3,129.0,38,2026-12-18,2026-11-04,2.5,2.5,SI
guo_juan,1414_05a,3,0,2026-08-11,0,3,3,96.0,38,2026-11-15,2026-10-10,2.5,2.5,SI
guo_juan,1414_06,3,0,2026-08-11,0,3,3,153.0,38,2027-01-11,2026-10-20,2.5,2.5,SI
guo_juan,1414_06a,2,0,2026-07-14,28,2,2,69.0,15,2026-09-21,2026-08-04,2.5,2.5,SI
guo_juan,1415_01,3,0,2026-08-11,0,3,3,78.0,38,2026-10-28,2026-10-23,2.5,2.5,SI
guo_juan,1415_02,2,0,2026-07-09,33,2,2,51.0,15,2026-08-29,2026-07-26,2.5,2.5,SI
guo_juan,1415_02a,2,0,2026-07-14,28,2,2,40.0,15,2026-08-23,2026-08-08,2.5,2.5,SI
guo_juan,1415_02b,2,0,2026-07-08,34,2,2,36.0,15,2026-08-13,2026-08-06,2.5,2.5,SI
guo_juan,1415_03,2,0,2026-07-14,28,2,2,37.0,15,2026-08-20,2026-07-30,2.5,2.5,SI
guo_juan,1415_03a,2,0,2026-07-14,28,2,2,64.0,15,2026-09-16,2026-08-01,2.5,2.5,SI
guo_juan,1415_03b,2,0,2026-07-06,36,2,2,37.0,15,2026-08-12,2026-08-10,2.5,2.5,SI
guo_juan,1415_04,2,0,2026-07-14,28,2,2,52.0,15,2026-09-04,2026-08-12,2.5,2.5,SI
guo_juan,1415_04a,2,0,2026-07-14,28,2,2,49.0,15,2026-09-01,2026-08-14,2.5,2.5,SI
guo_juan,1415_04b,4,2,2026-08-11,0,0,0,1.0,1.0,2026-08-12,2026-08-12,2.0999999999999996,2.1,NO
guo_juan,1415_04c,3,0,2026-08-11,0,3,3,173.0,38,2027-01-31,2026-10-08,2.5,2.5,SI
guo_juan,1415_04d,2,0,2026-07-14,28,2,2,48.0,15,2026-08-31,2026-08-17,2.5,2.5,SI
guo_juan,1415_05,2,0,2026-07-08,34,2,2,47.0,15,2026-08-24,2026-07-25,2.5,2.5,SI
guo_juan,1417_01,2,0,2026-07-14,28,2,2,63.0,15,2026-09-15,2026-08-08,2.5,2.5,SI
guo_juan,1417_01a,2,0,2026-07-14,28,2,2,55.0,15,2026-09-07,2026-08-19,2.5,2.5,SI
guo_juan,1417_01b,2,0,2026-07-07,35,2,2,39.0,15,2026-08-15,2026-08-11,2.5,2.5,SI
guo_juan,1417_02,2,0,2026-07-14,28,2,2,50.0,15,2026-09-02,2026-08-18,2.5,2.5,SI
guo_juan,1417_03,2,0,2026-07-09,33,2,2,41.0,15,2026-08-19,2026-08-05,2.5,2.5,SI
guo_juan,1417_03a,3,1,2026-08-11,0,0,0,1.0,1.0,2026-08-12,2026-08-12,2.3,2.3,NO
guo_juan,1417_03b,2,0,2026-07-14,28,2,2,30.0,15,2026-08-13,2026-08-12,2.5,2.5,SI
guo_juan,1417_03c,2,0,2026-07-14,28,2,2,35.0,15,2026-08-18,2026-08-04,2.5,2.5,SI
guo_juan,1417_04,2,0,2026-07-14,28,2,2,38.0,15,2026-08-21,2026-08-10,2.5,2.5,SI
guo_juan,1417_04a,2,0,2026-07-14,28,2,2,42.0,15,2026-08-25,2026-08-20,2.5,2.5,SI
guo_juan,1417_04b,3,0,2026-08-06,5,3,3,63.0,38,2026-10-08,2026-10-28,2.5,2.5,SI
guo_juan,1417_05,2,0,2026-07-08,34,2,2,43.0,15,2026-08-20,2026-08-04,2.5,2.5,SI
guo_juan,1417_05a,3,1,2026-07-19,23,2,2,50.0,14,2026-09-07,2026-08-18,2.3,2.3,SI
guo_juan,1417_05b,3,0,2026-08-11,0,3,3,89.0,38,2026-11-08,2026-10-17,2.5,2.5,SI
guo_juan,1419_01,2,0,2026-07-08,34,2,2,36.0,15,2026-08-13,2026-08-04,2.5,2.5,SI
guo_juan,1419_02,3,0,2026-08-11,0,3,3,77.0,38,2026-10-27,2026-10-29,2.5,2.5,SI
guo_juan,1419_02a,2,0,2026-07-14,28,2,2,63.0,15,2026-09-15,2026-08-14,2.5,2.5,SI
guo_juan,1419_02b,2,0,2026-07-14,28,2,2,70.0,15,2026-09-22,2026-08-07,2.5,2.5,SI
guo_juan,1419_02c,3,0,2026-08-11,0,3,3,130.0,38,2026-12-19,2026-10-21,2.5,2.5,SI
guo_juan,1419_02d,2,0,2026-07-14,28,2,2,33.0,15,2026-08-16,2026-08-15,2.5,2.5,SI
guo_juan,1419_03,2,0,2026-07-14,28,2,2,58.0,15,2026-09-10,2026-08-04,2.5,2.5,SI
guo_juan,1419_03a,1,0,2026-06-30,42,2,1,58.0,6.0,2026-08-27,2026-07-08,2.5,2.5,SI
guo_juan,1419_03b,2,0,2026-07-09,33,2,2,49.0,15,2026-08-27,2026-07-29,2.5,2.5,SI
guo_juan,1419_03c,3,0,2026-08-11,0,3,3,92.0,38,2026-11-11,2026-10-21,2.5,2.5,SI
guo_juan,1419_03d,3,0,2026-08-11,0,3,3,165.0,38,2027-01-23,2026-10-26,2.5,2.5,SI
guo_juan,1419_04,2,0,2026-07-08,34,2,2,43.0,15,2026-08-20,2026-08-08,2.5,2.5,SI
guo_juan,1419_04a,4,1,2026-07-24,18,2,2,29.0,14,2026-08-22,2026-08-10,2.3,2.3,SI
guo_juan,1419_04b,3,0,2026-08-11,0,3,3,140.0,38,2026-12-29,2026-09-23,2.5,2.5,SI
guo_juan,1419_04c,2,0,2026-07-07,35,2,2,42.0,15,2026-08-18,2026-08-03,2.5,2.5,SI
guo_juan,1419_04d,2,0,2026-07-09,33,2,2,52.0,15,2026-08-30,2026-08-14,2.5,2.5,SI
guo_juan,1420_01,2,0,2026-07-07,35,2,2,36.0,15,2026-08-12,2026-08-05,2.5,2.5,SI
guo_juan,1420_01a,2,0,2026-07-14,28,2,2,63.0,15,2026-09-15,2026-08-10,2.5,2.5,SI
guo_juan,1420_02,3,0,2026-08-11,0,3,3,171.0,38,2027-01-29,2026-10-29,2.5,2.5,SI
guo_juan,1420_02a,2,0,2026-07-14,28,2,2,70.0,15,2026-09-22,2026-08-17,2.5,2.5,SI
guo_juan,1420_03,2,0,2026-07-14,28,2,2,51.0,15,2026-09-03,2026-08-03,2.5,2.5,SI
guo_juan,1420_03a,3,0,2026-08-11,0,3,3,71.0,38,2026-10-21,2026-10-15,2.5,2.5,SI
guo_juan,1420_04,3,0,2026-08-11,0,3,3,142.0,38,2026-12-31,2026-10-25,2.5,2.5,SI
guo_juan,1420_04a,2,0,2026-07-09,33,2,2,56.0,15,2026-09-03,2026-07-24,2.5,2.5,SI
guo_juan,1420_05,2,0,2026-08-06,5,3,2,84.0,15,2026-10-29,2026-08-28,2.5,2.5,SI
guo_juan,1420_05a,2,0,2026-07-14,28,2,2,36.0,15,2026-08-19,2026-08-09,2.5,2.5,SI
guo_juan,1420_06,1,0,2026-06-30,42,2,1,73.0,6.0,2026-09-11,2026-07-14,2.5,2.5,SI
guo_juan,1420_07,2,0,2026-08-11,0,3,2,121.0,15,2026-12-10,2026-09-08,2.5,2.5,SI
guo_juan,1420_07a,2,0,2026-07-14,28,2,2,50.0,15,2026-09-02,2026-08-20,2.5,2.5,SI
guo_juan,1420_08,2,0,2026-07-14,28,2,2,70.0,15,2026-09-22,2026-08-18,2.5,2.5,SI
guo_juan,1423_01,3,0,2026-08-11,0,3,3,156.0,38,2027-01-14,2026-09-27,2.5,2.5,SI
guo_juan,1423_02,3,0,2026-08-11,0,3,3,133.0,38,2026-12-22,2026-11-07,2.5,2.5,SI
guo_juan,1423_02a,2,0,2026-07-14,28,2,2,36.0,15,2026-08-19,2026-07-30,2.5,2.5,SI
guo_juan,1423_02b,2,0,2026-07-14,28,2,2,69.0,15,2026-09-21,2026-08-16,2.5,2.5,SI
guo_juan,1423_03,3,0,2026-08-11,0,3,3,153.0,38,2027-01-11,2026-10-23,2.5,2.5,SI
guo_juan,1423_04,2,0,2026-07-14,28,2,2,55.0,15,2026-09-07,2026-08-03,2.5,2.5,SI
guo_juan,1423_05,2,0,2026-07-14,28,2,2,66.0,15,2026-09-18,2026-08-11,2.5,2.5,SI
guo_juan,1423_05a,2,0,2026-07-09,33,2,2,45.0,15,2026-08-23,2026-08-12,2.5,2.5,SI
guo_juan,1423_06,2,0,2026-07-14,28,2,2,41.0,15,2026-08-24,2026-08-01,2.5,2.5,SI
guo_juan,1428_01,3,0,2026-08-11,0,3,3,70.0,38,2026-10-20,2026-10-02,2.5,2.5,SI
guo_juan,1428_02,2,0,2026-07-09,33,2,2,44.0,15,2026-08-22,2026-08-13,2.5,2.5,SI
guo_juan,1428_02a,3,0,2026-08-11,0,3,3,75.0,38,2026-10-25,2026-09-23,2.5,2.5,SI
guo_juan,1428_02b,2,0,2026-07-19,23,2,2,57.0,15,2026-09-14,2026-08-23,2.5,2.5,SI
guo_juan,1428_03,3,0,2026-08-11,0,3,3,136.0,38,2026-12-25,2026-11-06,2.5,2.5,SI
guo_juan,1428_03a,3,0,2026-08-11,0,3,3,146.0,38,2027-01-04,2026-10-22,2.5,2.5,SI
guo_juan,1428_04,2,0,2026-07-09,33,2,2,44.0,15,2026-08-22,2026-07-27,2.5,2.5,SI
guo_juan,1428_04a,3,0,2026-08-11,0,3,3,136.0,38,2026-12-25,2026-10-19,2.5,2.5,SI
guo_juan,1429_01,3,0,2026-08-11,0,3,3,77.0,38,2026-10-27,2026-11-04,2.5,2.5,SI
guo_juan,1429_01a,3,0,2026-08-11,0,3,3,118.0,38,2026-12-07,2026-10-20,2.5,2.5,SI
guo_juan,1429_02,2,0,2026-07-14,28,2,2,44.0,15,2026-08-27,2026-08-01,2.5,2.5,SI
guo_juan,1429_02a,2,0,2026-07-14,28,2,2,63.0,15,2026-09-15,2026-08-19,2.5,2.5,SI
guo_juan,1429_02b,3,0,2026-08-11,0,3,3,80.0,38,2026-10-30,2026-09-20,2.5,2.5,SI
guo_juan,1429_02c,2,0,2026-07-14,28,2,2,58.0,15,2026-09-10,2026-08-11,2.5,2.5,SI
guo_juan,1429_02d,4,1,2026-08-06,5,3,3,56.0,32,2026-10-01,2026-09-11,2.3,2.3,SI
guo_juan,1429_03,2,0,2026-07-14,28,2,2,59.0,15,2026-09-11,2026-08-08,2.5,2.5,SI
guo_juan,1429_03a,3,0,2026-08-11,0,3,3,152.0,38,2027-01-10,2026-10-01,2.5,2.5,SI
guo_juan,1429_04,2,0,2026-07-14,28,2,2,30.0,15,2026-08-13,2026-08-17,2.5,2.5,SI
guo_juan,1429_05,3,0,2026-08-11,0,3,3,187.0,38,2027-02-14,2026-09-19,2.5,2.5,SI
guo_juan,1429_05a,2,0,2026-07-14,28,2,2,42.0,15,2026-08-25,2026-08-16,2.5,2.5,SI
guo_juan,1429_05b,2,0,2026-07-14,28,2,2,30.0,15,2026-08-13,2026-08-13,2.5,2.5,SI
guo_juan,1432_01,2,0,2026-07-19,23,2,2,63.0,15,2026-09-20,2026-08-25,2.5,2.5,SI
guo_juan,1432_01a,2,0,2026-07-14,28,2,2,72.0,15,2026-09-24,2026-08-10,2.5,2.5,SI
guo_juan,1432_02,2,0,2026-07-14,28,2,2,34.0,15,2026-08-17,2026-08-07,2.5,2.5,SI
guo_juan,1432_02a,2,0,2026-07-08,34,2,2,42.0,15,2026-08-19,2026-07-23,2.5,2.5,SI
guo_juan,1432_02b,2,0,2026-07-19,23,2,2,41.0,15,2026-08-29,2026-08-11,2.5,2.5,SI
guo_juan,1432_02c,2,0,2026-07-09,33,2,2,38.0,15,2026-08-16,2026-08-12,2.5,2.5,SI
guo_juan,1432_03,2,0,2026-07-09,33,2,2,40.0,15,2026-08-18,2026-08-12,2.5,2.5,SI
guo_juan,1432_04,2,0,2026-07-19,23,2,2,42.0,15,2026-08-30,2026-08-17,2.5,2.5,SI
guo_juan,1432_05,2,0,2026-07-14,28,2,2,52.0,15,2026-09-04,2026-08-01,2.5,2.5,SI
guo_juan,1432_06,2,0,2026-07-14,28,2,2,32.0,15,2026-08-15,2026-08-15,2.5,2.5,SI
guo_juan,1436_01,5,2,2026-08-10,1,2,2,36.0,13,2026-09-15,2026-08-24,2.0999999999999996,2.1,SI
guo_juan,1436_01a,3,0,2026-08-06,5,3,3,45.0,38,2026-09-20,2026-09-13,2.5,2.5,SI
guo_juan,1436_01b,2,0,2026-07-14,28,2,2,36.0,15,2026-08-19,2026-08-08,2.5,2.5,SI
guo_juan,1436_02,3,0,2026-08-11,0,3,3,51.0,38,2026-10-01,2026-11-02,2.5,2.5,SI
guo_juan,1436_02a,3,0,2026-08-11,0,3,3,119.0,38,2026-12-08,2026-10-14,2.5,2.5,SI
guo_juan,1436_03,3,0,2026-08-11,0,3,3,133.0,38,2026-12-22,2026-11-08,2.5,2.5,SI
guo_juan,1436_03a,3,0,2026-08-11,0,3,3,122.0,38,2026-12-11,2026-10-06,2.5,2.5,SI
guo_juan,1436_04,2,0,2026-07-14,28,2,2,44.0,15,2026-08-27,2026-08-18,2.5,2.5,SI
guo_juan,1436_05,2,0,2026-07-14,28,2,2,60.0,15,2026-09-12,2026-08-14,2.5,2.5,SI
guo_juan,1436_05a,2,0,2026-07-08,34,2,2,36.0,15,2026-08-13,2026-07-30,2.5,2.5,SI
guo_juan,1436_05b,2,0,2026-07-08,34,2,2,41.0,15,2026-08-18,2026-08-09,2.5,2.5,SI
guo_juan,1437_01,2,0,2026-07-14,28,2,2,33.0,15,2026-08-16,2026-08-09,2.5,2.5,SI
guo_juan,1437_01a,2,0,2026-07-14,28,2,2,60.0,15,2026-09-12,2026-08-10,2.5,2.5,SI
guo_juan,1437_01b,4,1,2026-07-19,23,2,2,36.0,14,2026-08-24,2026-08-03,2.3,2.3,SI
guo_juan,1437_02,4,1,2026-08-11,0,3,3,55.0,32,2026-10-05,2026-10-16,2.3,2.3,SI
guo_juan,1437_02a,2,0,2026-07-08,34,2,2,38.0,15,2026-08-15,2026-08-05,2.5,2.5,SI
guo_juan,1437_03,2,0,2026-07-14,28,2,2,73.0,15,2026-09-25,2026-07-31,2.5,2.5,SI
guo_juan,1437_03a,3,0,2026-08-11,0,3,3,133.0,38,2026-12-22,2026-10-11,2.5,2.5,SI
guo_juan,1437_03b,2,0,2026-07-14,28,2,2,34.0,15,2026-08-17,2026-08-13,2.5,2.5,SI
guo_juan,1437_03c,3,0,2026-08-11,0,3,3,102.0,38,2026-11-21,2026-09-24,2.5,2.5,SI
guo_juan,1437_04,3,0,2026-08-11,0,3,3,91.0,38,2026-11-10,2026-10-08,2.5,2.5,SI
guo_juan,1457_01,1,0,2026-07-20,22,1,1,7.0,6.0,2026-07-27,2026-08-01,2.5,2.5,SI
guo_juan,1457_01a,1,0,2026-07-20,22,1,1,9.0,6.0,2026-07-29,2026-08-03,2.5,2.5,SI
guo_juan,1457_02,1,0,2026-07-20,22,1,1,9.0,6.0,2026-07-29,2026-07-26,2.5,2.5,SI
guo_juan,1457_02a,1,0,2026-07-20,22,1,1,12.0,6.0,2026-08-01,2026-08-02,2.5,2.5,SI
guo_juan,1457_03,1,0,2026-07-20,22,1,1,9.0,6.0,2026-07-29,2026-07-29,2.5,2.5,SI
guo_juan,1457_03a,1,0,2026-07-20,22,1,1,7.0,6.0,2026-07-27,2026-08-02,2.5,2.5,SI
guo_juan,1457_03b,1,0,2026-07-20,22,1,1,12.0,6.0,2026-08-01,2026-07-26,2.5,2.5,SI
guo_juan,1457_03c,1,0,2026-07-20,22,1,1,10.0,6.0,2026-07-30,2026-07-28,2.5,2.5,SI
guo_juan,1457_05,1,0,2026-07-20,22,1,1,11.0,6.0,2026-07-31,2026-08-03,2.5,2.5,SI
guo_juan,1457_05a,3,2,2026-08-06,5,1,1,6.0,6.0,2026-08-12,2026-08-12,2.0999999999999996,2.1,NO
guo_juan,1457_05b,3,3,2026-08-06,5,0,0,1.0,1.0,2026-08-07,2026-08-07,1.8999999999999997,1.9,NO
guo_juan,1457_06,3,2,2026-08-06,5,1,1,6.0,6.0,2026-08-12,2026-08-12,2.0999999999999996,2.1,NO
guo_juan,1457_06b,2,2,2026-08-06,5,0,0,1.0,1.0,2026-08-07,2026-08-07,2.0999999999999996,2.1,NO
guo_juan,1457_06c,1,0,2026-07-20,22,1,1,11.0,6.0,2026-07-31,2026-07-30,2.5,2.5,SI
guo_juan,1458_01,1,0,2026-07-20,22,1,1,13.0,6.0,2026-08-02,2026-08-01,2.5,2.5,SI
guo_juan,1458_01a,2,2,2026-08-06,5,0,0,1.0,1.0,2026-08-07,2026-08-07,2.0999999999999996,2.1,NO
guo_juan,1458_02,1,0,2026-07-20,22,1,1,8.0,6.0,2026-07-28,2026-07-31,2.5,2.5,SI
guo_juan,1458_02a,1,0,2026-07-20,22,1,1,13.0,6.0,2026-08-02,2026-07-29,2.5,2.5,SI
guo_juan,1458_02b,1,0,2026-07-20,22,1,1,7.0,6.0,2026-07-27,2026-07-27,2.5,2.5,SI
guo_juan,1458_03,2,2,2026-08-06,5,0,0,1.0,1.0,2026-08-07,2026-08-07,2.0999999999999996,2.1,NO
guo_juan,1458_03a,2,1,2026-08-06,5,1,1,11.0,6.0,2026-08-17,2026-08-15,2.3,2.3,SI
guo_juan,1462_01,3,0,2026-08-11,0,3,3,71.0,38,2026-10-21,2026-10-11,2.5,2.5,SI
guo_juan,1462_01a,2,0,2026-07-14,28,2,2,59.0,15,2026-09-11,2026-07-30,2.5,2.5,SI
guo_juan,1462_01b,3,0,2026-08-11,0,3,3,100.0,38,2026-11-19,2026-09-26,2.5,2.5,SI
guo_juan,1462_01c,2,0,2026-07-14,28,2,2,50.0,15,2026-09-02,2026-07-29,2.5,2.5,SI
guo_juan,1462_01d,2,0,2026-07-19,23,2,2,59.0,15,2026-09-16,2026-08-22,2.5,2.5,SI
guo_juan,1462_01e,2,0,2026-07-14,28,2,2,37.0,15,2026-08-20,2026-08-16,2.5,2.5,SI
guo_juan,1462_02,2,0,2026-07-19,23,2,2,42.0,15,2026-08-30,2026-08-13,2.5,2.5,SI
guo_juan,1462_02a,2,0,2026-07-14,28,2,2,53.0,15,2026-09-05,2026-08-04,2.5,2.5,SI
guo_juan,1462_03,3,0,2026-08-11,0,3,3,137.0,38,2026-12-26,2026-10-13,2.5,2.5,SI
guo_juan,1462_03a,3,0,2026-08-11,0,3,3,147.0,38,2027-01-05,2026-09-21,2.5,2.5,SI
guo_juan,1462_03b,2,0,2026-07-14,28,2,2,38.0,15,2026-08-21,2026-08-01,2.5,2.5,SI
guo_juan,1462_04,2,0,2026-07-14,28,2,2,41.0,15,2026-08-24,2026-08-04,2.5,2.5,SI
guo_juan,1462_04a,3,1,2026-07-14,28,2,2,43.0,14,2026-08-26,2026-08-08,2.3,2.3,SI
guo_juan,1462_04b,2,0,2026-07-14,28,2,2,72.0,15,2026-09-24,2026-08-12,2.5,2.5,SI
guo_juan,1463_01,2,0,2026-07-19,23,2,2,81.0,15,2026-10-08,2026-08-23,2.5,2.5,SI
guo_juan,1463_02,3,0,2026-08-11,0,3,3,139.0,38,2026-12-28,2026-10-21,2.5,2.5,SI
guo_juan,1463_02a,3,0,2026-08-11,0,3,3,82.0,38,2026-11-01,2026-09-18,2.5,2.5,SI
guo_juan,1463_02b,2,0,2026-07-14,28,2,2,45.0,15,2026-08-28,2026-08-15,2.5,2.5,SI
guo_juan,1463_02c,2,0,2026-07-14,28,2,2,57.0,15,2026-09-09,2026-08-10,2.5,2.5,SI
guo_juan,1463_03,2,0,2026-07-14,28,2,2,52.0,15,2026-09-04,2026-08-01,2.5,2.5,SI
guo_juan,1463_03a,2,0,2026-07-14,28,2,2,62.0,15,2026-09-14,2026-08-14,2.5,2.5,SI
guo_juan,1463_03b,3,0,2026-08-11,0,3,3,114.0,38,2026-12-03,2026-10-11,2.5,2.5,SI
guo_juan,1463_03c,1,0,2026-07-01,41,,1,,6.0,,2026-07-11,,2.5,SI
guo_juan,1463_04,2,0,2026-07-09,33,2,2,37.0,15,2026-08-15,2026-08-11,2.5,2.5,SI
guo_juan,1463_04a,2,0,2026-07-19,23,2,2,57.0,15,2026-09-14,2026-08-16,2.5,2.5,SI
guo_juan,1463_04b,1,0,2026-07-01,41,,1,,6.0,,2026-07-14,,2.5,SI
guo_juan,1463_04c,3,0,2026-08-11,0,3,3,143.0,38,2027-01-01,2026-10-07,2.5,2.5,SI
guo_juan,1474_01,1,0,2026-07-01,41,,1,,6.0,,2026-07-08,,2.5,SI
guo_juan,1474_01a,3,0,2026-08-11,0,3,3,125.0,38,2026-12-14,2026-11-08,2.5,2.5,SI
guo_juan,1474_02,2,0,2026-07-19,23,2,2,52.0,15,2026-09-09,2026-08-05,2.5,2.5,SI
guo_juan,1474_02a,2,0,2026-07-14,28,2,2,44.0,15,2026-08-27,2026-08-01,2.5,2.5,SI
guo_juan,1474_03,2,0,2026-07-14,28,2,2,43.0,15,2026-08-26,2026-08-18,2.5,2.5,SI
guo_juan,1474_03a,3,0,2026-08-11,0,3,3,128.0,38,2026-12-17,2026-10-30,2.5,2.5,SI
guo_juan,1474_04,2,0,2026-07-14,28,2,2,45.0,15,2026-08-28,2026-07-29,2.5,2.5,SI
guo_juan,1474_04a,2,0,2026-07-07,35,2,2,36.0,15,2026-08-12,2026-07-29,2.5,2.5,SI
guo_juan,1474_04b,3,0,2026-08-11,0,3,3,100.0,38,2026-11-19,2026-10-10,2.5,2.5,SI
guo_juan,1474_05,5,1,2026-08-11,0,3,4,74.0,74,2026-10-24,2026-12-16,2.3,2.3,SI
guo_juan,1474_05a,2,0,2026-07-14,28,2,2,47.0,15,2026-08-30,2026-07-30,2.5,2.5,SI
guo_juan,1474_05b,2,0,2026-07-14,28,2,2,67.0,15,2026-09-19,2026-08-10,2.5,2.5,SI
guo_juan,1474_06,2,0,2026-07-14,28,2,2,29.0,15,2026-08-12,2026-08-06,2.5,2.5,SI
guo_juan,1474_06a,2,0,2026-07-14,28,2,2,54.0,15,2026-09-06,2026-08-10,2.5,2.5,SI
guo_juan,1475_01,2,0,2026-07-14,28,2,2,73.0,15,2026-09-25,2026-08-05,2.5,2.5,SI
guo_juan,1475_01a,2,0,2026-07-09,33,2,2,35.0,15,2026-08-13,2026-07-30,2.5,2.5,SI
guo_juan,1475_01b,2,0,2026-07-14,28,2,2,53.0,15,2026-09-05,2026-08-19,2.5,2.5,SI
guo_juan,1475_01c,2,0,2026-07-14,28,2,2,35.0,15,2026-08-18,2026-08-10,2.5,2.5,SI
guo_juan,1475_01d,3,0,2026-08-11,0,3,3,59.0,38,2026-10-09,2026-10-19,2.5,2.5,SI
guo_juan,1475_01e,2,0,2026-07-14,28,2,2,38.0,15,2026-08-21,2026-08-02,2.5,2.5,SI
guo_juan,1475_01f,4,1,2026-08-11,0,2,2,25.0,14,2026-09-05,2026-08-25,2.3,2.3,SI
guo_juan,1475_02,2,0,2026-07-14,28,2,2,31.0,15,2026-08-14,2026-08-20,2.5,2.5,SI
guo_juan,1475_02a,2,0,2026-07-14,28,2,2,50.0,15,2026-09-02,2026-08-16,2.5,2.5,SI
guo_juan,1475_02b,2,0,2026-07-08,34,2,2,36.0,15,2026-08-13,2026-08-14,2.5,2.5,SI
guo_juan,1475_02c,3,1,2026-08-11,0,0,0,1.0,1.0,2026-08-12,2026-08-12,2.3,2.3,NO
guo_juan,1475_03,2,0,2026-07-14,28,2,2,60.0,15,2026-09-12,2026-08-11,2.5,2.5,SI
guo_juan,1475_03a,2,0,2026-07-19,23,2,2,71.0,15,2026-09-28,2026-08-16,2.5,2.5,SI
guo_juan,1475_03b,3,0,2026-08-11,0,3,3,139.0,38,2026-12-28,2026-10-09,2.5,2.5,SI
guo_juan,1475_03c,2,0,2026-07-14,28,2,2,61.0,15,2026-09-13,2026-08-04,2.5,2.5,SI
guo_juan,1475_04,2,0,2026-07-14,28,2,2,54.0,15,2026-09-06,2026-08-01,2.5,2.5,SI
guo_juan,1475_04a,2,0,2026-07-14,28,2,2,54.0,15,2026-09-06,2026-08-20,2.5,2.5,SI
guo_juan,1475_04b,3,1,2026-07-14,28,2,2,33.0,14,2026-08-16,2026-08-03,2.3,2.3,SI
guo_juan,1475_05,2,0,2026-07-14,28,2,2,56.0,15,2026-09-08,2026-08-20,2.5,2.5,SI
guo_juan,1475_05a,2,0,2026-07-14,28,2,2,69.0,15,2026-09-21,2026-08-12,2.5,2.5,SI
guo_juan,1475_05b,2,0,2026-07-14,28,2,2,51.0,15,2026-09-03,2026-08-03,2.5,2.5,SI
guo_juan,1477_01,2,0,2026-07-19,23,2,2,75.0,15,2026-10-02,2026-08-04,2.5,2.5,SI
guo_juan,1477_01a,3,0,2026-08-11,0,3,3,120.0,38,2026-12-09,2026-10-25,2.5,2.5,SI
guo_juan,1477_01b,2,0,2026-07-14,28,2,2,47.0,15,2026-08-30,2026-07-30,2.5,2.5,SI
guo_juan,1477_01c,2,0,2026-07-14,28,2,2,54.0,15,2026-09-06,2026-08-13,2.5,2.5,SI
guo_juan,1477_01d,4,1,2026-07-20,22,2,2,29.0,14,2026-08-18,2026-08-13,2.3,2.3,SI
guo_juan,1477_02,2,0,2026-07-14,28,2,2,51.0,15,2026-09-03,2026-08-17,2.5,2.5,SI
guo_juan,1477_02a,2,0,2026-07-14,28,2,2,64.0,15,2026-09-16,2026-08-17,2.5,2.5,SI
guo_juan,1477_02b,2,0,2026-07-14,28,2,2,34.0,15,2026-08-17,2026-08-07,2.5,2.5,SI
guo_juan,1477_03,2,0,2026-07-14,28,2,2,46.0,15,2026-08-29,2026-07-30,2.5,2.5,SI
guo_juan,1477_03a,2,0,2026-07-14,28,2,2,59.0,15,2026-09-11,2026-08-19,2.5,2.5,SI
guo_juan,1477_04,2,0,2026-07-14,28,2,2,32.0,15,2026-08-15,2026-08-17,2.5,2.5,SI
guo_juan,1477_04a,1,0,2026-07-01,41,,1,,6.0,,2026-07-11,,2.5,SI
guo_juan,1477_04b,2,0,2026-07-14,28,2,2,38.0,15,2026-08-21,2026-08-19,2.5,2.5,SI
guo_juan,1477_05,3,0,2026-08-11,0,3,3,87.0,38,2026-11-06,2026-09-29,2.5,2.5,SI
guo_juan,1477_05a,2,0,2026-07-14,28,2,2,35.0,15,2026-08-18,2026-08-10,2.5,2.5,SI
guo_juan,1477_05b,2,0,2026-07-14,28,2,2,33.0,15,2026-08-16,2026-08-17,2.5,2.5,SI
guo_juan,1477_06,2,0,2026-07-14,28,2,2,34.0,15,2026-08-17,2026-08-02,2.5,2.5,SI
guo_juan,1477_06a,2,0,2026-07-14,28,2,2,46.0,15,2026-08-29,2026-07-31,2.5,2.5,SI
guo_juan,1477_06b,6,3,2026-08-11,0,3,3,48.0,21,2026-09-28,2026-09-19,1.8999999999999997,1.9,SI
guo_juan,1477_06c,2,0,2026-07-14,28,2,2,36.0,15,2026-08-19,2026-08-10,2.5,2.5,SI
guo_juan,1477_07,2,0,2026-07-14,28,2,2,37.0,15,2026-08-20,2026-08-13,2.5,2.5,SI
guo_juan,1477_07a,3,0,2026-08-11,0,3,3,117.0,38,2026-12-06,2026-10-18,2.5,2.5,SI
guo_juan,1477_08,3,1,2026-07-14,28,2,2,39.0,14,2026-08-22,2026-08-01,2.3,2.3,SI
guo_juan,1477_08a,2,0,2026-07-14,28,2,2,32.0,15,2026-08-15,2026-08-05,2.5,2.5,SI
guo_juan,1478_01,2,0,2026-07-19,23,2,2,86.0,15,2026-10-13,2026-08-15,2.5,2.5,SI
guo_juan,1478_02,2,0,2026-07-19,23,2,2,63.0,15,2026-09-20,2026-08-06,2.5,2.5,SI
guo_juan,1478_02a,2,0,2026-07-19,23,2,2,77.0,15,2026-10-04,2026-08-24,2.5,2.5,SI
guo_juan,1478_03,2,0,2026-07-08,34,2,2,41.0,15,2026-08-18,2026-08-08,2.5,2.5,SI
guo_juan,1478_03a,3,0,2026-08-11,0,3,3,174.0,38,2027-02-01,2026-10-28,2.5,2.5,SI
guo_juan,1478_04,2,0,2026-07-14,28,2,2,41.0,15,2026-08-24,2026-08-01,2.5,2.5,SI
guo_juan,1478_04a,2,0,2026-07-14,28,2,2,40.0,15,2026-08-23,2026-08-08,2.5,2.5,SI
guo_juan,1478_05,3,0,2026-08-11,0,3,3,110.0,38,2026-11-29,2026-10-30,2.5,2.5,SI
guo_juan,1478_05a,2,0,2026-07-09,33,2,2,45.0,15,2026-08-23,2026-07-31,2.5,2.5,SI
guo_juan,1478_06,2,0,2026-07-14,28,2,2,30.0,15,2026-08-13,2026-08-06,2.5,2.5,SI
guo_juan,1478_07,2,0,2026-07-09,33,2,2,41.0,15,2026-08-19,2026-07-25,2.5,2.5,SI
guo_juan,1478_07a,2,0,2026-07-14,28,2,2,51.0,15,2026-09-03,2026-08-02,2.5,2.5,SI
guo_juan,1478_07b,2,0,2026-07-14,28,2,2,30.0,15,2026-08-13,2026-08-12,2.5,2.5,SI
guo_juan,1496_01,3,0,2026-08-11,0,3,3,131.0,38,2026-12-20,2026-10-16,2.5,2.5,SI
guo_juan,1496_01a,3,0,2026-08-11,0,3,3,102.0,38,2026-11-21,2026-10-06,2.5,2.5,SI
guo_juan,1496_02,3,0,2026-08-06,5,3,3,80.0,38,2026-10-25,2026-10-27,2.5,2.5,SI
guo_juan,1496_02a,2,0,2026-07-14,28,2,2,50.0,15,2026-09-02,2026-08-18,2.5,2.5,SI
guo_juan,1496_03,2,0,2026-07-14,28,2,2,53.0,15,2026-09-05,2026-08-16,2.5,2.5,SI
guo_juan,1496_03a,3,0,2026-08-11,0,3,3,69.0,38,2026-10-19,2026-11-06,2.5,2.5,SI
guo_juan,1496_04,4,1,2026-07-19,23,2,2,38.0,14,2026-08-26,2026-08-19,2.3,2.3,SI
guo_juan,1496_04a,3,0,2026-08-11,0,3,3,108.0,38,2026-11-27,2026-10-10,2.5,2.5,SI
guo_juan,1496_04b,2,0,2026-07-14,28,2,2,53.0,15,2026-09-05,2026-08-09,2.5,2.5,SI
guo_juan,1496_05,3,0,2026-08-11,0,3,3,171.0,38,2027-01-29,2026-10-25,2.5,2.5,SI
guo_juan,1496_06,3,0,2026-08-11,0,3,3,155.0,38,2027-01-13,2026-11-03,2.5,2.5,SI
guo_juan,1496_06a,3,1,2026-07-14,28,2,2,34.0,14,2026-08-17,2026-08-02,2.3,2.3,SI
guo_juan,1496_07,3,0,2026-08-10,1,2,3,27.0,38,2026-09-06,2026-11-10,2.5,2.5,SI
guo_juan,1496_07a,3,0,2026-08-11,0,3,3,130.0,38,2026-12-19,2026-11-02,2.5,2.5,SI
guo_juan,1496_07b,2,0,2026-07-14,28,2,2,36.0,15,2026-08-19,2026-08-19,2.5,2.5,SI
guo_juan,1497_01,2,0,2026-07-14,28,2,2,37.0,15,2026-08-20,2026-07-31,2.5,2.5,SI
guo_juan,1497_01a,3,0,2026-08-11,0,3,3,163.0,38,2027-01-21,2026-10-26,2.5,2.5,SI
guo_juan,1497_02,2,0,2026-07-14,28,2,2,33.0,15,2026-08-16,2026-08-11,2.5,2.5,SI
guo_juan,1497_02a,3,0,2026-08-11,0,3,3,120.0,38,2026-12-09,2026-11-12,2.5,2.5,SI
guo_juan,1497_02b,2,0,2026-07-09,33,2,2,36.0,15,2026-08-14,2026-07-26,2.5,2.5,SI
guo_juan,1497_03,4,1,2026-08-11,0,3,3,137.0,32,2026-12-26,2026-10-12,2.3,2.3,SI
guo_juan,1497_03a,2,0,2026-07-14,28,2,2,44.0,15,2026-08-27,2026-08-02,2.5,2.5,SI
guo_juan,1497_03b,2,0,2026-07-14,28,2,2,45.0,15,2026-08-28,2026-08-05,2.5,2.5,SI
guo_juan,1497_04,2,0,2026-07-14,28,2,2,56.0,15,2026-09-08,2026-08-20,2.5,2.5,SI
guo_juan,1497_04a,3,0,2026-08-11,0,3,3,148.0,38,2027-01-06,2026-10-22,2.5,2.5,SI
guo_juan,1498_01,3,0,2026-08-11,0,3,3,126.0,38,2026-12-15,2026-10-25,2.5,2.5,SI
guo_juan,1498_01a,2,0,2026-07-14,28,2,2,64.0,15,2026-09-16,2026-07-30,2.5,2.5,SI
guo_juan,1498_02,1,0,2026-07-01,41,,1,,6.0,,2026-07-13,,2.5,SI
guo_juan,1498_02a,2,0,2026-07-09,33,2,2,36.0,15,2026-08-14,2026-08-01,2.5,2.5,SI
guo_juan,1498_02b,2,0,2026-07-19,23,2,2,49.0,15,2026-09-06,2026-08-23,2.5,2.5,SI
guo_juan,1498_02c,3,1,2026-07-14,28,2,2,37.0,14,2026-08-20,2026-08-12,2.3,2.3,SI
guo_juan,1498_03,2,0,2026-07-14,28,2,2,49.0,15,2026-09-01,2026-07-31,2.5,2.5,SI
guo_juan,1498_04,3,0,2026-08-06,5,3,3,92.0,38,2026-11-06,2026-10-21,2.5,2.5,SI
guo_juan,1498_04a,2,0,2026-07-14,28,2,2,70.0,15,2026-09-22,2026-07-29,2.5,2.5,SI
guo_juan,1499_01,2,0,2026-07-14,28,2,2,79.0,15,2026-10-01,2026-08-03,2.5,2.5,SI
guo_juan,1499_01a,3,0,2026-08-10,1,2,3,44.0,38,2026-09-23,2026-10-03,2.5,2.5,SI
guo_juan,1499_01b,2,0,2026-07-14,28,2,2,38.0,15,2026-08-21,2026-08-13,2.5,2.5,SI
guo_juan,1499_02,2,0,2026-07-09,33,2,2,36.0,15,2026-08-14,2026-08-10,2.5,2.5,SI
guo_juan,1499_02a,2,0,2026-07-08,34,2,2,36.0,15,2026-08-13,2026-08-10,2.5,2.5,SI
guo_juan,1499_03,2,0,2026-07-09,33,2,2,42.0,15,2026-08-20,2026-08-14,2.5,2.5,SI
guo_juan,1499_03a,5,2,2026-08-11,0,2,2,33.0,13,2026-09-13,2026-08-28,2.0999999999999996,2.1,SI
guo_juan,1499_03b,2,0,2026-07-19,23,2,2,75.0,15,2026-10-02,2026-08-06,2.5,2.5,SI
guo_juan,1555_01,1,0,2026-07-20,22,1,1,6.0,6.0,2026-07-26,2026-07-26,2.5,2.5,NO
guo_juan,1555_02,1,0,2026-07-20,22,1,1,6.0,6.0,2026-07-26,2026-07-26,2.5,2.5,NO
guo_juan,1555_02a,1,0,2026-07-20,22,1,1,8.0,6.0,2026-07-28,2026-08-03,2.5,2.5,SI
guo_juan,1555_02b,2,1,2026-08-06,5,1,1,12.0,6.0,2026-08-18,2026-08-12,2.3,2.3,SI
guo_juan,1555_02c,2,2,2026-08-06,5,0,0,1.0,1.0,2026-08-07,2026-08-07,2.0999999999999996,2.1,NO
guo_juan,1555_03,1,0,2026-07-20,22,1,1,11.0,6.0,2026-07-31,2026-07-31,2.5,2.5,SI
guo_juan,1555_03a,1,0,2026-07-20,22,1,1,10.0,6.0,2026-07-30,2026-07-31,2.5,2.5,SI
guo_juan,1555_03b,2,2,2026-08-06,5,0,0,1.0,1.0,2026-08-07,2026-08-07,2.0999999999999996,2.1,NO
guo_juan,1555_03c,1,0,2026-07-20,22,1,1,11.0,6.0,2026-07-31,2026-08-02,2.5,2.5,SI
guo_juan,1555_04,1,0,2026-07-20,22,1,1,11.0,6.0,2026-07-31,2026-08-01,2.5,2.5,SI
guo_juan,1555_04a,1,0,2026-07-20,22,1,1,13.0,6.0,2026-08-02,2026-07-31,2.5,2.5,SI
guo_juan,1555_04b,2,2,2026-08-06,5,0,0,1.0,1.0,2026-08-07,2026-08-07,2.0999999999999996,2.1,NO
guo_juan,1555_04c,1,0,2026-07-20,22,1,1,8.0,6.0,2026-07-28,2026-07-29,2.5,2.5,SI
guo_juan,1555_05,1,0,2026-07-20,22,1,1,6.0,6.0,2026-07-26,2026-07-26,2.5,2.5,NO
guo_juan,1555_05a,2,1,2026-08-06,5,1,1,6.0,6.0,2026-08-12,2026-08-12,2.3,2.3,NO
guo_juan,1555_05b,1,0,2026-07-20,22,1,1,7.0,6.0,2026-07-27,2026-07-26,2.5,2.5,SI
guo_juan,1555_05c,1,0,2026-07-20,22,1,1,12.0,6.0,2026-08-01,2026-07-27,2.5,2.5,SI
guo_juan,1555_06,1,0,2026-07-20,22,1,1,7.0,6.0,2026-07-27,2026-08-03,2.5,2.5,SI
guo_juan,1555_06a,2,2,2026-08-06,5,0,0,1.0,1.0,2026-08-07,2026-08-07,2.0999999999999996,2.1,NO
guo_juan,1555_06b,2,2,2026-08-06,5,0,0,1.0,1.0,2026-08-07,2026-08-07,2.0999999999999996,2.1,NO
guo_juan,1555_06c,2,2,2026-08-06,5,0,0,1.0,1.0,2026-08-07,2026-08-07,2.0999999999999996,2.1,NO
guo_juan,1555_07,1,0,2026-07-20,22,1,1,12.0,6.0,2026-08-01,2026-07-29,2.5,2.5,SI
guo_juan,1555_07a,1,0,2026-07-20,22,1,1,12.0,6.0,2026-08-01,2026-08-01,2.5,2.5,SI
guo_juan,1555_07b,1,0,2026-07-20,22,1,1,14.0,6.0,2026-08-03,2026-07-27,2.5,2.5,SI
guo_juan,1555_07c,1,0,2026-07-20,22,1,1,10.0,6.0,2026-07-30,2026-08-03,2.5,2.5,SI
guo_juan,1555_07d,1,0,2026-07-20,22,1,1,8.0,6.0,2026-07-28,2026-07-26,2.5,2.5,SI
guo_juan,1555_07e,1,0,2026-07-20,22,1,1,12.0,6.0,2026-08-01,2026-08-02,2.5,2.5,SI
guo_juan,1558_01,2,1,2026-08-06,5,1,1,10.0,6.0,2026-08-16,2026-08-12,2.3,2.3,SI
guo_juan,1558_01a,2,1,2026-08-06,5,1,1,10.0,6.0,2026-08-16,2026-08-16,2.3,2.3,SI
guo_juan,1575_01,1,0,2026-07-23,19,1,1,6.0,6.0,2026-07-29,2026-07-29,2.5,2.5,NO
guo_juan,1575_01a,1,0,2026-07-23,19,1,1,11.0,6.0,2026-08-03,2026-07-29,2.5,2.5,SI
guo_juan,1575_01b,1,0,2026-07-23,19,1,1,12.0,6.0,2026-08-04,2026-08-05,2.5,2.5,SI
guo_juan,1575_02,1,0,2026-07-23,19,1,1,13.0,6.0,2026-08-05,2026-08-06,2.5,2.5,SI
guo_juan,1575_03,1,0,2026-07-23,19,1,1,11.0,6.0,2026-08-03,2026-08-02,2.5,2.5,SI
guo_juan,1575_04,1,0,2026-07-23,19,1,1,7.0,6.0,2026-07-30,2026-08-03,2.5,2.5,SI
guo_juan,1575_04a,1,0,2026-07-23,19,1,1,14.0,6.0,2026-08-06,2026-08-05,2.5,2.5,SI
guo_juan,1575_05,1,0,2026-07-23,19,1,1,10.0,6.0,2026-08-02,2026-07-30,2.5,2.5,SI
guo_juan,1575_05a,1,0,2026-07-23,19,1,1,13.0,6.0,2026-08-05,2026-07-31,2.5,2.5,SI
guo_juan,1575_06,1,0,2026-07-23,19,1,1,6.0,6.0,2026-07-29,2026-07-29,2.5,2.5,NO
guo_juan,1575_06a,1,0,2026-07-23,19,1,1,12.0,6.0,2026-08-04,2026-07-29,2.5,2.5,SI
guo_juan,1575_07,1,0,2026-07-23,19,1,1,7.0,6.0,2026-07-30,2026-08-03,2.5,2.5,SI
guo_juan,1575_08,1,0,2026-07-23,19,1,1,10.0,6.0,2026-08-02,2026-08-03,2.5,2.5,SI
guo_juan,1576_01,1,0,2026-07-23,19,1,1,14.0,6.0,2026-08-06,2026-07-31,2.5,2.5,SI
guo_juan,1576_01a,1,0,2026-07-23,19,1,1,6.0,6.0,2026-07-29,2026-07-29,2.5,2.5,NO
guo_juan,1576_01b,1,0,2026-07-23,19,1,1,11.0,6.0,2026-08-03,2026-08-04,2.5,2.5,SI
guo_juan,1576_01c,1,0,2026-07-23,19,1,1,6.0,6.0,2026-07-29,2026-07-29,2.5,2.5,NO
guo_juan,1576_02,2,1,2026-08-06,5,1,1,11.0,6.0,2026-08-17,2026-08-17,2.3,2.3,SI
guo_juan,1576_02a,1,0,2026-07-23,19,1,1,14.0,6.0,2026-08-06,2026-08-02,2.5,2.5,SI
guo_juan,1576_02b,1,0,2026-07-23,19,1,1,11.0,6.0,2026-08-03,2026-07-31,2.5,2.5,SI
guo_juan,1576_03,1,0,2026-07-23,19,1,1,12.0,6.0,2026-08-04,2026-08-04,2.5,2.5,SI
guo_juan,1576_03a,1,0,2026-07-23,19,1,1,10.0,6.0,2026-08-02,2026-07-31,2.5,2.5,SI
guo_juan,1576_04,1,0,2026-07-23,19,1,1,7.0,6.0,2026-07-30,2026-08-06,2.5,2.5,SI
guo_juan,1576_05,1,0,2026-07-23,19,1,1,6.0,6.0,2026-07-29,2026-07-29,2.5,2.5,NO
guo_juan,1576_05a,2,1,2026-08-06,5,1,1,13.0,6.0,2026-08-19,2026-08-18,2.3,2.3,SI
guo_juan,1576_06,1,0,2026-07-23,19,1,1,7.0,6.0,2026-07-30,2026-08-01,2.5,2.5,SI
guo_juan,1576_06a,1,0,2026-07-23,19,1,1,10.0,6.0,2026-08-02,2026-07-31,2.5,2.5,SI
guo_juan,1576_07,1,0,2026-07-23,19,1,1,7.0,6.0,2026-07-30,2026-08-06,2.5,2.5,SI
guo_juan,1576_07a,1,0,2026-07-23,19,1,1,12.0,6.0,2026-08-04,2026-08-05,2.5,2.5,SI
guo_juan,1576_07b,1,0,2026-07-23,19,1,1,11.0,6.0,2026-08-03,2026-08-06,2.5,2.5,SI
guo_juan,1576_08,1,0,2026-07-23,19,1,1,11.0,6.0,2026-08-03,2026-08-06,2.5,2.5,SI
guo_juan,1577_01,1,0,2026-07-23,19,1,1,9.0,6.0,2026-08-01,2026-08-01,2.5,2.5,SI
guo_juan,1577_02,1,0,2026-07-23,19,1,1,10.0,6.0,2026-08-02,2026-08-01,2.5,2.5,SI
guo_juan,1577_03,1,0,2026-07-23,19,1,1,8.0,6.0,2026-07-31,2026-08-02,2.5,2.5,SI
guo_juan,1577_03a,1,0,2026-07-23,19,1,1,11.0,6.0,2026-08-03,2026-07-29,2.5,2.5,SI
guo_juan,1577_04,1,0,2026-07-23,19,1,1,7.0,6.0,2026-07-30,2026-08-01,2.5,2.5,SI
guo_juan,1577_04B,1,0,2026-07-23,19,1,1,14.0,6.0,2026-08-06,2026-07-29,2.5,2.5,SI
guo_juan,1577_04a,1,0,2026-07-23,19,1,1,8.0,6.0,2026-07-31,2026-08-04,2.5,2.5,SI
guo_juan,1587_01,1,0,2026-07-23,19,1,1,10.0,6.0,2026-08-02,2026-08-03,2.5,2.5,SI
guo_juan,1587_01a,1,0,2026-07-23,19,1,1,11.0,6.0,2026-08-03,2026-08-02,2.5,2.5,SI
guo_juan,1587_01b,1,0,2026-07-23,19,1,1,6.0,6.0,2026-07-29,2026-07-29,2.5,2.5,NO
guo_juan,1587_02,1,0,2026-07-23,19,1,1,12.0,6.0,2026-08-04,2026-08-04,2.5,2.5,SI
guo_juan,1587_02a,1,0,2026-07-23,19,1,1,7.0,6.0,2026-07-30,2026-08-06,2.5,2.5,SI
guo_juan,1587_02b,1,0,2026-07-23,19,1,1,14.0,6.0,2026-08-06,2026-08-06,2.5,2.5,SI
guo_juan,1587_02c,1,0,2026-07-23,19,1,1,7.0,6.0,2026-07-30,2026-08-06,2.5,2.5,SI
guo_juan,1587_03,1,0,2026-07-23,19,1,1,8.0,6.0,2026-07-31,2026-08-05,2.5,2.5,SI
guo_juan,1587_03a,1,0,2026-07-23,19,1,1,7.0,6.0,2026-07-30,2026-08-05,2.5,2.5,SI
guo_juan,1587_03b,1,0,2026-07-23,19,1,1,13.0,6.0,2026-08-05,2026-08-03,2.5,2.5,SI
guo_juan,1587_03c,1,0,2026-07-23,19,1,1,13.0,6.0,2026-08-05,2026-07-29,2.5,2.5,SI
guo_juan,1588_01,2,2,2026-08-06,5,0,0,1.0,1.0,2026-08-07,2026-08-07,2.0999999999999996,2.1,NO
guo_juan,1588_01a,1,0,2026-07-24,18,1,1,14.0,6.0,2026-08-07,2026-08-07,2.5,2.5,SI
guo_juan,1588_02,1,0,2026-07-24,18,1,1,7.0,6.0,2026-07-31,2026-07-31,2.5,2.5,SI
guo_juan,1588_02a,1,0,2026-07-24,18,1,1,9.0,6.0,2026-08-02,2026-08-02,2.5,2.5,SI
guo_juan,1588_02b,1,0,2026-07-24,18,1,1,8.0,6.0,2026-08-01,2026-08-07,2.5,2.5,SI
guo_juan,1588_02c,1,0,2026-07-24,18,1,1,6.0,6.0,2026-07-30,2026-07-30,2.5,2.5,NO
guo_juan,1588_02d,1,0,2026-07-24,18,1,1,7.0,6.0,2026-07-31,2026-08-05,2.5,2.5,SI
guo_juan,1588_02e,2,1,2026-08-06,5,1,1,6.0,6.0,2026-08-12,2026-08-12,2.3,2.3,NO
guo_juan,1588_03,1,0,2026-07-24,18,1,1,11.0,6.0,2026-08-04,2026-08-01,2.5,2.5,SI
guo_juan,1588_03a,1,0,2026-07-24,18,1,1,9.0,6.0,2026-08-02,2026-07-31,2.5,2.5,SI
guo_juan,1588_04,1,0,2026-07-24,18,1,1,9.0,6.0,2026-08-02,2026-08-01,2.5,2.5,SI
guo_juan,1588_04a,1,0,2026-07-24,18,1,1,8.0,6.0,2026-08-01,2026-08-02,2.5,2.5,SI
guo_juan,1589_01,1,0,2026-07-24,18,1,1,10.0,6.0,2026-08-03,2026-08-05,2.5,2.5,SI
guo_juan,1589_01a,1,0,2026-07-24,18,1,1,7.0,6.0,2026-07-31,2026-08-06,2.5,2.5,SI
guo_juan,1589_01b,1,0,2026-07-24,18,1,1,6.0,6.0,2026-07-30,2026-07-30,2.5,2.5,NO
guo_juan,1589_02,1,0,2026-07-24,18,1,1,13.0,6.0,2026-08-06,2026-08-05,2.5,2.5,SI
guo_juan,1589_02a,1,0,2026-07-24,18,1,1,12.0,6.0,2026-08-05,2026-07-31,2.5,2.5,SI
guo_juan,1589_02b,1,0,2026-07-24,18,1,1,13.0,6.0,2026-08-06,2026-07-30,2.5,2.5,SI
guo_juan,1589_02c,1,0,2026-07-24,18,1,1,10.0,6.0,2026-08-03,2026-08-06,2.5,2.5,SI
guo_juan,1589_03,1,0,2026-07-24,18,1,1,11.0,6.0,2026-08-04,2026-07-31,2.5,2.5,SI
guo_juan,1589_03a,1,0,2026-07-24,18,1,1,7.0,6.0,2026-07-31,2026-08-05,2.5,2.5,SI
guo_juan,1590_01,1,0,2026-07-24,18,1,1,7.0,6.0,2026-07-31,2026-08-05,2.5,2.5,SI
guo_juan,1590_01a,1,0,2026-07-24,18,1,1,12.0,6.0,2026-08-05,2026-08-07,2.5,2.5,SI
guo_juan,1590_01b,2,1,2026-08-06,5,1,1,11.0,6.0,2026-08-17,2026-08-16,2.3,2.3,SI
guo_juan,1590_01c,1,0,2026-07-24,18,1,1,7.0,6.0,2026-07-31,2026-07-30,2.5,2.5,SI
guo_juan,1590_01d,1,0,2026-07-24,18,1,1,13.0,6.0,2026-08-06,2026-08-02,2.5,2.5,SI
guo_juan,1590_01e,1,0,2026-07-24,18,1,1,12.0,6.0,2026-08-05,2026-08-01,2.5,2.5,SI
guo_juan,1590_02,1,0,2026-07-24,18,1,1,9.0,6.0,2026-08-02,2026-08-05,2.5,2.5,SI
guo_juan,1590_02a,1,0,2026-07-24,18,1,1,14.0,6.0,2026-08-07,2026-08-02,2.5,2.5,SI
guo_juan,1590_02b,1,0,2026-07-24,18,1,1,7.0,6.0,2026-07-31,2026-08-03,2.5,2.5,SI
guo_juan,1590_03,1,0,2026-07-24,18,1,1,9.0,6.0,2026-08-02,2026-08-01,2.5,2.5,SI
guo_juan,1590_03a,1,0,2026-07-24,18,1,1,8.0,6.0,2026-08-01,2026-08-04,2.5,2.5,SI
guo_juan,1590_03b,2,1,2026-08-06,5,1,1,10.0,6.0,2026-08-16,2026-08-14,2.3,2.3,SI
guo_juan,1590_03c,1,0,2026-07-24,18,1,1,7.0,6.0,2026-07-31,2026-08-03,2.5,2.5,SI
guo_juan,1596_01c,1,0,2026-07-20,22,1,1,6.0,6.0,2026-07-26,2026-07-26,2.5,2.5,NO
guo_juan,1596_01e,1,0,2026-07-20,22,1,1,12.0,6.0,2026-08-01,2026-07-28,2.5,2.5,SI
guo_juan,1596_02,1,0,2026-07-20,22,1,1,7.0,6.0,2026-07-27,2026-07-30,2.5,2.5,SI
guo_juan,1597_01,1,1,2026-07-20,22,0,0,1.0,1.0,2026-07-21,2026-07-21,2.3,2.3,NO
guo_juan,1597_01a,1,1,2026-07-20,22,0,0,1.0,1.0,2026-07-21,2026-07-21,2.3,2.3,NO
guo_juan,1613_01a,1,1,2026-07-20,22,0,0,1.0,1.0,2026-07-21,2026-07-21,2.3,2.3,NO
guo_juan,1615_03a,1,1,2026-07-20,22,0,0,1.0,1.0,2026-07-21,2026-07-21,2.3,2.3,NO
guo_juan,1616_01,1,0,2026-07-20,22,1,1,11.0,6.0,2026-07-31,2026-07-31,2.5,2.5,SI
guo_juan,1616_02,1,0,2026-07-20,22,1,1,14.0,6.0,2026-08-03,2026-07-30,2.5,2.5,SI
guo_juan,1616_02a,1,0,2026-07-20,22,1,1,11.0,6.0,2026-07-31,2026-08-02,2.5,2.5,SI
guo_juan,1616_03,1,0,2026-07-20,22,1,1,12.0,6.0,2026-08-01,2026-07-29,2.5,2.5,SI
guo_juan,1616_04,1,0,2026-07-20,22,1,1,7.0,6.0,2026-07-27,2026-08-03,2.5,2.5,SI
guo_juan,1616_04a,1,0,2026-07-20,22,1,1,14.0,6.0,2026-08-03,2026-07-30,2.5,2.5,SI
guo_juan,1617_01,1,0,2026-07-20,22,1,1,8.0,6.0,2026-07-28,2026-08-03,2.5,2.5,SI
guo_juan,1617_01a,1,0,2026-07-20,22,1,1,7.0,6.0,2026-07-27,2026-08-03,2.5,2.5,SI
guo_juan,1617_01b,1,0,2026-07-20,22,1,1,6.0,6.0,2026-07-26,2026-07-26,2.5,2.5,NO
guo_juan,1617_02,1,0,2026-07-20,22,1,1,12.0,6.0,2026-08-01,2026-08-01,2.5,2.5,SI
guo_juan,1617_02a,1,0,2026-07-20,22,1,1,10.0,6.0,2026-07-30,2026-07-29,2.5,2.5,SI
guo_juan,1617_02b,1,0,2026-07-20,22,1,1,11.0,6.0,2026-07-31,2026-08-02,2.5,2.5,SI
guo_juan,1617_03,1,0,2026-07-20,22,1,1,11.0,6.0,2026-07-31,2026-07-30,2.5,2.5,SI
guo_juan,1617_04,1,0,2026-07-20,22,1,1,11.0,6.0,2026-07-31,2026-07-28,2.5,2.5,SI
guo_juan,1617_04a,1,0,2026-07-20,22,1,1,12.0,6.0,2026-08-01,2026-07-28,2.5,2.5,SI
guo_juan,1617_05,1,0,2026-07-20,22,1,1,12.0,6.0,2026-08-01,2026-07-31,2.5,2.5,SI
guo_juan,1617_05a,1,0,2026-07-20,22,1,1,11.0,6.0,2026-07-31,2026-07-28,2.5,2.5,SI
guo_juan,1619_01,1,1,2026-07-20,22,0,0,1.0,1.0,2026-07-21,2026-07-21,2.3,2.3,NO
guo_juan,1619_02,1,0,2026-07-20,22,1,1,14.0,6.0,2026-08-03,2026-07-28,2.5,2.5,SI
guo_juan,1619_02a,1,1,2026-07-20,22,0,0,1.0,1.0,2026-07-21,2026-07-21,2.3,2.3,NO
guo_juan,1619_03,1,0,2026-07-20,22,1,1,6.0,6.0,2026-07-26,2026-07-26,2.5,2.5,NO
guo_juan,1619_03a,1,0,2026-07-20,22,1,1,14.0,6.0,2026-08-03,2026-07-29,2.5,2.5,SI
guo_juan,1637_01,1,0,2026-07-20,22,1,1,11.0,6.0,2026-07-31,2026-07-30,2.5,2.5,SI
guo_juan,1637_01a,1,0,2026-07-20,22,1,1,11.0,6.0,2026-07-31,2026-07-26,2.5,2.5,SI
guo_juan,1637_01b,1,0,2026-07-20,22,1,1,8.0,6.0,2026-07-28,2026-07-29,2.5,2.5,SI
guo_juan,1637_02,1,0,2026-07-20,22,1,1,7.0,6.0,2026-07-27,2026-08-01,2.5,2.5,SI
guo_juan,1637_02a,1,0,2026-07-20,22,1,1,6.0,6.0,2026-07-26,2026-07-26,2.5,2.5,NO
guo_juan,1637_02b,1,0,2026-07-20,22,1,1,13.0,6.0,2026-08-02,2026-08-02,2.5,2.5,SI
guo_juan,1637_03,1,0,2026-07-20,22,1,1,10.0,6.0,2026-07-30,2026-08-02,2.5,2.5,SI
guo_juan,1637_03a,1,0,2026-07-20,22,1,1,8.0,6.0,2026-07-28,2026-07-27,2.5,2.5,SI
guo_juan,1637_03b,1,0,2026-07-20,22,1,1,12.0,6.0,2026-08-01,2026-08-03,2.5,2.5,SI
guo_juan,1637_04,1,0,2026-07-20,22,1,1,12.0,6.0,2026-08-01,2026-07-28,2.5,2.5,SI
guo_juan,1637_05,1,0,2026-07-20,22,1,1,8.0,6.0,2026-07-28,2026-08-03,2.5,2.5,SI
guo_juan,1638_01,1,0,2026-07-20,22,1,1,7.0,6.0,2026-07-27,2026-07-26,2.5,2.5,SI
guo_juan,1638_02,1,0,2026-07-20,22,1,1,12.0,6.0,2026-08-01,2026-07-28,2.5,2.5,SI
guo_juan,1638_03,1,0,2026-07-20,22,1,1,13.0,6.0,2026-08-02,2026-07-31,2.5,2.5,SI
guo_juan,1638_04,1,0,2026-07-20,22,1,1,8.0,6.0,2026-07-28,2026-07-28,2.5,2.5,SI
guo_juan,1638_05,1,0,2026-07-20,22,1,1,10.0,6.0,2026-07-30,2026-07-31,2.5,2.5,SI
guo_juan,1638_06,1,0,2026-07-20,22,1,1,7.0,6.0,2026-07-27,2026-08-01,2.5,2.5,SI
guo_juan,1638_07,1,0,2026-07-20,22,1,1,6.0,6.0,2026-07-26,2026-07-26,2.5,2.5,NO
guo_juan,1639_01,1,0,2026-07-20,22,1,1,13.0,6.0,2026-08-02,2026-07-31,2.5,2.5,SI
guo_juan,1639_02,1,0,2026-07-20,22,1,1,14.0,6.0,2026-08-03,2026-07-29,2.5,2.5,SI
guo_juan,1639_03,1,0,2026-07-20,22,1,1,8.0,6.0,2026-07-28,2026-07-26,2.5,2.5,SI
guo_juan,1639_04,1,0,2026-07-20,22,1,1,14.0,6.0,2026-08-03,2026-07-31,2.5,2.5,SI
guo_juan,1639_05,1,0,2026-07-20,22,1,1,6.0,6.0,2026-07-26,2026-07-26,2.5,2.5,NO
guo_juan,1639_06,1,0,2026-07-20,22,1,1,6.0,6.0,2026-07-26,2026-07-26,2.5,2.5,NO
guo_juan,1640_01,1,0,2026-07-20,22,1,1,8.0,6.0,2026-07-28,2026-07-28,2.5,2.5,SI
guo_juan,1640_02,1,0,2026-07-20,22,1,1,10.0,6.0,2026-07-30,2026-08-02,2.5,2.5,SI
guo_juan,1640_03,1,0,2026-07-20,22,1,1,11.0,6.0,2026-07-31,2026-07-29,2.5,2.5,SI
guo_juan,1640_04,1,1,2026-07-20,22,0,0,1.0,1.0,2026-07-21,2026-07-21,2.3,2.3,NO
guo_juan,1692_01,1,0,2026-07-24,18,1,1,13.0,6.0,2026-08-06,2026-07-30,2.5,2.5,SI
guo_juan,1692_02,1,0,2026-07-24,18,1,1,14.0,6.0,2026-08-07,2026-08-04,2.5,2.5,SI
guo_juan,1692_03,1,0,2026-07-24,18,1,1,7.0,6.0,2026-07-31,2026-08-07,2.5,2.5,SI
guo_juan,1692_04,1,0,2026-07-24,18,1,1,9.0,6.0,2026-08-02,2026-07-30,2.5,2.5,SI
guo_juan,1692_04a,2,2,2026-08-06,5,0,0,1.0,1.0,2026-08-07,2026-08-07,2.0999999999999996,2.1,NO
guo_juan,1692_05,1,0,2026-07-24,18,1,1,12.0,6.0,2026-08-05,2026-08-06,2.5,2.5,SI
guo_juan,1692_05a,1,0,2026-07-24,18,1,1,14.0,6.0,2026-08-07,2026-08-02,2.5,2.5,SI
guo_juan,1692_06,1,0,2026-07-24,18,1,1,11.0,6.0,2026-08-04,2026-07-31,2.5,2.5,SI
guo_juan,1692_06a,1,0,2026-07-24,18,1,1,8.0,6.0,2026-08-01,2026-08-07,2.5,2.5,SI
guo_juan,1697_01,1,0,2026-07-24,18,1,1,11.0,6.0,2026-08-04,2026-08-05,2.5,2.5,SI
guo_juan,1697_01a,1,0,2026-07-24,18,1,1,7.0,6.0,2026-07-31,2026-08-07,2.5,2.5,SI
guo_juan,1697_02,1,0,2026-07-24,18,1,1,10.0,6.0,2026-08-03,2026-07-31,2.5,2.5,SI
guo_juan,1697_02a,1,0,2026-07-24,18,1,1,6.0,6.0,2026-07-30,2026-07-30,2.5,2.5,NO
guo_juan,1697_03,1,0,2026-07-24,18,1,1,7.0,6.0,2026-07-31,2026-07-31,2.5,2.5,SI
guo_juan,1698_01,1,0,2026-07-24,18,1,1,8.0,6.0,2026-08-01,2026-08-06,2.5,2.5,SI
guo_juan,1698_01a,1,0,2026-07-24,18,1,1,6.0,6.0,2026-07-30,2026-07-30,2.5,2.5,NO
guo_juan,1698_02,1,0,2026-07-24,18,1,1,9.0,6.0,2026-08-02,2026-08-03,2.5,2.5,SI
guo_juan,1698_03,2,2,2026-08-06,5,0,0,1.0,1.0,2026-08-07,2026-08-07,2.0999999999999996,2.1,NO
guo_juan,1698_03a,1,0,2026-07-24,18,1,1,14.0,6.0,2026-08-07,2026-07-31,2.5,2.5,SI
guo_juan,1698_03b,1,0,2026-07-24,18,1,1,10.0,6.0,2026-08-03,2026-07-30,2.5,2.5,SI
guo_juan,1699_01,1,0,2026-07-24,18,1,1,7.0,6.0,2026-07-31,2026-07-30,2.5,2.5,SI
guo_juan,1699_01a,1,0,2026-07-24,18,1,1,9.0,6.0,2026-08-02,2026-07-30,2.5,2.5,SI
guo_juan,1699_02,2,2,2026-08-06,5,0,0,1.0,1.0,2026-08-07,2026-08-07,2.0999999999999996,2.1,NO
guo_juan,1699_03,1,0,2026-07-24,18,1,1,12.0,6.0,2026-08-05,2026-07-30,2.5,2.5,SI
guo_juan,1771_00,1,0,2026-07-24,18,1,1,9.0,6.0,2026-08-02,2026-08-03,2.5,2.5,SI
guo_juan,1771_01,1,0,2026-07-24,18,1,1,12.0,6.0,2026-08-05,2026-08-03,2.5,2.5,SI
guo_juan,1771_02,1,0,2026-07-24,18,1,1,7.0,6.0,2026-07-31,2026-08-02,2.5,2.5,SI
guo_juan,1771_03,1,0,2026-07-24,18,1,1,7.0,6.0,2026-07-31,2026-08-07,2.5,2.5,SI
guo_juan,1771_04,1,0,2026-07-24,18,1,1,8.0,6.0,2026-08-01,2026-08-03,2.5,2.5,SI
guo_juan,1771_04a,1,0,2026-07-24,18,1,1,9.0,6.0,2026-08-02,2026-08-06,2.5,2.5,SI
guo_juan,1771_05,2,2,2026-08-06,5,0,0,1.0,1.0,2026-08-07,2026-08-07,2.0999999999999996,2.1,NO
guo_juan,1771_06,1,0,2026-07-24,18,1,1,9.0,6.0,2026-08-02,2026-07-30,2.5,2.5,SI
guo_juan,1771_06a,1,0,2026-07-24,18,1,1,13.0,6.0,2026-08-06,2026-08-06,2.5,2.5,SI
guo_juan,1771_07,1,0,2026-07-24,18,1,1,13.0,6.0,2026-08-06,2026-08-07,2.5,2.5,SI
guo_juan,1771_07a,1,0,2026-07-24,18,1,1,11.0,6.0,2026-08-04,2026-08-07,2.5,2.5,SI
guo_juan,1772_01,1,0,2026-07-24,18,1,1,7.0,6.0,2026-07-31,2026-07-31,2.5,2.5,SI
guo_juan,1772_01a,2,2,2026-08-06,5,0,0,1.0,1.0,2026-08-07,2026-08-07,2.0999999999999996,2.1,NO
guo_juan,1772_02,1,0,2026-07-24,18,1,1,12.0,6.0,2026-08-05,2026-07-31,2.5,2.5,SI
guo_juan,1772_02a,1,0,2026-07-24,18,1,1,8.0,6.0,2026-08-01,2026-07-31,2.5,2.5,SI
guo_juan,1772_02b,1,0,2026-07-24,18,1,1,14.0,6.0,2026-08-07,2026-08-06,2.5,2.5,SI
guo_juan,1772_03,1,0,2026-07-24,18,1,1,8.0,6.0,2026-08-01,2026-08-02,2.5,2.5,SI
guo_juan,1773_01,1,0,2026-07-24,18,1,1,7.0,6.0,2026-07-31,2026-08-05,2.5,2.5,SI
guo_juan,1773_01a,2,2,2026-08-06,5,0,0,1.0,1.0,2026-08-07,2026-08-07,2.0999999999999996,2.1,NO
guo_juan,1773_01b,2,2,2026-08-06,5,0,0,1.0,1.0,2026-08-07,2026-08-07,2.0999999999999996,2.1,NO
guo_juan,1773_02,1,0,2026-07-24,18,1,1,11.0,6.0,2026-08-04,2026-08-07,2.5,2.5,SI
guo_juan,1773_03,1,0,2026-07-24,18,1,1,11.0,6.0,2026-08-04,2026-08-04,2.5,2.5,SI
guo_juan,1773_03a,1,1,2026-07-24,18,0,0,1.0,1.0,2026-07-25,2026-07-25,2.3,2.3,NO
guo_juan,1826_01,2,0,2026-08-11,0,2,2,60.0,15,2026-10-10,2026-09-13,2.5,2.5,SI
guo_juan,1826_02,2,0,2026-08-11,0,2,2,27.0,15,2026-09-07,2026-09-13,2.5,2.5,SI
guo_juan,1826_03,2,0,2026-08-11,0,2,2,44.0,15,2026-09-24,2026-09-09,2.5,2.5,SI
guo_juan,1826_04,2,0,2026-08-11,0,2,2,55.0,15,2026-10-05,2026-09-04,2.5,2.5,SI
guo_juan,1826_04a,2,0,2026-08-11,0,2,2,25.0,15,2026-09-05,2026-09-09,2.5,2.5,SI
guo_juan,1826_04b,2,0,2026-08-11,0,2,2,34.0,15,2026-09-14,2026-09-02,2.5,2.5,SI
guo_juan,1827_01,2,0,2026-08-11,0,2,2,56.0,15,2026-10-06,2026-09-14,2.5,2.5,SI
guo_juan,1827_02,2,0,2026-08-11,0,2,2,28.0,15,2026-09-08,2026-09-02,2.5,2.5,SI
guo_juan,1827_02a,2,0,2026-08-11,0,2,2,25.0,15,2026-09-05,2026-09-14,2.5,2.5,SI
guo_juan,1827_03,2,0,2026-08-11,0,2,2,20.0,15,2026-08-31,2026-09-07,2.5,2.5,SI
guo_juan,1827_04,2,0,2026-08-11,0,2,2,50.0,15,2026-09-30,2026-09-10,2.5,2.5,SI
guo_juan,1828_01,2,0,2026-08-11,0,2,2,52.0,15,2026-10-02,2026-08-29,2.5,2.5,SI
guo_juan,1828_02,2,0,2026-08-11,0,2,2,39.0,15,2026-09-19,2026-09-01,2.5,2.5,SI
guo_juan,1828_03,2,0,2026-08-11,0,2,2,41.0,15,2026-09-21,2026-08-31,2.5,2.5,SI
guo_juan,1828_04,2,0,2026-08-11,0,2,2,40.0,15,2026-09-20,2026-08-31,2.5,2.5,SI
guo_juan,1829_01,2,0,2026-08-11,0,2,2,42.0,15,2026-09-22,2026-08-26,2.5,2.5,SI
guo_juan,1829_02,2,0,2026-08-11,0,2,2,26.0,15,2026-09-06,2026-09-07,2.5,2.5,SI
guo_juan,1829_02a,2,0,2026-08-11,0,2,2,21.0,15,2026-09-01,2026-09-08,2.5,2.5,SI
guo_juan,1829_02b,2,0,2026-08-11,0,2,2,18.0,15,2026-08-29,2026-09-11,2.5,2.5,SI
guo_juan,1829_02c,2,0,2026-08-11,0,2,2,76.0,15,2026-10-26,2026-09-16,2.5,2.5,SI
guo_juan,1829_03,2,0,2026-08-11,0,2,2,37.0,15,2026-09-17,2026-08-29,2.5,2.5,SI
guo_juan,1829_03a,2,0,2026-08-11,0,2,2,43.0,15,2026-09-23,2026-09-02,2.5,2.5,SI
guo_juan,1830_01,2,0,2026-08-11,0,2,2,58.0,15,2026-10-08,2026-08-27,2.5,2.5,SI
guo_juan,1830_01a,2,0,2026-08-11,0,2,2,26.0,15,2026-09-06,2026-08-28,2.5,2.5,SI
guo_juan,1830_02,2,0,2026-08-11,0,2,2,68.0,15,2026-10-18,2026-09-10,2.5,2.5,SI
guo_juan,1830_02a,2,1,2026-08-11,0,0,0,1.0,1.0,2026-08-12,2026-08-12,2.3,2.3,NO
guo_juan,1831_01,2,0,2026-08-11,0,2,2,53.0,15,2026-10-03,2026-09-03,2.5,2.5,SI
guo_juan,1831_02,2,0,2026-08-11,0,2,2,23.0,15,2026-09-03,2026-09-15,2.5,2.5,SI
guo_juan,1831_03,2,0,2026-08-11,0,2,2,42.0,15,2026-09-22,2026-09-14,2.5,2.5,SI
guo_juan,1832_01,2,0,2026-08-11,0,2,2,48.0,15,2026-09-28,2026-09-17,2.5,2.5,SI
guo_juan,1832_02,2,0,2026-08-11,0,2,2,40.0,15,2026-09-20,2026-09-01,2.5,2.5,SI
guo_juan,1832_03,2,0,2026-08-11,0,2,2,40.0,15,2026-09-20,2026-09-15,2.5,2.5,SI
guo_juan,1853_01,2,0,2026-07-19,23,2,2,27.0,15,2026-08-15,2026-08-21,2.5,2.5,SI
guo_juan,1853_01a,2,0,2026-08-06,5,2,2,49.0,15,2026-09-24,2026-08-25,2.5,2.5,SI
guo_juan,1853_02,2,0,2026-08-06,5,2,2,50.0,15,2026-09-25,2026-09-10,2.5,2.5,SI
guo_juan,1853_02a,2,0,2026-08-06,5,2,2,55.0,15,2026-09-30,2026-09-09,2.5,2.5,SI
guo_juan,1853_03,2,0,2026-08-06,5,2,2,65.0,15,2026-10-10,2026-09-04,2.5,2.5,SI
guo_juan,1853_03a,2,0,2026-07-19,23,2,2,36.0,15,2026-08-24,2026-08-08,2.5,2.5,SI
guo_juan,1853_04,2,0,2026-08-06,5,2,2,48.0,15,2026-09-23,2026-09-02,2.5,2.5,SI
guo_juan,1853_05,2,0,2026-08-06,5,2,2,40.0,15,2026-09-15,2026-08-26,2.5,2.5,SI
guo_juan,1853_05a,3,0,2026-08-11,0,3,3,104.0,38,2026-11-23,2026-10-31,2.5,2.5,SI
guo_juan,1853_05b,2,0,2026-08-10,1,2,2,40.0,15,2026-09-19,2026-09-03,2.5,2.5,SI
guo_juan,1853_06,2,0,2026-07-19,23,2,2,33.0,15,2026-08-21,2026-08-20,2.5,2.5,SI
guo_juan,1854-01,2,0,2026-08-06,5,2,2,25.0,15,2026-08-31,2026-09-02,2.5,2.5,SI
guo_juan,1854-02,2,0,2026-08-06,5,2,2,56.0,15,2026-10-01,2026-09-10,2.5,2.5,SI
guo_juan,1854-03,2,0,2026-08-10,1,2,2,80.0,15,2026-10-29,2026-09-11,2.5,2.5,SI
guo_juan,1854-04,2,0,2026-08-06,5,2,2,52.0,15,2026-09-27,2026-08-29,2.5,2.5,SI
guo_juan,1854-04a,3,0,2026-08-11,0,3,3,86.0,38,2026-11-05,2026-10-15,2.5,2.5,SI
guo_juan,1854-05,3,0,2026-08-11,0,3,3,51.0,38,2026-10-01,2026-09-18,2.5,2.5,SI
guo_juan,1855_01,2,0,2026-08-11,0,2,2,66.0,15,2026-10-16,2026-09-05,2.5,2.5,SI
guo_juan,1855_01a,2,0,2026-08-11,0,2,2,66.0,15,2026-10-16,2026-09-10,2.5,2.5,SI
guo_juan,1855_01b,2,0,2026-08-11,0,2,2,47.0,15,2026-09-27,2026-09-15,2.5,2.5,SI
guo_juan,1855_02,2,0,2026-08-11,0,2,2,39.0,15,2026-09-19,2026-09-13,2.5,2.5,SI
guo_juan,1855_02a,2,0,2026-08-11,0,2,2,46.0,15,2026-09-26,2026-09-17,2.5,2.5,SI
guo_juan,1855_02b,2,0,2026-08-11,0,2,2,21.0,15,2026-09-01,2026-09-05,2.5,2.5,SI
guo_juan,1855_03,2,0,2026-08-11,0,2,2,48.0,15,2026-09-28,2026-09-04,2.5,2.5,SI
guo_juan,1855_04,2,0,2026-08-11,0,2,2,47.0,15,2026-09-27,2026-09-06,2.5,2.5,SI
guo_juan,1855_04a,2,0,2026-08-11,0,2,2,49.0,15,2026-09-29,2026-08-30,2.5,2.5,SI
guo_juan,1855_04b,2,0,2026-08-11,0,2,2,31.0,15,2026-09-11,2026-09-02,2.5,2.5,SI
guo_juan,1855_04c,2,0,2026-08-11,0,2,2,50.0,15,2026-09-30,2026-08-30,2.5,2.5,SI
guo_juan,1855_05,2,0,2026-08-11,0,2,2,34.0,15,2026-09-14,2026-09-06,2.5,2.5,SI
guo_juan,1855_05a,2,0,2026-08-11,0,2,2,46.0,15,2026-09-26,2026-09-13,2.5,2.5,SI
guo_juan,1855_05b,2,0,2026-08-11,0,2,2,30.0,15,2026-09-10,2026-09-13,2.5,2.5,SI
guo_juan,1855_05c,2,0,2026-08-11,0,2,2,40.0,15,2026-09-20,2026-08-29,2.5,2.5,SI
guo_juan,1855_05d,2,0,2026-08-11,0,2,2,26.0,15,2026-09-06,2026-09-13,2.5,2.5,SI
guo_juan,1856_01,2,0,2026-07-19,23,2,2,35.0,15,2026-08-23,2026-08-12,2.5,2.5,SI
guo_juan,1856_02,3,0,2026-08-11,0,3,3,67.0,38,2026-10-17,2026-10-31,2.5,2.5,SI
guo_juan,1856_03,2,0,2026-08-06,5,2,2,39.0,15,2026-09-14,2026-08-26,2.5,2.5,SI
guo_juan,1856_04,2,0,2026-08-06,5,2,2,54.0,15,2026-09-29,2026-08-27,2.5,2.5,SI
guo_juan,1856_05,2,0,2026-07-19,23,2,2,26.0,15,2026-08-14,2026-08-22,2.5,2.5,SI
guo_juan,1856_06,5,3,2026-08-11,0,2,2,31.0,11,2026-09-11,2026-08-24,1.8999999999999997,1.9,SI
guo_juan,1857_01,2,0,2026-08-06,5,2,2,50.0,15,2026-09-25,2026-08-29,2.5,2.5,SI
guo_juan,1857_02,2,0,2026-07-19,23,2,2,45.0,15,2026-09-02,2026-08-14,2.5,2.5,SI
guo_juan,1857_03,2,0,2026-07-19,23,2,2,25.0,15,2026-08-13,2026-08-05,2.5,2.5,SI
guo_juan,1857_04,2,0,2026-07-19,23,2,2,26.0,15,2026-08-14,2026-08-25,2.5,2.5,SI
guo_juan,1857_05,2,0,2026-08-06,5,2,2,50.0,15,2026-09-25,2026-08-21,2.5,2.5,SI
guo_juan,1857_06,2,0,2026-08-06,5,2,2,44.0,15,2026-09-19,2026-08-26,2.5,2.5,SI
guo_juan,1857_07,2,0,2026-08-06,5,2,2,32.0,15,2026-09-07,2026-09-07,2.5,2.5,SI
guo_juan,1857_08,2,0,2026-08-06,5,2,2,40.0,15,2026-09-15,2026-08-31,2.5,2.5,SI
guo_juan,1858_01,3,0,2026-08-11,0,3,3,62.0,38,2026-10-12,2026-09-27,2.5,2.5,SI
guo_juan,1858_01a,2,0,2026-08-10,1,2,2,57.0,15,2026-10-06,2026-09-09,2.5,2.5,SI
guo_juan,1858_02,2,0,2026-07-19,23,2,2,39.0,15,2026-08-27,2026-08-16,2.5,2.5,SI
guo_juan,1858_02a,2,0,2026-07-19,23,2,2,27.0,15,2026-08-15,2026-08-09,2.5,2.5,SI
guo_juan,1858_03,4,2,2026-08-11,0,2,2,35.0,13,2026-09-15,2026-09-02,2.0999999999999996,2.1,SI
guo_juan,1858_03a,2,0,2026-08-06,5,2,2,41.0,15,2026-09-16,2026-08-26,2.5,2.5,SI
guo_juan,1858_04,2,0,2026-07-19,23,2,2,32.0,15,2026-08-20,2026-08-04,2.5,2.5,SI
guo_juan,1858_05,3,1,2026-08-06,5,2,2,22.0,14,2026-08-28,2026-09-03,2.3,2.3,SI
guo_juan,1869_01,2,0,2026-08-11,0,2,2,41.0,15,2026-09-21,2026-08-29,2.5,2.5,SI
guo_juan,1869_01a,2,0,2026-08-11,0,2,2,55.0,15,2026-10-05,2026-09-09,2.5,2.5,SI
guo_juan,1869_01b,2,0,2026-08-11,0,2,2,48.0,15,2026-09-28,2026-08-31,2.5,2.5,SI
guo_juan,1869_01c,2,0,2026-08-11,0,2,2,38.0,15,2026-09-18,2026-09-14,2.5,2.5,SI
guo_juan,1869_01d,2,0,2026-08-11,0,2,2,53.0,15,2026-10-03,2026-09-06,2.5,2.5,SI
guo_juan,1869_02,2,0,2026-08-11,0,2,2,20.0,15,2026-08-31,2026-09-10,2.5,2.5,SI
guo_juan,1869_02a,2,0,2026-08-11,0,2,2,29.0,15,2026-09-09,2026-09-17,2.5,2.5,SI
guo_juan,1869_02b,2,0,2026-08-11,0,2,2,22.0,15,2026-09-02,2026-09-14,2.5,2.5,SI
guo_juan,1869_02c,2,0,2026-08-11,0,2,2,19.0,15,2026-08-30,2026-09-14,2.5,2.5,SI
guo_juan,1869_02d,2,0,2026-08-11,0,2,2,37.0,15,2026-09-17,2026-09-09,2.5,2.5,SI
guo_juan,1869_03,2,0,2026-08-11,0,2,2,51.0,15,2026-10-01,2026-09-08,2.5,2.5,SI
guo_juan,1869_03a,2,0,2026-08-11,0,2,2,58.0,15,2026-10-08,2026-09-14,2.5,2.5,SI
guo_juan,1869_03b,2,0,2026-08-11,0,2,2,43.0,15,2026-09-23,2026-09-01,2.5,2.5,SI
guo_juan,1869_03c,2,0,2026-08-11,0,2,2,63.0,15,2026-10-13,2026-09-02,2.5,2.5,SI
guo_juan,1869_03d,2,0,2026-08-11,0,2,2,56.0,15,2026-10-06,2026-08-28,2.5,2.5,SI
guo_juan,1869_03e,2,0,2026-08-11,0,2,2,64.0,15,2026-10-14,2026-08-31,2.5,2.5,SI
guo_juan,1869_04,2,0,2026-08-11,0,2,2,30.0,15,2026-09-10,2026-09-16,2.5,2.5,SI
guo_juan,1869_04a,2,0,2026-08-11,0,2,2,39.0,15,2026-09-19,2026-09-01,2.5,2.5,SI
guo_juan,1869_04b,2,0,2026-08-11,0,2,2,17.0,15,2026-08-28,2026-08-30,2.5,2.5,SI
guo_juan,1869_04c,2,0,2026-08-11,0,2,2,77.0,15,2026-10-27,2026-08-28,2.5,2.5,SI
guo_juan,1870_01,2,0,2026-08-11,0,2,2,30.0,15,2026-09-10,2026-09-11,2.5,2.5,SI
guo_juan,1870_01a,2,0,2026-08-11,0,2,2,85.0,15,2026-11-04,2026-08-26,2.5,2.5,SI
guo_juan,1870_01b,2,0,2026-08-11,0,2,2,57.0,15,2026-10-07,2026-09-08,2.5,2.5,SI
guo_juan,1870_02,2,0,2026-08-11,0,2,2,27.0,15,2026-09-07,2026-09-03,2.5,2.5,SI
guo_juan,1874_01,2,0,2026-08-11,0,2,2,15.0,15,2026-08-26,2026-08-26,2.5,2.5,NO
guo_juan,1874_02,2,0,2026-08-11,0,2,2,58.0,15,2026-10-08,2026-08-29,2.5,2.5,SI
guo_juan,1874_03,2,0,2026-08-11,0,2,2,33.0,15,2026-09-13,2026-08-31,2.5,2.5,SI
guo_juan,1874_04,2,0,2026-08-11,0,2,2,31.0,15,2026-09-11,2026-08-31,2.5,2.5,SI
guo_juan,1874_05,2,0,2026-08-11,0,2,2,46.0,15,2026-09-26,2026-09-03,2.5,2.5,SI
guo_juan,1874_06,2,0,2026-08-11,0,2,2,62.0,15,2026-10-12,2026-09-14,2.5,2.5,SI
guo_juan,1874_07,2,0,2026-08-11,0,2,2,61.0,15,2026-10-11,2026-08-28,2.5,2.5,SI
guo_juan,1874_08,2,0,2026-08-11,0,2,2,28.0,15,2026-09-08,2026-09-15,2.5,2.5,SI
guo_juan,1878_01,2,0,2026-08-06,5,2,2,66.0,15,2026-10-11,2026-09-08,2.5,2.5,SI
guo_juan,1878_02,2,0,2026-07-19,23,2,2,39.0,15,2026-08-27,2026-08-08,2.5,2.5,SI
guo_juan,1878_02a,2,0,2026-08-06,5,2,2,45.0,15,2026-09-20,2026-09-05,2.5,2.5,SI
guo_juan,1878_02b,2,0,2026-08-06,5,2,2,51.0,15,2026-09-26,2026-09-07,2.5,2.5,SI
guo_juan,1878_03,2,0,2026-07-19,23,2,2,48.0,15,2026-09-05,2026-08-10,2.5,2.5,SI
guo_juan,1878_04,2,0,2026-08-06,5,2,2,46.0,15,2026-09-21,2026-08-31,2.5,2.5,SI
guo_juan,1878_04a,2,0,2026-08-06,5,2,2,35.0,15,2026-09-10,2026-09-12,2.5,2.5,SI
guo_juan,1879_01,2,0,2026-08-06,5,2,2,27.0,15,2026-09-02,2026-09-08,2.5,2.5,SI
guo_juan,1879_01a,2,0,2026-08-06,5,2,2,72.0,15,2026-10-17,2026-08-30,2.5,2.5,SI
guo_juan,1879_02,2,0,2026-08-06,5,2,2,53.0,15,2026-09-28,2026-09-07,2.5,2.5,SI
guo_juan,1879_03,2,0,2026-08-06,5,2,2,54.0,15,2026-09-29,2026-09-04,2.5,2.5,SI
guo_juan,1879_03a,2,0,2026-08-10,1,2,2,62.0,15,2026-10-11,2026-09-07,2.5,2.5,SI
guo_juan,1879_04,2,0,2026-07-20,22,2,2,41.0,15,2026-08-30,2026-08-24,2.5,2.5,SI
guo_juan,1880_01,2,0,2026-08-06,5,2,2,34.0,15,2026-09-09,2026-08-26,2.5,2.5,SI
guo_juan,1880_01a,2,0,2026-08-06,5,2,2,64.0,15,2026-10-09,2026-08-27,2.5,2.5,SI
guo_juan,1880_02,2,0,2026-07-19,23,2,2,26.0,15,2026-08-14,2026-08-22,2.5,2.5,SI
guo_juan,1880_02a,2,0,2026-07-19,23,2,2,31.0,15,2026-08-19,2026-08-20,2.5,2.5,SI
guo_juan,1880_03,2,0,2026-07-19,23,2,2,26.0,15,2026-08-14,2026-08-16,2.5,2.5,SI
guo_juan,1880_03a,2,0,2026-08-10,1,2,2,43.0,15,2026-09-22,2026-08-26,2.5,2.5,SI
guo_juan,1880_04,2,0,2026-07-20,22,2,2,50.0,15,2026-09-08,2026-08-16,2.5,2.5,SI
guo_juan,1880_04a,2,0,2026-07-19,23,2,2,31.0,15,2026-08-19,2026-08-09,2.5,2.5,SI
guo_juan,1884_01,2,0,2026-08-06,5,2,2,45.0,15,2026-09-20,2026-08-24,2.5,2.5,SI
guo_juan,1884_02,2,0,2026-08-06,5,2,2,53.0,15,2026-09-28,2026-09-01,2.5,2.5,SI
guo_juan,1884_03,3,0,2026-08-11,0,3,3,128.0,38,2026-12-17,2026-10-13,2.5,2.5,SI
guo_juan,1884_04,2,0,2026-08-06,5,2,2,62.0,15,2026-10-07,2026-09-10,2.5,2.5,SI
guo_juan,1884_05,3,1,2026-08-11,0,2,2,34.0,14,2026-09-14,2026-09-05,2.3,2.3,SI
guo_juan,1885_01,2,0,2026-08-06,5,2,2,33.0,15,2026-09-08,2026-09-11,2.5,2.5,SI
guo_juan,1885_01a,2,0,2026-07-19,23,2,2,37.0,15,2026-08-25,2026-08-20,2.5,2.5,SI
guo_juan,1885_01b,2,0,2026-08-10,1,2,2,49.0,15,2026-09-28,2026-08-28,2.5,2.5,SI
guo_juan,1885_01c,3,0,2026-08-11,0,3,3,124.0,38,2026-12-13,2026-11-05,2.5,2.5,SI
guo_juan,1885_02,2,0,2026-08-06,5,2,2,32.0,15,2026-09-07,2026-08-26,2.5,2.5,SI
guo_juan,1885_03,2,0,2026-08-06,5,2,2,50.0,15,2026-09-25,2026-08-22,2.5,2.5,SI
guo_juan,1885_03a,2,0,2026-07-19,23,2,2,34.0,15,2026-08-22,2026-08-22,2.5,2.5,SI
guo_juan,1885_03b,2,0,2026-08-06,5,2,2,35.0,15,2026-09-10,2026-09-05,2.5,2.5,SI
guo_juan,1885_04,2,0,2026-08-10,1,2,2,59.0,15,2026-10-08,2026-09-11,2.5,2.5,SI
guo_juan,1885_05,2,0,2026-08-06,5,2,2,38.0,15,2026-09-13,2026-08-24,2.5,2.5,SI
guo_juan,1888_01,2,0,2026-08-11,0,2,2,50.0,15,2026-09-30,2026-09-04,2.5,2.5,SI
guo_juan,1888_02,2,0,2026-08-11,0,2,2,15.0,15,2026-08-26,2026-08-26,2.5,2.5,NO
guo_juan,1888_03,2,0,2026-08-11,0,2,2,56.0,15,2026-10-06,2026-09-12,2.5,2.5,SI
guo_juan,1888_04,2,0,2026-08-11,0,2,2,63.0,15,2026-10-13,2026-09-10,2.5,2.5,SI
guo_juan,1888_04a,2,0,2026-08-11,0,2,2,68.0,15,2026-10-18,2026-08-26,2.5,2.5,SI
guo_juan,1888_04b,2,0,2026-08-11,0,2,2,54.0,15,2026-10-04,2026-09-13,2.5,2.5,SI
guo_juan,1888_04c,2,0,2026-08-11,0,2,2,69.0,15,2026-10-19,2026-08-31,2.5,2.5,SI
guo_juan,1888_04d,2,0,2026-08-11,0,2,2,30.0,15,2026-09-10,2026-09-15,2.5,2.5,SI
guo_juan,1888_04e,2,0,2026-08-11,0,2,2,25.0,15,2026-09-05,2026-09-08,2.5,2.5,SI
guo_juan,1888_05,2,0,2026-08-11,0,2,2,43.0,15,2026-09-23,2026-09-16,2.5,2.5,SI
guo_juan,1888_06,2,0,2026-08-11,0,2,2,30.0,15,2026-09-10,2026-09-05,2.5,2.5,SI
guo_juan,1888_07,2,0,2026-08-11,0,2,2,29.0,15,2026-09-09,2026-09-12,2.5,2.5,SI
guo_juan,1888_07a,2,0,2026-08-11,0,2,2,39.0,15,2026-09-19,2026-09-06,2.5,2.5,SI
guo_juan,1892_01,3,0,2026-08-11,0,3,3,182.0,38,2027-02-09,2026-09-24,2.5,2.5,SI
guo_juan,1892_01a,3,0,2026-08-11,0,3,3,128.0,38,2026-12-17,2026-09-28,2.5,2.5,SI
guo_juan,1892_01b,2,0,2026-07-14,28,2,2,31.0,15,2026-08-14,2026-08-07,2.5,2.5,SI
guo_juan,1892_02,2,0,2026-07-14,28,2,2,41.0,15,2026-08-24,2026-08-11,2.5,2.5,SI
guo_juan,1892_02a,2,0,2026-07-19,23,2,2,76.0,15,2026-10-03,2026-08-16,2.5,2.5,SI
guo_juan,1892_03,2,0,2026-07-14,28,2,2,57.0,15,2026-09-09,2026-08-03,2.5,2.5,SI
guo_juan,1892_03a,2,0,2026-07-14,28,2,2,55.0,15,2026-09-07,2026-08-01,2.5,2.5,SI
guo_juan,2034_01,2,0,2026-07-14,28,2,2,29.0,15,2026-08-12,2026-08-11,2.5,2.5,SI
guo_juan,2034_02,2,0,2026-07-19,23,2,2,85.0,15,2026-10-12,2026-08-23,2.5,2.5,SI
guo_juan,2034_03,3,0,2026-08-11,0,3,3,83.0,38,2026-11-02,2026-10-12,2.5,2.5,SI
guo_juan,2034_04,4,1,2026-07-20,22,2,2,32.0,14,2026-08-21,2026-08-11,2.3,2.3,SI
guo_juan,2034_05,3,0,2026-08-11,0,3,3,53.0,38,2026-10-03,2026-09-25,2.5,2.5,SI
guo_juan,2034_06,2,0,2026-07-19,23,2,2,70.0,15,2026-09-27,2026-08-04,2.5,2.5,SI
guo_juan,2034_07,2,0,2026-07-14,28,2,2,60.0,15,2026-09-12,2026-07-30,2.5,2.5,SI
guo_juan,2034_08,2,0,2026-07-19,23,2,2,78.0,15,2026-10-05,2026-08-25,2.5,2.5,SI
guo_juan,2038_01,2,0,2026-07-14,28,2,2,58.0,15,2026-09-10,2026-07-30,2.5,2.5,SI
guo_juan,2038_02,3,0,2026-08-10,1,2,3,22.0,38,2026-09-01,2026-09-29,2.5,2.5,SI
guo_juan,2038_02a,2,0,2026-07-09,33,2,2,47.0,15,2026-08-25,2026-07-27,2.5,2.5,SI
guo_juan,2038_02b,2,0,2026-07-09,33,2,2,48.0,15,2026-08-26,2026-08-04,2.5,2.5,SI
guo_juan,2038_03,2,0,2026-07-19,23,2,2,74.0,15,2026-10-01,2026-08-21,2.5,2.5,SI
guo_juan,2038_03a,3,0,2026-08-11,0,3,3,116.0,38,2026-12-05,2026-10-07,2.5,2.5,SI
guo_juan,2038_03b,2,0,2026-07-14,28,2,2,42.0,15,2026-08-25,2026-08-07,2.5,2.5,SI
guo_juan,2038_03c,2,0,2026-07-14,28,2,2,64.0,15,2026-09-16,2026-08-15,2.5,2.5,SI
guo_juan,2038_03d,2,0,2026-07-19,23,2,2,84.0,15,2026-10-11,2026-08-14,2.5,2.5,SI
guo_juan,2038_04,3,0,2026-08-11,0,3,3,84.0,38,2026-11-03,2026-10-16,2.5,2.5,SI
guo_juan,2038_04a,3,0,2026-08-11,0,3,3,134.0,38,2026-12-23,2026-11-12,2.5,2.5,SI
guo_juan,2039_01,2,0,2026-07-14,28,2,2,49.0,15,2026-09-01,2026-08-08,2.5,2.5,SI
guo_juan,2039_02,2,0,2026-07-09,33,2,2,36.0,15,2026-08-14,2026-07-26,2.5,2.5,SI
guo_juan,2039_02a,2,0,2026-07-14,28,2,2,67.0,15,2026-09-19,2026-08-18,2.5,2.5,SI
guo_juan,2039_03,2,0,2026-07-09,33,2,2,46.0,15,2026-08-24,2026-08-02,2.5,2.5,SI
guo_juan,2039_03a,3,0,2026-08-11,0,3,3,112.0,38,2026-12-01,2026-10-02,2.5,2.5,SI
guo_juan,2039_04,7,4,2026-08-10,1,3,3,24.0,17,2026-09-03,2026-09-07,1.6999999999999997,1.7,SI
guo_juan,2039_04a,2,0,2026-07-19,23,2,2,44.0,15,2026-09-01,2026-08-08,2.5,2.5,SI
guo_juan,2039_04b,2,0,2026-07-14,28,2,2,40.0,15,2026-08-23,2026-08-05,2.5,2.5,SI
guo_juan,2039_04c,2,0,2026-07-14,28,2,2,53.0,15,2026-09-05,2026-08-02,2.5,2.5,SI
guo_juan,2039_05,2,0,2026-07-19,23,2,2,62.0,15,2026-09-19,2026-08-09,2.5,2.5,SI
guo_juan,2039_05a,2,0,2026-07-14,28,2,2,29.0,15,2026-08-12,2026-07-29,2.5,2.5,SI
guo_juan,2039_05b,6,3,2026-08-11,0,2,2,17.0,11,2026-08-28,2026-08-23,1.8999999999999997,1.9,SI
guo_juan,2041_01,3,0,2026-08-11,0,3,3,169.0,38,2027-01-27,2026-11-06,2.5,2.5,SI
guo_juan,2041_01a,3,0,2026-08-11,0,3,3,169.0,38,2027-01-27,2026-11-03,2.5,2.5,SI
guo_juan,2041_02,2,0,2026-07-14,28,2,2,78.0,15,2026-09-30,2026-08-14,2.5,2.5,SI
guo_juan,2041_02a,2,0,2026-07-09,33,2,2,38.0,15,2026-08-16,2026-08-10,2.5,2.5,SI
guo_juan,2041_03,2,0,2026-07-14,28,2,2,68.0,15,2026-09-20,2026-08-17,2.5,2.5,SI
guo_juan,2041_03a,3,0,2026-08-11,0,3,3,122.0,38,2026-12-11,2026-09-26,2.5,2.5,SI
guo_juan,2041_04,2,0,2026-07-14,28,2,2,31.0,15,2026-08-14,2026-07-30,2.5,2.5,SI
guo_juan,2041_04a,3,1,2026-07-14,28,2,2,50.0,14,2026-09-02,2026-08-03,2.3,2.3,SI
guo_juan,2042_01,3,0,2026-08-11,0,3,3,56.0,38,2026-10-06,2026-10-22,2.5,2.5,SI
guo_juan,2042_01a,3,0,2026-08-10,1,3,3,96.0,38,2026-11-14,2026-10-06,2.5,2.5,SI
guo_juan,2042_02,3,0,2026-08-06,5,3,3,66.0,38,2026-10-11,2026-09-25,2.5,2.5,SI
guo_juan,2042_03,2,0,2026-07-19,23,2,2,74.0,15,2026-10-01,2026-08-19,2.5,2.5,SI
guo_juan,2042_04,3,1,2026-07-14,28,2,2,36.0,14,2026-08-19,2026-08-14,2.3,2.3,SI
guo_juan,2204_01,1,0,2026-08-11,0,1,1,14.0,6.0,2026-08-25,2026-08-19,2.5,2.5,SI
guo_juan,2204_02,1,0,2026-08-11,0,1,1,6.0,6.0,2026-08-17,2026-08-17,2.5,2.5,NO
guo_juan,2204_03,1,0,2026-08-11,0,1,1,11.0,6.0,2026-08-22,2026-08-24,2.5,2.5,SI
guo_juan,2204_04,1,0,2026-08-11,0,1,1,10.0,6.0,2026-08-21,2026-08-18,2.5,2.5,SI
guo_juan,2205_01,1,0,2026-08-11,0,1,1,8.0,6.0,2026-08-19,2026-08-23,2.5,2.5,SI
guo_juan,2205_01a,1,0,2026-08-11,0,1,1,12.0,6.0,2026-08-23,2026-08-24,2.5,2.5,SI
guo_juan,2205_02,1,0,2026-08-11,0,1,1,9.0,6.0,2026-08-20,2026-08-23,2.5,2.5,SI
guo_juan,2205_02a,1,0,2026-08-11,0,1,1,8.0,6.0,2026-08-19,2026-08-17,2.5,2.5,SI
guo_juan,2205_03,1,0,2026-08-11,0,1,1,10.0,6.0,2026-08-21,2026-08-17,2.5,2.5,SI
guo_juan,2205_03a,1,0,2026-08-11,0,1,1,11.0,6.0,2026-08-22,2026-08-21,2.5,2.5,SI
guo_juan,2205_04,1,1,2026-08-11,0,0,0,1.0,1.0,2026-08-12,2026-08-12,2.3,2.3,NO
guo_juan,2205_05,1,0,2026-08-11,0,1,1,7.0,6.0,2026-08-18,2026-08-25,2.5,2.5,SI
guo_juan,2206_01,1,0,2026-08-11,0,1,1,7.0,6.0,2026-08-18,2026-08-22,2.5,2.5,SI
guo_juan,2206_02,1,0,2026-08-11,0,1,1,14.0,6.0,2026-08-25,2026-08-23,2.5,2.5,SI
guo_juan,2206_03,1,0,2026-08-11,0,1,1,6.0,6.0,2026-08-17,2026-08-17,2.5,2.5,NO
guo_juan,2206_04,1,0,2026-08-11,0,1,1,13.0,6.0,2026-08-24,2026-08-21,2.5,2.5,SI
guo_juan,2206_05,1,0,2026-08-11,0,1,1,12.0,6.0,2026-08-23,2026-08-23,2.5,2.5,SI
many_faces,lvl_18k_problem_001,2,0,2026-07-30,12,2,2,52.0,15,2026-09-20,2026-08-16,2.5,2.5,SI
many_faces,lvl_18k_problem_002,2,0,2026-07-27,15,2,2,29.0,15,2026-08-25,2026-08-27,2.5,2.5,SI
many_faces,lvl_18k_problem_003,2,0,2026-07-27,15,2,2,31.0,15,2026-08-27,2026-08-28,2.5,2.5,SI
many_faces,lvl_18k_problem_004,2,0,2026-07-27,15,2,2,40.0,15,2026-09-05,2026-08-26,2.5,2.5,SI
many_faces,lvl_18k_problem_005,2,0,2026-07-27,15,2,2,29.0,15,2026-08-25,2026-08-17,2.5,2.5,SI
many_faces,lvl_18k_problem_006,2,0,2026-07-28,14,2,2,52.0,15,2026-09-18,2026-09-02,2.5,2.5,SI
many_faces,lvl_18k_problem_007,2,0,2026-07-30,12,2,2,43.0,15,2026-09-11,2026-09-03,2.5,2.5,SI
many_faces,lvl_18k_problem_008,2,0,2026-08-05,6,2,2,75.0,15,2026-10-19,2026-09-11,2.5,2.5,SI
many_faces,lvl_18k_problem_009,2,0,2026-08-05,6,2,2,44.0,15,2026-09-18,2026-08-30,2.5,2.5,SI
many_faces,lvl_18k_problem_010,2,0,2026-07-25,17,2,2,32.0,15,2026-08-26,2026-08-14,2.5,2.5,SI
many_faces,lvl_18k_problem_011,2,0,2026-07-27,15,2,2,24.0,15,2026-08-20,2026-08-19,2.5,2.5,SI
many_faces,lvl_18k_problem_012,2,0,2026-07-30,12,2,2,38.0,15,2026-09-06,2026-08-15,2.5,2.5,SI
many_faces,lvl_18k_problem_013,2,0,2026-08-05,6,2,2,82.0,15,2026-10-26,2026-08-28,2.5,2.5,SI
many_faces,lvl_18k_problem_014,2,0,2026-07-27,15,2,2,27.0,15,2026-08-23,2026-08-29,2.5,2.5,SI
many_faces,lvl_18k_problem_015,2,0,2026-07-28,14,2,2,34.0,15,2026-08-31,2026-08-29,2.5,2.5,SI
many_faces,lvl_18k_problem_016,2,0,2026-07-24,18,2,2,30.0,15,2026-08-23,2026-08-12,2.5,2.5,SI
many_faces,lvl_18k_problem_017,2,0,2026-07-24,18,2,2,27.0,15,2026-08-20,2026-08-12,2.5,2.5,SI
many_faces,lvl_18k_problem_018,2,0,2026-07-27,15,2,2,56.0,15,2026-09-21,2026-08-29,2.5,2.5,SI
many_faces,lvl_18k_problem_019,2,0,2026-07-25,17,2,2,32.0,15,2026-08-26,2026-08-14,2.5,2.5,SI
many_faces,lvl_18k_problem_020,2,0,2026-07-27,15,2,2,35.0,15,2026-08-31,2026-08-16,2.5,2.5,SI
many_faces,lvl_18k_problem_021,2,0,2026-08-05,6,2,2,41.0,15,2026-09-15,2026-08-26,2.5,2.5,SI
many_faces,lvl_18k_problem_022,2,0,2026-07-27,15,2,2,42.0,15,2026-09-07,2026-08-19,2.5,2.5,SI
many_faces,lvl_18k_problem_023,3,1,2026-08-05,6,2,2,37.0,14,2026-09-11,2026-08-19,2.3,2.3,SI
many_faces,lvl_18k_problem_024,2,0,2026-08-05,6,2,2,59.0,15,2026-10-03,2026-08-28,2.5,2.5,SI
many_faces,lvl_18k_problem_025,2,0,2026-07-27,15,2,2,49.0,15,2026-09-14,2026-08-15,2.5,2.5,SI
many_faces,lvl_18k_problem_026,2,0,2026-07-30,12,2,2,67.0,15,2026-10-05,2026-09-05,2.5,2.5,SI
many_faces,lvl_18k_problem_027,2,0,2026-08-05,6,2,2,71.0,15,2026-10-15,2026-09-06,2.5,2.5,SI
many_faces,lvl_18k_problem_028,4,1,2026-08-06,5,2,2,17.0,14,2026-08-23,2026-08-30,2.3,2.3,SI
many_faces,lvl_18k_problem_029,2,0,2026-07-25,17,2,2,23.0,15,2026-08-17,2026-08-19,2.5,2.5,SI
many_faces,lvl_18k_problem_030,2,0,2026-07-30,12,2,2,59.0,15,2026-09-27,2026-08-25,2.5,2.5,SI
many_faces,lvl_18k_problem_031,2,0,2026-07-25,17,2,2,23.0,15,2026-08-17,2026-08-14,2.5,2.5,SI
many_faces,lvl_18k_problem_032,2,0,2026-07-27,15,2,2,35.0,15,2026-08-31,2026-08-13,2.5,2.5,SI
many_faces,lvl_18k_problem_033,2,0,2026-08-05,6,2,2,53.0,15,2026-09-27,2026-08-21,2.5,2.5,SI
many_faces,lvl_18k_problem_034,2,0,2026-08-05,6,2,2,74.0,15,2026-10-18,2026-09-09,2.5,2.5,SI
many_faces,lvl_18k_problem_035,5,2,2026-08-07,4,2,2,25.0,13,2026-09-01,2026-08-29,2.0999999999999996,2.1,SI
many_faces,lvl_18k_problem_036,2,0,2026-07-25,17,2,2,38.0,15,2026-09-01,2026-08-24,2.5,2.5,SI
many_faces,lvl_18k_problem_037,2,0,2026-08-05,6,2,2,78.0,15,2026-10-22,2026-08-22,2.5,2.5,SI
many_faces,lvl_18k_problem_038,4,1,2026-08-10,1,2,2,19.0,14,2026-08-30,2026-08-28,2.3,2.3,SI
many_faces,lvl_18k_problem_039,2,0,2026-07-24,18,2,2,22.0,15,2026-08-15,2026-08-15,2.5,2.5,SI
many_faces,lvl_18k_problem_040,2,0,2026-07-30,12,2,2,61.0,15,2026-09-29,2026-08-14,2.5,2.5,SI
many_faces,lvl_18k_problem_041,2,0,2026-07-30,12,2,2,30.0,15,2026-08-29,2026-09-01,2.5,2.5,SI
many_faces,lvl_18k_problem_042,5,3,2026-08-07,4,1,1,9.0,6.0,2026-08-16,2026-08-16,1.8999999999999997,1.9,SI
many_faces,lvl_18k_problem_043,2,0,2026-07-24,18,2,2,36.0,15,2026-08-29,2026-08-18,2.5,2.5,SI
many_faces,lvl_18k_problem_044,2,0,2026-07-25,17,2,2,44.0,15,2026-09-07,2026-08-25,2.5,2.5,SI
many_faces,lvl_18k_problem_045,2,0,2026-07-30,12,2,2,42.0,15,2026-09-10,2026-08-19,2.5,2.5,SI
many_faces,lvl_18k_problem_046,2,0,2026-07-27,15,2,2,51.0,15,2026-09-16,2026-08-15,2.5,2.5,SI
many_faces,lvl_18k_problem_047,2,0,2026-07-27,15,2,2,35.0,15,2026-08-31,2026-08-31,2.5,2.5,SI
many_faces,lvl_18k_problem_048,2,0,2026-07-27,15,2,2,47.0,15,2026-09-12,2026-08-12,2.5,2.5,SI
many_faces,lvl_18k_problem_049,3,1,2026-07-30,12,2,2,41.0,14,2026-09-09,2026-08-21,2.3,2.3,SI
many_faces,lvl_18k_problem_050,2,0,2026-07-27,15,2,2,22.0,15,2026-08-18,2026-08-23,2.5,2.5,SI
many_faces,lvl_18k_problem_051,2,0,2026-07-25,17,2,2,34.0,15,2026-08-28,2026-08-20,2.5,2.5,SI
many_faces,lvl_18k_problem_052,2,0,2026-07-30,12,2,2,33.0,15,2026-09-01,2026-08-28,2.5,2.5,SI
many_faces,lvl_18k_problem_053,2,0,2026-08-05,6,2,2,73.0,15,2026-10-17,2026-08-27,2.5,2.5,SI
many_faces,lvl_18k_problem_054,2,0,2026-08-05,6,2,2,60.0,15,2026-10-04,2026-09-08,2.5,2.5,SI
many_faces,lvl_18k_problem_055,2,0,2026-07-28,14,2,2,60.0,15,2026-09-26,2026-08-27,2.5,2.5,SI
many_faces,lvl_18k_problem_056,2,0,2026-07-30,12,2,2,51.0,15,2026-09-19,2026-08-25,2.5,2.5,SI
many_faces,lvl_18k_problem_057,2,0,2026-07-25,17,2,2,44.0,15,2026-09-07,2026-08-15,2.5,2.5,SI
many_faces,lvl_18k_problem_058,2,0,2026-07-25,17,2,2,41.0,15,2026-09-04,2026-08-23,2.5,2.5,SI
many_faces,lvl_19k_problem_001,2,0,2026-07-13,29,2,2,34.0,15,2026-08-16,2026-08-04,2.5,2.5,SI
many_faces,lvl_19k_problem_002,2,0,2026-07-17,25,2,2,58.0,15,2026-09-13,2026-08-21,2.5,2.5,SI
many_faces,lvl_19k_problem_003,2,0,2026-07-14,28,2,2,31.0,15,2026-08-14,2026-08-08,2.5,2.5,SI
many_faces,lvl_19k_problem_004,3,0,2026-08-05,6,3,3,99.0,38,2026-11-12,2026-10-31,2.5,2.5,SI
many_faces,lvl_19k_problem_005,5,2,2026-07-27,15,2,2,27.0,13,2026-08-23,2026-08-10,2.0999999999999996,2.1,SI
many_faces,lvl_19k_problem_006,2,0,2026-07-16,26,2,2,44.0,15,2026-08-29,2026-07-31,2.5,2.5,SI
many_faces,lvl_19k_problem_007,2,0,2026-07-20,22,2,2,80.0,15,2026-10-08,2026-08-17,2.5,2.5,SI
many_faces,lvl_19k_problem_008,4,2,2026-07-16,26,2,2,31.0,13,2026-08-16,2026-08-06,2.0999999999999996,2.1,SI
many_faces,lvl_19k_problem_009,2,0,2026-07-17,25,2,2,29.0,15,2026-08-15,2026-08-12,2.5,2.5,SI
many_faces,lvl_19k_problem_010,3,0,2026-08-09,2,3,3,84.0,38,2026-11-01,2026-10-29,2.5,2.5,SI
many_faces,lvl_19k_problem_011,5,2,2026-07-27,15,2,2,33.0,13,2026-08-29,2026-08-11,2.0999999999999996,2.1,SI
many_faces,lvl_19k_problem_012,3,0,2026-08-06,5,3,3,137.0,38,2026-12-21,2026-10-12,2.5,2.5,SI
many_faces,lvl_19k_problem_013,2,0,2026-07-13,29,2,2,44.0,15,2026-08-26,2026-08-17,2.5,2.5,SI
many_faces,lvl_19k_problem_014,2,0,2026-07-17,25,2,2,35.0,15,2026-08-21,2026-08-11,2.5,2.5,SI
many_faces,lvl_19k_problem_015,2,0,2026-07-16,26,2,2,58.0,15,2026-09-12,2026-08-10,2.5,2.5,SI
many_faces,lvl_19k_problem_016,4,1,2026-07-28,14,2,2,39.0,14,2026-09-05,2026-08-20,2.3,2.3,SI
many_faces,lvl_19k_problem_017,2,0,2026-07-13,29,2,2,33.0,15,2026-08-15,2026-08-10,2.5,2.5,SI
many_faces,lvl_19k_problem_018,3,0,2026-08-07,4,3,3,96.0,38,2026-11-11,2026-09-20,2.5,2.5,SI
many_faces,lvl_19k_problem_019,2,0,2026-07-13,29,2,2,35.0,15,2026-08-17,2026-08-18,2.5,2.5,SI
many_faces,lvl_19k_problem_020,2,0,2026-07-16,26,2,2,56.0,15,2026-09-10,2026-08-11,2.5,2.5,SI
many_faces,lvl_19k_problem_021,2,0,2026-07-15,27,2,2,29.0,15,2026-08-13,2026-08-05,2.5,2.5,SI
many_faces,lvl_19k_problem_022,2,0,2026-07-20,22,2,2,39.0,15,2026-08-28,2026-08-19,2.5,2.5,SI
many_faces,lvl_19k_problem_023,2,0,2026-07-18,24,2,2,44.0,15,2026-08-31,2026-08-18,2.5,2.5,SI
many_faces,lvl_19k_problem_024,2,0,2026-07-14,28,2,2,35.0,15,2026-08-18,2026-08-14,2.5,2.5,SI
many_faces,lvl_19k_problem_025,2,0,2026-07-20,22,2,2,79.0,15,2026-10-07,2026-08-20,2.5,2.5,SI
many_faces,lvl_19k_problem_026,6,4,2026-08-10,1,0,0,1.0,1.0,2026-08-12,2026-08-12,1.6999999999999997,1.7,NO
many_faces,lvl_19k_problem_027,2,0,2026-07-15,27,2,2,29.0,15,2026-08-13,2026-07-30,2.5,2.5,SI
many_faces,lvl_19k_problem_028,2,0,2026-07-19,23,2,2,59.0,15,2026-09-16,2026-08-08,2.5,2.5,SI
many_faces,lvl_19k_problem_029,2,0,2026-07-18,24,2,2,50.0,15,2026-09-06,2026-08-07,2.5,2.5,SI
many_faces,lvl_19k_problem_030,2,0,2026-07-13,29,2,2,36.0,15,2026-08-18,2026-08-06,2.5,2.5,SI
many_faces,lvl_19k_problem_031,2,0,2026-07-19,23,2,2,52.0,15,2026-09-09,2026-08-17,2.5,2.5,SI
many_faces,lvl_19k_problem_032,2,0,2026-07-20,22,2,2,72.0,15,2026-09-30,2026-08-23,2.5,2.5,SI
many_faces,lvl_19k_problem_033,2,0,2026-07-19,23,2,2,55.0,15,2026-09-12,2026-08-09,2.5,2.5,SI
many_faces,lvl_19k_problem_034,2,0,2026-07-19,23,2,2,37.0,15,2026-08-25,2026-08-22,2.5,2.5,SI
many_faces,lvl_19k_problem_035,2,0,2026-07-14,28,2,2,47.0,15,2026-08-30,2026-08-07,2.5,2.5,SI
many_faces,lvl_19k_problem_036,8,5,2026-08-05,6,1,1,8.0,6.0,2026-08-13,2026-08-11,1.4999999999999998,1.5,SI
many_faces,lvl_19k_problem_037,2,0,2026-07-13,29,2,2,30.0,15,2026-08-12,2026-08-04,2.5,2.5,SI
many_faces,lvl_19k_problem_038,2,0,2026-07-15,27,2,2,47.0,15,2026-08-31,2026-08-20,2.5,2.5,SI
many_faces,lvl_19k_problem_039,2,0,2026-07-15,27,2,2,49.0,15,2026-09-02,2026-08-08,2.5,2.5,SI
many_faces,lvl_19k_problem_040,2,0,2026-07-16,26,2,2,45.0,15,2026-08-30,2026-08-05,2.5,2.5,SI
many_faces,lvl_19k_problem_041,2,0,2026-07-14,28,2,2,44.0,15,2026-08-27,2026-07-31,2.5,2.5,SI
many_faces,lvl_19k_problem_042,2,0,2026-07-16,26,2,2,38.0,15,2026-08-23,2026-08-01,2.5,2.5,SI
many_faces,lvl_19k_problem_043,2,0,2026-07-20,22,2,2,73.0,15,2026-10-01,2026-08-21,2.5,2.5,SI
many_faces,lvl_19k_problem_044,2,0,2026-07-16,26,2,2,46.0,15,2026-08-31,2026-08-19,2.5,2.5,SI
many_faces,lvl_19k_problem_045,3,0,2026-08-06,5,3,3,102.0,38,2026-11-16,2026-11-03,2.5,2.5,SI
many_faces,lvl_19k_problem_046,2,0,2026-07-15,27,2,2,34.0,15,2026-08-18,2026-08-13,2.5,2.5,SI
many_faces,lvl_19k_problem_047,3,0,2026-08-05,6,3,3,57.0,38,2026-10-01,2026-09-14,2.5,2.5,SI
many_faces,lvl_19k_problem_048,2,0,2026-07-13,29,2,2,41.0,15,2026-08-23,2026-08-14,2.5,2.5,SI
many_faces,lvl_19k_problem_049,3,0,2026-08-05,6,3,3,80.0,38,2026-10-24,2026-10-25,2.5,2.5,SI
many_faces,lvl_19k_problem_050,2,0,2026-07-16,26,2,2,48.0,15,2026-09-02,2026-08-19,2.5,2.5,SI
many_faces,lvl_19k_problem_051,2,0,2026-07-17,25,2,2,43.0,15,2026-08-29,2026-08-01,2.5,2.5,SI
many_faces,lvl_19k_problem_052,2,0,2026-07-17,25,2,2,54.0,15,2026-09-09,2026-08-21,2.5,2.5,SI
many_faces,lvl_19k_problem_053,3,0,2026-08-05,6,3,3,87.0,38,2026-10-31,2026-09-19,2.5,2.5,SI
many_faces,lvl_19k_problem_054,2,0,2026-07-19,23,2,2,52.0,15,2026-09-09,2026-08-10,2.5,2.5,SI
many_faces,lvl_19k_problem_055,2,0,2026-07-20,22,2,2,56.0,15,2026-09-14,2026-08-16,2.5,2.5,SI
many_faces,lvl_19k_problem_056,2,0,2026-07-19,23,2,2,69.0,15,2026-09-26,2026-08-19,2.5,2.5,SI
many_faces,lvl_19k_problem_057,2,0,2026-07-16,26,2,2,29.0,15,2026-08-14,2026-08-09,2.5,2.5,SI
many_faces,lvl_19k_problem_058,2,0,2026-07-14,28,2,2,40.0,15,2026-08-23,2026-07-29,2.5,2.5,SI
many_faces,lvl_19k_problem_059,2,0,2026-07-17,25,2,2,63.0,15,2026-09-18,2026-08-14,2.5,2.5,SI
many_faces,lvl_19k_problem_060,2,0,2026-07-17,25,2,2,31.0,15,2026-08-17,2026-08-01,2.5,2.5,SI
many_faces,lvl_19k_problem_061,2,0,2026-07-13,29,2,2,31.0,15,2026-08-13,2026-08-08,2.5,2.5,SI
many_faces,lvl_19k_problem_062,2,0,2026-07-14,28,2,2,40.0,15,2026-08-23,2026-08-10,2.5,2.5,SI
many_faces,lvl_19k_problem_063,2,0,2026-07-20,22,2,2,42.0,15,2026-08-31,2026-08-18,2.5,2.5,SI
many_faces,lvl_19k_problem_064,2,0,2026-07-19,23,2,2,76.0,15,2026-10-03,2026-08-11,2.5,2.5,SI
many_faces,lvl_19k_problem_065,2,0,2026-07-20,22,2,2,46.0,15,2026-09-04,2026-08-08,2.5,2.5,SI
many_faces,lvl_20k_problem_001,3,0,2026-08-05,6,3,3,102.0,38,2026-11-15,2026-10-12,2.5,2.5,SI
many_faces,lvl_20k_problem_002,2,0,2026-07-07,35,2,2,48.0,15,2026-08-24,2026-07-28,2.5,2.5,SI
many_faces,lvl_20k_problem_003,2,0,2026-07-13,29,2,2,54.0,15,2026-09-05,2026-07-28,2.5,2.5,SI
many_faces,lvl_20k_problem_004,2,0,2026-07-11,31,2,2,38.0,15,2026-08-18,2026-08-05,2.5,2.5,SI
many_faces,lvl_20k_problem_005,3,0,2026-07-30,12,3,3,64.0,38,2026-10-02,2026-10-13,2.5,2.5,SI
many_faces,lvl_20k_problem_006,2,0,2026-07-08,34,2,2,39.0,15,2026-08-16,2026-07-26,2.5,2.5,SI
many_faces,lvl_20k_problem_007,3,0,2026-08-05,6,3,3,175.0,38,2027-01-27,2026-11-01,2.5,2.5,SI
many_faces,lvl_20k_problem_008,3,0,2026-08-10,1,2,3,70.0,38,2026-10-19,2026-10-30,2.5,2.5,SI
many_faces,lvl_20k_problem_009,2,0,2026-07-11,31,2,2,74.0,15,2026-09-23,2026-08-06,2.5,2.5,SI
many_faces,lvl_20k_problem_010,2,0,2026-07-05,37,2,2,40.0,15,2026-08-14,2026-08-03,2.5,2.5,SI
many_faces,lvl_20k_problem_011,2,0,2026-07-09,33,2,2,64.0,15,2026-09-11,2026-07-29,2.5,2.5,SI
many_faces,lvl_20k_problem_012,3,0,2026-08-07,4,3,3,91.0,38,2026-11-06,2026-11-09,2.5,2.5,SI
many_faces,lvl_20k_problem_013,3,0,2026-08-05,6,3,3,85.0,38,2026-10-29,2026-10-01,2.5,2.5,SI
many_faces,lvl_20k_problem_014,3,0,2026-08-09,2,3,3,130.0,38,2026-12-17,2026-11-06,2.5,2.5,SI
many_faces,lvl_20k_problem_015,3,0,2026-08-09,2,3,3,177.0,38,2027-02-02,2026-09-24,2.5,2.5,SI
many_faces,lvl_20k_problem_016,3,0,2026-08-05,6,3,3,88.0,38,2026-11-01,2026-09-15,2.5,2.5,SI
many_faces,lvl_20k_problem_017,2,0,2026-07-11,31,2,2,54.0,15,2026-09-03,2026-08-09,2.5,2.5,SI
many_faces,lvl_20k_problem_018,3,0,2026-08-05,6,3,3,156.0,38,2027-01-08,2026-09-18,2.5,2.5,SI
many_faces,lvl_20k_problem_019,2,0,2026-07-09,33,2,2,63.0,15,2026-09-10,2026-08-06,2.5,2.5,SI
many_faces,lvl_20k_problem_020,2,0,2026-07-13,29,2,2,79.0,15,2026-09-30,2026-08-01,2.5,2.5,SI
many_faces,lvl_20k_problem_021,2,0,2026-07-07,35,2,2,42.0,15,2026-08-18,2026-08-02,2.5,2.5,SI
many_faces,lvl_20k_problem_022,2,0,2026-07-08,34,2,2,36.0,15,2026-08-13,2026-08-03,2.5,2.5,SI
many_faces,lvl_20k_problem_023,2,0,2026-07-13,29,2,2,77.0,15,2026-09-28,2026-08-14,2.5,2.5,SI
many_faces,lvl_20k_problem_024,3,0,2026-08-09,2,3,3,159.0,38,2027-01-15,2026-10-21,2.5,2.5,SI
many_faces,lvl_20k_problem_025,3,0,2026-08-05,6,3,3,79.0,38,2026-10-23,2026-10-29,2.5,2.5,SI
many_faces,lvl_20k_problem_026,3,0,2026-08-07,4,3,3,89.0,38,2026-11-04,2026-11-01,2.5,2.5,SI
many_faces,lvl_20k_problem_027,2,0,2026-07-11,31,2,2,72.0,15,2026-09-21,2026-08-08,2.5,2.5,SI
many_faces,lvl_20k_problem_028,3,0,2026-08-05,6,3,3,161.0,38,2027-01-13,2026-09-17,2.5,2.5,SI
many_faces,lvl_20k_problem_029,2,0,2026-07-08,34,2,2,38.0,15,2026-08-15,2026-08-10,2.5,2.5,SI
many_faces,lvl_20k_problem_030,2,0,2026-07-09,33,2,2,37.0,15,2026-08-15,2026-08-15,2.5,2.5,SI
many_faces,lvl_20k_problem_031,3,0,2026-08-07,4,3,3,188.0,38,2027-02-11,2026-10-04,2.5,2.5,SI
many_faces,lvl_20k_problem_032,3,0,2026-07-27,15,3,3,55.0,38,2026-09-20,2026-09-21,2.5,2.5,SI
many_faces,lvl_20k_problem_033,2,0,2026-07-11,31,2,2,61.0,15,2026-09-10,2026-08-02,2.5,2.5,SI
many_faces,lvl_20k_problem_034,3,0,2026-08-05,6,3,3,154.0,38,2027-01-06,2026-10-12,2.5,2.5,SI
many_faces,lvl_20k_problem_035,2,0,2026-07-09,33,2,2,56.0,15,2026-09-03,2026-08-02,2.5,2.5,SI
many_faces,lvl_20k_problem_036,2,0,2026-07-09,33,2,2,56.0,15,2026-09-03,2026-07-25,2.5,2.5,SI
many_faces,lvl_20k_problem_037,3,0,2026-08-05,6,3,3,132.0,38,2026-12-15,2026-10-13,2.5,2.5,SI
many_faces,lvl_20k_problem_038,4,1,2026-08-05,6,3,3,105.0,32,2026-11-18,2026-09-16,2.3,2.3,SI
many_faces,lvl_20k_problem_039,3,0,2026-08-08,3,3,3,146.0,38,2027-01-01,2026-11-10,2.5,2.5,SI
many_faces,lvl_20k_problem_040,2,0,2026-07-09,33,2,2,59.0,15,2026-09-06,2026-08-06,2.5,2.5,SI
many_faces,lvl_20k_problem_041,2,0,2026-07-13,29,2,2,69.0,15,2026-09-20,2026-08-01,2.5,2.5,SI
many_faces,lvl_20k_problem_042,2,0,2026-07-08,34,2,2,57.0,15,2026-09-03,2026-07-28,2.5,2.5,SI
many_faces,lvl_20k_problem_043,3,0,2026-08-05,6,3,3,104.0,38,2026-11-17,2026-11-04,2.5,2.5,SI
many_faces,lvl_20k_problem_044,2,0,2026-07-08,34,2,2,58.0,15,2026-09-04,2026-08-01,2.5,2.5,SI
many_faces,lvl_20k_problem_045,2,0,2026-07-11,31,2,2,74.0,15,2026-09-23,2026-08-07,2.5,2.5,SI
many_faces,lvl_20k_problem_046,3,0,2026-08-09,2,3,3,93.0,38,2026-11-10,2026-11-07,2.5,2.5,SI
many_faces,lvl_20k_problem_047,2,0,2026-07-05,37,2,2,41.0,15,2026-08-15,2026-07-27,2.5,2.5,SI
many_faces,lvl_20k_problem_048,2,0,2026-07-11,31,2,2,33.0,15,2026-08-13,2026-08-14,2.5,2.5,SI
tsumego_hero,3565,2,0,2026-07-20,22,2,2,75.0,15,2026-10-03,2026-08-20,2.5,2.5,SI
tsumego_hero,3566,3,0,2026-08-11,0,3,3,237.0,38,2027-04-05,2026-10-18,2.5,2.5,SI
tsumego_hero,3567,3,0,2026-08-05,6,3,3,118.0,38,2026-12-01,2026-10-23,2.5,2.5,SI
tsumego_hero,3568,2,0,2026-07-17,25,2,2,63.0,15,2026-09-18,2026-08-22,2.5,2.5,SI
tsumego_hero,3569,2,0,2026-07-18,24,2,2,33.0,15,2026-08-20,2026-08-05,2.5,2.5,SI
tsumego_hero,3571,2,0,2026-07-16,26,2,2,59.0,15,2026-09-13,2026-08-01,2.5,2.5,SI
tsumego_hero,3572,2,0,2026-07-17,25,2,2,28.0,15,2026-08-14,2026-08-14,2.5,2.5,SI
tsumego_hero,3573,2,0,2026-07-20,22,2,2,57.0,15,2026-09-15,2026-08-13,2.5,2.5,SI
tsumego_hero,3574,3,0,2026-08-11,0,3,3,263.0,38,2027-05-01,2026-10-24,2.5,2.5,SI
tsumego_hero,3575,3,0,2026-08-11,0,3,3,190.0,38,2027-02-17,2026-11-09,2.5,2.5,SI
tsumego_hero,3576,2,0,2026-07-15,27,2,2,43.0,15,2026-08-27,2026-08-16,2.5,2.5,SI
tsumego_hero,3577,2,0,2026-07-15,27,2,2,28.0,15,2026-08-12,2026-08-05,2.5,2.5,SI
tsumego_hero,3578,2,0,2026-07-20,22,2,2,54.0,15,2026-09-12,2026-08-24,2.5,2.5,SI
tsumego_hero,3579,2,0,2026-07-18,24,2,2,54.0,15,2026-09-10,2026-08-03,2.5,2.5,SI
tsumego_hero,3580,3,0,2026-08-11,0,3,3,231.0,38,2027-03-30,2026-10-10,2.5,2.5,SI
tsumego_hero,3581,2,0,2026-07-14,28,2,2,29.0,15,2026-08-12,2026-07-29,2.5,2.5,SI
tsumego_hero,3582,4,0,2026-08-11,0,5,4,3219.0,95,2035-06-04,2026-12-27,2.5,2.5,SI
tsumego_hero,3583,2,0,2026-07-18,24,2,2,36.0,15,2026-08-23,2026-08-18,2.5,2.5,SI
tsumego_hero,3585,2,0,2026-07-16,26,2,2,41.0,15,2026-08-26,2026-08-08,2.5,2.5,SI
tsumego_hero,3587,2,0,2026-07-18,24,2,2,70.0,15,2026-09-26,2026-08-03,2.5,2.5,SI
tsumego_hero,3588,3,0,2026-08-11,0,3,3,256.0,38,2027-04-24,2026-11-13,2.5,2.5,SI
tsumego_hero,3591,2,0,2026-07-18,24,2,2,57.0,15,2026-09-13,2026-08-10,2.5,2.5,SI
tsumego_hero,3592,2,0,2026-07-16,26,2,2,32.0,15,2026-08-17,2026-08-10,2.5,2.5,SI
tsumego_hero,3594,2,0,2026-07-19,23,2,2,65.0,15,2026-09-22,2026-08-17,2.5,2.5,SI
tsumego_hero,3596,3,0,2026-08-11,0,3,3,210.0,38,2027-03-09,2026-10-29,2.5,2.5,SI
tsumego_hero,3597,3,0,2026-08-11,0,3,3,375.0,38,2027-08-21,2026-09-23,2.5,2.5,SI
tsumego_hero,3598,4,0,2026-08-11,0,5,4,3295.0,95,2035-08-19,2027-01-23,2.5,2.5,SI
tsumego_hero,3599,4,0,2026-08-11,0,4,4,447.0,95,2027-11-01,2027-02-05,2.5,2.5,SI
tsumego_hero,3600,2,0,2026-07-13,29,2,2,32.0,15,2026-08-14,2026-08-08,2.5,2.5,SI
tsumego_hero,3601,2,0,2026-07-18,24,2,2,55.0,15,2026-09-11,2026-08-24,2.5,2.5,SI
tsumego_hero,3602,5,0,2026-08-11,0,6,5,31748.0,238,2113-07-14,2028-03-21,2.5,2.5,SI
tsumego_hero,3603,2,0,2026-07-15,27,2,2,33.0,15,2026-08-17,2026-08-21,2.5,2.5,SI
tsumego_hero,3604,6,3,2026-07-25,17,2,2,19.0,11,2026-08-13,2026-08-05,1.8999999999999997,1.9,SI
tsumego_hero,3605,2,0,2026-07-16,26,2,2,38.0,15,2026-08-23,2026-08-18,2.5,2.5,SI
tsumego_hero,3606,2,0,2026-07-14,28,2,2,31.0,15,2026-08-14,2026-08-06,2.5,2.5,SI
tsumego_hero,3608,3,0,2026-08-11,0,3,3,258.0,38,2027-04-26,2026-10-23,2.5,2.5,SI
tsumego_hero,3609,2,0,2026-07-16,26,2,2,30.0,15,2026-08-15,2026-08-04,2.5,2.5,SI
tsumego_hero,3610,2,0,2026-07-14,28,2,2,36.0,15,2026-08-19,2026-08-13,2.5,2.5,SI
tsumego_hero,3611,2,0,2026-07-15,27,2,2,41.0,15,2026-08-25,2026-07-30,2.5,2.5,SI
tsumego_hero,3612,2,0,2026-07-13,29,2,2,35.0,15,2026-08-17,2026-07-28,2.5,2.5,SI
tsumego_hero,3613,2,0,2026-07-17,25,2,2,42.0,15,2026-08-28,2026-08-22,2.5,2.5,SI
tsumego_hero,3615,2,0,2026-07-17,25,2,2,66.0,15,2026-09-21,2026-08-19,2.5,2.5,SI
tsumego_hero,3616,3,0,2026-08-10,1,3,3,103.0,38,2026-11-21,2026-10-21,2.5,2.5,SI
tsumego_hero,3617,4,1,2026-08-11,0,3,3,208.0,32,2027-03-07,2026-09-24,2.3,2.3,SI
tsumego_hero,3618,4,0,2026-08-11,0,5,4,2586.0,95,2033-09-09,2026-12-25,2.5,2.5,SI
tsumego_hero,3619,5,0,2026-08-11,0,6,5,12653.0,238,2061-04-02,2027-09-23,2.5,2.5,SI
tsumego_hero,3620,4,0,2026-08-11,0,5,4,8694.0,95,2050-05-31,2026-11-26,2.5,2.5,SI
tsumego_hero,3621,3,0,2026-08-11,0,3,3,215.0,38,2027-03-14,2026-10-25,2.5,2.5,SI
tsumego_hero,3623,5,2,2026-07-30,12,2,2,30.0,13,2026-08-29,2026-08-25,2.0999999999999996,2.1,SI
tsumego_hero,3624,4,0,2026-08-11,0,5,4,4901.0,95,2040-01-11,2027-03-18,2.5,2.5,SI
tsumego_hero,3627,2,0,2026-07-13,29,2,2,37.0,15,2026-08-19,2026-07-30,2.5,2.5,SI
tsumego_hero,3628,2,0,2026-07-17,25,2,2,41.0,15,2026-08-27,2026-08-20,2.5,2.5,SI
tsumego_hero,3629,2,0,2026-07-15,27,2,2,32.0,15,2026-08-16,2026-08-08,2.5,2.5,SI
tsumego_hero,3631,4,0,2026-08-11,0,5,4,3294.0,95,2035-08-18,2027-01-25,2.5,2.5,SI
tsumego_hero,3632,3,0,2026-08-11,0,3,3,101.0,38,2026-11-20,2026-10-16,2.5,2.5,SI
tsumego_hero,3633,2,0,2026-07-14,28,2,2,47.0,15,2026-08-30,2026-08-11,2.5,2.5,SI
tsumego_hero,3634,3,0,2026-08-11,0,3,3,214.0,38,2027-03-13,2026-09-28,2.5,2.5,SI
tsumego_hero,3635,2,0,2026-07-13,29,2,2,38.0,15,2026-08-20,2026-08-09,2.5,2.5,SI
tsumego_hero,3636,2,0,2026-07-20,22,2,2,61.0,15,2026-09-19,2026-08-06,2.5,2.5,SI
tsumego_hero,3637,3,0,2026-08-11,0,3,3,286.0,38,2027-05-24,2026-10-16,2.5,2.5,SI
tsumego_hero,3638,9,5,2026-08-11,0,3,3,14.0,13,2026-08-25,2026-08-28,1.3,1.5,SI
tsumego_hero,3639,8,4,2026-08-11,0,2,2,12.0,10,2026-08-23,2026-08-27,1.6999999999999997,1.7,SI
tsumego_hero,3640,8,4,2026-08-11,0,2,2,14.0,10,2026-08-25,2026-08-27,1.4999999999999998,1.7,SI
tsumego_hero,3641,4,1,2026-07-27,15,2,2,48.0,14,2026-09-13,2026-08-18,2.3,2.3,SI
tsumego_hero,3642,2,0,2026-07-20,22,2,2,76.0,15,2026-10-04,2026-08-25,2.5,2.5,SI
tsumego_hero,3644,2,0,2026-07-14,28,2,2,49.0,15,2026-09-01,2026-07-30,2.5,2.5,SI
tsumego_hero,3645,2,0,2026-07-20,22,2,2,79.0,15,2026-10-07,2026-08-09,2.5,2.5,SI
tsumego_hero,3646,2,0,2026-07-13,29,2,2,30.0,15,2026-08-12,2026-08-06,2.5,2.5,SI
tsumego_hero,3647,2,0,2026-07-20,22,2,2,65.0,15,2026-09-23,2026-08-11,2.5,2.5,SI
tsumego_hero,3648,2,0,2026-07-13,29,2,2,36.0,15,2026-08-18,2026-08-13,2.5,2.5,SI
tsumego_hero,3649,2,0,2026-07-20,22,2,2,60.0,15,2026-09-18,2026-08-10,2.5,2.5,SI
tsumego_hero,3650,3,0,2026-08-11,0,3,3,178.0,38,2027-02-05,2026-10-01,2.5,2.5,SI
tsumego_hero,3651,3,0,2026-08-11,0,3,3,349.0,38,2027-07-26,2026-09-22,2.5,2.5,SI
tsumego_hero,3652,3,0,2026-08-11,0,3,3,197.0,38,2027-02-24,2026-11-09,2.5,2.5,SI
tsumego_hero,3653,3,0,2026-08-11,0,3,3,186.0,38,2027-02-13,2026-10-28,2.5,2.5,SI
tsumego_hero,3654,4,1,2026-08-11,0,3,3,153.0,32,2027-01-11,2026-10-08,2.3,2.3,SI
tsumego_hero,3655,3,0,2026-08-11,0,3,3,104.0,38,2026-11-23,2026-11-02,2.5,2.5,SI
tsumego_hero,3656,3,0,2026-08-11,0,3,3,193.0,38,2027-02-20,2026-10-07,2.5,2.5,SI
tsumego_hero,3657,3,0,2026-08-11,0,3,3,254.0,38,2027-04-22,2026-10-22,2.5,2.5,SI
tsumego_hero,3658,3,0,2026-08-11,0,3,3,192.0,38,2027-02-19,2026-10-22,2.5,2.5,SI
tsumego_hero,3659,3,0,2026-08-11,0,3,3,143.0,38,2027-01-01,2026-10-22,2.5,2.5,SI
tsumego_hero,3660,4,0,2026-08-11,0,4,4,293.0,95,2027-05-31,2027-01-22,2.5,2.5,SI
tsumego_hero,3663,3,0,2026-08-11,0,3,3,117.0,38,2026-12-06,2026-11-08,2.5,2.5,SI
tsumego_hero,3664,2,0,2026-07-16,26,2,2,34.0,15,2026-08-19,2026-08-03,2.5,2.5,SI
tsumego_hero,3666,3,0,2026-08-11,0,3,3,257.0,38,2027-04-25,2026-11-02,2.5,2.5,SI
tsumego_hero,3667,4,0,2026-08-11,0,4,4,340.0,95,2027-07-17,2026-12-24,2.5,2.5,SI
tsumego_hero,3668,3,0,2026-08-11,0,3,3,254.0,38,2027-04-22,2026-10-30,2.5,2.5,SI
tsumego_hero,3670,4,0,2026-08-11,0,4,4,472.0,95,2027-11-26,2027-02-02,2.5,2.5,SI
tsumego_hero,3672,3,0,2026-08-11,0,3,3,106.0,38,2026-11-25,2026-10-28,2.5,2.5,SI
tsumego_hero,3673,4,0,2026-08-11,0,5,4,9474.0,95,2052-07-19,2026-11-22,2.5,2.5,SI
tsumego_hero,3674,3,0,2026-08-11,0,3,3,138.0,38,2026-12-27,2026-10-16,2.5,2.5,SI
tsumego_hero,3675,3,0,2026-08-11,0,3,3,87.0,38,2026-11-06,2026-10-13,2.5,2.5,SI
tsumego_hero,3676,2,0,2026-07-18,24,2,2,74.0,15,2026-09-30,2026-08-23,2.5,2.5,SI
tsumego_hero,3677,3,0,2026-08-11,0,3,3,199.0,38,2027-02-26,2026-10-19,2.5,2.5,SI
tsumego_hero,3678,7,3,2026-08-11,0,3,3,59.0,21,2026-10-09,2026-09-17,1.6999999999999997,1.9,SI
tsumego_hero,3679,4,0,2026-08-11,0,5,4,2489.0,95,2033-06-04,2026-11-20,2.5,2.5,SI
tsumego_hero,3680,3,0,2026-08-11,0,3,3,377.0,38,2027-08-23,2026-09-23,2.5,2.5,SI
tsumego_hero,3681,2,0,2026-07-13,29,2,2,36.0,15,2026-08-18,2026-08-11,2.5,2.5,SI
tsumego_hero,3682,4,0,2026-08-11,0,5,4,4284.0,95,2038-05-04,2027-03-27,2.5,2.5,SI
tsumego_hero,3686,4,0,2026-08-11,0,4,4,307.0,95,2027-06-14,2026-12-23,2.5,2.5,SI
tsumego_hero,3687,8,2,2026-08-11,0,2,2,28.0,13,2026-09-08,2026-08-25,1.8999999999999997,2.1,SI
tsumego_hero,3688,4,0,2026-08-11,0,5,4,1287.0,95,2030-02-18,2027-02-22,2.5,2.5,SI
tsumego_hero,3689,3,0,2026-08-11,0,3,3,268.0,38,2027-05-06,2026-10-08,2.5,2.5,SI
tsumego_hero,3690,4,0,2026-08-11,0,5,4,4555.0,95,2039-01-30,2027-02-28,2.5,2.5,SI
tsumego_hero,3691,4,0,2026-08-11,0,5,4,1524.0,95,2030-10-13,2027-03-21,2.5,2.5,SI
tsumego_hero,3692,4,0,2026-08-11,0,5,4,1455.0,95,2030-08-05,2027-01-11,2.5,2.5,SI
tsumego_hero,3695,5,0,2026-08-11,0,6,5,50217.0,238,2164-02-06,2027-08-08,2.5,2.5,SI
tsumego_hero,3697,7,3,2026-08-11,0,3,3,40.0,21,2026-09-20,2026-09-13,1.6999999999999997,1.9,SI
tsumego_hero,3698,4,0,2026-08-11,0,5,4,2538.0,95,2033-07-23,2026-11-15,2.5,2.5,SI
tsumego_hero,3705,6,0,2026-08-11,0,7,6,63205.0,595,2199-08-29,2029-04-15,2.5,2.5,SI
tsumego_hero,3706,5,1,2026-08-11,0,4,3,260.0,32,2027-04-28,2026-09-27,2.3,2.3,SI
tsumego_hero,3711,4,0,2026-08-11,0,5,4,2688.0,95,2033-12-20,2027-02-01,2.5,2.5,SI
tsumego_hero,3719,5,0,2026-08-11,0,6,5,14923.0,238,2067-06-20,2028-01-12,2.5,2.5,SI
tsumego_hero,3720,4,0,2026-08-11,0,5,4,3899.0,95,2037-04-14,2026-11-29,2.5,2.5,SI
tsumego_hero,3721,4,0,2026-08-11,0,5,4,1645.0,95,2031-02-11,2026-12-16,2.5,2.5,SI
tsumego_hero,3722,5,0,2026-08-11,0,6,5,6206.0,238,2043-08-08,2028-03-02,2.5,2.5,SI
tsumego_hero,3723,7,3,2026-08-11,0,2,2,15.0,11,2026-08-26,2026-08-22,1.8999999999999997,1.9,SI
tsumego_hero,3724,6,1,2026-08-11,0,3,3,150.0,32,2027-01-08,2026-09-22,2.3,2.3,SI
tsumego_hero,3725,11,10,2026-08-11,0,0,0,1.0,1.0,2026-08-12,2026-08-12,1.3,1.3,NO
tsumego_hero,3727,4,1,2026-08-11,0,3,2,129.0,14,2026-12-18,2026-09-04,2.3,2.3,SI
tsumego_hero,3728,4,0,2026-08-11,0,5,4,2855.0,95,2034-06-05,2026-11-19,2.5,2.5,SI
tsumego_hero,3729,5,1,2026-08-11,0,3,3,140.0,32,2026-12-29,2026-10-20,2.3,2.3,SI
tsumego_hero,3730,5,1,2026-08-11,0,1,1,6.0,6.0,2026-08-17,2026-08-17,2.3,2.3,NO
tsumego_hero,3742,3,0,2026-08-11,0,3,3,185.0,38,2027-02-12,2026-10-30,2.5,2.5,SI
tsumego_hero,3743,3,0,2026-08-11,0,3,3,310.0,38,2027-06-17,2026-10-01,2.5,2.5,SI
tsumego_hero,3744,2,0,2026-07-20,22,2,2,82.0,15,2026-10-10,2026-08-12,2.5,2.5,SI
tsumego_hero,3745,4,0,2026-08-11,0,4,4,867.0,95,2028-12-25,2027-03-10,2.5,2.5,SI
tsumego_hero,3746,4,0,2026-08-11,0,5,4,1605.0,95,2031-01-02,2027-02-07,2.5,2.5,SI
tsumego_hero,3747,4,0,2026-08-11,0,5,4,2090.0,95,2032-05-01,2027-02-23,2.5,2.5,SI
tsumego_hero,3748,3,0,2026-08-11,0,3,3,72.0,38,2026-10-22,2026-11-01,2.5,2.5,SI
tsumego_hero,3749,4,0,2026-08-11,0,5,4,5443.0,95,2041-07-06,2027-02-04,2.5,2.5,SI
tsumego_hero,3750,4,0,2026-08-11,0,5,4,3819.0,95,2037-01-24,2027-02-19,2.5,2.5,SI
tsumego_hero,3751,4,0,2026-08-11,0,4,4,565.0,95,2028-02-27,2027-03-17,2.5,2.5,SI
tsumego_hero,3752,4,0,2026-08-11,0,5,4,3291.0,95,2035-08-15,2027-03-13,2.5,2.5,SI
tsumego_hero,3753,4,0,2026-08-11,0,5,4,2930.0,95,2034-08-19,2027-01-11,2.5,2.5,SI
tsumego_hero,3754,4,0,2026-08-11,0,4,4,336.0,95,2027-07-13,2026-12-28,2.5,2.5,SI
tsumego_hero,3755,6,4,2026-08-11,0,0,0,1.0,1.0,2026-08-12,2026-08-12,1.6999999999999997,1.7,NO
tsumego_hero,3756,3,0,2026-08-11,0,3,3,236.0,38,2027-04-04,2026-10-20,2.5,2.5,SI
tsumego_hero,3757,3,0,2026-08-11,0,3,3,191.0,38,2027-02-18,2026-11-10,2.5,2.5,SI
tsumego_hero,3758,3,0,2026-08-11,0,3,3,200.0,38,2027-02-27,2026-11-03,2.5,2.5,SI
tsumego_hero,3759,4,0,2026-08-11,0,5,4,1950.0,95,2031-12-13,2026-11-23,2.5,2.5,SI
tsumego_hero,3760,5,0,2026-08-11,0,6,5,10660.0,238,2055-10-18,2027-08-11,2.5,2.5,SI
tsumego_hero,3761,4,0,2026-08-11,0,5,4,2660.0,95,2033-11-22,2027-03-23,2.5,2.5,SI
tsumego_hero,3762,5,1,2026-08-11,0,0,0,1.0,1.0,2026-08-12,2026-08-12,2.3,2.3,NO
tsumego_hero,3763,4,0,2026-08-11,0,5,4,1302.0,95,2030-03-05,2027-02-15,2.5,2.5,SI
tsumego_hero,3764,5,1,2026-08-11,0,3,3,198.0,32,2027-02-25,2026-09-24,2.3,2.3,SI
tsumego_hero,3765,7,1,2026-08-11,0,3,3,163.0,32,2027-01-21,2026-10-16,2.3,2.3,SI
tsumego_hero,5001,2,0,2026-07-19,23,2,2,73.0,15,2026-09-30,2026-08-16,2.5,2.5,SI
tsumego_hero,5002,2,0,2026-07-18,24,2,2,54.0,15,2026-09-10,2026-08-24,2.5,2.5,SI
tsumego_hero,5003,2,0,2026-07-16,26,2,2,55.0,15,2026-09-09,2026-08-03,2.5,2.5,SI
tsumego_hero,5004,2,0,2026-07-14,28,2,2,36.0,15,2026-08-19,2026-07-30,2.5,2.5,SI
tsumego_hero,5005,2,0,2026-07-20,22,2,2,70.0,15,2026-09-28,2026-08-25,2.5,2.5,SI
tsumego_hero,5007,2,0,2026-07-18,24,2,2,65.0,15,2026-09-21,2026-08-06,2.5,2.5,SI
tsumego_hero,5008,2,0,2026-08-07,4,2,2,46.0,15,2026-09-22,2026-08-28,2.5,2.5,SI
tsumego_hero,5009,2,0,2026-07-13,29,2,2,42.0,15,2026-08-24,2026-08-10,2.5,2.5,SI
tsumego_hero,5010,2,0,2026-07-18,24,2,2,55.0,15,2026-09-11,2026-08-13,2.5,2.5,SI
tsumego_hero,5011,2,0,2026-07-17,25,2,2,31.0,15,2026-08-17,2026-08-03,2.5,2.5,SI
tsumego_hero,5012,3,0,2026-08-10,1,3,3,83.0,38,2026-11-01,2026-10-15,2.5,2.5,SI
tsumego_hero,5013,2,0,2026-07-16,26,2,2,61.0,15,2026-09-15,2026-08-06,2.5,2.5,SI
tsumego_hero,5014,2,0,2026-08-07,4,2,2,20.0,15,2026-08-27,2026-09-13,2.5,2.5,SI
tsumego_hero,5015,2,0,2026-08-07,4,2,2,39.0,15,2026-09-15,2026-09-10,2.5,2.5,SI
tsumego_hero,5016,2,0,2026-08-07,4,2,2,18.0,15,2026-08-25,2026-08-22,2.5,2.5,SI
tsumego_hero,5017,2,0,2026-07-20,22,2,2,35.0,15,2026-08-24,2026-08-08,2.5,2.5,SI
tsumego_hero,5018,3,0,2026-08-09,2,3,3,101.0,38,2026-11-18,2026-10-29,2.5,2.5,SI
tsumego_hero,5019,2,0,2026-07-17,25,2,2,37.0,15,2026-08-23,2026-08-05,2.5,2.5,SI
tsumego_hero,5020,2,0,2026-07-20,22,2,2,70.0,15,2026-09-28,2026-08-24,2.5,2.5,SI
tsumego_hero,5021,2,0,2026-08-09,2,2,2,63.0,15,2026-10-11,2026-09-15,2.5,2.5,SI
tsumego_hero,5022,2,0,2026-07-14,28,2,2,44.0,15,2026-08-27,2026-07-29,2.5,2.5,SI
tsumego_hero,5023,2,0,2026-07-15,27,2,2,55.0,15,2026-09-08,2026-08-08,2.5,2.5,SI
tsumego_hero,5024,2,0,2026-07-14,28,2,2,46.0,15,2026-08-29,2026-08-04,2.5,2.5,SI
tsumego_hero,5025,2,0,2026-07-18,24,2,2,52.0,15,2026-09-08,2026-08-16,2.5,2.5,SI
tsumego_hero,5026,2,0,2026-07-17,25,2,2,31.0,15,2026-08-17,2026-08-18,2.5,2.5,SI
tsumego_hero,5029,3,0,2026-08-10,1,3,3,139.0,38,2026-12-27,2026-09-29,2.5,2.5,SI
tsumego_hero,5030,2,0,2026-07-20,22,2,2,41.0,15,2026-08-30,2026-08-21,2.5,2.5,SI
tsumego_hero,5031,2,0,2026-08-07,4,2,2,39.0,15,2026-09-15,2026-09-02,2.5,2.5,SI
tsumego_hero,5032,2,0,2026-07-19,23,2,2,40.0,15,2026-08-28,2026-08-09,2.5,2.5,SI
tsumego_hero,5033,3,0,2026-08-05,6,3,3,90.0,38,2026-11-03,2026-11-03,2.5,2.5,SI
tsumego_hero,5034,2,0,2026-07-19,23,2,2,45.0,15,2026-09-02,2026-08-13,2.5,2.5,SI
tsumego_hero,5035,2,0,2026-08-09,2,2,2,34.0,15,2026-09-12,2026-09-09,2.5,2.5,SI
tsumego_hero,5036,2,0,2026-07-16,26,2,2,50.0,15,2026-09-04,2026-08-11,2.5,2.5,SI
tsumego_hero,5037,2,0,2026-07-20,22,2,2,37.0,15,2026-08-26,2026-08-21,2.5,2.5,SI
tsumego_hero,5038,2,0,2026-08-07,4,2,2,35.0,15,2026-09-11,2026-09-03,2.5,2.5,SI
tsumego_hero,5039,3,0,2026-08-09,2,3,3,67.0,38,2026-10-15,2026-11-11,2.5,2.5,SI
tsumego_hero,5040,2,0,2026-07-20,22,2,2,62.0,15,2026-09-20,2026-08-24,2.5,2.5,SI
tsumego_hero,5041,2,0,2026-08-07,4,2,2,32.0,15,2026-09-08,2026-09-08,2.5,2.5,SI
tsumego_hero,5042,2,0,2026-07-19,23,2,2,81.0,15,2026-10-08,2026-08-04,2.5,2.5,SI
tsumego_hero,5043,3,0,2026-08-10,1,3,3,148.0,38,2027-01-05,2026-09-27,2.5,2.5,SI
tsumego_hero,5044,2,0,2026-08-09,2,2,2,39.0,15,2026-09-17,2026-08-27,2.5,2.5,SI
tsumego_hero,5045,2,0,2026-07-15,27,2,2,44.0,15,2026-08-28,2026-08-06,2.5,2.5,SI
tsumego_hero,5049,2,0,2026-08-07,4,2,2,49.0,15,2026-09-25,2026-08-29,2.5,2.5,SI
tsumego_hero,5050,2,0,2026-07-15,27,2,2,55.0,15,2026-09-08,2026-08-14,2.5,2.5,SI
tsumego_hero,5051,2,0,2026-07-15,27,2,2,57.0,15,2026-09-10,2026-08-01,2.5,2.5,SI
tsumego_hero,5052,2,0,2026-07-16,26,2,2,28.0,15,2026-08-13,2026-08-08,2.5,2.5,SI
tsumego_hero,5053,2,0,2026-07-14,28,2,2,30.0,15,2026-08-13,2026-07-29,2.5,2.5,SI
tsumego_hero,5054,2,0,2026-07-18,24,2,2,38.0,15,2026-08-25,2026-08-02,2.5,2.5,SI
tsumego_hero,5055,2,0,2026-07-17,25,2,2,50.0,15,2026-09-05,2026-08-14,2.5,2.5,SI
tsumego_hero,5057,2,0,2026-08-07,4,2,2,34.0,15,2026-09-10,2026-08-29,2.5,2.5,SI
tsumego_hero,5058,2,0,2026-07-17,25,2,2,41.0,15,2026-08-27,2026-08-07,2.5,2.5,SI
tsumego_hero,5059,2,0,2026-07-19,23,2,2,40.0,15,2026-08-28,2026-08-22,2.5,2.5,SI
tsumego_hero,5060,2,0,2026-07-18,24,2,2,71.0,15,2026-09-27,2026-08-09,2.5,2.5,SI
tsumego_hero,5061,2,0,2026-07-13,29,2,2,36.0,15,2026-08-18,2026-08-07,2.5,2.5,SI
tsumego_hero,5062,2,0,2026-07-20,22,2,2,45.0,15,2026-09-03,2026-08-26,2.5,2.5,SI
tsumego_hero,5063,3,0,2026-08-09,2,3,3,67.0,38,2026-10-15,2026-11-11,2.5,2.5,SI
tsumego_hero,5065,3,0,2026-08-10,1,3,3,102.0,38,2026-11-20,2026-10-10,2.5,2.5,SI
tsumego_hero,5066,2,0,2026-07-19,23,2,2,47.0,15,2026-09-04,2026-08-24,2.5,2.5,SI
tsumego_hero,5067,2,0,2026-07-19,23,2,2,78.0,15,2026-10-05,2026-08-03,2.5,2.5,SI
tsumego_hero,5068,2,0,2026-07-16,26,2,2,32.0,15,2026-08-17,2026-08-16,2.5,2.5,SI
tsumego_hero,5069,2,0,2026-07-16,26,2,2,31.0,15,2026-08-16,2026-08-11,2.5,2.5,SI
tsumego_hero,5070,3,1,2026-08-07,4,2,2,28.0,14,2026-09-04,2026-09-03,2.3,2.3,SI
tsumego_hero,5072,2,0,2026-08-09,2,2,2,57.0,15,2026-10-05,2026-09-08,2.5,2.5,SI
tsumego_hero,5073,2,0,2026-08-09,2,2,2,38.0,15,2026-09-16,2026-08-26,2.5,2.5,SI
tsumego_hero,5074,2,0,2026-07-13,29,2,2,30.0,15,2026-08-12,2026-08-09,2.5,2.5,SI
tsumego_hero,5075,3,0,2026-08-05,6,3,3,138.0,38,2026-12-21,2026-10-03,2.5,2.5,SI
tsumego_hero,5076,2,0,2026-08-09,2,2,2,46.0,15,2026-09-24,2026-09-02,2.5,2.5,SI
tsumego_hero,5078,2,0,2026-08-09,2,2,2,31.0,15,2026-09-09,2026-09-06,2.5,2.5,SI
tsumego_hero,5079,2,0,2026-07-16,26,2,2,41.0,15,2026-08-26,2026-08-10,2.5,2.5,SI
tsumego_hero,5080,3,0,2026-08-09,2,3,3,46.0,38,2026-09-24,2026-10-11,2.5,2.5,SI
tsumego_hero,5082,2,0,2026-08-09,2,2,2,64.0,15,2026-10-12,2026-09-04,2.5,2.5,SI
tsumego_hero,5083,3,0,2026-08-09,2,3,3,120.0,38,2026-12-07,2026-11-07,2.5,2.5,SI
tsumego_hero,5084,2,0,2026-08-07,4,2,2,40.0,15,2026-09-16,2026-09-04,2.5,2.5,SI
tsumego_hero,5087,2,0,2026-07-17,25,2,2,36.0,15,2026-08-22,2026-08-09,2.5,2.5,SI
tsumego_hero,5088,2,0,2026-08-09,2,2,2,73.0,15,2026-10-21,2026-08-28,2.5,2.5,SI
tsumego_hero,5090,2,0,2026-08-07,4,2,2,41.0,15,2026-09-17,2026-08-30,2.5,2.5,SI
tsumego_hero,5091,2,0,2026-08-07,4,2,2,29.0,15,2026-09-05,2026-08-22,2.5,2.5,SI
tsumego_hero,5092,2,0,2026-07-20,22,2,2,50.0,15,2026-09-08,2026-08-09,2.5,2.5,SI
tsumego_hero,5094,3,0,2026-08-10,1,3,3,155.0,38,2027-01-13,2026-09-20,2.5,2.5,SI
tsumego_hero,5095,2,0,2026-08-09,2,2,2,56.0,15,2026-10-04,2026-09-02,2.5,2.5,SI
tsumego_hero,5096,2,0,2026-07-13,29,2,2,30.0,15,2026-08-12,2026-08-18,2.5,2.5,SI
tsumego_hero,5097,2,0,2026-07-17,25,2,2,68.0,15,2026-09-23,2026-08-03,2.5,2.5,SI
tsumego_hero,5098,3,0,2026-08-09,2,3,3,103.0,38,2026-11-20,2026-11-06,2.5,2.5,SI
tsumego_hero,5099,2,0,2026-07-15,27,2,2,34.0,15,2026-08-18,2026-08-16,2.5,2.5,SI
tsumego_hero,5100,2,0,2026-07-15,27,2,2,45.0,15,2026-08-29,2026-08-19,2.5,2.5,SI
tsumego_hero,5151,2,0,2026-08-09,2,2,2,69.0,15,2026-10-17,2026-09-13,2.5,2.5,SI
tsumego_hero,5152,2,0,2026-07-16,26,2,2,58.0,15,2026-09-12,2026-08-06,2.5,2.5,SI
tsumego_hero,5155,2,0,2026-08-09,2,2,2,37.0,15,2026-09-15,2026-09-09,2.5,2.5,SI
tsumego_hero,5156,2,0,2026-08-07,4,2,2,44.0,15,2026-09-20,2026-09-13,2.5,2.5,SI
tsumego_hero,5157,2,0,2026-08-07,4,2,2,39.0,15,2026-09-15,2026-09-01,2.5,2.5,SI
tsumego_hero,5158,2,0,2026-08-09,2,2,2,79.0,15,2026-10-27,2026-09-01,2.5,2.5,SI
tsumego_hero,5159,3,1,2026-08-09,2,1,1,10.0,6.0,2026-08-19,2026-08-18,2.3,2.3,SI
tsumego_hero,5160,2,0,2026-07-17,25,2,2,60.0,15,2026-09-15,2026-08-13,2.5,2.5,SI
tsumego_hero,5162,2,0,2026-08-07,4,2,2,40.0,15,2026-09-16,2026-09-12,2.5,2.5,SI
tsumego_hero,5168,2,0,2026-07-20,22,2,2,70.0,15,2026-09-28,2026-08-21,2.5,2.5,SI
tsumego_hero,5169,2,0,2026-07-16,26,2,2,35.0,15,2026-08-20,2026-08-17,2.5,2.5,SI
tsumego_hero,5170,3,0,2026-08-09,2,3,3,73.0,38,2026-10-21,2026-11-05,2.5,2.5,SI
tsumego_hero,5171,2,0,2026-07-20,22,2,2,80.0,15,2026-10-08,2026-08-18,2.5,2.5,SI
tsumego_hero,5177,2,0,2026-08-07,4,2,2,31.0,15,2026-09-07,2026-08-25,2.5,2.5,SI
tsumego_hero,5178,2,0,2026-07-14,28,2,2,34.0,15,2026-08-17,2026-08-20,2.5,2.5,SI
tsumego_hero,5179,2,0,2026-07-17,25,2,2,33.0,15,2026-08-19,2026-08-21,2.5,2.5,SI
tsumego_hero,5180,2,0,2026-08-07,4,2,2,25.0,15,2026-09-01,2026-08-24,2.5,2.5,SI
tsumego_hero,5181,2,0,2026-08-07,4,2,2,51.0,15,2026-09-27,2026-08-23,2.5,2.5,SI
tsumego_hero,5182,3,0,2026-07-30,12,3,3,88.0,38,2026-10-26,2026-10-17,2.5,2.5,SI
tsumego_hero,5184,2,0,2026-08-07,4,2,2,40.0,15,2026-09-16,2026-09-11,2.5,2.5,SI
tsumego_hero,5185,2,0,2026-08-09,2,2,2,57.0,15,2026-10-05,2026-08-30,2.5,2.5,SI
tsumego_hero,5186,2,0,2026-07-13,29,2,2,31.0,15,2026-08-13,2026-08-09,2.5,2.5,SI
tsumego_hero,5187,2,0,2026-08-09,2,2,2,69.0,15,2026-10-17,2026-08-28,2.5,2.5,SI
tsumego_hero,5188,5,3,2026-08-09,2,1,1,8.0,6.0,2026-08-17,2026-08-16,1.8999999999999997,1.9,SI
tsumego_hero,5189,4,2,2026-08-09,2,2,2,22.0,13,2026-08-31,2026-08-24,2.0999999999999996,2.1,SI
tsumego_hero,5190,2,0,2026-08-07,4,2,2,47.0,15,2026-09-23,2026-08-31,2.5,2.5,SI
tsumego_hero,5191,2,0,2026-08-09,2,2,2,40.0,15,2026-09-18,2026-09-01,2.5,2.5,SI
tsumego_hero,5199,2,0,2026-08-09,2,2,2,73.0,15,2026-10-21,2026-09-13,2.5,2.5,SI
tsumego_hero,5200,2,0,2026-07-17,25,2,2,36.0,15,2026-08-22,2026-08-23,2.5,2.5,SI
tsumego_hero,5201,2,0,2026-08-07,4,2,2,38.0,15,2026-09-14,2026-08-27,2.5,2.5,SI
tsumego_hero,5202,3,1,2026-07-20,22,2,2,49.0,14,2026-09-07,2026-08-13,2.3,2.3,SI
tsumego_hero,5203,3,0,2026-08-05,6,3,3,75.0,38,2026-10-19,2026-09-21,2.5,2.5,SI
tsumego_hero,5204,2,0,2026-07-20,22,2,2,44.0,15,2026-09-02,2026-08-19,2.5,2.5,SI
tsumego_hero,5205,3,0,2026-08-09,2,3,3,103.0,38,2026-11-20,2026-09-26,2.5,2.5,SI
tsumego_hero,5206,2,0,2026-08-09,2,2,2,54.0,15,2026-10-02,2026-09-11,2.5,2.5,SI
tsumego_hero,5208,3,1,2026-08-09,2,2,2,40.0,14,2026-09-18,2026-08-23,2.3,2.3,SI
tsumego_hero,5209,2,0,2026-08-09,2,2,2,41.0,15,2026-09-19,2026-09-08,2.5,2.5,SI
tsumego_hero,5214,2,0,2026-08-09,2,2,2,48.0,15,2026-09-26,2026-08-25,2.5,2.5,SI
tsumego_hero,5218,2,0,2026-07-20,22,2,2,41.0,15,2026-08-30,2026-08-23,2.5,2.5,SI
tsumego_hero,5219,2,0,2026-08-09,2,2,2,40.0,15,2026-09-18,2026-09-09,2.5,2.5,SI
tsumego_hero,5222,3,0,2026-08-05,6,3,3,90.0,38,2026-11-03,2026-10-08,2.5,2.5,SI
tsumego_hero,5226,2,0,2026-08-09,2,2,2,36.0,15,2026-09-14,2026-09-02,2.5,2.5,SI
tsumego_hero,5227,2,0,2026-07-16,26,2,2,28.0,15,2026-08-13,2026-08-06,2.5,2.5,SI
tsumego_hero,5229,2,0,2026-08-07,4,2,2,25.0,15,2026-09-01,2026-08-22,2.5,2.5,SI
tsumego_hero,5230,2,0,2026-08-09,2,2,2,43.0,15,2026-09-21,2026-08-31,2.5,2.5,SI
tsumego_hero,5231,2,0,2026-08-09,2,2,2,56.0,15,2026-10-04,2026-08-25,2.5,2.5,SI
tsumego_hero,5232,3,1,2026-08-10,1,1,1,13.0,6.0,2026-08-23,2026-08-23,2.3,2.3,SI
tsumego_hero,5234,2,0,2026-08-07,4,2,2,35.0,15,2026-09-11,2026-09-01,2.5,2.5,SI
tsumego_hero,5235,2,0,2026-08-09,2,2,2,66.0,15,2026-10-14,2026-08-25,2.5,2.5,SI
tsumego_hero,5236,2,0,2026-08-09,2,2,2,63.0,15,2026-10-11,2026-08-27,2.5,2.5,SI
tsumego_hero,5238,3,0,2026-08-09,2,3,3,58.0,38,2026-10-06,2026-11-03,2.5,2.5,SI
tsumego_hero,5244,2,0,2026-08-07,4,2,2,35.0,15,2026-09-11,2026-09-03,2.5,2.5,SI
tsumego_hero,5245,3,1,2026-08-09,2,2,2,48.0,14,2026-09-26,2026-08-28,2.3,2.3,SI
tsumego_hero,5351,3,1,2026-08-09,2,2,2,38.0,14,2026-09-16,2026-09-03,2.3,2.3,SI
tsumego_hero,5352,2,0,2026-07-18,24,2,2,52.0,15,2026-09-08,2026-08-02,2.5,2.5,SI
tsumego_hero,5353,2,0,2026-07-16,26,2,2,57.0,15,2026-09-11,2026-07-31,2.5,2.5,SI
tsumego_hero,5355,2,0,2026-07-18,24,2,2,55.0,15,2026-09-11,2026-08-19,2.5,2.5,SI
tsumego_hero,5356,2,0,2026-08-09,2,2,2,41.0,15,2026-09-19,2026-09-03,2.5,2.5,SI
tsumego_hero,5357,2,0,2026-08-07,4,2,2,47.0,15,2026-09-23,2026-09-09,2.5,2.5,SI
tsumego_hero,5358,3,1,2026-08-09,2,2,2,20.0,14,2026-08-29,2026-09-08,2.3,2.3,SI
tsumego_hero,5359,2,0,2026-07-16,26,2,2,36.0,15,2026-08-21,2026-07-31,2.5,2.5,SI
tsumego_hero,5360,3,1,2026-08-09,2,1,1,8.0,6.0,2026-08-17,2026-08-15,2.3,2.3,SI
tsumego_hero,5361,2,0,2026-08-07,4,2,2,57.0,15,2026-10-03,2026-08-24,2.5,2.5,SI
tsumego_hero,5362,2,0,2026-07-15,27,2,2,50.0,15,2026-09-03,2026-08-06,2.5,2.5,SI
tsumego_hero,5363,2,0,2026-08-09,2,2,2,60.0,15,2026-10-08,2026-09-02,2.5,2.5,SI
tsumego_hero,5364,2,0,2026-07-17,25,2,2,33.0,15,2026-08-19,2026-08-04,2.5,2.5,SI
tsumego_hero,5365,2,0,2026-08-09,2,2,2,75.0,15,2026-10-23,2026-09-15,2.5,2.5,SI
tsumego_hero,5366,3,0,2026-08-05,6,3,3,70.0,38,2026-10-14,2026-10-25,2.5,2.5,SI
tsumego_hero,5367,2,0,2026-07-20,22,2,2,86.0,15,2026-10-14,2026-08-11,2.5,2.5,SI
tsumego_hero,5368,2,0,2026-07-20,22,2,2,87.0,15,2026-10-15,2026-08-12,2.5,2.5,SI
tsumego_hero,5369,2,0,2026-07-17,25,2,2,62.0,15,2026-09-17,2026-08-21,2.5,2.5,SI
tsumego_hero,5370,2,0,2026-07-14,28,2,2,39.0,15,2026-08-22,2026-08-16,2.5,2.5,SI
tsumego_hero,5371,2,0,2026-07-13,29,2,2,30.0,15,2026-08-12,2026-08-08,2.5,2.5,SI
tsumego_hero,5372,2,0,2026-07-15,27,2,2,36.0,15,2026-08-20,2026-08-09,2.5,2.5,SI
tsumego_hero,5373,2,0,2026-07-18,24,2,2,62.0,15,2026-09-18,2026-08-07,2.5,2.5,SI
tsumego_hero,5374,2,0,2026-08-09,2,2,2,34.0,15,2026-09-12,2026-08-24,2.5,2.5,SI
tsumego_hero,5376,2,0,2026-07-19,23,2,2,33.0,15,2026-08-21,2026-08-21,2.5,2.5,SI
tsumego_hero,5377,2,0,2026-08-07,4,2,2,39.0,15,2026-09-15,2026-08-26,2.5,2.5,SI
tsumego_hero,5378,2,0,2026-07-17,25,2,2,32.0,15,2026-08-18,2026-08-17,2.5,2.5,SI
tsumego_hero,5379,2,0,2026-07-18,24,2,2,41.0,15,2026-08-28,2026-08-14,2.5,2.5,SI
tsumego_hero,5380,2,0,2026-07-17,25,2,2,69.0,15,2026-09-24,2026-08-19,2.5,2.5,SI
tsumego_hero,5381,2,0,2026-07-13,29,2,2,36.0,15,2026-08-18,2026-07-31,2.5,2.5,SI
tsumego_hero,5382,2,0,2026-07-15,27,2,2,44.0,15,2026-08-28,2026-08-01,2.5,2.5,SI
tsumego_hero,5383,3,0,2026-08-09,2,3,3,148.0,38,2027-01-04,2026-10-15,2.5,2.5,SI
tsumego_hero,5384,3,1,2026-08-10,1,1,1,12.0,6.0,2026-08-22,2026-08-18,2.3,2.3,SI
tsumego_hero,5386,2,0,2026-07-14,28,2,2,31.0,15,2026-08-14,2026-08-14,2.5,2.5,SI
tsumego_hero,5392,2,0,2026-08-09,2,2,2,70.0,15,2026-10-18,2026-09-05,2.5,2.5,SI
tsumego_hero,5393,2,0,2026-07-20,22,2,2,66.0,15,2026-09-24,2026-08-24,2.5,2.5,SI
tsumego_hero,5394,2,0,2026-07-17,25,2,2,50.0,15,2026-09-05,2026-08-01,2.5,2.5,SI
tsumego_hero,5395,2,0,2026-07-15,27,2,2,29.0,15,2026-08-13,2026-08-11,2.5,2.5,SI
tsumego_hero,5400,2,0,2026-08-07,4,2,2,38.0,15,2026-09-14,2026-09-05,2.5,2.5,SI
tsumego_hero,5401,2,0,2026-08-07,4,2,2,38.0,15,2026-09-14,2026-09-07,2.5,2.5,SI
tsumego_hero,5406,2,0,2026-08-07,4,2,2,53.0,15,2026-09-29,2026-09-03,2.5,2.5,SI
tsumego_hero,5409,2,0,2026-07-17,25,2,2,31.0,15,2026-08-17,2026-08-19,2.5,2.5,SI
tsumego_hero,5410,2,0,2026-08-09,2,2,2,67.0,15,2026-10-15,2026-09-03,2.5,2.5,SI
tsumego_hero,5422,2,0,2026-07-15,27,2,2,32.0,15,2026-08-16,2026-08-06,2.5,2.5,SI
tsumego_hero,5425,2,0,2026-08-09,2,2,2,52.0,15,2026-09-30,2026-09-15,2.5,2.5,SI
tsumego_hero,5426,2,0,2026-08-09,2,2,2,52.0,15,2026-09-30,2026-08-27,2.5,2.5,SI
tsumego_hero,5429,2,0,2026-08-07,4,2,2,26.0,15,2026-09-02,2026-09-07,2.5,2.5,SI
tsumego_hero,5432,2,0,2026-08-09,2,2,2,43.0,15,2026-09-21,2026-09-14,2.5,2.5,SI
tsumego_hero,5446,3,0,2026-08-10,1,3,3,104.0,38,2026-11-22,2026-10-24,2.5,2.5,SI
tsumego_hero,5449,3,1,2026-08-10,1,1,1,8.0,6.0,2026-08-18,2026-08-20,2.3,2.3,SI
tsumego_hero,5655,6,3,2026-08-06,5,1,1,7.0,6.0,2026-08-13,2026-08-16,1.8999999999999997,1.9,SI
tsumego_hero,5677,2,0,2026-07-17,25,2,2,26.0,15,2026-08-12,2026-08-14,2.5,2.5,SI
tsumego_hero,5684,2,0,2026-08-09,2,2,2,66.0,15,2026-10-14,2026-09-12,2.5,2.5,SI
tsumego_hero,5754,2,0,2026-08-07,4,2,2,50.0,15,2026-09-26,2026-09-13,2.5,2.5,SI
tsumego_hero,5760,2,0,2026-08-07,4,2,2,42.0,15,2026-09-18,2026-09-08,2.5,2.5,SI
tsumego_hero,5767,2,0,2026-08-09,2,2,2,53.0,15,2026-10-01,2026-09-10,2.5,2.5,SI
tsumego_hero,5770,2,0,2026-07-18,24,2,2,50.0,15,2026-09-06,2026-08-14,2.5,2.5,SI
tsumego_hero,5772,2,0,2026-08-09,2,2,2,33.0,15,2026-09-11,2026-09-04,2.5,2.5,SI
tsumego_hero,5773,2,0,2026-08-09,2,2,2,67.0,15,2026-10-15,2026-08-25,2.5,2.5,SI
tsumego_hero,5775,2,0,2026-07-17,25,2,2,33.0,15,2026-08-19,2026-08-18,2.5,2.5,SI
tsumego_hero,5776,2,0,2026-08-07,4,2,2,55.0,15,2026-10-01,2026-08-27,2.5,2.5,SI
tsumego_hero,5781,2,0,2026-08-09,2,2,2,51.0,15,2026-09-29,2026-08-26,2.5,2.5,SI
tsumego_hero,5782,9,7,2026-08-10,1,1,1,7.0,6.0,2026-08-18,2026-08-16,1.3,1.3,SI
tsumego_hero,6500,3,0,2026-07-23,19,3,3,63.0,38,2026-09-24,2026-10-17,2.5,2.5,SI
tsumego_hero,6501,2,0,2026-07-09,33,2,2,46.0,15,2026-08-24,2026-08-13,2.5,2.5,SI
tsumego_hero,6502,2,0,2026-07-09,33,2,2,60.0,15,2026-09-07,2026-08-14,2.5,2.5,SI
tsumego_hero,6503,3,0,2026-08-10,1,3,3,215.0,38,2027-03-13,2026-10-15,2.5,2.5,SI
tsumego_hero,6504,2,0,2026-07-09,33,2,2,46.0,15,2026-08-24,2026-08-15,2.5,2.5,SI
tsumego_hero,6505,3,0,2026-08-06,5,3,3,161.0,38,2027-01-14,2026-10-24,2.5,2.5,SI
tsumego_hero,6506,2,0,2026-07-13,29,2,2,44.0,15,2026-08-26,2026-08-04,2.5,2.5,SI
tsumego_hero,6507,2,0,2026-07-07,35,2,2,55.0,15,2026-08-31,2026-07-24,2.5,2.5,SI
tsumego_hero,6508,3,0,2026-08-05,6,3,3,80.0,38,2026-10-24,2026-09-28,2.5,2.5,SI
tsumego_hero,6509,2,0,2026-07-08,34,2,2,60.0,15,2026-09-06,2026-08-11,2.5,2.5,SI
tsumego_hero,6510,2,0,2026-07-11,31,2,2,42.0,15,2026-08-22,2026-08-16,2.5,2.5,SI
tsumego_hero,6511,2,0,2026-08-09,2,2,2,36.0,15,2026-09-14,2026-08-28,2.5,2.5,SI
tsumego_hero,6512,3,0,2026-08-05,6,3,3,104.0,38,2026-11-17,2026-10-29,2.5,2.5,SI
tsumego_hero,6513,2,0,2026-07-11,31,2,2,55.0,15,2026-09-04,2026-08-10,2.5,2.5,SI
tsumego_hero,6514,2,0,2026-07-11,31,2,2,51.0,15,2026-08-31,2026-07-31,2.5,2.5,SI
tsumego_hero,6515,2,0,2026-08-09,2,2,2,32.0,15,2026-09-10,2026-08-25,2.5,2.5,SI
tsumego_hero,6516,3,0,2026-08-05,6,3,3,114.0,38,2026-11-27,2026-10-08,2.5,2.5,SI
tsumego_hero,6517,2,0,2026-07-11,31,2,2,34.0,15,2026-08-14,2026-07-26,2.5,2.5,SI
tsumego_hero,6518,2,0,2026-08-09,2,2,2,51.0,15,2026-09-29,2026-09-01,2.5,2.5,SI
tsumego_hero,6519,2,0,2026-07-11,31,2,2,65.0,15,2026-09-14,2026-07-28,2.5,2.5,SI
tsumego_hero,6520,2,0,2026-07-13,29,2,2,40.0,15,2026-08-22,2026-08-01,2.5,2.5,SI
tsumego_hero,6521,2,0,2026-08-09,2,2,2,55.0,15,2026-10-03,2026-09-07,2.5,2.5,SI
tsumego_hero,6522,5,2,2026-08-10,1,1,1,12.0,6.0,2026-08-23,2026-08-20,2.0999999999999996,2.1,SI
tsumego_hero,6525,3,0,2026-08-05,6,3,3,168.0,38,2027-01-20,2026-10-27,2.5,2.5,SI
tsumego_hero,6526,3,0,2026-07-28,14,3,3,115.0,38,2026-11-20,2026-09-04,2.5,2.5,SI
tsumego_hero,6527,2,0,2026-08-07,4,2,2,18.0,15,2026-08-25,2026-09-08,2.5,2.5,SI
tsumego_hero,6528,2,0,2026-08-09,2,2,2,59.0,15,2026-10-07,2026-09-07,2.5,2.5,SI
tsumego_hero,6533,3,0,2026-08-10,1,2,3,34.0,38,2026-09-13,2026-10-05,2.5,2.5,SI
tsumego_hero,6534,2,0,2026-07-09,33,2,2,38.0,15,2026-08-16,2026-07-31,2.5,2.5,SI
tsumego_hero,6535,2,0,2026-08-09,2,2,2,65.0,15,2026-10-13,2026-09-07,2.5,2.5,SI
tsumego_hero,6536,3,0,2026-07-27,15,3,3,122.0,38,2026-11-26,2026-10-14,2.5,2.5,SI
tsumego_hero,6537,2,0,2026-07-11,31,2,2,62.0,15,2026-09-11,2026-08-16,2.5,2.5,SI
tsumego_hero,6538,2,0,2026-07-17,25,2,2,27.0,15,2026-08-13,2026-08-18,2.5,2.5,SI
tsumego_hero,6539,2,0,2026-07-08,34,2,2,38.0,15,2026-08-15,2026-08-10,2.5,2.5,SI
tsumego_hero,6540,3,0,2026-07-27,15,3,3,115.0,38,2026-11-19,2026-09-23,2.5,2.5,SI
tsumego_hero,6541,2,0,2026-07-11,31,2,2,61.0,15,2026-09-10,2026-07-28,2.5,2.5,SI
tsumego_hero,6542,3,0,2026-08-05,6,3,3,156.0,38,2027-01-08,2026-11-01,2.5,2.5,SI
tsumego_hero,6543,3,0,2026-08-05,6,3,3,129.0,38,2026-12-12,2026-10-29,2.5,2.5,SI
tsumego_hero,6544,3,0,2026-08-05,6,3,3,134.0,38,2026-12-17,2026-10-31,2.5,2.5,SI
tsumego_hero,6545,2,0,2026-07-13,29,2,2,79.0,15,2026-09-30,2026-08-02,2.5,2.5,SI
tsumego_hero,6546,2,0,2026-07-07,35,2,2,48.0,15,2026-08-24,2026-07-25,2.5,2.5,SI
tsumego_hero,6548,2,0,2026-07-08,34,2,2,62.0,15,2026-09-08,2026-08-09,2.5,2.5,SI
tsumego_hero,6549,3,0,2026-07-27,15,3,3,76.0,38,2026-10-11,2026-09-15,2.5,2.5,SI
tsumego_hero,6550,2,0,2026-08-09,2,2,2,55.0,15,2026-10-03,2026-08-29,2.5,2.5,SI
tsumego_hero,6553,2,0,2026-08-09,2,2,2,85.0,15,2026-11-02,2026-09-04,2.5,2.5,SI
tsumego_hero,6556,3,0,2026-08-09,2,3,3,155.0,38,2027-01-11,2026-10-13,2.5,2.5,SI
tsumego_hero,6557,3,0,2026-08-05,6,3,3,166.0,38,2027-01-18,2026-10-10,2.5,2.5,SI
tsumego_hero,6558,3,0,2026-08-05,6,3,3,106.0,38,2026-11-19,2026-10-24,2.5,2.5,SI
tsumego_hero,6559,2,0,2026-07-13,29,2,2,54.0,15,2026-09-05,2026-08-07,2.5,2.5,SI
tsumego_hero,6560,3,0,2026-08-10,1,3,3,107.0,38,2026-11-26,2026-09-21,2.5,2.5,SI
tsumego_hero,6561,3,0,2026-08-05,6,3,3,144.0,38,2026-12-27,2026-09-19,2.5,2.5,SI
tsumego_hero,6562,2,0,2026-07-09,33,2,2,50.0,15,2026-08-28,2026-08-06,2.5,2.5,SI
tsumego_hero,6563,2,0,2026-08-09,2,2,2,41.0,15,2026-09-19,2026-09-04,2.5,2.5,SI
tsumego_hero,6564,2,0,2026-07-11,31,2,2,66.0,15,2026-09-15,2026-08-08,2.5,2.5,SI
tsumego_hero,6565,2,0,2026-07-11,31,2,2,66.0,15,2026-09-15,2026-08-14,2.5,2.5,SI
tsumego_hero,6566,2,0,2026-07-11,31,2,2,81.0,15,2026-09-30,2026-08-15,2.5,2.5,SI
tsumego_hero,6567,2,0,2026-08-09,2,2,2,55.0,15,2026-10-03,2026-09-07,2.5,2.5,SI
tsumego_hero,6568,2,0,2026-08-09,2,2,2,61.0,15,2026-10-09,2026-08-27,2.5,2.5,SI
tsumego_hero,6569,2,0,2026-08-09,2,2,2,61.0,15,2026-10-09,2026-08-31,2.5,2.5,SI
tsumego_hero,6570,2,0,2026-08-07,4,2,2,31.0,15,2026-09-07,2026-08-25,2.5,2.5,SI
tsumego_hero,6571,2,0,2026-08-09,2,2,2,35.0,15,2026-09-13,2026-08-30,2.5,2.5,SI
tsumego_hero,6572,3,0,2026-08-09,2,3,3,72.0,38,2026-10-20,2026-10-13,2.5,2.5,SI
tsumego_hero,6573,2,0,2026-08-09,2,2,2,78.0,15,2026-10-26,2026-09-11,2.5,2.5,SI
tsumego_hero,6574,2,0,2026-08-07,4,2,2,25.0,15,2026-09-01,2026-09-04,2.5,2.5,SI
tsumego_hero,6575,2,0,2026-07-13,29,2,2,82.0,15,2026-10-03,2026-08-10,2.5,2.5,SI
tsumego_hero,6577,2,0,2026-08-07,4,2,2,41.0,15,2026-09-17,2026-09-13,2.5,2.5,SI
tsumego_hero,6578,2,0,2026-08-09,2,2,2,56.0,15,2026-10-04,2026-09-07,2.5,2.5,SI
tsumego_hero,6579,2,0,2026-08-09,2,2,2,70.0,15,2026-10-18,2026-09-13,2.5,2.5,SI
tsumego_hero,6580,2,0,2026-08-09,2,2,2,44.0,15,2026-09-22,2026-09-06,2.5,2.5,SI
tsumego_hero,6581,2,0,2026-08-09,2,2,2,36.0,15,2026-09-14,2026-09-03,2.5,2.5,SI
tsumego_hero,6582,2,0,2026-08-09,2,2,2,49.0,15,2026-09-27,2026-09-10,2.5,2.5,SI
tsumego_hero,6583,3,0,2026-08-09,2,3,3,113.0,38,2026-11-30,2026-10-24,2.5,2.5,SI
tsumego_hero,6584,2,0,2026-08-07,4,2,2,30.0,15,2026-09-06,2026-08-31,2.5,2.5,SI
tsumego_hero,6586,2,0,2026-08-09,2,2,2,29.0,15,2026-09-07,2026-08-27,2.5,2.5,SI
tsumego_hero,6588,2,0,2026-08-07,4,2,2,37.0,15,2026-09-13,2026-09-02,2.5,2.5,SI
tsumego_hero,6590,3,0,2026-08-09,2,3,3,87.0,38,2026-11-04,2026-10-07,2.5,2.5,SI
tsumego_hero,6594,2,0,2026-07-17,25,2,2,26.0,15,2026-08-12,2026-08-03,2.5,2.5,SI
tsumego_hero,6595,2,0,2026-08-09,2,2,2,30.0,15,2026-09-08,2026-09-08,2.5,2.5,SI
tsumego_hero,6596,2,0,2026-08-09,2,2,2,86.0,15,2026-11-03,2026-09-12,2.5,2.5,SI
tsumego_hero,6600,2,0,2026-08-09,2,2,2,65.0,15,2026-10-13,2026-08-26,2.5,2.5,SI
tsumego_hero,6603,2,0,2026-07-17,25,2,2,37.0,15,2026-08-23,2026-08-09,2.5,2.5,SI
tsumego_hero,6609,2,0,2026-08-07,4,2,2,37.0,15,2026-09-13,2026-09-02,2.5,2.5,SI
tsumego_hero,6623,2,0,2026-08-07,4,2,2,27.0,15,2026-09-03,2026-08-26,2.5,2.5,SI
tsumego_hero,6627,3,0,2026-08-09,2,3,3,78.0,38,2026-10-26,2026-09-30,2.5,2.5,SI
tsumego_hero,6632,2,0,2026-07-17,25,2,2,28.0,15,2026-08-14,2026-08-20,2.5,2.5,SI
tsumego_hero,6635,2,0,2026-08-09,2,2,2,57.0,15,2026-10-05,2026-08-31,2.5,2.5,SI
tsumego_hero,6638,2,0,2026-07-11,31,2,2,39.0,15,2026-08-19,2026-08-10,2.5,2.5,SI
tsumego_hero,6640,2,0,2026-08-09,2,2,2,56.0,15,2026-10-04,2026-08-31,2.5,2.5,SI
tsumego_hero,6641,2,0,2026-08-09,2,2,2,51.0,15,2026-09-29,2026-09-06,2.5,2.5,SI
tsumego_hero,6646,2,0,2026-08-07,4,2,2,39.0,15,2026-09-15,2026-08-28,2.5,2.5,SI
tsumego_hero,6647,2,0,2026-08-09,2,2,2,46.0,15,2026-09-24,2026-08-31,2.5,2.5,SI
tsumego_hero,6648,2,0,2026-08-09,2,2,2,56.0,15,2026-10-04,2026-09-06,2.5,2.5,SI
tsumego_hero,6651,2,0,2026-07-17,25,2,2,34.0,15,2026-08-20,2026-08-10,2.5,2.5,SI
tsumego_hero,6655,2,0,2026-07-17,25,2,2,26.0,15,2026-08-12,2026-08-07,2.5,2.5,SI
tsumego_hero,6660,2,0,2026-08-07,4,2,2,29.0,15,2026-09-05,2026-08-26,2.5,2.5,SI
tsumego_hero,6663,2,0,2026-07-11,31,2,2,56.0,15,2026-09-05,2026-08-06,2.5,2.5,SI
tsumego_hero,6666,3,0,2026-08-05,6,3,3,125.0,38,2026-12-08,2026-10-31,2.5,2.5,SI
tsumego_hero,6673,2,0,2026-08-07,4,2,2,31.0,15,2026-09-07,2026-09-06,2.5,2.5,SI
tsumego_hero,6684,2,0,2026-08-09,2,2,2,55.0,15,2026-10-03,2026-09-05,2.5,2.5,SI
tsumego_hero,6686,4,0,2026-07-23,19,3,4,99.0,95,2026-10-30,2026-12-21,2.5,2.5,SI
tsumego_hero,13316,4,0,2026-08-11,0,5,4,4420.0,95,2038-09-17,2027-01-09,2.5,2.5,SI
tsumego_hero,13324,3,0,2026-08-11,0,3,3,153.0,38,2027-01-11,2026-11-08,2.5,2.5,SI
tsumego_hero,13334,7,3,2026-08-11,0,0,0,1.0,1.0,2026-08-12,2026-08-12,1.8999999999999997,1.9,NO
tsumego_hero,15892,1,0,2026-08-11,0,1,1,8.0,6.0,2026-08-19,2026-08-17,2.5,2.5,SI
tsumego_hero,15893,3,0,2026-08-11,0,3,3,252.0,38,2027-04-20,2026-10-15,2.5,2.5,SI
tsumego_hero,15895,1,1,2026-08-11,0,0,0,1.0,1.0,2026-08-12,2026-08-12,2.3,2.3,NO
tsumego_hero,15896,3,0,2026-08-11,0,3,3,226.0,38,2027-03-25,2026-10-24,2.5,2.5,SI
tsumego_hero,15898,4,0,2026-08-11,0,4,4,259.0,95,2027-04-27,2027-03-12,2.5,2.5,SI
tsumego_hero,15899,3,0,2026-08-11,0,3,3,222.0,38,2027-03-21,2026-09-27,2.5,2.5,SI
tsumego_hero,15900,3,0,2026-08-11,0,3,3,139.0,38,2026-12-28,2026-10-30,2.5,2.5,SI
tsumego_hero,15907,1,0,2026-08-11,0,1,1,12.0,6.0,2026-08-23,2026-08-18,2.5,2.5,SI
tsumego_hero,15908,3,0,2026-08-11,0,3,3,223.0,38,2027-03-22,2026-10-07,2.5,2.5,SI
tsumego_hero,15909,3,0,2026-08-11,0,3,3,218.0,38,2027-03-17,2026-10-07,2.5,2.5,SI
tsumego_hero,15910,1,0,2026-08-11,0,1,1,9.0,6.0,2026-08-20,2026-08-18,2.5,2.5,SI
tsumego_hero,15911,1,0,2026-08-11,0,1,1,12.0,6.0,2026-08-23,2026-08-25,2.5,2.5,SI
tsumego_hero,15912,3,0,2026-08-11,0,3,3,200.0,38,2027-02-27,2026-11-03,2.5,2.5,SI
tsumego_hero,15913,1,1,2026-08-11,0,0,0,1.0,1.0,2026-08-12,2026-08-12,2.3,2.3,NO
tsumego_hero,15914,3,0,2026-08-11,0,3,3,427.0,38,2027-10-12,2026-10-09,2.5,2.5,SI
tsumego_hero,15915,1,0,2026-08-11,0,1,1,14.0,6.0,2026-08-25,2026-08-25,2.5,2.5,SI
tsumego_hero,15916,3,0,2026-08-11,0,3,3,170.0,38,2027-01-28,2026-10-10,2.5,2.5,SI
tsumego_hero,15917,1,0,2026-08-11,0,1,1,10.0,6.0,2026-08-21,2026-08-19,2.5,2.5,SI
tsumego_hero,15918,4,0,2026-08-11,0,4,4,358.0,95,2027-08-04,2026-12-05,2.5,2.5,SI
tsumego_hero,15919,3,0,2026-08-11,0,3,3,95.0,38,2026-11-14,2026-09-27,2.5,2.5,SI
tsumego_hero,15920,1,1,2026-08-11,0,0,0,1.0,1.0,2026-08-12,2026-08-12,2.3,2.3,NO
tsumego_hero,15921,1,0,2026-08-11,0,1,1,12.0,6.0,2026-08-23,2026-08-21,2.5,2.5,SI
tsumego_hero,15922,1,0,2026-08-11,0,1,1,9.0,6.0,2026-08-20,2026-08-25,2.5,2.5,SI
tsumego_hero,15923,3,0,2026-08-11,0,3,3,214.0,38,2027-03-13,2026-10-30,2.5,2.5,SI
tsumego_hero,15924,3,0,2026-08-11,0,3,3,154.0,38,2027-01-12,2026-10-06,2.5,2.5,SI
tsumego_hero,15926,1,0,2026-08-11,0,1,1,10.0,6.0,2026-08-21,2026-08-21,2.5,2.5,SI
tsumego_hero,15928,3,0,2026-08-11,0,3,3,485.0,38,2027-12-09,2026-10-18,2.5,2.5,SI
tsumego_hero,15929,3,0,2026-08-11,0,3,3,186.0,38,2027-02-13,2026-09-27,2.5,2.5,SI
tsumego_hero,15930,3,0,2026-08-11,0,3,3,269.0,38,2027-05-07,2026-11-02,2.5,2.5,SI
tsumego_hero,15931,1,0,2026-08-11,0,1,1,7.0,6.0,2026-08-18,2026-08-25,2.5,2.5,SI
tsumego_hero,15933,1,0,2026-08-11,0,1,1,7.0,6.0,2026-08-18,2026-08-20,2.5,2.5,SI
tsumego_hero,15935,3,0,2026-08-11,0,3,3,176.0,38,2027-02-03,2026-11-04,2.5,2.5,SI
tsumego_hero,15937,3,1,2026-08-11,0,0,0,1.0,1.0,2026-08-12,2026-08-12,2.3,2.3,NO
tsumego_hero,15938,3,0,2026-08-11,0,3,3,203.0,38,2027-03-02,2026-10-01,2.5,2.5,SI
tsumego_hero,15939,1,1,2026-08-11,0,0,0,1.0,1.0,2026-08-12,2026-08-12,2.3,2.3,NO
tsumego_hero,15940,1,1,2026-08-11,0,0,0,1.0,1.0,2026-08-12,2026-08-12,2.3,2.3,NO
tsumego_hero,15941,5,2,2026-08-11,0,0,0,1.0,1.0,2026-08-12,2026-08-12,2.0999999999999996,2.1,NO
tsumego_hero,15951,3,0,2026-08-11,0,3,3,75.0,38,2026-10-25,2026-09-28,2.5,2.5,SI
tsumego_hero,15954,1,0,2026-08-11,0,1,1,11.0,6.0,2026-08-22,2026-08-24,2.5,2.5,SI
tsumego_hero,15955,1,0,2026-08-11,0,1,1,9.0,6.0,2026-08-20,2026-08-22,2.5,2.5,SI
tsumego_hero,15957,3,0,2026-08-11,0,3,3,151.0,38,2027-01-09,2026-11-05,2.5,2.5,SI
tsumego_hero,15958,1,0,2026-08-11,0,1,1,8.0,6.0,2026-08-19,2026-08-23,2.5,2.5,SI
tsumego_hero,15960,1,0,2026-08-11,0,1,1,13.0,6.0,2026-08-24,2026-08-24,2.5,2.5,SI
tsumego_hero,15961,1,0,2026-08-11,0,1,1,6.0,6.0,2026-08-17,2026-08-17,2.5,2.5,NO
tsumego_hero,15962,5,2,2026-08-11,0,3,3,122.0,27,2026-12-11,2026-09-13,2.0999999999999996,2.1,SI
tsumego_hero,15965,3,0,2026-08-11,0,3,3,303.0,38,2027-06-10,2026-09-29,2.5,2.5,SI
tsumego_hero,15966,1,0,2026-08-11,0,1,1,14.0,6.0,2026-08-25,2026-08-19,2.5,2.5,SI
tsumego_hero,15973,1,0,2026-08-11,0,1,1,6.0,6.0,2026-08-17,2026-08-17,2.5,2.5,NO
tsumego_hero,15974,3,0,2026-08-11,0,3,3,162.0,38,2027-01-20,2026-11-09,2.5,2.5,SI
tsumego_hero,15975,3,0,2026-08-11,0,3,3,138.0,38,2026-12-27,2026-09-23,2.5,2.5,SI
tsumego_hero,15976,1,1,2026-08-11,0,0,0,1.0,1.0,2026-08-12,2026-08-12,2.3,2.3,NO
tsumego_hero,15979,1,0,2026-08-11,0,1,1,6.0,6.0,2026-08-17,2026-08-17,2.5,2.5,NO
tsumego_hero,15980,1,0,2026-08-11,0,1,1,7.0,6.0,2026-08-18,2026-08-18,2.5,2.5,SI
tsumego_hero,15987,3,0,2026-08-11,0,3,3,291.0,38,2027-05-29,2026-11-07,2.5,2.5,SI
tsumego_hero,15989,3,0,2026-08-11,0,3,3,245.0,38,2027-04-13,2026-10-10,2.5,2.5,SI
tsumego_hero,15993,3,0,2026-08-11,0,3,3,241.0,38,2027-04-09,2026-11-01,2.5,2.5,SI
tsumego_hero,15994,3,0,2026-08-11,0,3,3,131.0,38,2026-12-20,2026-11-12,2.5,2.5,SI
tsumego_hero,15995,1,0,2026-08-11,0,1,1,14.0,6.0,2026-08-25,2026-08-24,2.5,2.5,SI
tsumego_hero,15996,3,0,2026-08-11,0,3,3,254.0,38,2027-04-22,2026-10-03,2.5,2.5,SI
tsumego_hero,15998,1,0,2026-08-11,0,1,1,14.0,6.0,2026-08-25,2026-08-19,2.5,2.5,SI
tsumego_hero,15999,3,0,2026-08-11,0,3,3,102.0,38,2026-11-21,2026-11-12,2.5,2.5,SI
tsumego_hero,16000,1,0,2026-08-11,0,1,1,9.0,6.0,2026-08-20,2026-08-22,2.5,2.5,SI
tsumego_hero,16001,3,0,2026-08-11,0,3,3,86.0,38,2026-11-05,2026-10-27,2.5,2.5,SI
tsumego_hero,16004,1,0,2026-08-11,0,1,1,8.0,6.0,2026-08-19,2026-08-19,2.5,2.5,SI
tsumego_hero,16005,1,0,2026-08-11,0,1,1,13.0,6.0,2026-08-24,2026-08-18,2.5,2.5,SI
tsumego_hero,16009,1,0,2026-08-11,0,1,1,10.0,6.0,2026-08-21,2026-08-17,2.5,2.5,SI
tsumego_hero,16011,3,0,2026-08-11,0,3,3,264.0,38,2027-05-02,2026-11-01,2.5,2.5,SI
tsumego_hero,16012,4,0,2026-08-11,0,4,4,289.0,95,2027-05-27,2027-01-11,2.5,2.5,SI
tsumego_hero,16015,1,1,2026-08-11,0,0,0,1.0,1.0,2026-08-12,2026-08-12,2.3,2.3,NO
tsumego_hero,16016,1,0,2026-08-11,0,1,1,10.0,6.0,2026-08-21,2026-08-25,2.5,2.5,SI
tsumego_hero,16017,1,1,2026-08-11,0,0,0,1.0,1.0,2026-08-12,2026-08-12,2.3,2.3,NO
tsumego_hero,16018,4,1,2026-08-11,0,3,3,96.0,32,2026-11-15,2026-09-27,2.3,2.3,SI
tsumego_hero,16019,1,0,2026-08-11,0,1,1,6.0,6.0,2026-08-17,2026-08-17,2.5,2.5,NO
tsumego_hero,16020,1,0,2026-08-11,0,1,1,6.0,6.0,2026-08-17,2026-08-17,2.5,2.5,NO
tsumego_hero,16032,1,0,2026-08-11,0,1,1,8.0,6.0,2026-08-19,2026-08-22,2.5,2.5,SI
tsumego_hero,16033,3,0,2026-08-11,0,3,3,110.0,38,2026-11-29,2026-09-26,2.5,2.5,SI
tsumego_hero,16035,3,0,2026-08-11,0,3,3,149.0,38,2027-01-07,2026-09-19,2.5,2.5,SI
tsumego_hero,16036,1,1,2026-08-11,0,0,0,1.0,1.0,2026-08-12,2026-08-12,2.3,2.3,NO
tsumego_hero,16050,1,0,2026-08-11,0,1,1,12.0,6.0,2026-08-23,2026-08-23,2.5,2.5,SI
tsumego_hero,16051,1,0,2026-08-11,0,1,1,11.0,6.0,2026-08-22,2026-08-18,2.5,2.5,SI
tsumego_hero,16052,1,0,2026-08-11,0,1,1,6.0,6.0,2026-08-17,2026-08-17,2.5,2.5,NO
tsumego_hero,16058,1,0,2026-08-11,0,1,1,12.0,6.0,2026-08-23,2026-08-19,2.5,2.5,SI
tsumego_hero,16059,3,0,2026-08-11,0,3,3,179.0,38,2027-02-06,2026-10-21,2.5,2.5,SI
tsumego_hero,16061,1,0,2026-08-11,0,1,1,7.0,6.0,2026-08-18,2026-08-22,2.5,2.5,SI
tsumego_hero,16068,1,0,2026-08-11,0,1,1,10.0,6.0,2026-08-21,2026-08-21,2.5,2.5,SI
tsumego_hero,16070,3,0,2026-08-11,0,3,3,167.0,38,2027-01-25,2026-11-09,2.5,2.5,SI
tsumego_hero,16076,4,0,2026-08-11,0,4,4,761.0,95,2028-09-10,2027-01-11,2.5,2.5,SI
tsumego_hero,16078,1,0,2026-08-11,0,1,1,8.0,6.0,2026-08-19,2026-08-23,2.5,2.5,SI
tsumego_hero,16080,5,3,2026-08-11,0,0,0,1.0,1.0,2026-08-12,2026-08-12,1.8999999999999997,1.9,NO
tsumego_hero,16084,3,0,2026-08-11,0,3,3,254.0,38,2027-04-22,2026-11-02,2.5,2.5,SI
tsumego_hero,16085,4,1,2026-08-11,0,3,3,132.0,32,2026-12-21,2026-10-20,2.3,2.3,SI
tsumego_hero,16090,3,0,2026-08-11,0,3,3,218.0,38,2027-03-17,2026-09-21,2.5,2.5,SI
tsumego_hero,16092,5,1,2026-08-11,0,3,3,181.0,32,2027-02-08,2026-09-30,2.3,2.3,SI
tsumego_hero,16093,1,0,2026-08-11,0,1,1,13.0,6.0,2026-08-24,2026-08-23,2.5,2.5,SI
tsumego_hero,16095,3,0,2026-08-11,0,3,3,281.0,38,2027-05-19,2026-10-18,2.5,2.5,SI
tsumego_hero,16121,4,0,2026-08-11,0,4,4,248.0,95,2027-04-16,2026-11-30,2.5,2.5,SI
tsumego_hero,16123,1,0,2026-08-11,0,1,1,8.0,6.0,2026-08-19,2026-08-17,2.5,2.5,SI
tsumego_hero,16124,1,0,2026-08-11,0,1,1,9.0,6.0,2026-08-20,2026-08-25,2.5,2.5,SI
tsumego_hero,16127,4,0,2026-08-11,0,4,4,359.0,95,2027-08-05,2027-03-11,2.5,2.5,SI
tsumego_hero,16129,1,0,2026-08-11,0,1,1,9.0,6.0,2026-08-20,2026-08-22,2.5,2.5,SI
