2026-05-27 16:52:56,617 [ERROR] books.json no contiene IDs válidos
2026-05-27 16:53:10,196 [ERROR] books.json no contiene IDs válidos
2026-05-27 16:53:55,118 [INFO] Total libros en books.json: 134
2026-05-27 16:53:55,122 [INFO] Libro 41653 — https://www.101weiqi.com/book/41653/
2026-05-27 16:54:01,629 [WARNING] Libro 41653: bookdata no encontrado — posible acceso denegado, skip
2026-05-27 16:54:01,642 [INFO] Libro 41654 — https://www.101weiqi.com/book/41654/
2026-05-27 16:54:05,758 [WARNING] Libro 41654: bookdata no encontrado — posible acceso denegado, skip
2026-05-27 16:54:05,759 [INFO] Libro 41655 — https://www.101weiqi.com/book/41655/
2026-05-27 16:54:08,440 [WARNING] Libro 41655: bookdata no encontrado — posible acceso denegado, skip
2026-05-27 16:54:08,441 [INFO] Libro 42156 — https://www.101weiqi.com/book/42156/
2026-05-27 16:54:11,009 [WARNING] Libro 42156: bookdata no encontrado — posible acceso denegado, skip
2026-05-27 16:54:11,010 [INFO] Libro 42163 — https://www.101weiqi.com/book/42163/
2026-05-27 16:54:14,341 [WARNING] Libro 42163: bookdata no encontrado — posible acceso denegado, skip
2026-05-27 16:54:14,341 [INFO] Libro 42175 — https://www.101weiqi.com/book/42175/
2026-05-27 16:54:17,700 [WARNING] Libro 42175: bookdata no encontrado — posible acceso denegado, skip
2026-05-27 16:54:17,700 [INFO] Libro 42907 — https://www.101weiqi.com/book/42907/
2026-05-27 16:54:21,102 [WARNING] Libro 42907: bookdata no encontrado — posible acceso denegado, skip
2026-05-27 16:54:21,102 [INFO] Libro 42908 — https://www.101weiqi.com/book/42908/
2026-05-27 16:54:25,513 [WARNING] Libro 42908: bookdata no encontrado — posible acceso denegado, skip
2026-05-27 16:54:25,513 [INFO] Libro 42909 — https://www.101weiqi.com/book/42909/
2026-05-27 16:54:29,995 [WARNING] Libro 42909: bookdata no encontrado — posible acceso denegado, skip
2026-05-27 16:54:29,996 [INFO] Libro 42920 — https://www.101weiqi.com/book/42920/
2026-05-27 16:54:34,484 [WARNING] Libro 42920: bookdata no encontrado — posible acceso denegado, skip
2026-05-27 16:54:34,485 [INFO] Libro 42921 — https://www.101weiqi.com/book/42921/
2026-05-27 16:54:36,927 [WARNING] Libro 42921: bookdata no encontrado — posible acceso denegado, skip
2026-05-27 16:54:36,928 [INFO] Libro 42922 — https://www.101weiqi.com/book/42922/
2026-05-27 16:54:40,219 [WARNING] Libro 42922: bookdata no encontrado — posible acceso denegado, skip
2026-05-27 16:54:40,219 [INFO] Libro 2032 — https://www.101weiqi.com/book/2032/
2026-05-27 16:54:43,618 [INFO]   '围棋入门（深圳祺乐棋院）' — 30 capítulos
2026-05-27 16:54:43,618 [INFO]   Capítulo 3735 '气'
2026-05-27 16:54:47,578 [WARNING]   Sin problemas en capítulo 3735
2026-05-27 16:54:47,579 [INFO]   Capítulo 3738 '吃子（提）'
2026-05-27 16:54:49,738 [WARNING]   Sin problemas en capítulo 3738
2026-05-27 16:54:49,739 [INFO]   Capítulo 3739 '叫吃与逃跑'
2026-05-27 16:54:53,069 [WARNING]   Sin problemas en capítulo 3739
2026-05-27 16:54:53,070 [INFO]   Capítulo 3753 '互相打吃'
2026-05-27 16:54:55,403 [WARNING]   Sin problemas en capítulo 3753
2026-05-27 16:54:55,404 [INFO]   Capítulo 3740 '连接'
2026-05-27 16:54:59,655 [WARNING]   Sin problemas en capítulo 3740
2026-05-27 16:54:59,655 [INFO]   Capítulo 3741 '禁入点（与虎肚）'
2026-05-27 16:55:02,839 [WARNING]   Sin problemas en capítulo 3741
2026-05-27 16:55:02,840 [INFO]   Capítulo 3742 '老虎口'
2026-05-27 16:55:06,080 [WARNING]   Sin problemas en capítulo 3742
2026-05-27 16:55:06,081 [INFO]   Capítulo 3743 '打劫'
2026-05-27 16:55:09,914 [WARNING]   Sin problemas en capítulo 3743
2026-05-27 16:55:09,915 [INFO]   Capítulo 3744 '打二还一（劫与反提）'
2026-05-27 16:55:13,739 [WARNING]   Sin problemas en capítulo 3744
2026-05-27 16:55:13,739 [INFO]   Capítulo 3754 '切断'
2026-05-27 16:55:16,042 [WARNING]   Sin problemas en capítulo 3754
2026-05-27 16:55:16,043 [INFO]   Capítulo 3756 '二路吃'
2026-05-27 16:55:19,996 [WARNING]   Sin problemas en capítulo 3756
2026-05-27 16:55:19,996 [INFO]   Capítulo 3757 '抱吃'
2026-05-27 16:55:23,107 [WARNING]   Sin problemas en capítulo 3757
2026-05-27 16:55:23,108 [INFO]   Capítulo 3783 '关门吃'
2026-05-27 16:55:26,384 [WARNING]   Sin problemas en capítulo 3783
2026-05-27 16:55:26,385 [INFO]   Capítulo 3763 '两眼活棋'
2026-05-27 16:55:29,408 [WARNING]   Sin problemas en capítulo 3763
2026-05-27 16:55:29,409 [INFO]   Capítulo 3764 '官子'
2026-05-27 16:55:32,221 [WARNING]   Sin problemas en capítulo 3764
2026-05-27 16:55:32,222 [INFO]   Capítulo 3759 '逃跑的要领'
2026-05-27 16:55:36,085 [WARNING]   Sin problemas en capítulo 3759
2026-05-27 16:55:36,085 [INFO]   Capítulo 3761 '双打吃'
2026-05-27 16:55:39,593 [WARNING]   Sin problemas en capítulo 3761
2026-05-27 16:55:39,597 [INFO]   Capítulo 3766 '扭羊头'
2026-05-27 16:55:43,937 [WARNING]   Sin problemas en capítulo 3766
2026-05-27 16:55:43,941 [INFO]   Capítulo 3767 '枷吃'
2026-05-27 16:55:46,635 [WARNING]   Sin problemas en capítulo 3767
2026-05-27 16:55:46,636 [INFO]   Capítulo 3768 '接不归'
2026-05-27 16:55:50,089 [WARNING]   Sin problemas en capítulo 3768
2026-05-27 16:55:50,091 [INFO]   Capítulo 3770 '倒扑'
2026-05-27 16:55:54,227 [WARNING]   Sin problemas en capítulo 3770
2026-05-27 16:55:54,228 [INFO]   Capítulo 3772 '双活'
2026-05-27 16:55:56,693 [WARNING]   Sin problemas en capítulo 3772
2026-05-27 16:55:56,706 [INFO]   Capítulo 130451 '金角银边'
2026-05-27 16:55:58,738 [WARNING]   Sin problemas en capítulo 130451
2026-05-27 16:55:58,739 [INFO]   Capítulo 130452 '三线四线'
2026-05-27 16:56:01,822 [WARNING]   Sin problemas en capítulo 130452
2026-05-27 16:56:01,823 [INFO]   Capítulo 130453 '小飞'
2026-05-27 16:56:05,141 [WARNING]   Sin problemas en capítulo 130453
2026-05-27 16:56:05,141 [INFO]   Capítulo 130454 '拆二'
2026-05-27 16:56:07,837 [WARNING]   Sin problemas en capítulo 130454
2026-05-27 16:56:07,838 [INFO]   Capítulo 133138 '地盘胜负'
2026-05-27 16:58:34,849 [INFO] Total libros en books.json: 122
2026-05-27 16:58:34,851 [INFO] Libro 2032 — https://www.101weiqi.com/book/2032/
2026-05-27 16:58:39,859 [INFO]   '围棋入门（深圳祺乐棋院）' — 30 capítulos
2026-05-27 16:58:39,859 [INFO]   Capítulo 3735 '气'
2026-05-27 16:58:43,981 [WARNING] HTTP 404 en https://www.101weiqi.com/problem/71032/ — sin acceso, skip
2026-05-27 16:58:47,865 [WARNING]   No se pudo obtener qid=71032
2026-05-27 16:58:48,097 [WARNING] HTTP 404 en https://www.101weiqi.com/problem/71033/ — sin acceso, skip
2026-05-27 16:58:50,173 [WARNING]   No se pudo obtener qid=71033
2026-05-27 16:58:50,400 [WARNING] HTTP 404 en https://www.101weiqi.com/problem/71028/ — sin acceso, skip
2026-05-27 17:00:59,578 [INFO] Total libros en books.json: 122
2026-05-27 17:00:59,579 [INFO] Libro 2032 — https://www.101weiqi.com/book/2032/
2026-05-27 17:01:04,701 [INFO]   '围棋入门（深圳祺乐棋院）' — 30 capítulos
2026-05-27 17:01:04,701 [INFO]   Capítulo 3735 '气'
2026-05-27 17:01:10,539 [ERROR]   Error decodificando qid=71032: Data must be aligned to block boundary in ECB mode
2026-05-27 17:03:15,409 [INFO] Total libros en books.json: 122
2026-05-27 17:03:15,410 [INFO] Libro 2032 — https://www.101weiqi.com/book/2032/
2026-05-27 17:03:21,946 [INFO]   '围棋入门（深圳祺乐棋院）' — 30 capítulos
2026-05-27 17:03:21,947 [INFO]   Capítulo 3735 '气'
2026-05-27 17:03:27,298 [ERROR]   Error decodificando qid=71032: Data must be aligned to block boundary in ECB mode
2026-05-27 17:03:30,840 [ERROR]   Error decodificando qid=71033: Data must be aligned to block boundary in ECB mode
2026-05-27 17:03:33,970 [ERROR]   Error decodificando qid=71028: Data must be aligned to block boundary in ECB mode
2026-05-27 17:04:23,343 [INFO] Total libros en books.json: 122
2026-05-27 17:04:23,345 [INFO] Libro 2032 — https://www.101weiqi.com/book/2032/
2026-05-27 17:04:30,025 [INFO]   '围棋入门（深圳祺乐棋院）' — 30 capítulos
2026-05-27 17:04:30,032 [INFO]   Capítulo 3735 '气'
2026-05-27 17:04:36,529 [ERROR]   content raw: 'amsTV1YRHRATVlYRHRATVVYRbBwRaG5u'
2026-05-27 17:04:36,553 [ERROR]   Error decodificando qid=71032: Data must be aligned to block boundary in ECB mode
2026-05-27 17:04:39,673 [ERROR]   content raw: 'amsTVlcRHRATV1YRHRATVlYRHRATVlURbBwRaG5u'
2026-05-27 17:04:39,674 [ERROR]   Error decodificando qid=71033: Data must be aligned to block boundary in ECB mode
2026-05-27 17:05:52,753 [INFO] Total libros en books.json: 122
2026-05-27 17:05:52,754 [INFO] Libro 2032 — https://www.101weiqi.com/book/2032/
2026-05-27 17:06:00,497 [INFO]   '围棋入门（深圳祺乐棋院）' — 30 capítulos
2026-05-27 17:06:00,497 [INFO]   Capítulo 3735 '气'
2026-05-27 17:06:08,558 [ERROR]   content raw: 'amsTV1YRHRATVlYRHRATVVYRbBwRaG5u'
2026-05-27 17:06:08,564 [ERROR]   Error decodificando qid=71032: PKCS#7 padding is incorrect.
2026-05-27 17:06:11,733 [ERROR]   content raw: 'amsTVlcRHRATV1YRHRATVlYRHRATVlURbBwRaG5u'
2026-05-27 17:06:11,734 [ERROR]   Error decodificando qid=71033: Tamaño de bloque inválido: 30 bytes
2026-05-27 17:06:14,072 [ERROR]   content raw: 'amsTVlcQHRATV1YQHRATV1cQHRATV1QQHRATVFcQbBwRaW9v'
2026-05-27 17:06:14,072 [ERROR]   Error decodificando qid=71028: Tamaño de bloque inválido: 36 bytes
2026-05-27 17:06:16,791 [ERROR]   content raw: 'amsTVlYQHRATV1YQHRATVlcQHRATV1cQHRATV1QQbBwRaW9v'
2026-05-27 17:06:16,791 [ERROR]   Error decodificando qid=71027: Tamaño de bloque inválido: 36 bytes
2026-05-27 17:06:20,342 [ERROR]   content raw: 'amsTUVcQHRATVlcQHRATV1cQHRATVFcQHRATVFQQbBwRaW9v'
2026-05-27 17:06:20,343 [ERROR]   Error decodificando qid=71029: Tamaño de bloque inválido: 36 bytes
2026-05-27 17:06:22,354 [ERROR]   content raw: 'amsTUFYRHRATV1YRHRATVlARHRATVlcRHRATVlYRHRATVlURHRATVlQRHRATVVYRHRATVFYRbBwRaG5u'
2026-05-27 17:06:22,355 [ERROR]   Error decodificando qid=71026: Tamaño de bloque inválido: 60 bytes
2026-05-27 17:06:24,890 [ERROR]   content raw: 'amsTUVYRHRATUVURHRATV1URHRATUlQRHRATUVQRHRATUFQRHRATV1QRHRATUVsRHRATV1sRHRATUVoRbBwRaG5u'
2026-05-27 17:06:24,890 [ERROR]   Error decodificando qid=71888: Tamaño de bloque inválido: 66 bytes
2026-05-27 17:21:00,562 [INFO] Total libros en books.json: 122
2026-05-27 17:21:00,564 [INFO] Libro 2032 — https://www.101weiqi.com/book/2032/
2026-05-27 17:21:05,285 [INFO]   '围棋入门（深圳祺乐棋院）' — 30 capítulos
2026-05-27 17:21:05,285 [INFO]   Capítulo 3735 '气'
2026-05-27 17:21:12,253 [INFO]   ✓ qid=71032 → output\2032\3735\71032.sgf
2026-05-27 17:21:16,109 [INFO]   ✓ qid=71033 → output\2032\3735\71033.sgf
2026-05-27 17:21:20,028 [INFO]   ✓ qid=71028 → output\2032\3735\71028.sgf
2026-05-27 17:21:22,397 [INFO]   ✓ qid=71027 → output\2032\3735\71027.sgf
2026-05-27 17:21:24,385 [INFO]   ✓ qid=71029 → output\2032\3735\71029.sgf
2026-05-27 17:21:28,253 [INFO]   ✓ qid=71026 → output\2032\3735\71026.sgf
2026-05-27 17:21:31,268 [INFO]   ✓ qid=71888 → output\2032\3735\71888.sgf
2026-05-27 17:21:35,215 [INFO]   ✓ qid=71030 → output\2032\3735\71030.sgf
2026-05-27 17:21:38,452 [INFO]   ✓ qid=71037 → output\2032\3735\71037.sgf
2026-05-27 17:21:42,671 [INFO]   ✓ qid=71886 → output\2032\3735\71886.sgf
2026-05-27 17:21:45,436 [INFO]   ✓ qid=71039 → output\2032\3735\71039.sgf
2026-05-27 17:21:48,583 [INFO]   ✓ qid=71040 → output\2032\3735\71040.sgf
2026-05-27 17:21:53,429 [INFO]   ✓ qid=66265 → output\2032\3735\66265.sgf
2026-05-27 17:21:56,139 [INFO]   ✓ qid=71042 → output\2032\3735\71042.sgf
2026-05-27 17:21:59,527 [INFO]   ✓ qid=71043 → output\2032\3735\71043.sgf
2026-05-27 17:22:03,859 [INFO]   ✓ qid=71044 → output\2032\3735\71044.sgf
2026-05-27 17:22:06,371 [INFO]   ✓ qid=71045 → output\2032\3735\71045.sgf
2026-05-27 17:22:09,458 [INFO]   ✓ qid=71047 → output\2032\3735\71047.sgf
2026-05-27 17:22:13,194 [INFO]   ✓ qid=71034 → output\2032\3735\71034.sgf
2026-05-27 17:22:17,112 [INFO]   ✓ qid=71048 → output\2032\3735\71048.sgf
2026-05-27 17:22:20,961 [INFO]   ✓ qid=71035 → output\2032\3735\71035.sgf
2026-05-27 17:22:23,911 [INFO]   ✓ qid=71041 → output\2032\3735\71041.sgf
2026-05-27 17:22:26,472 [INFO]   ✓ qid=71036 → output\2032\3735\71036.sgf
2026-05-27 17:22:26,472 [INFO]   Capítulo 3738 '吃子（提）'
2026-05-27 17:22:31,373 [INFO]   ✓ qid=49727 → output\2032\3738\49727.sgf
2026-05-27 17:22:35,614 [INFO]   ✓ qid=43295 → output\2032\3738\43295.sgf
2026-05-27 17:22:39,228 [INFO]   ✓ qid=49728 → output\2032\3738\49728.sgf
2026-05-27 17:22:43,709 [INFO]   ✓ qid=49729 → output\2032\3738\49729.sgf
2026-05-27 17:22:46,279 [INFO]   ✓ qid=49731 → output\2032\3738\49731.sgf
2026-05-27 17:22:48,711 [INFO]   ✓ qid=49734 → output\2032\3738\49734.sgf
2026-05-27 17:22:52,395 [INFO]   ✓ qid=49738 → output\2032\3738\49738.sgf
2026-05-27 17:22:55,158 [INFO]   ✓ qid=49730 → output\2032\3738\49730.sgf
2026-05-27 17:22:59,131 [INFO]   ✓ qid=43298 → output\2032\3738\43298.sgf
2026-05-27 17:23:02,292 [INFO]   ✓ qid=9036 → output\2032\3738\9036.sgf
2026-05-27 17:23:06,743 [INFO]   ✓ qid=54092 → output\2032\3738\54092.sgf
2026-05-27 17:23:09,174 [INFO]   ✓ qid=43302 → output\2032\3738\43302.sgf
2026-05-27 17:23:13,185 [INFO]   ✓ qid=8346 → output\2032\3738\8346.sgf
2026-05-27 17:23:15,952 [INFO]   ✓ qid=8622 → output\2032\3738\8622.sgf
2026-05-27 17:23:19,009 [INFO]   ✓ qid=8776 → output\2032\3738\8776.sgf
2026-05-27 17:23:21,466 [INFO]   ✓ qid=8203 → output\2032\3738\8203.sgf
2026-05-27 17:23:23,526 [INFO]   ✓ qid=49743 → output\2032\3738\49743.sgf
2026-05-27 17:23:26,500 [INFO]   ✓ qid=8683 → output\2032\3738\8683.sgf
2026-05-27 17:23:29,422 [INFO]   ✓ qid=8274 → output\2032\3738\8274.sgf
2026-05-27 17:23:32,848 [INFO]   ✓ qid=8929 → output\2032\3738\8929.sgf
2026-05-27 17:23:36,596 [INFO]   ✓ qid=9003 → output\2032\3738\9003.sgf
2026-05-27 17:23:36,596 [INFO]   Capítulo 3739 '叫吃与逃跑'
2026-05-27 17:23:42,499 [INFO]   ✓ qid=50440 → output\2032\3739\50440.sgf
2026-05-27 17:23:46,330 [INFO]   ✓ qid=9278 → output\2032\3739\9278.sgf
2026-05-27 17:23:50,838 [INFO]   ✓ qid=8466 → output\2032\3739\8466.sgf
2026-05-27 17:23:54,470 [INFO]   ✓ qid=57022 → output\2032\3739\57022.sgf
2026-05-27 17:23:58,215 [INFO]   ✓ qid=8306 → output\2032\3739\8306.sgf
2026-05-27 17:24:00,228 [INFO]   ✓ qid=10039 → output\2032\3739\10039.sgf
2026-05-27 17:24:04,253 [INFO]   ✓ qid=8653 → output\2032\3739\8653.sgf
2026-05-27 17:24:06,126 [INFO]   ✓ qid=8898 → output\2032\3739\8898.sgf
2026-05-27 17:24:09,116 [INFO]   ✓ qid=8375 → output\2032\3739\8375.sgf
2026-05-27 17:24:10,966 [INFO]   ✓ qid=9897 → output\2032\3739\9897.sgf
2026-05-27 17:24:14,647 [INFO]   ✓ qid=8940 → output\2032\3739\8940.sgf
2026-05-27 17:24:18,329 [INFO]   ✓ qid=9106 → output\2032\3739\9106.sgf
2026-05-27 17:24:21,483 [INFO]   ✓ qid=9446 → output\2032\3739\9446.sgf
2026-05-27 17:24:25,501 [INFO]   ✓ qid=10135 → output\2032\3739\10135.sgf
2026-05-27 17:24:27,502 [INFO]   ✓ qid=10184 → output\2032\3739\10184.sgf
2026-05-27 17:24:29,955 [INFO]   ✓ qid=9768 → output\2032\3739\9768.sgf
2026-05-27 17:24:32,094 [INFO]   ✓ qid=9275 → output\2032\3739\9275.sgf
2026-05-27 17:24:36,137 [INFO]   ✓ qid=10735 → output\2032\3739\10735.sgf
2026-05-27 17:24:38,785 [INFO]   ✓ qid=10085 → output\2032\3739\10085.sgf
2026-05-27 17:24:43,148 [INFO]   ✓ qid=11527 → output\2032\3739\11527.sgf
2026-05-27 17:24:43,148 [INFO]   Capítulo 3753 '互相打吃'
2026-05-27 17:24:48,580 [INFO]   ✓ qid=51931 → output\2032\3753\51931.sgf
2026-05-27 17:24:51,786 [INFO]   ✓ qid=50427 → output\2032\3753\50427.sgf
2026-05-27 17:24:54,530 [INFO]   ✓ qid=50429 → output\2032\3753\50429.sgf
2026-05-27 17:24:58,750 [INFO]   ✓ qid=8201 → output\2032\3753\8201.sgf
2026-05-27 17:25:02,769 [INFO]   ✓ qid=50430 → output\2032\3753\50430.sgf
2026-05-27 17:25:05,595 [INFO]   ✓ qid=8891 → output\2032\3753\8891.sgf
2026-05-27 17:25:08,591 [INFO]   ✓ qid=8333 → output\2032\3753\8333.sgf
2026-05-27 17:25:11,947 [INFO]   ✓ qid=9165 → output\2032\3753\9165.sgf
2026-05-27 17:25:15,683 [INFO]   ✓ qid=8366 → output\2032\3753\8366.sgf
2026-05-27 17:25:17,654 [INFO]   ✓ qid=8667 → output\2032\3753\8667.sgf
2026-05-27 17:25:21,990 [INFO]   ✓ qid=8665 → output\2032\3753\8665.sgf
2026-05-27 17:25:27,301 [INFO]   ✓ qid=8550 → output\2032\3753\8550.sgf
2026-05-27 17:25:31,561 [INFO]   ✓ qid=9038 → output\2032\3753\9038.sgf
2026-05-27 17:25:35,330 [INFO]   ✓ qid=8608 → output\2032\3753\8608.sgf
2026-05-27 17:25:38,975 [INFO]   ✓ qid=8277 → output\2032\3753\8277.sgf
2026-05-27 17:25:42,266 [INFO]   ✓ qid=42257 → output\2032\3753\42257.sgf
2026-05-27 17:25:46,471 [INFO]   ✓ qid=9023 → output\2032\3753\9023.sgf
2026-05-27 17:25:50,924 [INFO]   ✓ qid=8912 → output\2032\3753\8912.sgf
2026-05-27 17:25:53,446 [INFO]   ✓ qid=8200 → output\2032\3753\8200.sgf
2026-05-27 17:25:53,446 [INFO]   Capítulo 3740 '连接'
2026-05-27 17:25:59,910 [INFO]   ✓ qid=60824 → output\2032\3740\60824.sgf
2026-05-27 17:26:03,961 [INFO]   ✓ qid=57671 → output\2032\3740\57671.sgf
2026-05-27 17:26:06,140 [INFO]   ✓ qid=8576 → output\2032\3740\8576.sgf
2026-05-27 17:26:08,048 [INFO]   ✓ qid=8233 → output\2032\3740\8233.sgf
2026-05-27 17:26:11,676 [INFO]   ✓ qid=8835 → output\2032\3740\8835.sgf
2026-05-27 17:26:16,401 [INFO]   ✓ qid=10017 → output\2032\3740\10017.sgf
2026-05-27 17:26:18,342 [INFO]   ✓ qid=8952 → output\2032\3740\8952.sgf
2026-05-27 17:26:21,989 [INFO]   ✓ qid=8771 → output\2032\3740\8771.sgf
2026-05-27 17:26:24,359 [INFO]   ✓ qid=8902 → output\2032\3740\8902.sgf
2026-05-27 17:26:26,551 [INFO]   ✓ qid=8788 → output\2032\3740\8788.sgf
2026-05-27 17:26:28,915 [INFO]   ✓ qid=8481 → output\2032\3740\8481.sgf
2026-05-27 17:26:32,811 [INFO]   ✓ qid=8637 → output\2032\3740\8637.sgf
2026-05-27 17:26:36,798 [INFO]   ✓ qid=8790 → output\2032\3740\8790.sgf
2026-05-27 17:26:38,739 [INFO]   ✓ qid=8801 → output\2032\3740\8801.sgf
2026-05-27 17:26:43,314 [INFO]   ✓ qid=8440 → output\2032\3740\8440.sgf
2026-05-27 17:26:46,085 [INFO]   ✓ qid=8907 → output\2032\3740\8907.sgf
2026-05-27 17:26:50,841 [INFO]   ✓ qid=8393 → output\2032\3740\8393.sgf
2026-05-27 17:26:53,012 [INFO]   ✓ qid=8600 → output\2032\3740\8600.sgf
2026-05-27 17:26:55,325 [INFO]   ✓ qid=9191 → output\2032\3740\9191.sgf
2026-05-27 17:26:57,757 [INFO]   ✓ qid=9245 → output\2032\3740\9245.sgf
2026-05-27 17:27:01,835 [INFO]   ✓ qid=8461 → output\2032\3740\8461.sgf
2026-05-27 17:27:04,780 [INFO]   ✓ qid=8792 → output\2032\3740\8792.sgf
2026-05-27 17:27:07,608 [INFO]   ✓ qid=8890 → output\2032\3740\8890.sgf
2026-05-27 17:27:11,562 [INFO]   ✓ qid=8368 → output\2032\3740\8368.sgf
2026-05-27 17:27:15,399 [INFO]   ✓ qid=8460 → output\2032\3740\8460.sgf
2026-05-27 17:27:21,884 [INFO]   ✓ qid=8829 → output\2032\3740\8829.sgf
2026-05-27 17:27:23,861 [INFO]   ✓ qid=10214 → output\2032\3740\10214.sgf
2026-05-27 17:27:23,862 [INFO]   Capítulo 3741 '禁入点（与虎肚）'
2026-05-27 17:27:30,663 [INFO]   ✓ qid=70940 → output\2032\3741\70940.sgf
2026-05-27 17:27:33,583 [INFO]   ✓ qid=70935 → output\2032\3741\70935.sgf
2026-05-27 17:27:36,708 [INFO]   ✓ qid=70936 → output\2032\3741\70936.sgf
2026-05-27 17:27:38,735 [INFO]   ✓ qid=71021 → output\2032\3741\71021.sgf
2026-05-27 17:27:41,215 [INFO]   ✓ qid=70946 → output\2032\3741\70946.sgf
2026-05-27 17:27:44,887 [INFO]   ✓ qid=70945 → output\2032\3741\70945.sgf
2026-05-27 17:27:46,933 [INFO]   ✓ qid=70937 → output\2032\3741\70937.sgf
2026-05-27 17:27:51,266 [INFO]   ✓ qid=70938 → output\2032\3741\70938.sgf
2026-05-27 17:27:54,229 [INFO]   ✓ qid=70941 → output\2032\3741\70941.sgf
2026-05-27 17:27:56,973 [INFO]   ✓ qid=70939 → output\2032\3741\70939.sgf
2026-05-27 17:28:01,231 [INFO]   ✓ qid=71022 → output\2032\3741\71022.sgf
2026-05-27 17:28:05,220 [INFO]   ✓ qid=71024 → output\2032\3741\71024.sgf
2026-05-27 17:28:08,051 [INFO]   ✓ qid=71023 → output\2032\3741\71023.sgf
2026-05-27 17:28:11,885 [INFO]   ✓ qid=70942 → output\2032\3741\70942.sgf
2026-05-27 17:28:14,669 [INFO]   ✓ qid=70947 → output\2032\3741\70947.sgf
2026-05-27 17:28:18,000 [INFO]   ✓ qid=70943 → output\2032\3741\70943.sgf
2026-05-27 17:28:20,250 [INFO]   ✓ qid=71891 → output\2032\3741\71891.sgf
2026-05-27 17:28:24,632 [INFO]   ✓ qid=70944 → output\2032\3741\70944.sgf
2026-05-27 17:28:27,119 [INFO]   ✓ qid=71890 → output\2032\3741\71890.sgf
2026-05-27 17:28:27,120 [INFO]   Capítulo 3742 '老虎口'
2026-05-27 17:28:32,671 [INFO]   ✓ qid=71892 → output\2032\3742\71892.sgf
2026-05-27 17:28:36,206 [INFO]   ✓ qid=70920 → output\2032\3742\70920.sgf
2026-05-27 17:28:38,435 [INFO]   ✓ qid=71895 → output\2032\3742\71895.sgf
2026-05-27 17:28:41,983 [INFO]   ✓ qid=70918 → output\2032\3742\70918.sgf
2026-05-27 17:28:44,746 [INFO]   ✓ qid=70919 → output\2032\3742\70919.sgf
2026-05-27 17:28:48,649 [INFO]   ✓ qid=70921 → output\2032\3742\70921.sgf
2026-05-27 17:28:50,757 [INFO]   ✓ qid=71893 → output\2032\3742\71893.sgf
2026-05-27 17:28:54,137 [INFO]   ✓ qid=70929 → output\2032\3742\70929.sgf
2026-05-27 17:28:57,308 [INFO]   ✓ qid=70930 → output\2032\3742\70930.sgf
2026-05-27 17:29:00,577 [INFO]   ✓ qid=71894 → output\2032\3742\71894.sgf
2026-05-27 17:29:03,640 [INFO]   ✓ qid=70922 → output\2032\3742\70922.sgf
2026-05-27 17:29:07,278 [INFO]   ✓ qid=70933 → output\2032\3742\70933.sgf
2026-05-27 17:29:09,757 [INFO]   ✓ qid=70927 → output\2032\3742\70927.sgf
2026-05-27 17:29:12,683 [INFO]   ✓ qid=70928 → output\2032\3742\70928.sgf
2026-05-27 17:29:15,590 [INFO]   ✓ qid=70934 → output\2032\3742\70934.sgf
2026-05-27 17:29:19,816 [INFO]   ✓ qid=70926 → output\2032\3742\70926.sgf
2026-05-27 17:29:22,835 [INFO]   ✓ qid=70923 → output\2032\3742\70923.sgf
2026-05-27 17:29:26,040 [INFO]   ✓ qid=70925 → output\2032\3742\70925.sgf
2026-05-27 17:29:28,653 [INFO]   ✓ qid=72672 → output\2032\3742\72672.sgf
2026-05-27 17:29:31,670 [INFO]   ✓ qid=70932 → output\2032\3742\70932.sgf
2026-05-27 17:29:35,352 [INFO]   ✓ qid=70931 → output\2032\3742\70931.sgf
2026-05-27 17:29:37,891 [INFO]   ✓ qid=70924 → output\2032\3742\70924.sgf
2026-05-27 17:29:37,892 [INFO]   Capítulo 3743 '打劫'
2026-05-27 17:29:44,063 [INFO]   ✓ qid=49740 → output\2032\3743\49740.sgf
2026-05-27 17:29:47,293 [INFO]   ✓ qid=49739 → output\2032\3743\49739.sgf
2026-05-27 17:29:49,614 [INFO]   ✓ qid=49746 → output\2032\3743\49746.sgf
2026-05-27 17:29:53,095 [INFO]   ✓ qid=71050 → output\2032\3743\71050.sgf
2026-05-27 17:29:56,051 [INFO]   ✓ qid=71058 → output\2032\3743\71058.sgf
2026-05-27 17:29:58,647 [INFO]   ✓ qid=71054 → output\2032\3743\71054.sgf
2026-05-27 17:30:02,451 [INFO]   ✓ qid=71052 → output\2032\3743\71052.sgf
2026-05-27 17:30:04,717 [INFO]   ✓ qid=71055 → output\2032\3743\71055.sgf
2026-05-27 17:30:07,133 [INFO]   ✓ qid=71057 → output\2032\3743\71057.sgf
2026-05-27 17:30:09,251 [INFO]   ✓ qid=71060 → output\2032\3743\71060.sgf
2026-05-27 17:30:12,498 [INFO]   ✓ qid=71053 → output\2032\3743\71053.sgf
2026-05-27 17:30:15,458 [INFO]   ✓ qid=71063 → output\2032\3743\71063.sgf
2026-05-27 17:30:17,572 [INFO]   ✓ qid=71067 → output\2032\3743\71067.sgf
2026-05-27 17:30:21,334 [INFO]   ✓ qid=71062 → output\2032\3743\71062.sgf
2026-05-27 17:30:24,993 [INFO]   ✓ qid=71059 → output\2032\3743\71059.sgf
2026-05-27 17:30:27,065 [INFO]   ✓ qid=71066 → output\2032\3743\71066.sgf
2026-05-27 17:30:31,228 [INFO]   ✓ qid=71065 → output\2032\3743\71065.sgf
2026-05-27 17:30:35,328 [INFO]   ✓ qid=71056 → output\2032\3743\71056.sgf
2026-05-27 17:30:40,227 [INFO]   ✓ qid=71071 → output\2032\3743\71071.sgf
2026-05-27 17:30:42,965 [INFO]   ✓ qid=71051 → output\2032\3743\71051.sgf
2026-05-27 17:30:46,605 [INFO]   ✓ qid=71068 → output\2032\3743\71068.sgf
2026-05-27 17:30:48,890 [INFO]   ✓ qid=71064 → output\2032\3743\71064.sgf
2026-05-27 17:30:52,440 [INFO]   ✓ qid=49752 → output\2032\3743\49752.sgf
2026-05-27 17:30:55,198 [INFO]   ✓ qid=50091 → output\2032\3743\50091.sgf
2026-05-27 17:30:59,618 [INFO]   ✓ qid=49747 → output\2032\3743\49747.sgf
2026-05-27 17:31:03,111 [INFO]   ✓ qid=49748 → output\2032\3743\49748.sgf
2026-05-27 17:31:05,724 [INFO]   ✓ qid=49749 → output\2032\3743\49749.sgf
2026-05-27 17:31:09,237 [INFO]   ✓ qid=49750 → output\2032\3743\49750.sgf
2026-05-27 17:31:13,188 [INFO]   ✓ qid=49754 → output\2032\3743\49754.sgf
2026-05-27 17:31:16,025 [INFO]   ✓ qid=49753 → output\2032\3743\49753.sgf
2026-05-27 17:31:20,247 [INFO]   ✓ qid=49755 → output\2032\3743\49755.sgf
2026-05-27 17:31:20,248 [INFO]   Capítulo 3744 '打二还一（劫与反提）'
2026-05-27 17:31:26,793 [INFO]   ✓ qid=49741 → output\2032\3744\49741.sgf
2026-05-27 17:31:30,409 [INFO]   ✓ qid=8342 → output\2032\3744\8342.sgf
2026-05-27 17:31:33,798 [INFO]   ✓ qid=9007 → output\2032\3744\9007.sgf
2026-05-27 17:31:37,119 [INFO]   ✓ qid=8587 → output\2032\3744\8587.sgf
2026-05-27 17:31:39,091 [INFO]   ✓ qid=8971 → output\2032\3744\8971.sgf
2026-05-27 17:31:42,383 [INFO]   ✓ qid=75118 → output\2032\3744\75118.sgf
2026-05-27 17:31:45,332 [INFO]   ✓ qid=12539 → output\2032\3744\12539.sgf
2026-05-27 17:31:48,165 [INFO]   ✓ qid=11437 → output\2032\3744\11437.sgf
2026-05-27 17:31:50,158 [INFO]   ✓ qid=12661 → output\2032\3744\12661.sgf
2026-05-27 17:31:52,805 [INFO]   ✓ qid=75113 → output\2032\3744\75113.sgf
2026-05-27 17:31:56,842 [INFO]   ✓ qid=11333 → output\2032\3744\11333.sgf
2026-05-27 17:31:59,517 [INFO]   ✓ qid=51378 → output\2032\3744\51378.sgf
2026-05-27 17:32:03,292 [INFO]   ✓ qid=13427 → output\2032\3744\13427.sgf
2026-05-27 17:32:06,623 [INFO]   ✓ qid=8949 → output\2032\3744\8949.sgf
2026-05-27 17:32:11,131 [INFO]   ✓ qid=8798 → output\2032\3744\8798.sgf
2026-05-27 17:32:14,160 [INFO]   ✓ qid=8585 → output\2032\3744\8585.sgf
2026-05-27 17:32:17,485 [INFO]   ✓ qid=8871 → output\2032\3744\8871.sgf
2026-05-27 17:32:20,118 [INFO]   ✓ qid=8908 → output\2032\3744\8908.sgf
2026-05-27 17:32:24,266 [INFO]   ✓ qid=8310 → output\2032\3744\8310.sgf
2026-05-27 17:32:24,267 [INFO]   Capítulo 3754 '切断'
2026-05-27 17:32:31,219 [INFO]   ✓ qid=51824 → output\2032\3754\51824.sgf
2026-05-27 17:32:33,864 [INFO]   ✓ qid=43413 → output\2032\3754\43413.sgf
2026-05-27 17:32:37,529 [INFO]   ✓ qid=20764 → output\2032\3754\20764.sgf
2026-05-27 17:32:40,863 [INFO]   ✓ qid=57672 → output\2032\3754\57672.sgf
2026-05-27 17:32:43,135 [INFO]   ✓ qid=51825 → output\2032\3754\51825.sgf
2026-05-27 17:32:47,438 [INFO]   ✓ qid=51829 → output\2032\3754\51829.sgf
2026-05-27 17:32:50,983 [INFO]   ✓ qid=51827 → output\2032\3754\51827.sgf
2026-05-27 17:32:53,764 [INFO]   ✓ qid=51828 → output\2032\3754\51828.sgf
2026-05-27 17:32:58,100 [INFO]   ✓ qid=51830 → output\2032\3754\51830.sgf
2026-05-27 17:33:01,642 [INFO]   ✓ qid=51833 → output\2032\3754\51833.sgf
2026-05-27 17:33:05,057 [INFO]   ✓ qid=51832 → output\2032\3754\51832.sgf
2026-05-27 17:33:08,694 [INFO]   ✓ qid=8709 → output\2032\3754\8709.sgf
2026-05-27 17:33:12,648 [INFO]   ✓ qid=8472 → output\2032\3754\8472.sgf
2026-05-27 17:33:14,718 [INFO]   ✓ qid=51831 → output\2032\3754\51831.sgf
2026-05-27 17:33:17,276 [INFO]   ✓ qid=9234 → output\2032\3754\9234.sgf
2026-05-27 17:33:19,454 [INFO]   ✓ qid=9503 → output\2032\3754\9503.sgf
2026-05-27 17:33:22,871 [INFO]   ✓ qid=8937 → output\2032\3754\8937.sgf
2026-05-27 17:33:27,527 [INFO]   ✓ qid=10760 → output\2032\3754\10760.sgf
2026-05-27 17:33:30,067 [INFO]   ✓ qid=8938 → output\2032\3754\8938.sgf
2026-05-27 17:33:31,960 [INFO]   ✓ qid=8188 → output\2032\3754\8188.sgf
2026-05-27 17:33:36,258 [INFO]   ✓ qid=10046 → output\2032\3754\10046.sgf
2026-05-27 17:33:36,259 [INFO]   Capítulo 3756 '二路吃'
2026-05-27 17:33:42,494 [INFO]   ✓ qid=8340 → output\2032\3756\8340.sgf
2026-05-27 17:33:45,070 [INFO]   ✓ qid=10844 → output\2032\3756\10844.sgf
2026-05-27 17:33:50,083 [INFO]   ✓ qid=9429 → output\2032\3756\9429.sgf
2026-05-27 17:33:57,679 [INFO]   ✓ qid=8727 → output\2032\3756\8727.sgf
2026-05-27 17:34:00,131 [INFO]   ✓ qid=9980 → output\2032\3756\9980.sgf
2026-05-27 17:34:02,936 [INFO]   ✓ qid=8675 → output\2032\3756\8675.sgf
2026-05-27 17:34:07,301 [INFO]   ✓ qid=10198 → output\2032\3756\10198.sgf
2026-05-27 17:34:10,528 [INFO]   ✓ qid=9001 → output\2032\3756\9001.sgf
2026-05-27 17:34:15,451 [INFO]   ✓ qid=9662 → output\2032\3756\9662.sgf
2026-05-27 17:34:18,617 [INFO]   ✓ qid=61018 → output\2032\3756\61018.sgf
2026-05-27 17:34:22,969 [INFO]   ✓ qid=8578 → output\2032\3756\8578.sgf
2026-05-27 17:34:25,282 [INFO]   ✓ qid=8251 → output\2032\3756\8251.sgf
2026-05-27 17:34:28,055 [INFO]   ✓ qid=10530 → output\2032\3756\10530.sgf
2026-05-27 17:34:30,537 [INFO]   ✓ qid=20034 → output\2032\3756\20034.sgf
2026-05-27 17:34:33,074 [INFO]   ✓ qid=8257 → output\2032\3756\8257.sgf
2026-05-27 17:34:36,706 [INFO]   ✓ qid=10722 → output\2032\3756\10722.sgf
2026-05-27 17:34:39,551 [INFO]   ✓ qid=9791 → output\2032\3756\9791.sgf
2026-05-27 17:34:41,498 [INFO]   ✓ qid=9527 → output\2032\3756\9527.sgf
2026-05-27 17:34:45,179 [INFO]   ✓ qid=8431 → output\2032\3756\8431.sgf
2026-05-27 17:34:47,233 [INFO]   ✓ qid=8640 → output\2032\3756\8640.sgf
2026-05-27 17:34:50,271 [INFO]   ✓ qid=8649 → output\2032\3756\8649.sgf
2026-05-27 17:34:53,842 [INFO]   ✓ qid=9286 → output\2032\3756\9286.sgf
2026-05-27 17:34:56,959 [INFO]   ✓ qid=10082 → output\2032\3756\10082.sgf
2026-05-27 17:34:59,670 [INFO]   ✓ qid=8978 → output\2032\3756\8978.sgf
2026-05-27 17:35:03,817 [INFO]   ✓ qid=9697 → output\2032\3756\9697.sgf
2026-05-27 17:35:06,057 [INFO]   ✓ qid=9710 → output\2032\3756\9710.sgf
2026-05-27 17:35:09,575 [INFO]   ✓ qid=5146 → output\2032\3756\5146.sgf
2026-05-27 17:35:13,242 [INFO]   ✓ qid=9319 → output\2032\3756\9319.sgf
2026-05-27 17:35:15,185 [INFO]   ✓ qid=8911 → output\2032\3756\8911.sgf
2026-05-27 17:35:17,253 [INFO]   ✓ qid=9618 → output\2032\3756\9618.sgf
2026-05-27 17:35:17,254 [INFO]   Capítulo 3757 '抱吃'
2026-05-27 17:35:24,160 [INFO]   ✓ qid=61377 → output\2032\3757\61377.sgf
2026-05-27 17:35:28,137 [INFO]   ✓ qid=8240 → output\2032\3757\8240.sgf
2026-05-27 17:35:31,521 [INFO]   ✓ qid=8510 → output\2032\3757\8510.sgf
2026-05-27 17:35:34,813 [INFO]   ✓ qid=10026 → output\2032\3757\10026.sgf
2026-05-27 17:35:38,500 [INFO]   ✓ qid=11782 → output\2032\3757\11782.sgf
2026-05-27 17:35:40,552 [INFO]   ✓ qid=8278 → output\2032\3757\8278.sgf
2026-05-27 17:35:42,769 [INFO]   ✓ qid=10967 → output\2032\3757\10967.sgf
2026-05-27 17:35:45,845 [INFO]   ✓ qid=8235 → output\2032\3757\8235.sgf
2026-05-27 17:35:52,978 [INFO]   ✓ qid=8292 → output\2032\3757\8292.sgf
2026-05-27 17:35:56,080 [INFO]   ✓ qid=9815 → output\2032\3757\9815.sgf
2026-05-27 17:35:59,911 [INFO]   ✓ qid=8657 → output\2032\3757\8657.sgf
2026-05-27 17:36:02,727 [INFO]   ✓ qid=8690 → output\2032\3757\8690.sgf
2026-05-27 17:36:06,151 [INFO]   ✓ qid=19941 → output\2032\3757\19941.sgf
2026-05-27 17:36:10,432 [INFO]   ✓ qid=8504 → output\2032\3757\8504.sgf
2026-05-27 17:36:12,354 [INFO]   ✓ qid=8700 → output\2032\3757\8700.sgf
2026-05-27 17:36:14,673 [INFO]   ✓ qid=8247 → output\2032\3757\8247.sgf
2026-05-27 17:36:18,677 [INFO]   ✓ qid=6935 → output\2032\3757\6935.sgf
2026-05-27 17:36:22,307 [INFO]   ✓ qid=9310 → output\2032\3757\9310.sgf
2026-05-27 17:36:26,011 [INFO]   ✓ qid=9096 → output\2032\3757\9096.sgf
2026-05-27 17:36:29,654 [INFO]   ✓ qid=8726 → output\2032\3757\8726.sgf
2026-05-27 17:36:32,711 [INFO]   ✓ qid=10572 → output\2032\3757\10572.sgf
2026-05-27 17:36:35,370 [INFO]   ✓ qid=8654 → output\2032\3757\8654.sgf
2026-05-27 17:36:38,635 [INFO]   ✓ qid=43608 → output\2032\3757\43608.sgf
2026-05-27 17:36:42,888 [INFO]   ✓ qid=4919 → output\2032\3757\4919.sgf
2026-05-27 17:36:42,888 [INFO]   Capítulo 3783 '关门吃'
2026-05-27 17:36:50,221 [INFO]   ✓ qid=9144 → output\2032\3783\9144.sgf
2026-05-27 17:36:53,592 [INFO]   ✓ qid=43314 → output\2032\3783\43314.sgf
2026-05-27 17:36:55,599 [INFO]   ✓ qid=9797 → output\2032\3783\9797.sgf
2026-05-27 17:36:57,815 [INFO]   ✓ qid=8507 → output\2032\3783\8507.sgf
2026-05-27 17:37:01,395 [INFO]   ✓ qid=8297 → output\2032\3783\8297.sgf
2026-05-27 17:37:03,897 [INFO]   ✓ qid=8797 → output\2032\3783\8797.sgf
2026-05-27 17:37:07,286 [INFO]   ✓ qid=9187 → output\2032\3783\9187.sgf
2026-05-27 17:37:11,284 [INFO]   ✓ qid=9659 → output\2032\3783\9659.sgf
2026-05-27 17:37:13,875 [INFO]   ✓ qid=8403 → output\2032\3783\8403.sgf
2026-05-27 17:37:16,092 [INFO]   ✓ qid=19927 → output\2032\3783\19927.sgf
2026-05-27 17:37:19,196 [INFO]   ✓ qid=8737 → output\2032\3783\8737.sgf
2026-05-27 17:37:22,240 [INFO]   ✓ qid=8329 → output\2032\3783\8329.sgf
2026-05-27 17:37:25,110 [INFO]   ✓ qid=8647 → output\2032\3783\8647.sgf
2026-05-27 17:37:28,033 [INFO]   ✓ qid=8253 → output\2032\3783\8253.sgf
2026-05-27 17:37:31,370 [INFO]   ✓ qid=9006 → output\2032\3783\9006.sgf
2026-05-27 17:37:33,747 [INFO]   ✓ qid=10208 → output\2032\3783\10208.sgf
2026-05-27 17:37:36,805 [INFO]   ✓ qid=8577 → output\2032\3783\8577.sgf
2026-05-27 17:37:39,887 [INFO]   ✓ qid=10136 → output\2032\3783\10136.sgf
2026-05-27 17:37:42,505 [INFO]   ✓ qid=9901 → output\2032\3783\9901.sgf
2026-05-27 17:37:44,828 [INFO]   ✓ qid=6960 → output\2032\3783\6960.sgf
2026-05-27 17:37:48,688 [INFO]   ✓ qid=8586 → output\2032\3783\8586.sgf
2026-05-27 17:37:53,063 [INFO]   ✓ qid=8467 → output\2032\3783\8467.sgf
2026-05-27 17:37:56,141 [INFO]   ✓ qid=8565 → output\2032\3783\8565.sgf
2026-05-27 17:37:59,517 [INFO]   ✓ qid=11934 → output\2032\3783\11934.sgf
2026-05-27 17:38:03,145 [WARNING]   qqdata no encontrado en qid=9640
2026-05-27 17:38:06,857 [WARNING]   qqdata no encontrado en qid=9313
2026-05-27 17:38:10,560 [WARNING]   qqdata no encontrado en qid=41987
2026-05-27 17:38:13,844 [WARNING]   qqdata no encontrado en qid=3
2026-05-27 17:38:16,709 [WARNING]   qqdata no encontrado en qid=6946
2026-05-27 17:38:19,596 [WARNING]   qqdata no encontrado en qid=10119
2026-05-27 17:38:22,239 [WARNING]   qqdata no encontrado en qid=43123
2026-05-27 17:38:24,563 [WARNING]   qqdata no encontrado en qid=8312
2026-05-27 17:38:27,064 [WARNING]   qqdata no encontrado en qid=9843
2026-05-27 17:38:27,065 [INFO]   Capítulo 3763 '两眼活棋'
2026-05-27 17:38:33,207 [WARNING]   qqdata no encontrado en qid=28422
2026-05-27 17:38:37,576 [WARNING]   qqdata no encontrado en qid=26107
2026-05-27 17:38:40,541 [WARNING]   qqdata no encontrado en qid=8395
2026-05-27 17:38:42,882 [WARNING]   qqdata no encontrado en qid=12566
2026-05-27 17:38:48,382 [WARNING]   qqdata no encontrado en qid=1145
2026-05-27 17:38:52,959 [WARNING]   qqdata no encontrado en qid=27353
2026-05-27 17:38:57,123 [WARNING]   qqdata no encontrado en qid=10347
2026-05-27 17:39:00,118 [WARNING]   qqdata no encontrado en qid=39656
2026-05-27 17:39:02,765 [WARNING]   qqdata no encontrado en qid=21752
2026-05-27 17:39:05,058 [WARNING]   qqdata no encontrado en qid=20685
2026-05-27 17:39:08,180 [WARNING]   qqdata no encontrado en qid=10428
2026-05-27 17:39:12,810 [WARNING]   qqdata no encontrado en qid=9078
2026-05-27 17:39:15,181 [WARNING]   qqdata no encontrado en qid=10809
2026-05-27 17:39:17,943 [WARNING]   qqdata no encontrado en qid=12274
2026-05-27 17:39:21,849 [WARNING]   qqdata no encontrado en qid=3659
2026-05-27 17:39:24,506 [WARNING]   qqdata no encontrado en qid=1144
2026-05-27 17:39:27,445 [WARNING]   qqdata no encontrado en qid=8336
2026-05-27 17:39:31,692 [WARNING]   qqdata no encontrado en qid=6228
2026-05-27 17:39:36,613 [WARNING]   qqdata no encontrado en qid=12550
2026-05-27 17:39:40,712 [WARNING]   qqdata no encontrado en qid=20988
2026-05-27 17:39:45,128 [WARNING]   qqdata no encontrado en qid=43544
2026-05-27 17:39:50,157 [WARNING]   qqdata no encontrado en qid=11115
2026-05-27 17:39:53,091 [WARNING]   qqdata no encontrado en qid=10794
2026-05-27 17:39:57,500 [WARNING]   qqdata no encontrado en qid=3114
2026-05-27 17:40:00,906 [WARNING]   qqdata no encontrado en qid=43753
2026-05-27 17:40:04,094 [WARNING]   qqdata no encontrado en qid=7065
2026-05-27 17:40:08,212 [WARNING]   qqdata no encontrado en qid=8894
2026-05-27 17:40:08,213 [INFO]   Capítulo 3764 '官子'
2026-05-27 17:40:15,086 [WARNING]   qqdata no encontrado en qid=75284
2026-05-27 17:40:19,740 [WARNING]   qqdata no encontrado en qid=28886
2026-05-27 17:40:24,433 [WARNING]   qqdata no encontrado en qid=43355
2026-05-27 17:40:26,625 [WARNING]   qqdata no encontrado en qid=28887
2026-05-27 17:40:30,682 [WARNING]   qqdata no encontrado en qid=21324
2026-05-27 17:40:34,556 [WARNING]   qqdata no encontrado en qid=7723
2026-05-27 17:40:38,693 [WARNING]   qqdata no encontrado en qid=47230
2026-05-27 17:40:42,998 [WARNING]   qqdata no encontrado en qid=189
2026-05-27 17:40:46,106 [WARNING]   qqdata no encontrado en qid=43317
2026-05-27 17:40:48,888 [WARNING]   qqdata no encontrado en qid=8029
2026-05-27 17:40:52,654 [WARNING]   qqdata no encontrado en qid=41983
2026-05-27 17:40:56,960 [WARNING]   qqdata no encontrado en qid=5700
2026-05-27 17:41:01,219 [WARNING]   qqdata no encontrado en qid=5718
2026-05-27 17:41:01,220 [INFO]   Capítulo 3759 '逃跑的要领'
2026-05-27 17:41:09,195 [WARNING]   qqdata no encontrado en qid=22439
2026-05-27 17:41:14,320 [WARNING]   qqdata no encontrado en qid=9716
2026-05-27 17:41:17,606 [WARNING]   qqdata no encontrado en qid=9250
2026-05-27 17:41:21,437 [WARNING]   qqdata no encontrado en qid=11011
2026-05-27 17:41:25,952 [WARNING]   qqdata no encontrado en qid=11086
2026-05-27 17:41:29,668 [WARNING]   qqdata no encontrado en qid=11207
2026-05-27 17:41:32,803 [WARNING]   qqdata no encontrado en qid=11831
2026-05-27 17:41:36,146 [WARNING]   qqdata no encontrado en qid=8607
2026-05-27 17:41:38,856 [WARNING]   qqdata no encontrado en qid=12184
2026-05-27 17:41:41,482 [WARNING]   qqdata no encontrado en qid=43663
2026-05-27 17:41:45,135 [WARNING]   qqdata no encontrado en qid=5260
2026-05-27 17:41:47,797 [WARNING]   qqdata no encontrado en qid=9235
2026-05-27 17:41:51,451 [WARNING]   qqdata no encontrado en qid=8442
2026-05-27 17:41:54,459 [WARNING]   qqdata no encontrado en qid=9218
2026-05-27 17:41:56,670 [WARNING]   qqdata no encontrado en qid=41996
2026-05-27 17:41:59,815 [WARNING]   qqdata no encontrado en qid=43650
2026-05-27 17:42:04,048 [WARNING]   qqdata no encontrado en qid=8627
2026-05-27 17:42:08,204 [WARNING]   qqdata no encontrado en qid=13113
2026-05-27 17:42:12,370 [WARNING]   qqdata no encontrado en qid=9678
2026-05-27 17:42:16,893 [WARNING]   qqdata no encontrado en qid=12205
2026-05-27 17:42:20,303 [WARNING]   qqdata no encontrado en qid=9907
2026-05-27 17:42:24,494 [WARNING]   qqdata no encontrado en qid=10252
2026-05-27 17:42:24,495 [INFO]   Capítulo 3761 '双打吃'
2026-05-27 17:42:30,149 [WARNING]   qqdata no encontrado en qid=70608
2026-05-27 17:42:33,449 [WARNING]   qqdata no encontrado en qid=70609
2026-05-27 17:42:35,794 [WARNING]   qqdata no encontrado en qid=70610
2026-05-27 17:42:39,190 [WARNING]   qqdata no encontrado en qid=70611
2026-05-27 17:42:43,803 [WARNING]   qqdata no encontrado en qid=70612
2026-05-27 17:42:47,995 [WARNING]   qqdata no encontrado en qid=70613
2026-05-27 17:42:50,471 [WARNING]   qqdata no encontrado en qid=70615
2026-05-27 17:42:53,261 [WARNING]   qqdata no encontrado en qid=70617
2026-05-27 17:42:55,552 [WARNING]   qqdata no encontrado en qid=70618
2026-05-27 17:42:59,151 [WARNING]   qqdata no encontrado en qid=70619
2026-05-27 17:43:03,085 [WARNING]   qqdata no encontrado en qid=70620
2026-05-27 17:43:06,276 [WARNING]   qqdata no encontrado en qid=70621
2026-05-27 17:43:08,803 [WARNING]   qqdata no encontrado en qid=70622
2026-05-27 17:43:11,950 [WARNING]   qqdata no encontrado en qid=70623
2026-05-27 17:43:16,025 [WARNING]   qqdata no encontrado en qid=70624
2026-05-27 17:43:19,473 [WARNING]   qqdata no encontrado en qid=70625
2026-05-27 17:43:23,835 [WARNING]   qqdata no encontrado en qid=70626
2026-05-27 17:43:26,732 [WARNING]   qqdata no encontrado en qid=70629
2026-05-27 17:43:31,743 [WARNING]   qqdata no encontrado en qid=70630
2026-05-27 17:43:36,069 [WARNING]   qqdata no encontrado en qid=70631
2026-05-27 17:43:40,373 [WARNING]   qqdata no encontrado en qid=70632
2026-05-27 17:43:43,117 [WARNING]   qqdata no encontrado en qid=70633
2026-05-27 17:43:47,467 [WARNING]   qqdata no encontrado en qid=70634
2026-05-27 17:43:51,002 [WARNING]   qqdata no encontrado en qid=70635
2026-05-27 17:43:54,028 [WARNING]   qqdata no encontrado en qid=70637
2026-05-27 17:43:58,827 [WARNING]   qqdata no encontrado en qid=70638
2026-05-27 17:44:02,821 [WARNING]   qqdata no encontrado en qid=70641
2026-05-27 17:44:06,767 [WARNING]   qqdata no encontrado en qid=70642
2026-05-27 17:44:10,986 [WARNING]   qqdata no encontrado en qid=70614
2026-05-27 17:44:13,921 [WARNING]   qqdata no encontrado en qid=70643
2026-05-27 17:44:17,145 [WARNING]   qqdata no encontrado en qid=70644
2026-05-27 17:44:21,059 [WARNING]   qqdata no encontrado en qid=70645
2026-05-27 17:44:24,625 [WARNING]   qqdata no encontrado en qid=70647
2026-05-27 17:44:24,625 [INFO]   Capítulo 3766 '扭羊头'
2026-05-27 17:44:31,822 [WARNING]   qqdata no encontrado en qid=4493
2026-05-27 17:44:34,509 [WARNING]   qqdata no encontrado en qid=13841
2026-05-27 17:44:39,203 [WARNING]   qqdata no encontrado en qid=19839
2026-05-27 17:44:42,913 [WARNING]   qqdata no encontrado en qid=10665
2026-05-27 17:44:46,516 [WARNING]   qqdata no encontrado en qid=9159
2026-05-27 17:44:49,540 [WARNING]   qqdata no encontrado en qid=8397
2026-05-27 17:44:54,163 [WARNING]   qqdata no encontrado en qid=8874
2026-05-27 17:44:56,541 [WARNING]   qqdata no encontrado en qid=9149
2026-05-27 17:45:00,759 [WARNING]   qqdata no encontrado en qid=8356
2026-05-27 17:45:03,318 [WARNING]   qqdata no encontrado en qid=61932
2026-05-27 17:45:07,855 [WARNING]   qqdata no encontrado en qid=43409
2026-05-27 17:45:12,469 [WARNING]   qqdata no encontrado en qid=8595
2026-05-27 17:45:16,107 [WARNING]   qqdata no encontrado en qid=50983
2026-05-27 17:45:19,794 [WARNING]   qqdata no encontrado en qid=60827
2026-05-27 17:45:23,153 [WARNING]   qqdata no encontrado en qid=9424
2026-05-27 17:45:25,957 [WARNING]   qqdata no encontrado en qid=8748
2026-05-27 17:45:30,374 [WARNING]   qqdata no encontrado en qid=8969
2026-05-27 17:45:34,502 [WARNING]   qqdata no encontrado en qid=50536
2026-05-27 17:45:37,995 [WARNING]   qqdata no encontrado en qid=9820
2026-05-27 17:45:42,380 [WARNING]   qqdata no encontrado en qid=21266
2026-05-27 17:45:46,016 [WARNING]   qqdata no encontrado en qid=9039
2026-05-27 17:45:48,780 [WARNING]   qqdata no encontrado en qid=52701
2026-05-27 17:45:53,124 [WARNING]   qqdata no encontrado en qid=20003
2026-05-27 17:45:56,141 [WARNING]   qqdata no encontrado en qid=21265
2026-05-27 17:45:58,423 [WARNING]   qqdata no encontrado en qid=43336
2026-05-27 17:46:01,450 [WARNING]   qqdata no encontrado en qid=43334
2026-05-27 17:46:04,679 [WARNING]   qqdata no encontrado en qid=14337
2026-05-27 17:46:08,352 [WARNING]   qqdata no encontrado en qid=42818
2026-05-27 17:46:08,353 [INFO]   Capítulo 3767 '枷吃'
2026-05-27 17:46:15,622 [WARNING]   qqdata no encontrado en qid=181
2026-05-27 17:46:19,179 [WARNING]   qqdata no encontrado en qid=5710
2026-05-27 17:46:22,202 [WARNING]   qqdata no encontrado en qid=8314
2026-05-27 17:46:24,978 [WARNING]   qqdata no encontrado en qid=54248
2026-05-27 17:46:27,665 [WARNING]   qqdata no encontrado en qid=19985
2026-05-27 17:46:32,069 [WARNING]   qqdata no encontrado en qid=28396
2026-05-27 17:46:36,343 [WARNING]   qqdata no encontrado en qid=19986
2026-05-27 17:46:39,169 [WARNING]   qqdata no encontrado en qid=19987
2026-05-27 17:46:43,054 [WARNING]   qqdata no encontrado en qid=60829
2026-05-27 17:46:46,476 [WARNING]   qqdata no encontrado en qid=60830
2026-05-27 17:46:49,835 [WARNING]   qqdata no encontrado en qid=54262
2026-05-27 17:46:53,497 [WARNING]   qqdata no encontrado en qid=9675
2026-05-27 17:46:57,118 [WARNING]   qqdata no encontrado en qid=5285
2026-05-27 17:47:00,026 [WARNING]   qqdata no encontrado en qid=9513
2026-05-27 17:47:04,252 [WARNING]   qqdata no encontrado en qid=10697
2026-05-27 17:47:06,920 [WARNING]   qqdata no encontrado en qid=11505
2026-05-27 17:47:10,249 [WARNING]   qqdata no encontrado en qid=9576
2026-05-27 17:47:13,377 [WARNING]   qqdata no encontrado en qid=51039
2026-05-27 17:47:17,910 [WARNING]   qqdata no encontrado en qid=43307
2026-05-27 17:47:22,516 [WARNING]   qqdata no encontrado en qid=3733
2026-05-27 17:47:25,521 [WARNING]   qqdata no encontrado en qid=9342
2026-05-27 17:47:27,781 [WARNING]   qqdata no encontrado en qid=10986
2026-05-27 17:47:33,189 [WARNING]   qqdata no encontrado en qid=19916
2026-05-27 17:47:37,354 [WARNING]   qqdata no encontrado en qid=19990
2026-05-27 17:47:39,787 [WARNING]   qqdata no encontrado en qid=10024
2026-05-27 17:47:44,127 [WARNING]   qqdata no encontrado en qid=9268
2026-05-27 17:47:46,352 [WARNING]   qqdata no encontrado en qid=19996
2026-05-27 17:47:49,641 [WARNING]   qqdata no encontrado en qid=10755
2026-05-27 17:47:52,307 [WARNING]   qqdata no encontrado en qid=9592
2026-05-27 17:47:55,707 [WARNING]   qqdata no encontrado en qid=10302
2026-05-27 17:47:58,788 [WARNING]   qqdata no encontrado en qid=147
2026-05-27 17:48:02,013 [WARNING]   qqdata no encontrado en qid=22477
2026-05-27 17:48:04,552 [WARNING]   qqdata no encontrado en qid=10516
2026-05-27 17:48:07,980 [WARNING]   qqdata no encontrado en qid=13138
2026-05-27 17:48:11,143 [WARNING]   qqdata no encontrado en qid=9894
2026-05-27 17:48:11,144 [INFO]   Capítulo 3768 '接不归'
2026-05-27 17:48:17,494 [WARNING]   qqdata no encontrado en qid=8231
2026-05-27 17:48:21,585 [WARNING]   qqdata no encontrado en qid=61582
2026-05-27 17:48:26,155 [WARNING]   qqdata no encontrado en qid=8263
2026-05-27 17:48:28,426 [WARNING]   qqdata no encontrado en qid=8319
2026-05-27 17:48:32,652 [WARNING]   qqdata no encontrado en qid=8326
2026-05-27 17:48:35,707 [WARNING]   qqdata no encontrado en qid=11853
2026-05-27 17:48:38,140 [WARNING]   qqdata no encontrado en qid=9643
2026-05-27 17:48:42,695 [WARNING]   qqdata no encontrado en qid=9821
2026-05-27 17:48:45,679 [WARNING]   qqdata no encontrado en qid=8531
2026-05-27 17:48:48,804 [WARNING]   qqdata no encontrado en qid=9757
2026-05-27 17:48:53,224 [WARNING]   qqdata no encontrado en qid=9759
2026-05-27 17:48:55,589 [WARNING]   qqdata no encontrado en qid=11439
2026-05-27 17:48:59,757 [WARNING]   qqdata no encontrado en qid=12504
2026-05-27 17:49:04,017 [WARNING]   qqdata no encontrado en qid=9622
2026-05-27 17:49:07,423 [WARNING]   qqdata no encontrado en qid=8294
2026-05-27 17:49:10,323 [WARNING]   qqdata no encontrado en qid=12019
2026-05-27 17:49:14,864 [WARNING]   qqdata no encontrado en qid=9563
2026-05-27 17:49:18,501 [WARNING]   qqdata no encontrado en qid=9670
2026-05-27 17:49:23,212 [WARNING]   qqdata no encontrado en qid=11836
2026-05-27 17:49:27,560 [WARNING]   qqdata no encontrado en qid=10831
2026-05-27 17:49:32,587 [WARNING]   qqdata no encontrado en qid=8194
2026-05-27 17:49:35,159 [WARNING]   qqdata no encontrado en qid=8505
2026-05-27 17:49:39,687 [WARNING]   qqdata no encontrado en qid=8323
2026-05-27 17:49:42,900 [WARNING]   qqdata no encontrado en qid=8717
2026-05-27 17:49:45,085 [WARNING]   qqdata no encontrado en qid=8181
2026-05-27 17:49:48,548 [WARNING]   qqdata no encontrado en qid=8684
2026-05-27 17:49:52,869 [WARNING]   qqdata no encontrado en qid=8236
2026-05-27 17:49:56,403 [WARNING]   qqdata no encontrado en qid=8302
2026-05-27 17:49:59,442 [WARNING]   qqdata no encontrado en qid=8304
2026-05-27 17:50:04,212 [WARNING]   qqdata no encontrado en qid=9427
2026-05-27 17:50:08,779 [WARNING]   qqdata no encontrado en qid=8295
2026-05-27 17:50:12,215 [WARNING]   qqdata no encontrado en qid=8458
2026-05-27 17:50:14,669 [WARNING]   qqdata no encontrado en qid=9846
2026-05-27 17:50:17,348 [WARNING]   qqdata no encontrado en qid=11021
2026-05-27 17:50:19,617 [WARNING]   qqdata no encontrado en qid=9241
2026-05-27 17:50:24,398 [WARNING]   qqdata no encontrado en qid=11953
2026-05-27 17:50:28,906 [WARNING]   qqdata no encontrado en qid=21274
2026-05-27 17:50:28,907 [INFO]   Capítulo 3770 '倒扑'
2026-05-27 17:50:36,298 [WARNING]   qqdata no encontrado en qid=62128
2026-05-27 17:50:38,661 [WARNING]   qqdata no encontrado en qid=12077
2026-05-27 17:50:42,052 [WARNING]   qqdata no encontrado en qid=8680
2026-05-27 17:50:47,196 [WARNING]   qqdata no encontrado en qid=21993
2026-05-27 17:50:51,368 [WARNING]   qqdata no encontrado en qid=9100
2026-05-27 17:50:57,410 [WARNING]   qqdata no encontrado en qid=9715
2026-05-27 17:51:00,519 [WARNING]   qqdata no encontrado en qid=9246
2026-05-27 17:51:04,018 [WARNING]   qqdata no encontrado en qid=9663
2026-05-27 17:51:08,485 [WARNING]   qqdata no encontrado en qid=9599
2026-05-27 17:51:12,004 [WARNING]   qqdata no encontrado en qid=9990
2026-05-27 17:51:14,662 [WARNING]   qqdata no encontrado en qid=8878
2026-05-27 17:51:18,976 [WARNING]   qqdata no encontrado en qid=27363
2026-05-27 17:51:21,773 [WARNING]   qqdata no encontrado en qid=22481
2026-05-27 17:51:27,269 [WARNING]   qqdata no encontrado en qid=228
2026-05-27 17:51:30,985 [WARNING]   qqdata no encontrado en qid=11652
2026-05-27 17:51:34,423 [WARNING]   qqdata no encontrado en qid=10101
2026-05-27 17:51:37,806 [WARNING]   qqdata no encontrado en qid=20020
2026-05-27 17:51:40,834 [WARNING]   qqdata no encontrado en qid=10071
2026-05-27 17:51:45,277 [WARNING]   qqdata no encontrado en qid=8357
2026-05-27 17:51:48,355 [WARNING]   qqdata no encontrado en qid=3715
2026-05-27 17:51:53,258 [WARNING]   qqdata no encontrado en qid=8962
2026-05-27 17:51:55,587 [WARNING]   qqdata no encontrado en qid=9180
2026-05-27 17:51:59,241 [WARNING]   qqdata no encontrado en qid=9473
2026-05-27 17:52:01,698 [WARNING]   qqdata no encontrado en qid=11217
2026-05-27 17:52:05,230 [WARNING]   qqdata no encontrado en qid=11841
2026-05-27 17:52:08,453 [WARNING]   qqdata no encontrado en qid=52443
2026-05-27 17:52:11,963 [WARNING]   qqdata no encontrado en qid=130
2026-05-27 17:52:17,007 [WARNING]   qqdata no encontrado en qid=129
2026-05-27 17:52:19,975 [WARNING]   qqdata no encontrado en qid=68410
2026-05-27 17:52:23,614 [WARNING]   qqdata no encontrado en qid=15715
2026-05-27 17:52:27,890 [WARNING]   qqdata no encontrado en qid=50509
2026-05-27 17:52:32,119 [WARNING]   qqdata no encontrado en qid=42968
2026-05-27 17:52:36,472 [WARNING]   qqdata no encontrado en qid=27540
2026-05-27 17:52:40,705 [WARNING]   qqdata no encontrado en qid=13240
2026-05-27 17:52:44,246 [WARNING]   qqdata no encontrado en qid=28112
2026-05-27 17:52:44,247 [INFO]   Capítulo 3772 '双活'
2026-05-27 17:52:51,865 [WARNING]   qqdata no encontrado en qid=20197
2026-05-27 17:52:54,133 [WARNING]   qqdata no encontrado en qid=11423
2026-05-27 17:52:57,714 [WARNING]   qqdata no encontrado en qid=9307
2026-05-27 17:53:02,324 [WARNING]   qqdata no encontrado en qid=4426
2026-05-27 17:53:05,402 [WARNING]   qqdata no encontrado en qid=9741
2026-05-27 17:53:09,145 [WARNING]   qqdata no encontrado en qid=10675
2026-05-27 17:53:13,264 [WARNING]   qqdata no encontrado en qid=1404
2026-05-27 17:53:16,419 [WARNING]   qqdata no encontrado en qid=9377
2026-05-27 17:53:19,582 [WARNING]   qqdata no encontrado en qid=12922
2026-05-27 17:53:23,637 [WARNING]   qqdata no encontrado en qid=5116
2026-05-27 17:53:27,781 [WARNING]   qqdata no encontrado en qid=7722
2026-05-27 17:53:31,400 [WARNING]   qqdata no encontrado en qid=20218
2026-05-27 17:53:34,549 [WARNING]   qqdata no encontrado en qid=3109
2026-05-27 17:53:39,003 [WARNING]   qqdata no encontrado en qid=9280
2026-05-27 17:53:43,546 [WARNING]   qqdata no encontrado en qid=51253
2026-05-27 17:53:46,256 [WARNING]   qqdata no encontrado en qid=22104
2026-05-27 17:53:49,583 [WARNING]   qqdata no encontrado en qid=6421
2026-05-27 17:53:53,416 [WARNING]   qqdata no encontrado en qid=7369
2026-05-27 17:53:57,628 [WARNING]   qqdata no encontrado en qid=10555
2026-05-27 17:54:03,907 [WARNING]   qqdata no encontrado en qid=1439
2026-05-27 17:54:06,990 [WARNING]   qqdata no encontrado en qid=8355
2026-05-27 17:54:11,610 [WARNING]   qqdata no encontrado en qid=11182
2026-05-27 17:54:11,610 [INFO]   Capítulo 130451 '金角银边'
2026-05-27 17:54:15,514 [WARNING]   Sin problemas en capítulo 130451
2026-05-27 17:54:15,515 [INFO]   Capítulo 130452 '三线四线'
2026-05-27 17:54:18,637 [WARNING]   Sin problemas en capítulo 130452
2026-05-27 17:54:18,638 [INFO]   Capítulo 130453 '小飞'
2026-05-27 17:54:20,569 [WARNING]   Sin problemas en capítulo 130453
2026-05-27 17:54:20,569 [INFO]   Capítulo 130454 '拆二'
2026-05-27 17:54:24,761 [WARNING]   Sin problemas en capítulo 130454
2026-05-27 17:54:24,762 [INFO]   Capítulo 133138 '地盘胜负'
2026-05-27 17:54:27,619 [WARNING]   Sin problemas en capítulo 133138
2026-05-27 17:54:27,620 [INFO]   Capítulo 134673 '假眼'
2026-05-27 17:54:30,653 [WARNING]   Sin problemas en capítulo 134673
2026-05-27 17:54:30,654 [INFO]   Capítulo 134674 '扑破眼'
2026-05-27 17:54:32,819 [WARNING]   Sin problemas en capítulo 134674
2026-05-27 17:54:32,820 [INFO]   Capítulo 139125 '根目录'
2026-05-27 17:54:35,894 [WARNING]   Sin problemas en capítulo 139125
2026-05-27 17:54:35,894 [INFO]   Libro 2032 completado: 300 OK, 261 fallidos
2026-05-27 17:54:35,895 [INFO] Libro 34103 — https://www.101weiqi.com/book/34103/
2026-05-27 17:54:38,407 [INFO]   '101启蒙吃子练习' — 4 capítulos
2026-05-27 17:54:38,408 [INFO]   Capítulo 31810 '入门吃子'
2026-05-27 17:54:46,890 [WARNING]   qqdata no encontrado en qid=223680
2026-05-27 17:54:49,329 [WARNING]   qqdata no encontrado en qid=223736
2026-05-27 17:54:53,342 [WARNING]   qqdata no encontrado en qid=223714
2026-05-27 17:54:57,065 [WARNING]   qqdata no encontrado en qid=51586
2026-05-27 17:55:00,559 [WARNING]   qqdata no encontrado en qid=223673
2026-05-27 17:55:03,876 [WARNING]   qqdata no encontrado en qid=223762
2026-05-27 17:55:07,249 [WARNING]   qqdata no encontrado en qid=223684
2026-05-27 17:55:10,238 [WARNING]   qqdata no encontrado en qid=223756
2026-05-27 17:55:14,874 [WARNING]   qqdata no encontrado en qid=223677
2026-05-27 17:55:18,175 [WARNING]   qqdata no encontrado en qid=223775
2026-05-27 17:55:21,542 [WARNING]   qqdata no encontrado en qid=61279
2026-05-27 17:55:26,082 [WARNING]   qqdata no encontrado en qid=223815
2026-05-27 17:55:29,482 [WARNING]   qqdata no encontrado en qid=223671
2026-05-27 17:55:32,229 [WARNING]   qqdata no encontrado en qid=223763
2026-05-27 17:55:36,942 [WARNING]   qqdata no encontrado en qid=223764
2026-05-27 17:55:41,410 [WARNING]   qqdata no encontrado en qid=223774
2026-05-27 17:55:45,585 [WARNING]   qqdata no encontrado en qid=223769
2026-05-27 17:55:49,626 [WARNING]   qqdata no encontrado en qid=223771
2026-05-27 17:55:52,535 [WARNING]   qqdata no encontrado en qid=223772
2026-05-27 17:55:56,362 [WARNING]   qqdata no encontrado en qid=223776
2026-05-27 17:56:00,661 [WARNING]   qqdata no encontrado en qid=223770
2026-05-27 17:56:03,640 [WARNING]   qqdata no encontrado en qid=223779
2026-05-27 17:56:08,237 [WARNING]   qqdata no encontrado en qid=223781
2026-05-27 17:56:12,210 [WARNING]   qqdata no encontrado en qid=223784
2026-05-27 17:56:15,098 [WARNING]   qqdata no encontrado en qid=223785
2026-05-27 17:56:18,440 [WARNING]   qqdata no encontrado en qid=223786
2026-05-27 17:56:24,323 [WARNING]   qqdata no encontrado en qid=223788
2026-05-27 17:56:30,244 [WARNING]   qqdata no encontrado en qid=223789
2026-05-27 17:56:35,085 [WARNING]   qqdata no encontrado en qid=223792
2026-05-27 17:56:38,442 [WARNING]   qqdata no encontrado en qid=223793
2026-05-27 17:56:42,060 [WARNING]   qqdata no encontrado en qid=223795
2026-05-27 17:56:45,869 [WARNING]   qqdata no encontrado en qid=223797
2026-05-27 17:56:49,574 [WARNING]   qqdata no encontrado en qid=223799
2026-05-27 17:56:53,259 [WARNING]   qqdata no encontrado en qid=223802
2026-05-27 17:56:57,401 [WARNING]   qqdata no encontrado en qid=223717
2026-05-27 17:57:02,232 [WARNING]   qqdata no encontrado en qid=223768
2026-05-27 17:57:06,523 [WARNING]   qqdata no encontrado en qid=223713
2026-05-27 17:57:09,386 [WARNING]   qqdata no encontrado en qid=223664
2026-05-27 17:57:12,427 [WARNING]   qqdata no encontrado en qid=223665
2026-05-27 17:57:16,644 [WARNING]   qqdata no encontrado en qid=223657
2026-05-27 17:57:20,820 [WARNING]   qqdata no encontrado en qid=223659
2026-05-27 17:57:25,429 [WARNING]   qqdata no encontrado en qid=223652
2026-05-27 17:57:29,194 [WARNING]   qqdata no encontrado en qid=8054
2026-05-27 17:57:33,406 [WARNING]   qqdata no encontrado en qid=51587
2026-05-27 17:57:37,514 [WARNING]   qqdata no encontrado en qid=223666
2026-05-27 17:57:41,881 [WARNING]   qqdata no encontrado en qid=158788
2026-05-27 17:57:45,214 [WARNING]   qqdata no encontrado en qid=129929
2026-05-27 17:57:50,716 [WARNING]   qqdata no encontrado en qid=129930
2026-05-27 17:57:54,853 [WARNING]   qqdata no encontrado en qid=223648
2026-05-27 17:57:59,708 [WARNING]   qqdata no encontrado en qid=223650
2026-05-27 17:58:02,640 [WARNING]   qqdata no encontrado en qid=223670
2026-05-27 17:58:05,111 [WARNING]   qqdata no encontrado en qid=223674
2026-05-27 17:58:08,986 [WARNING]   qqdata no encontrado en qid=223681
2026-05-27 17:58:12,994 [WARNING]   qqdata no encontrado en qid=223682
2026-05-27 17:58:16,430 [WARNING]   qqdata no encontrado en qid=223685
2026-05-27 17:58:19,107 [WARNING]   qqdata no encontrado en qid=223686
2026-05-27 17:58:22,787 [WARNING]   qqdata no encontrado en qid=223687
2026-05-27 17:58:26,758 [WARNING]   qqdata no encontrado en qid=223692
2026-05-27 17:58:31,031 [WARNING]   qqdata no encontrado en qid=223720
2026-05-27 17:58:33,753 [WARNING]   qqdata no encontrado en qid=223722
2026-05-27 17:58:33,754 [INFO]   Capítulo 30412 '基础吃子'
2026-05-27 17:58:44,728 [WARNING]   qqdata no encontrado en qid=166422
2026-05-27 17:58:48,944 [WARNING]   qqdata no encontrado en qid=166418
2026-05-27 17:58:52,723 [WARNING]   qqdata no encontrado en qid=166416
2026-05-27 17:58:56,127 [WARNING]   qqdata no encontrado en qid=166413
2026-05-27 17:59:00,351 [WARNING]   qqdata no encontrado en qid=161817
2026-05-27 17:59:03,355 [WARNING]   qqdata no encontrado en qid=161806
2026-05-27 17:59:06,202 [WARNING]   qqdata no encontrado en qid=141997
2026-05-27 17:59:10,780 [WARNING]   qqdata no encontrado en qid=135806
2026-05-27 17:59:14,474 [WARNING]   qqdata no encontrado en qid=131078
2026-05-27 17:59:18,356 [WARNING]   qqdata no encontrado en qid=128103
2026-05-27 17:59:24,624 [WARNING]   qqdata no encontrado en qid=104469
2026-05-27 17:59:26,858 [WARNING]   qqdata no encontrado en qid=104461
2026-05-27 17:59:34,679 [WARNING]   qqdata no encontrado en qid=104389
2026-05-27 17:59:37,252 [WARNING]   qqdata no encontrado en qid=100687
2026-05-27 17:59:40,164 [WARNING]   qqdata no encontrado en qid=76958
2026-05-27 17:59:43,030 [WARNING]   qqdata no encontrado en qid=76924
2026-05-27 17:59:45,958 [WARNING]   qqdata no encontrado en qid=76863
2026-05-27 17:59:50,238 [WARNING]   qqdata no encontrado en qid=76844
2026-05-27 17:59:53,009 [WARNING]   qqdata no encontrado en qid=76800
2026-05-27 17:59:55,437 [WARNING]   qqdata no encontrado en qid=76797
2026-05-27 17:59:57,817 [WARNING]   qqdata no encontrado en qid=76788
2026-05-27 18:00:01,717 [WARNING]   qqdata no encontrado en qid=70217
2026-05-27 18:00:05,065 [WARNING]   qqdata no encontrado en qid=70216
2026-05-27 18:00:08,241 [WARNING]   qqdata no encontrado en qid=68036
2026-05-27 18:00:11,415 [WARNING]   qqdata no encontrado en qid=66610
2026-05-27 18:00:15,163 [WARNING]   qqdata no encontrado en qid=65557
2026-05-27 18:00:18,780 [WARNING]   qqdata no encontrado en qid=62731
2026-05-27 18:00:22,372 [WARNING]   qqdata no encontrado en qid=62716
2026-05-27 18:00:26,098 [WARNING]   qqdata no encontrado en qid=62711
2026-05-27 18:00:28,710 [WARNING]   qqdata no encontrado en qid=62708
2026-05-27 18:00:33,831 [WARNING]   qqdata no encontrado en qid=62705
2026-05-27 18:00:38,517 [WARNING]   qqdata no encontrado en qid=62702
2026-05-27 18:00:42,006 [WARNING]   qqdata no encontrado en qid=62697
2026-05-27 18:00:46,568 [WARNING]   qqdata no encontrado en qid=62695
2026-05-27 18:00:48,889 [WARNING]   qqdata no encontrado en qid=62685
2026-05-27 18:00:52,250 [WARNING]   qqdata no encontrado en qid=62682
2026-05-27 18:00:56,635 [WARNING]   qqdata no encontrado en qid=61552
2026-05-27 18:00:59,951 [WARNING]   qqdata no encontrado en qid=61547
2026-05-27 18:01:04,020 [WARNING]   qqdata no encontrado en qid=61529
2026-05-27 18:01:06,493 [WARNING]   qqdata no encontrado en qid=61527
2026-05-27 18:01:09,339 [WARNING]   qqdata no encontrado en qid=61416
2026-05-27 18:01:11,910 [WARNING]   qqdata no encontrado en qid=53806
2026-05-27 18:01:15,550 [WARNING]   qqdata no encontrado en qid=49804
2026-05-27 18:01:18,951 [WARNING]   qqdata no encontrado en qid=49736
2026-05-27 18:01:22,830 [WARNING]   qqdata no encontrado en qid=49731
2026-05-27 18:01:25,791 [WARNING]   qqdata no encontrado en qid=39664
2026-05-27 18:01:28,156 [WARNING]   qqdata no encontrado en qid=28957
2026-05-27 18:01:32,521 [WARNING]   qqdata no encontrado en qid=28277
2026-05-27 18:01:35,186 [WARNING]   qqdata no encontrado en qid=20725
2026-05-27 18:01:38,803 [WARNING]   qqdata no encontrado en qid=10966
2026-05-27 18:01:43,129 [WARNING]   qqdata no encontrado en qid=9113
2026-05-27 18:01:46,302 [WARNING]   qqdata no encontrado en qid=9092
2026-05-27 18:01:50,060 [WARNING]   qqdata no encontrado en qid=9066
2026-05-27 18:01:53,999 [WARNING]   qqdata no encontrado en qid=9017
2026-05-27 18:01:57,373 [WARNING]   qqdata no encontrado en qid=8776
2026-05-27 18:01:59,675 [WARNING]   qqdata no encontrado en qid=8330
2026-05-27 18:02:03,211 [WARNING]   qqdata no encontrado en qid=8248
2026-05-27 18:02:07,129 [WARNING]   qqdata no encontrado en qid=200134
2026-05-27 18:02:09,421 [WARNING]   qqdata no encontrado en qid=166421
2026-05-27 18:02:13,757 [WARNING]   qqdata no encontrado en qid=166420
2026-05-27 18:02:13,758 [INFO]   Capítulo 30695 '逃子'
2026-05-27 18:02:21,065 [WARNING]   qqdata no encontrado en qid=219518
2026-05-27 18:02:25,390 [WARNING]   qqdata no encontrado en qid=219513
2026-05-27 18:02:30,399 [WARNING]   qqdata no encontrado en qid=219505
2026-05-27 18:02:35,201 [WARNING]   qqdata no encontrado en qid=219500
2026-05-27 18:02:37,575 [WARNING]   qqdata no encontrado en qid=219498
2026-05-27 18:02:40,903 [WARNING]   qqdata no encontrado en qid=219489
2026-05-27 18:02:43,616 [WARNING]   qqdata no encontrado en qid=219482
2026-05-27 18:02:47,861 [WARNING]   qqdata no encontrado en qid=219481
2026-05-27 18:02:51,254 [WARNING]   qqdata no encontrado en qid=219480
2026-05-27 18:02:53,882 [WARNING]   qqdata no encontrado en qid=219479
2026-05-27 18:02:58,052 [WARNING]   qqdata no encontrado en qid=219477
2026-05-27 18:03:02,557 [WARNING]   qqdata no encontrado en qid=219476
2026-05-27 18:03:05,277 [WARNING]   qqdata no encontrado en qid=219474
2026-05-27 18:03:10,362 [WARNING]   qqdata no encontrado en qid=219473
2026-05-27 18:03:13,167 [WARNING]   qqdata no encontrado en qid=219472
2026-05-27 18:03:16,624 [WARNING]   qqdata no encontrado en qid=219471
2026-05-27 18:03:20,483 [WARNING]   qqdata no encontrado en qid=219469
2026-05-27 18:03:24,683 [WARNING]   qqdata no encontrado en qid=219468
2026-05-27 18:03:29,082 [WARNING]   qqdata no encontrado en qid=219467
2026-05-27 18:03:33,388 [WARNING]   qqdata no encontrado en qid=219466
2026-05-27 18:03:37,496 [WARNING]   qqdata no encontrado en qid=219465
2026-05-27 18:03:42,653 [WARNING]   qqdata no encontrado en qid=219464
2026-05-27 18:03:45,406 [WARNING]   qqdata no encontrado en qid=219463
2026-05-27 18:03:48,036 [WARNING]   qqdata no encontrado en qid=219462
2026-05-27 18:03:52,394 [WARNING]   qqdata no encontrado en qid=219461
2026-05-27 18:03:57,067 [WARNING]   qqdata no encontrado en qid=219459
2026-05-27 18:04:00,853 [WARNING]   qqdata no encontrado en qid=219458
2026-05-27 18:04:03,907 [WARNING]   qqdata no encontrado en qid=219456
2026-05-27 18:04:08,456 [WARNING]   qqdata no encontrado en qid=219454
2026-05-27 18:04:11,825 [WARNING]   qqdata no encontrado en qid=219453
2026-05-27 18:04:15,268 [WARNING]   qqdata no encontrado en qid=219452
2026-05-27 18:04:19,343 [WARNING]   qqdata no encontrado en qid=219451
2026-05-27 18:04:24,317 [WARNING]   qqdata no encontrado en qid=219450
2026-05-27 18:04:27,923 [WARNING]   qqdata no encontrado en qid=219449
2026-05-27 18:04:30,517 [WARNING]   qqdata no encontrado en qid=219448
2026-05-27 18:04:33,144 [WARNING]   qqdata no encontrado en qid=219446
2026-05-27 18:04:35,928 [WARNING]   qqdata no encontrado en qid=219445
2026-05-27 18:04:40,892 [WARNING]   qqdata no encontrado en qid=219444
2026-05-27 18:04:45,398 [WARNING]   qqdata no encontrado en qid=219443
2026-05-27 18:04:45,399 [INFO]   Capítulo 30698 '手筋吃子'
2026-05-27 18:04:52,560 [WARNING]   qqdata no encontrado en qid=219561
2026-05-27 18:04:55,543 [WARNING]   qqdata no encontrado en qid=219560
2026-05-27 18:04:57,744 [WARNING]   qqdata no encontrado en qid=219559
2026-05-27 18:05:01,427 [WARNING]   qqdata no encontrado en qid=219556
2026-05-27 18:05:05,591 [WARNING]   qqdata no encontrado en qid=219554
2026-05-27 18:05:09,314 [WARNING]   qqdata no encontrado en qid=219553
2026-05-27 18:05:12,188 [WARNING]   qqdata no encontrado en qid=219552
2026-05-27 18:05:15,222 [WARNING]   qqdata no encontrado en qid=219551
2026-05-27 18:05:19,264 [WARNING]   qqdata no encontrado en qid=219550
2026-05-27 18:05:22,488 [WARNING]   qqdata no encontrado en qid=219549
2026-05-27 18:05:26,923 [WARNING]   qqdata no encontrado en qid=219548
2026-05-27 18:05:30,840 [WARNING]   qqdata no encontrado en qid=219547
2026-05-27 18:05:34,166 [WARNING]   qqdata no encontrado en qid=219546
2026-05-27 18:05:38,150 [WARNING]   qqdata no encontrado en qid=219545
2026-05-27 18:05:42,097 [WARNING]   qqdata no encontrado en qid=219544
2026-05-27 18:05:44,760 [WARNING]   qqdata no encontrado en qid=219543
2026-05-27 18:05:48,791 [WARNING]   qqdata no encontrado en qid=219540
2026-05-27 18:05:53,467 [WARNING]   qqdata no encontrado en qid=219539
2026-05-27 18:05:57,641 [WARNING]   qqdata no encontrado en qid=219538
2026-05-27 18:06:00,160 [WARNING]   qqdata no encontrado en qid=219537
2026-05-27 18:06:02,918 [WARNING]   qqdata no encontrado en qid=219536
2026-05-27 18:06:05,441 [WARNING]   qqdata no encontrado en qid=219535
2026-05-27 18:06:08,634 [WARNING]   qqdata no encontrado en qid=219532
2026-05-27 18:06:11,890 [WARNING]   qqdata no encontrado en qid=219531
2026-05-27 18:06:16,064 [WARNING]   qqdata no encontrado en qid=219530
2026-05-27 18:06:19,012 [WARNING]   qqdata no encontrado en qid=219529
2026-05-27 18:06:23,392 [WARNING]   qqdata no encontrado en qid=219528
2026-05-27 18:06:26,837 [WARNING]   qqdata no encontrado en qid=219527
2026-05-27 18:06:30,746 [WARNING]   qqdata no encontrado en qid=219526
2026-05-27 18:06:35,147 [WARNING]   qqdata no encontrado en qid=219523
2026-05-27 18:06:38,491 [WARNING]   qqdata no encontrado en qid=219525
2026-05-27 18:06:42,265 [WARNING]   qqdata no encontrado en qid=219541
2026-05-27 18:06:42,266 [INFO]   Libro 34103 completado: 0 OK, 191 fallidos
2026-05-27 18:06:42,267 [INFO] Libro 5121 — https://www.101weiqi.com/book/5121/
2026-05-27 18:06:45,688 [INFO]   '叶老师围棋入门班' — 29 capítulos
2026-05-27 18:06:45,689 [INFO]   Capítulo 8973 '气、吃子'
2026-05-27 18:06:53,957 [WARNING]   qqdata no encontrado en qid=28957
2026-05-27 18:06:57,896 [WARNING]   qqdata no encontrado en qid=9124
2026-05-27 18:07:00,539 [WARNING]   qqdata no encontrado en qid=8593
2026-05-27 18:07:03,342 [WARNING]   qqdata no encontrado en qid=8274
2026-05-27 18:07:07,225 [WARNING]   qqdata no encontrado en qid=8374
2026-05-27 18:07:10,676 [WARNING]   qqdata no encontrado en qid=8767
2026-05-27 18:07:15,344 [WARNING]   qqdata no encontrado en qid=9169
2026-05-27 18:07:18,002 [WARNING]   qqdata no encontrado en qid=43324
2026-05-27 18:07:20,574 [WARNING]   qqdata no encontrado en qid=9046
2026-05-27 18:07:24,206 [WARNING]   qqdata no encontrado en qid=8457
2026-05-27 18:07:27,547 [WARNING]   qqdata no encontrado en qid=8956
2026-05-27 18:07:30,001 [WARNING]   qqdata no encontrado en qid=8908
2026-05-27 18:07:34,557 [WARNING]   qqdata no encontrado en qid=8841
2026-05-27 18:07:38,517 [WARNING]   qqdata no encontrado en qid=8174
2026-05-27 18:07:41,273 [WARNING]   qqdata no encontrado en qid=51931
2026-05-27 18:07:43,649 [WARNING]   qqdata no encontrado en qid=9152
2026-05-27 18:07:46,852 [WARNING]   qqdata no encontrado en qid=9049
2026-05-27 18:07:51,222 [WARNING]   qqdata no encontrado en qid=17985
2026-05-27 18:07:55,460 [WARNING]   qqdata no encontrado en qid=8435
2026-05-27 18:07:58,545 [WARNING]   qqdata no encontrado en qid=49915
2026-05-27 18:08:01,633 [WARNING]   qqdata no encontrado en qid=9093
2026-05-27 18:08:04,744 [WARNING]   qqdata no encontrado en qid=43301
2026-05-27 18:08:08,258 [WARNING]   qqdata no encontrado en qid=8688
2026-05-27 18:08:12,777 [WARNING]   qqdata no encontrado en qid=9086
2026-05-27 18:08:16,360 [WARNING]   qqdata no encontrado en qid=8831
2026-05-27 18:08:19,957 [WARNING]   qqdata no encontrado en qid=20435
2026-05-27 18:08:23,028 [WARNING]   qqdata no encontrado en qid=8564
2026-05-27 18:08:25,380 [WARNING]   qqdata no encontrado en qid=8872
2026-05-27 18:08:30,078 [WARNING]   qqdata no encontrado en qid=21722
2026-05-27 18:08:34,646 [WARNING]   qqdata no encontrado en qid=9087
2026-05-27 18:08:39,531 [WARNING]   qqdata no encontrado en qid=8405
2026-05-27 18:08:43,112 [WARNING]   qqdata no encontrado en qid=9425
2026-05-27 18:08:45,504 [WARNING]   qqdata no encontrado en qid=8615
2026-05-27 18:08:47,963 [WARNING]   qqdata no encontrado en qid=28277
2026-05-27 18:08:51,994 [WARNING]   qqdata no encontrado en qid=9022
2026-05-27 18:08:54,891 [WARNING]   qqdata no encontrado en qid=8896
2026-05-27 18:08:58,288 [WARNING]   qqdata no encontrado en qid=8714
2026-05-27 18:09:01,504 [WARNING]   qqdata no encontrado en qid=8217
2026-05-27 18:09:01,504 [INFO]   Capítulo 54684 '逃跑'
2026-05-27 18:09:09,955 [WARNING]   qqdata no encontrado en qid=9247
2026-05-27 18:09:13,778 [WARNING]   qqdata no encontrado en qid=8877
2026-05-27 18:09:18,750 [WARNING]   qqdata no encontrado en qid=9130
2026-05-27 18:09:21,483 [WARNING]   qqdata no encontrado en qid=9245
2026-05-27 18:09:24,097 [WARNING]   qqdata no encontrado en qid=8466
2026-05-27 18:09:27,889 [WARNING]   qqdata no encontrado en qid=9106
2026-05-27 18:09:32,495 [WARNING]   qqdata no encontrado en qid=9524
2026-05-27 18:09:35,731 [WARNING]   qqdata no encontrado en qid=9737
2026-05-27 18:09:38,205 [WARNING]   qqdata no encontrado en qid=9228
2026-05-27 18:09:42,802 [WARNING]   qqdata no encontrado en qid=8701
2026-05-27 18:09:47,021 [WARNING]   qqdata no encontrado en qid=9678
2026-05-27 18:09:51,218 [WARNING]   qqdata no encontrado en qid=10174
2026-05-27 18:09:55,792 [WARNING]   qqdata no encontrado en qid=8488
2026-05-27 18:10:00,045 [WARNING]   qqdata no encontrado en qid=10058
2026-05-27 18:10:03,222 [WARNING]   qqdata no encontrado en qid=8793
2026-05-27 18:10:05,507 [WARNING]   qqdata no encontrado en qid=8613
2026-05-27 18:10:09,992 [WARNING]   qqdata no encontrado en qid=9335
2026-05-27 18:10:13,074 [WARNING]   qqdata no encontrado en qid=10039
2026-05-27 18:10:16,644 [WARNING]   qqdata no encontrado en qid=9026
2026-05-27 18:10:21,252 [WARNING]   qqdata no encontrado en qid=9615
2026-05-27 18:10:23,612 [WARNING]   qqdata no encontrado en qid=9864
2026-05-27 18:10:25,941 [WARNING]   qqdata no encontrado en qid=9918
2026-05-27 18:10:30,467 [WARNING]   qqdata no encontrado en qid=8567
2026-05-27 18:10:33,105 [WARNING]   qqdata no encontrado en qid=9353
2026-05-27 18:10:35,783 [WARNING]   qqdata no encontrado en qid=9899
2026-05-27 18:10:39,528 [WARNING]   qqdata no encontrado en qid=7677
2026-05-27 18:10:42,767 [WARNING]   qqdata no encontrado en qid=9897
2026-05-27 18:10:45,377 [WARNING]   qqdata no encontrado en qid=12140
2026-05-27 18:10:45,377 [INFO]   Capítulo 12822 '虎口'
2026-05-27 18:10:52,655 [WARNING]   qqdata no encontrado en qid=71892
2026-05-27 18:10:55,615 [WARNING]   qqdata no encontrado en qid=70920
2026-05-27 18:10:58,145 [WARNING]   qqdata no encontrado en qid=71895
2026-05-27 18:11:01,473 [WARNING]   qqdata no encontrado en qid=70918
2026-05-27 18:11:04,194 [WARNING]   qqdata no encontrado en qid=70919
2026-05-27 18:11:06,609 [WARNING]   qqdata no encontrado en qid=70921
2026-05-27 18:11:09,445 [WARNING]   qqdata no encontrado en qid=71893
2026-05-27 18:11:12,015 [WARNING]   qqdata no encontrado en qid=70929
2026-05-27 18:11:16,282 [WARNING]   qqdata no encontrado en qid=70930
2026-05-27 18:11:20,764 [WARNING]   qqdata no encontrado en qid=71894
2026-05-27 18:11:25,824 [WARNING]   qqdata no encontrado en qid=70922
2026-05-27 18:11:29,618 [WARNING]   qqdata no encontrado en qid=70933
2026-05-27 18:11:31,890 [WARNING]   qqdata no encontrado en qid=70927
2026-05-27 18:11:35,970 [WARNING]   qqdata no encontrado en qid=70928
2026-05-27 18:11:39,823 [WARNING]   qqdata no encontrado en qid=70934
2026-05-27 18:11:43,353 [WARNING]   qqdata no encontrado en qid=70926
2026-05-27 18:11:46,441 [WARNING]   qqdata no encontrado en qid=70923
2026-05-27 18:11:48,806 [WARNING]   qqdata no encontrado en qid=70925
2026-05-27 18:11:51,197 [WARNING]   qqdata no encontrado en qid=72672
2026-05-27 18:11:53,624 [WARNING]   qqdata no encontrado en qid=70932
2026-05-27 18:11:57,413 [WARNING]   qqdata no encontrado en qid=70931
2026-05-27 18:12:00,886 [WARNING]   qqdata no encontrado en qid=70924
2026-05-27 18:12:00,887 [INFO]   Capítulo 8974 '禁止点'
2026-05-27 18:12:06,798 [WARNING]   qqdata no encontrado en qid=70940
2026-05-27 18:12:09,293 [WARNING]   qqdata no encontrado en qid=70935
2026-05-27 18:12:13,481 [WARNING]   qqdata no encontrado en qid=70936
2026-05-27 18:12:17,379 [WARNING]   qqdata no encontrado en qid=71021
2026-05-27 18:12:21,119 [WARNING]   qqdata no encontrado en qid=70946
2026-05-27 18:12:25,239 [WARNING]   qqdata no encontrado en qid=70945
2026-05-27 18:12:29,513 [WARNING]   qqdata no encontrado en qid=70937
2026-05-27 18:12:31,762 [WARNING]   qqdata no encontrado en qid=70938
2026-05-27 18:12:34,998 [WARNING]   qqdata no encontrado en qid=70941
2026-05-27 18:12:38,603 [WARNING]   qqdata no encontrado en qid=70939
2026-05-27 18:12:43,143 [WARNING]   qqdata no encontrado en qid=71022
2026-05-27 18:12:46,286 [WARNING]   qqdata no encontrado en qid=71024
2026-05-27 18:12:49,208 [WARNING]   qqdata no encontrado en qid=71023
2026-05-27 18:12:53,609 [WARNING]   qqdata no encontrado en qid=70942
2026-05-27 18:12:55,843 [WARNING]   qqdata no encontrado en qid=70947
2026-05-27 18:13:00,008 [WARNING]   qqdata no encontrado en qid=70943
2026-05-27 18:13:03,677 [WARNING]   qqdata no encontrado en qid=71891
2026-05-27 18:13:06,352 [WARNING]   qqdata no encontrado en qid=70944
2026-05-27 18:13:09,522 [WARNING]   qqdata no encontrado en qid=71890
2026-05-27 18:13:09,523 [INFO]   Capítulo 12823 '互相叫吃'
2026-05-27 18:13:19,944 [WARNING]   qqdata no encontrado en qid=51931
2026-05-27 18:13:23,936 [WARNING]   qqdata no encontrado en qid=50427
2026-05-27 18:13:26,415 [WARNING]   qqdata no encontrado en qid=50429
2026-05-27 18:13:29,982 [WARNING]   qqdata no encontrado en qid=8201
2026-05-27 18:13:34,990 [WARNING]   qqdata no encontrado en qid=50430
2026-05-27 18:13:37,314 [WARNING]   qqdata no encontrado en qid=8891
2026-05-27 18:13:40,488 [WARNING]   qqdata no encontrado en qid=8333
2026-05-27 18:13:44,364 [WARNING]   qqdata no encontrado en qid=9165
2026-05-27 18:13:48,638 [WARNING]   qqdata no encontrado en qid=8366
2026-05-27 18:13:52,324 [WARNING]   qqdata no encontrado en qid=8667
2026-05-27 18:13:56,930 [WARNING]   qqdata no encontrado en qid=8665
2026-05-27 18:14:01,574 [WARNING]   qqdata no encontrado en qid=8550
2026-05-27 18:14:03,981 [WARNING]   qqdata no encontrado en qid=9038
2026-05-27 18:14:06,526 [WARNING]   qqdata no encontrado en qid=8608
2026-05-27 18:14:09,439 [WARNING]   qqdata no encontrado en qid=8277
2026-05-27 18:14:12,551 [WARNING]   qqdata no encontrado en qid=42257
2026-05-27 18:14:15,659 [WARNING]   qqdata no encontrado en qid=9023
2026-05-27 18:14:18,433 [WARNING]   qqdata no encontrado en qid=8912
2026-05-27 18:14:21,859 [WARNING]   qqdata no encontrado en qid=8200
2026-05-27 18:14:21,860 [INFO]   Capítulo 8976 '连接、分断'
2026-05-27 18:14:27,702 [WARNING]   qqdata no encontrado en qid=8890
2026-05-27 18:14:31,855 [WARNING]   qqdata no encontrado en qid=10072
2026-05-27 18:14:35,354 [WARNING]   qqdata no encontrado en qid=9562
2026-05-27 18:14:38,282 [WARNING]   qqdata no encontrado en qid=8817
2026-05-27 18:14:41,493 [WARNING]   qqdata no encontrado en qid=60824
2026-05-27 18:14:45,545 [WARNING]   qqdata no encontrado en qid=8901
2026-05-27 18:14:48,583 [WARNING]   qqdata no encontrado en qid=9080
2026-05-27 18:14:51,896 [WARNING]   qqdata no encontrado en qid=8903
2026-05-27 18:14:55,121 [WARNING]   qqdata no encontrado en qid=9471
2026-05-27 18:14:58,763 [WARNING]   qqdata no encontrado en qid=9123
2026-05-27 18:15:02,649 [WARNING]   qqdata no encontrado en qid=8481
2026-05-27 18:15:05,654 [WARNING]   qqdata no encontrado en qid=10801
2026-05-27 18:15:09,009 [WARNING]   qqdata no encontrado en qid=9065
2026-05-27 18:15:11,244 [WARNING]   qqdata no encontrado en qid=9234
2026-05-27 18:15:15,106 [WARNING]   qqdata no encontrado en qid=9304
2026-05-27 18:15:18,438 [WARNING]   qqdata no encontrado en qid=8741
2026-05-27 18:15:20,969 [WARNING]   qqdata no encontrado en qid=8686
2026-05-27 18:15:23,231 [WARNING]   qqdata no encontrado en qid=9830
2026-05-27 18:15:28,059 [WARNING]   qqdata no encontrado en qid=8709
2026-05-27 18:15:32,317 [WARNING]   qqdata no encontrado en qid=8289
2026-05-27 18:15:32,318 [INFO]   Capítulo 8975 '打劫、打二还一'
2026-05-27 18:15:37,717 [WARNING]   qqdata no encontrado en qid=49746
2026-05-27 18:15:39,997 [WARNING]   qqdata no encontrado en qid=71058
2026-05-27 18:15:43,044 [WARNING]   qqdata no encontrado en qid=71053
2026-05-27 18:15:47,175 [WARNING]   qqdata no encontrado en qid=71057
2026-05-27 18:15:51,161 [WARNING]   qqdata no encontrado en qid=71052
2026-05-27 18:15:55,781 [WARNING]   qqdata no encontrado en qid=71054
2026-05-27 18:15:59,561 [WARNING]   qqdata no encontrado en qid=71063
2026-05-27 18:16:03,825 [WARNING]   qqdata no encontrado en qid=71050
2026-05-27 18:16:07,933 [WARNING]   qqdata no encontrado en qid=71062
2026-05-27 18:16:12,172 [WARNING]   qqdata no encontrado en qid=71055
2026-05-27 18:16:15,688 [WARNING]   qqdata no encontrado en qid=71060
2026-05-27 18:16:19,308 [WARNING]   qqdata no encontrado en qid=71059
2026-05-27 18:16:22,363 [WARNING]   qqdata no encontrado en qid=71066
2026-05-27 18:16:26,343 [WARNING]   qqdata no encontrado en qid=49740
2026-05-27 18:16:26,345 [INFO]   Capítulo 8988 '死亡线与吃子方向'
2026-05-27 18:16:34,796 [WARNING]   qqdata no encontrado en qid=179344
2026-05-27 18:16:38,133 [WARNING]   qqdata no encontrado en qid=179345
2026-05-27 18:16:41,572 [WARNING]   qqdata no encontrado en qid=8431
2026-05-27 18:16:44,923 [WARNING]   qqdata no encontrado en qid=9181
2026-05-27 18:16:47,197 [WARNING]   qqdata no encontrado en qid=9014
2026-05-27 18:16:51,566 [WARNING]   qqdata no encontrado en qid=8928
2026-05-27 18:16:55,803 [WARNING]   qqdata no encontrado en qid=8487
2026-05-27 18:17:00,325 [WARNING]   qqdata no encontrado en qid=9657
2026-05-27 18:17:03,763 [WARNING]   qqdata no encontrado en qid=9658
2026-05-27 18:17:08,196 [WARNING]   qqdata no encontrado en qid=22441
2026-05-27 18:17:13,338 [WARNING]   qqdata no encontrado en qid=10379
2026-05-27 18:17:16,162 [WARNING]   qqdata no encontrado en qid=9412
2026-05-27 18:17:20,454 [WARNING]   qqdata no encontrado en qid=9973
2026-05-27 18:17:24,907 [WARNING]   qqdata no encontrado en qid=9495
2026-05-27 18:17:29,356 [WARNING]   qqdata no encontrado en qid=9995
2026-05-27 18:17:33,968 [WARNING]   qqdata no encontrado en qid=10008
2026-05-27 18:17:37,485 [WARNING]   qqdata no encontrado en qid=11557
2026-05-27 18:17:40,611 [WARNING]   qqdata no encontrado en qid=10111
2026-05-27 18:17:43,331 [WARNING]   qqdata no encontrado en qid=10137
2026-05-27 18:17:46,694 [WARNING]   qqdata no encontrado en qid=9747
2026-05-27 18:17:52,054 [WARNING]   qqdata no encontrado en qid=8979
2026-05-27 18:17:54,507 [WARNING]   qqdata no encontrado en qid=10006
2026-05-27 18:17:54,508 [INFO]   Capítulo 8977 '门吃'
2026-05-27 18:18:00,205 [WARNING]   qqdata no encontrado en qid=19925
2026-05-27 18:18:04,677 [WARNING]   qqdata no encontrado en qid=8697
2026-05-27 18:18:07,555 [WARNING]   qqdata no encontrado en qid=8228
2026-05-27 18:18:11,123 [WARNING]   qqdata no encontrado en qid=9252
2026-05-27 18:18:14,528 [WARNING]   qqdata no encontrado en qid=8887
2026-05-27 18:18:18,485 [WARNING]   qqdata no encontrado en qid=8403
2026-05-27 18:18:22,504 [WARNING]   qqdata no encontrado en qid=9144
2026-05-27 18:18:24,987 [WARNING]   qqdata no encontrado en qid=8247
2026-05-27 18:18:27,677 [WARNING]   qqdata no encontrado en qid=9843
2026-05-27 18:18:32,239 [WARNING]   qqdata no encontrado en qid=8507
2026-05-27 18:18:36,933 [WARNING]   qqdata no encontrado en qid=6935
2026-05-27 18:18:40,311 [WARNING]   qqdata no encontrado en qid=8510
2026-05-27 18:18:45,799 [WARNING]   qqdata no encontrado en qid=8439
2026-05-27 18:18:49,319 [WARNING]   qqdata no encontrado en qid=8917
2026-05-27 18:18:53,280 [WARNING]   qqdata no encontrado en qid=9857
2026-05-27 18:18:55,810 [WARNING]   qqdata no encontrado en qid=12055
2026-05-27 18:19:00,291 [WARNING]   qqdata no encontrado en qid=9746
2026-05-27 18:19:03,162 [WARNING]   qqdata no encontrado en qid=9855
2026-05-27 18:19:06,483 [WARNING]   qqdata no encontrado en qid=5457
2026-05-27 18:19:06,484 [INFO]   Capítulo 8978 '双打吃'
2026-05-27 18:19:14,620 [WARNING]   qqdata no encontrado en qid=19953
2026-05-27 18:19:17,507 [WARNING]   qqdata no encontrado en qid=8369
2026-05-27 18:19:21,514 [WARNING]   qqdata no encontrado en qid=19955
2026-05-27 18:19:24,003 [WARNING]   qqdata no encontrado en qid=19956
2026-05-27 18:19:28,085 [WARNING]   qqdata no encontrado en qid=9028
2026-05-27 18:19:32,195 [WARNING]   qqdata no encontrado en qid=9185
2026-05-27 18:19:36,259 [WARNING]   qqdata no encontrado en qid=19950
2026-05-27 18:19:39,216 [WARNING]   qqdata no encontrado en qid=9122
2026-05-27 18:19:42,260 [WARNING]   qqdata no encontrado en qid=19951
2026-05-27 18:19:45,840 [WARNING]   qqdata no encontrado en qid=19954
2026-05-27 18:19:50,081 [WARNING]   qqdata no encontrado en qid=8987
2026-05-27 18:19:52,311 [WARNING]   qqdata no encontrado en qid=27323
2026-05-27 18:19:56,034 [WARNING]   qqdata no encontrado en qid=57310
2026-05-27 18:19:59,982 [WARNING]   qqdata no encontrado en qid=8287
2026-05-27 18:20:02,441 [WARNING]   qqdata no encontrado en qid=43415
2026-05-27 18:20:05,506 [WARNING]   qqdata no encontrado en qid=5721
2026-05-27 18:20:08,687 [WARNING]   qqdata no encontrado en qid=10148
2026-05-27 18:20:12,229 [WARNING]   qqdata no encontrado en qid=12969
2026-05-27 18:20:15,983 [WARNING]   qqdata no encontrado en qid=13430
2026-05-27 18:20:19,043 [WARNING]   qqdata no encontrado en qid=12778
2026-05-27 18:20:21,766 [WARNING]   qqdata no encontrado en qid=9702
2026-05-27 18:20:26,353 [WARNING]   qqdata no encontrado en qid=12903
2026-05-27 18:20:29,797 [WARNING]   qqdata no encontrado en qid=7008
2026-05-27 18:20:33,595 [WARNING]   qqdata no encontrado en qid=8746
2026-05-27 18:20:37,818 [WARNING]   qqdata no encontrado en qid=6474
2026-05-27 18:20:41,877 [WARNING]   qqdata no encontrado en qid=10196
2026-05-27 18:20:47,145 [WARNING]   qqdata no encontrado en qid=9239
2026-05-27 18:20:50,459 [WARNING]   qqdata no encontrado en qid=9999
2026-05-27 18:20:54,385 [WARNING]   qqdata no encontrado en qid=54267
2026-05-27 18:20:58,776 [WARNING]   qqdata no encontrado en qid=60662
2026-05-27 18:21:03,335 [WARNING]   qqdata no encontrado en qid=9235
2026-05-27 18:21:06,232 [WARNING]   qqdata no encontrado en qid=11011
2026-05-27 18:21:10,916 [WARNING]   qqdata no encontrado en qid=11363
2026-05-27 18:21:15,238 [WARNING]   qqdata no encontrado en qid=10982
2026-05-27 18:21:19,343 [WARNING]   qqdata no encontrado en qid=8651
2026-05-27 18:21:21,739 [WARNING]   qqdata no encontrado en qid=10139
2026-05-27 18:21:25,820 [WARNING]   qqdata no encontrado en qid=9806
2026-05-27 18:21:29,120 [WARNING]   qqdata no encontrado en qid=9889
2026-05-27 18:21:32,068 [WARNING]   qqdata no encontrado en qid=10716
2026-05-27 18:21:32,069 [INFO]   Capítulo 8979 '围棋术语、抱吃'
2026-05-27 18:21:38,977 [WARNING]   qqdata no encontrado en qid=179341
2026-05-27 18:21:43,399 [WARNING]   qqdata no encontrado en qid=179340
2026-05-27 18:21:47,738 [WARNING]   qqdata no encontrado en qid=179343
2026-05-27 18:21:50,123 [WARNING]   qqdata no encontrado en qid=43414
2026-05-27 18:21:54,483 [WARNING]   qqdata no encontrado en qid=9126
2026-05-27 18:21:57,712 [WARNING]   qqdata no encontrado en qid=19948
2026-05-27 18:22:02,111 [WARNING]   qqdata no encontrado en qid=8349
2026-05-27 18:22:04,711 [WARNING]   qqdata no encontrado en qid=9282
2026-05-27 18:22:09,539 [WARNING]   qqdata no encontrado en qid=9079
2026-05-27 18:22:13,621 [WARNING]   qqdata no encontrado en qid=10052
2026-05-27 18:22:15,932 [WARNING]   qqdata no encontrado en qid=10185
2026-05-27 18:22:19,997 [WARNING]   qqdata no encontrado en qid=153
2026-05-27 18:22:22,176 [WARNING]   qqdata no encontrado en qid=8528
2026-05-27 18:22:26,456 [WARNING]   qqdata no encontrado en qid=8728
2026-05-27 18:22:28,842 [WARNING]   qqdata no encontrado en qid=9419
2026-05-27 18:22:32,231 [WARNING]   qqdata no encontrado en qid=9727
2026-05-27 18:22:35,551 [WARNING]   qqdata no encontrado en qid=19946
2026-05-27 18:22:39,058 [WARNING]   qqdata no encontrado en qid=10055
2026-05-27 18:22:42,314 [WARNING]   qqdata no encontrado en qid=9109
2026-05-27 18:22:45,349 [WARNING]   qqdata no encontrado en qid=9063
2026-05-27 18:22:48,527 [WARNING]   qqdata no encontrado en qid=8590
2026-05-27 18:22:52,465 [WARNING]   qqdata no encontrado en qid=9194
2026-05-27 18:22:56,971 [WARNING]   qqdata no encontrado en qid=43343
2026-05-27 18:23:01,194 [WARNING]   qqdata no encontrado en qid=8520
2026-05-27 18:23:05,297 [WARNING]   qqdata no encontrado en qid=9418
2026-05-27 18:23:07,773 [WARNING]   qqdata no encontrado en qid=9788
2026-05-27 18:23:09,981 [WARNING]   qqdata no encontrado en qid=54307
2026-05-27 18:23:12,499 [WARNING]   qqdata no encontrado en qid=8913
2026-05-27 18:23:16,091 [WARNING]   qqdata no encontrado en qid=9815
2026-05-27 18:23:18,302 [WARNING]   qqdata no encontrado en qid=8980
2026-05-27 18:23:21,563 [WARNING]   qqdata no encontrado en qid=8727
2026-05-27 18:23:25,680 [WARNING]   qqdata no encontrado en qid=9131
2026-05-27 18:23:25,680 [INFO]   Capítulo 8980 '征子上'
2026-05-27 18:23:32,733 [WARNING]   qqdata no encontrado en qid=19839
2026-05-27 18:23:36,264 [WARNING]   qqdata no encontrado en qid=8748
2026-05-27 18:23:39,488 [WARNING]   qqdata no encontrado en qid=9159
2026-05-27 18:23:44,199 [WARNING]   qqdata no encontrado en qid=8595
2026-05-27 18:23:47,034 [WARNING]   qqdata no encontrado en qid=9149
2026-05-27 18:23:49,522 [WARNING]   qqdata no encontrado en qid=8397
2026-05-27 18:23:52,449 [WARNING]   qqdata no encontrado en qid=50983
2026-05-27 18:23:57,789 [WARNING]   qqdata no encontrado en qid=89772
2026-05-27 18:24:02,463 [WARNING]   qqdata no encontrado en qid=5125
2026-05-27 18:24:05,057 [WARNING]   qqdata no encontrado en qid=6075
2026-05-27 18:24:08,583 [WARNING]   qqdata no encontrado en qid=9917
2026-05-27 18:24:10,844 [WARNING]   qqdata no encontrado en qid=8216
2026-05-27 18:24:14,211 [WARNING]   qqdata no encontrado en qid=20003
2026-05-27 18:24:17,480 [WARNING]   qqdata no encontrado en qid=9039
2026-05-27 18:24:20,765 [WARNING]   qqdata no encontrado en qid=54266
2026-05-27 18:24:23,818 [WARNING]   qqdata no encontrado en qid=42818
2026-05-27 18:24:27,978 [WARNING]   qqdata no encontrado en qid=8429
2026-05-27 18:24:31,625 [WARNING]   qqdata no encontrado en qid=8874
2026-05-27 18:24:34,672 [WARNING]   qqdata no encontrado en qid=11088
2026-05-27 18:24:37,538 [WARNING]   qqdata no encontrado en qid=10183
2026-05-27 18:24:41,950 [WARNING]   qqdata no encontrado en qid=10139
2026-05-27 18:24:46,329 [WARNING]   qqdata no encontrado en qid=43637
2026-05-27 18:24:50,139 [WARNING]   qqdata no encontrado en qid=9150
2026-05-27 18:24:54,420 [WARNING]   qqdata no encontrado en qid=8651
2026-05-27 18:24:58,262 [WARNING]   qqdata no encontrado en qid=9162
2026-05-27 18:25:00,999 [WARNING]   qqdata no encontrado en qid=10090
2026-05-27 18:25:04,758 [WARNING]   qqdata no encontrado en qid=10148
2026-05-27 18:25:08,925 [WARNING]   qqdata no encontrado en qid=3363
2026-05-27 18:25:11,592 [WARNING]   qqdata no encontrado en qid=9645
2026-05-27 18:25:14,138 [WARNING]   qqdata no encontrado en qid=10187
2026-05-27 18:25:17,549 [WARNING]   qqdata no encontrado en qid=19956
2026-05-27 18:25:20,352 [WARNING]   qqdata no encontrado en qid=5721
2026-05-27 18:25:25,372 [WARNING]   qqdata no encontrado en qid=9282
2026-05-27 18:25:29,430 [WARNING]   qqdata no encontrado en qid=9999
2026-05-27 18:25:32,668 [WARNING]   qqdata no encontrado en qid=10459
2026-05-27 18:25:35,116 [WARNING]   qqdata no encontrado en qid=10716
2026-05-27 18:25:39,510 [WARNING]   qqdata no encontrado en qid=9019
2026-05-27 18:25:44,054 [WARNING]   qqdata no encontrado en qid=43414
2026-05-27 18:25:44,055 [INFO]   Capítulo 60066 '征子下'
2026-05-27 18:25:49,835 [WARNING]   qqdata no encontrado en qid=54266
2026-05-27 18:25:52,401 [WARNING]   qqdata no encontrado en qid=8874
2026-05-27 18:25:54,912 [WARNING]   qqdata no encontrado en qid=8397
2026-05-27 18:25:58,164 [WARNING]   qqdata no encontrado en qid=19839
2026-05-27 18:26:02,696 [WARNING]   qqdata no encontrado en qid=89772
2026-05-27 18:26:06,855 [WARNING]   qqdata no encontrado en qid=9149
2026-05-27 18:26:10,316 [WARNING]   qqdata no encontrado en qid=8417
2026-05-27 18:26:13,864 [WARNING]   qqdata no encontrado en qid=50983
2026-05-27 18:26:17,192 [WARNING]   qqdata no encontrado en qid=20384
2026-05-27 18:26:19,747 [WARNING]   qqdata no encontrado en qid=9039
2026-05-27 18:26:21,965 [WARNING]   qqdata no encontrado en qid=43154
2026-05-27 18:26:25,042 [WARNING]   qqdata no encontrado en qid=8800
2026-05-27 18:26:27,925 [WARNING]   qqdata no encontrado en qid=9603
2026-05-27 18:26:32,032 [WARNING]   qqdata no encontrado en qid=8591
2026-05-27 18:26:35,294 [WARNING]   qqdata no encontrado en qid=10082
2026-05-27 18:26:38,583 [WARNING]   qqdata no encontrado en qid=9079
2026-05-27 18:26:42,936 [WARNING]   qqdata no encontrado en qid=10087
2026-05-27 18:26:47,416 [WARNING]   qqdata no encontrado en qid=8719
2026-05-27 18:26:51,460 [WARNING]   qqdata no encontrado en qid=9891
2026-05-27 18:26:54,122 [WARNING]   qqdata no encontrado en qid=8694
2026-05-27 18:26:54,122 [INFO]   Capítulo 8981 '枷吃'
2026-05-27 18:27:00,633 [WARNING]   qqdata no encontrado en qid=10986
2026-05-27 18:27:05,034 [WARNING]   qqdata no encontrado en qid=9675
2026-05-27 18:27:07,317 [WARNING]   qqdata no encontrado en qid=186
2026-05-27 18:27:11,581 [WARNING]   qqdata no encontrado en qid=10755
2026-05-27 18:27:14,372 [WARNING]   qqdata no encontrado en qid=22478
2026-05-27 18:27:18,623 [WARNING]   qqdata no encontrado en qid=9279
2026-05-27 18:27:22,426 [WARNING]   qqdata no encontrado en qid=115316
2026-05-27 18:27:24,685 [WARNING]   qqdata no encontrado en qid=147
2026-05-27 18:27:28,224 [WARNING]   qqdata no encontrado en qid=19916
2026-05-27 18:27:31,666 [WARNING]   qqdata no encontrado en qid=5251
2026-05-27 18:27:34,474 [WARNING]   qqdata no encontrado en qid=11505
2026-05-27 18:27:38,598 [WARNING]   qqdata no encontrado en qid=7328
2026-05-27 18:27:41,828 [WARNING]   qqdata no encontrado en qid=60830
2026-05-27 18:27:45,932 [WARNING]   qqdata no encontrado en qid=180
2026-05-27 18:27:49,742 [WARNING]   qqdata no encontrado en qid=19986
2026-05-27 18:27:52,594 [WARNING]   qqdata no encontrado en qid=28396
2026-05-27 18:27:55,912 [WARNING]   qqdata no encontrado en qid=10302
2026-05-27 18:27:55,913 [INFO]   Capítulo 18131 '@提高观察力'
2026-05-27 18:28:04,796 [WARNING]   qqdata no encontrado en qid=172381
2026-05-27 18:28:09,459 [WARNING]   qqdata no encontrado en qid=172386
2026-05-27 18:28:14,313 [WARNING]   qqdata no encontrado en qid=172388
2026-05-27 18:28:17,399 [WARNING]   qqdata no encontrado en qid=172387
2026-05-27 18:28:20,413 [WARNING]   qqdata no encontrado en qid=172389
2026-05-27 18:28:24,265 [WARNING]   qqdata no encontrado en qid=172390
2026-05-27 18:28:26,915 [WARNING]   qqdata no encontrado en qid=172391
2026-05-27 18:28:31,135 [WARNING]   qqdata no encontrado en qid=172392
2026-05-27 18:28:34,354 [WARNING]   qqdata no encontrado en qid=172393
2026-05-27 18:28:37,037 [WARNING]   qqdata no encontrado en qid=173613
2026-05-27 18:28:41,635 [WARNING]   qqdata no encontrado en qid=173616
2026-05-27 18:28:44,669 [WARNING]   qqdata no encontrado en qid=173619
2026-05-27 18:28:49,335 [WARNING]   qqdata no encontrado en qid=215049
2026-05-27 18:28:52,593 [WARNING]   qqdata no encontrado en qid=215050
2026-05-27 18:28:55,609 [WARNING]   qqdata no encontrado en qid=215052
2026-05-27 18:28:57,975 [WARNING]   qqdata no encontrado en qid=215053
2026-05-27 18:29:02,292 [WARNING]   qqdata no encontrado en qid=215054
2026-05-27 18:29:05,769 [WARNING]   qqdata no encontrado en qid=215055
2026-05-27 18:29:10,303 [WARNING]   qqdata no encontrado en qid=215056
2026-05-27 18:29:14,517 [WARNING]   qqdata no encontrado en qid=215058
2026-05-27 18:29:17,758 [WARNING]   qqdata no encontrado en qid=215059
2026-05-27 18:29:21,529 [WARNING]   qqdata no encontrado en qid=215061
2026-05-27 18:29:21,530 [INFO]   Capítulo 8982 '倒扑'
2026-05-27 18:29:27,048 [WARNING]   qqdata no encontrado en qid=8838
2026-05-27 18:29:29,853 [WARNING]   qqdata no encontrado en qid=9771
2026-05-27 18:29:33,428 [WARNING]   qqdata no encontrado en qid=77138
2026-05-27 18:29:36,526 [WARNING]   qqdata no encontrado en qid=62129
2026-05-27 18:29:39,240 [WARNING]   qqdata no encontrado en qid=62991
2026-05-27 18:29:41,428 [WARNING]   qqdata no encontrado en qid=50545
2026-05-27 18:29:45,777 [WARNING]   qqdata no encontrado en qid=62184
2026-05-27 18:29:47,987 [WARNING]   qqdata no encontrado en qid=67494
2026-05-27 18:29:51,351 [WARNING]   qqdata no encontrado en qid=62186
2026-05-27 18:29:54,474 [WARNING]   qqdata no encontrado en qid=12474
2026-05-27 18:29:56,952 [WARNING]   qqdata no encontrado en qid=56269
2026-05-27 18:30:00,849 [WARNING]   qqdata no encontrado en qid=54235
2026-05-27 18:30:03,636 [WARNING]   qqdata no encontrado en qid=52896
2026-05-27 18:30:06,093 [WARNING]   qqdata no encontrado en qid=9523
2026-05-27 18:30:10,354 [WARNING]   qqdata no encontrado en qid=8721
2026-05-27 18:30:14,410 [WARNING]   qqdata no encontrado en qid=62100
2026-05-27 18:30:17,246 [WARNING]   qqdata no encontrado en qid=9990
2026-05-27 18:30:20,322 [WARNING]   qqdata no encontrado en qid=64745
2026-05-27 18:30:25,336 [WARNING]   qqdata no encontrado en qid=25026
2026-05-27 18:30:25,337 [INFO]   Capítulo 8983 '接不归'
2026-05-27 18:30:31,015 [WARNING]   qqdata no encontrado en qid=8231
2026-05-27 18:30:34,985 [WARNING]   qqdata no encontrado en qid=8696
2026-05-27 18:30:37,992 [WARNING]   qqdata no encontrado en qid=8531
2026-05-27 18:30:41,528 [WARNING]   qqdata no encontrado en qid=8717
2026-05-27 18:30:45,870 [WARNING]   qqdata no encontrado en qid=9821
2026-05-27 18:30:50,040 [WARNING]   qqdata no encontrado en qid=8323
2026-05-27 18:30:54,710 [WARNING]   qqdata no encontrado en qid=8302
2026-05-27 18:30:57,795 [WARNING]   qqdata no encontrado en qid=8304
2026-05-27 18:31:00,879 [WARNING]   qqdata no encontrado en qid=11616
2026-05-27 18:31:03,940 [WARNING]   qqdata no encontrado en qid=42102
2026-05-27 18:31:07,384 [WARNING]   qqdata no encontrado en qid=11853
2026-05-27 18:31:09,751 [WARNING]   qqdata no encontrado en qid=8505
2026-05-27 18:31:13,971 [WARNING]   qqdata no encontrado en qid=8319
2026-05-27 18:31:16,927 [WARNING]   qqdata no encontrado en qid=8326
2026-05-27 18:31:19,790 [WARNING]   qqdata no encontrado en qid=8294
2026-05-27 18:31:22,667 [WARNING]   qqdata no encontrado en qid=9241
2026-05-27 18:31:24,945 [WARNING]   qqdata no encontrado en qid=9427
2026-05-27 18:31:28,885 [WARNING]   qqdata no encontrado en qid=8181
2026-05-27 18:31:32,748 [WARNING]   qqdata no encontrado en qid=8263
2026-05-27 18:31:36,867 [WARNING]   qqdata no encontrado en qid=8236
2026-05-27 18:31:39,238 [WARNING]   qqdata no encontrado en qid=3615
2026-05-27 18:31:39,239 [INFO]   Capítulo 8984 '死棋与活棋，做眼与破眼'
2026-05-27 18:31:44,563 [WARNING]   qqdata no encontrado en qid=8570
2026-05-27 18:31:48,664 [WARNING]   qqdata no encontrado en qid=8685
2026-05-27 18:31:52,485 [WARNING]   qqdata no encontrado en qid=8935
2026-05-27 18:31:55,031 [WARNING]   qqdata no encontrado en qid=8275
2026-05-27 18:31:58,202 [WARNING]   qqdata no encontrado en qid=4419
2026-05-27 18:32:00,709 [WARNING]   qqdata no encontrado en qid=10522
2026-05-27 18:32:03,100 [WARNING]   qqdata no encontrado en qid=24544
2026-05-27 18:32:05,421 [WARNING]   qqdata no encontrado en qid=21137
2026-05-27 18:32:07,977 [WARNING]   qqdata no encontrado en qid=26107
2026-05-27 18:32:11,234 [WARNING]   qqdata no encontrado en qid=8693
2026-05-27 18:32:15,216 [WARNING]   qqdata no encontrado en qid=40696
2026-05-27 18:32:18,374 [WARNING]   qqdata no encontrado en qid=8623
2026-05-27 18:32:22,376 [WARNING]   qqdata no encontrado en qid=8985
2026-05-27 18:32:26,630 [WARNING]   qqdata no encontrado en qid=8301
2026-05-27 18:32:30,288 [WARNING]   qqdata no encontrado en qid=11353
2026-05-27 18:32:34,185 [WARNING]   qqdata no encontrado en qid=21871
2026-05-27 18:32:38,808 [WARNING]   qqdata no encontrado en qid=21877
2026-05-27 18:32:41,908 [WARNING]   qqdata no encontrado en qid=12274
2026-05-27 18:32:44,550 [WARNING]   qqdata no encontrado en qid=8883
2026-05-27 18:32:47,303 [WARNING]   qqdata no encontrado en qid=21746
2026-05-27 18:32:50,684 [WARNING]   qqdata no encontrado en qid=20988
2026-05-27 18:32:53,497 [WARNING]   qqdata no encontrado en qid=28420
2026-05-27 18:32:57,406 [WARNING]   qqdata no encontrado en qid=8603
2026-05-27 18:33:01,275 [WARNING]   qqdata no encontrado en qid=12133
2026-05-27 18:33:04,822 [WARNING]   qqdata no encontrado en qid=9105
2026-05-27 18:33:07,684 [WARNING]   qqdata no encontrado en qid=6564
2026-05-27 18:33:11,297 [WARNING]   qqdata no encontrado en qid=21892
2026-05-27 18:33:15,564 [WARNING]   qqdata no encontrado en qid=43417
2026-05-27 18:33:18,571 [WARNING]   qqdata no encontrado en qid=8606
2026-05-27 18:33:22,458 [WARNING]   qqdata no encontrado en qid=8830
2026-05-27 18:33:26,484 [WARNING]   qqdata no encontrado en qid=9133
2026-05-27 18:33:26,485 [INFO]   Capítulo 8985 '真眼与假眼'
2026-05-27 18:33:33,032 [WARNING]   qqdata no encontrado en qid=462696
2026-05-27 18:33:37,615 [WARNING]   qqdata no encontrado en qid=21874
2026-05-27 18:33:40,756 [WARNING]   qqdata no encontrado en qid=28956
2026-05-27 18:33:43,921 [WARNING]   qqdata no encontrado en qid=21133
2026-05-27 18:33:46,710 [WARNING]   qqdata no encontrado en qid=19936
2026-05-27 18:33:50,657 [WARNING]   qqdata no encontrado en qid=8296
2026-05-27 18:33:55,644 [WARNING]   qqdata no encontrado en qid=28954
2026-05-27 18:33:59,285 [WARNING]   qqdata no encontrado en qid=8527
2026-05-27 18:34:02,655 [WARNING]   qqdata no encontrado en qid=21866
2026-05-27 18:34:05,606 [WARNING]   qqdata no encontrado en qid=19824
2026-05-27 18:34:08,796 [WARNING]   qqdata no encontrado en qid=8554
2026-05-27 18:34:12,181 [WARNING]   qqdata no encontrado en qid=13214
2026-05-27 18:34:16,676 [WARNING]   qqdata no encontrado en qid=29004
2026-05-27 18:34:48,956 [WARNING]   qqdata no encontrado en qid=20042
2026-05-27 18:34:51,752 [WARNING]   qqdata no encontrado en qid=21890
2026-05-27 18:34:54,194 [WARNING]   qqdata no encontrado en qid=3558
2026-05-27 18:34:58,761 [WARNING]   qqdata no encontrado en qid=11692
2026-05-27 18:35:02,946 [WARNING]   qqdata no encontrado en qid=12493
2026-05-27 18:35:05,883 [WARNING]   qqdata no encontrado en qid=1135
2026-05-27 18:35:08,943 [WARNING]   qqdata no encontrado en qid=5144
2026-05-27 18:35:13,577 [WARNING]   qqdata no encontrado en qid=8670
2026-05-27 18:35:13,580 [INFO]   Capítulo 18723 '@连接弱棋'
2026-05-27 18:35:19,802 [WARNING]   qqdata no encontrado en qid=176279
2026-05-27 18:35:22,165 [WARNING]   qqdata no encontrado en qid=176280
2026-05-27 18:35:25,294 [WARNING]   qqdata no encontrado en qid=176281
2026-05-27 18:35:30,214 [WARNING]   qqdata no encontrado en qid=176287
2026-05-27 18:35:33,710 [WARNING]   qqdata no encontrado en qid=176288
2026-05-27 18:35:36,674 [WARNING]   qqdata no encontrado en qid=176289
2026-05-27 18:35:40,565 [WARNING]   qqdata no encontrado en qid=176762
2026-05-28 09:21:55,486 [WARNING] Error de red en https://www.101weiqi.com/book/5121/18723/8834/: ('Connection aborted.', ConnectionResetError(10054, 'Se ha forzado la interrupción de una conexión existente por el host remoto', None, 10054, None)) — espera 2.0s (intento 1/5)
2026-05-28 09:21:57,965 [WARNING] Error de red en https://www.101weiqi.com/book/5121/18723/8834/: HTTPSConnectionPool(host='www.101weiqi.com', port=443): Max retries exceeded with url: /book/5121/18723/8834/ (Caused by NameResolutionError("<urllib3.connection.HTTPSConnection object at 0x0000013A6BB4D450>: Failed to resolve 'www.101weiqi.com' ([Errno 11001] getaddrinfo failed)")) — espera 4.0s (intento 2/5)
2026-05-28 09:22:01,996 [WARNING] Error de red en https://www.101weiqi.com/book/5121/18723/8834/: HTTPSConnectionPool(host='www.101weiqi.com', port=443): Max retries exceeded with url: /book/5121/18723/8834/ (Caused by NameResolutionError("<urllib3.connection.HTTPSConnection object at 0x0000013A6BB4DBD0>: Failed to resolve 'www.101weiqi.com' ([Errno 11001] getaddrinfo failed)")) — espera 8.0s (intento 3/5)
2026-05-28 09:22:15,404 [INFO]   ✓ qid=8834 → output\5121\18723\8834.sgf
2026-05-28 09:22:18,077 [INFO]   ✓ qid=8994 → output\5121\18723\8994.sgf
2026-05-28 09:22:21,532 [INFO]   ✓ qid=8937 → output\5121\18723\8937.sgf
2026-05-28 09:22:24,795 [INFO]   ✓ qid=8393 → output\5121\18723\8393.sgf
2026-05-28 09:22:28,728 [INFO]   ✓ qid=9538 → output\5121\18723\9538.sgf
2026-05-28 09:22:33,472 [INFO]   ✓ qid=22613 → output\5121\18723\22613.sgf
2026-05-28 09:22:35,505 [INFO]   ✓ qid=10154 → output\5121\18723\10154.sgf
2026-05-28 09:22:37,907 [INFO]   ✓ qid=9691 → output\5121\18723\9691.sgf
2026-05-28 09:22:40,454 [INFO]   ✓ qid=9013 → output\5121\18723\9013.sgf
2026-05-28 09:22:43,786 [INFO]   ✓ qid=8368 → output\5121\18723\8368.sgf
2026-05-28 09:22:45,800 [INFO]   ✓ qid=9277 → output\5121\18723\9277.sgf
2026-05-28 09:22:48,792 [INFO]   ✓ qid=10007 → output\5121\18723\10007.sgf
2026-05-28 09:22:51,844 [INFO]   ✓ qid=9562 → output\5121\18723\9562.sgf
2026-05-28 09:22:54,706 [INFO]   ✓ qid=43309 → output\5121\18723\43309.sgf
2026-05-28 09:22:57,705 [INFO]   ✓ qid=8890 → output\5121\18723\8890.sgf
2026-05-28 09:23:01,949 [INFO]   ✓ qid=8233 → output\5121\18723\8233.sgf
2026-05-28 09:23:05,415 [INFO]   ✓ qid=50970 → output\5121\18723\50970.sgf
2026-05-28 09:23:08,290 [INFO]   ✓ qid=11590 → output\5121\18723\11590.sgf
2026-05-28 09:23:10,398 [INFO]   ✓ qid=43661 → output\5121\18723\43661.sgf
2026-05-28 09:23:14,038 [INFO]   ✓ qid=8661 → output\5121\18723\8661.sgf
2026-05-28 09:23:16,310 [INFO]   ✓ qid=9177 → output\5121\18723\9177.sgf
2026-05-28 09:23:19,049 [INFO]   ✓ qid=22862 → output\5121\18723\22862.sgf
2026-05-28 09:23:21,898 [INFO]   ✓ qid=10017 → output\5121\18723\10017.sgf
2026-05-28 09:23:24,937 [INFO]   ✓ qid=9906 → output\5121\18723\9906.sgf
2026-05-28 09:23:29,071 [INFO]   ✓ qid=11233 → output\5121\18723\11233.sgf
2026-05-28 09:23:31,725 [INFO]   ✓ qid=8771 → output\5121\18723\8771.sgf
2026-05-28 09:23:35,658 [INFO]   ✓ qid=43316 → output\5121\18723\43316.sgf
2026-05-28 09:23:39,014 [INFO]   ✓ qid=9577 → output\5121\18723\9577.sgf
2026-05-28 09:23:42,117 [INFO]   ✓ qid=10057 → output\5121\18723\10057.sgf
2026-05-28 09:23:42,125 [INFO]   Capítulo 8986 '@金角银边草肚皮'
2026-05-28 09:23:49,886 [WARNING]   Sin andata en qid=177467 (qtype=None) — skip
2026-05-28 09:23:54,062 [WARNING]   Sin andata en qid=177468 (qtype=None) — skip
2026-05-28 09:23:58,269 [WARNING]   Sin andata en qid=177469 (qtype=None) — skip
2026-05-28 09:24:00,603 [WARNING]   Sin andata en qid=177466 (qtype=None) — skip
2026-05-28 09:24:04,377 [WARNING]   Sin andata en qid=227767 (qtype=None) — skip
2026-05-28 09:24:08,575 [WARNING]   Sin andata en qid=227768 (qtype=None) — skip
2026-05-28 09:24:10,969 [WARNING]   Sin andata en qid=227769 (qtype=None) — skip
2026-05-28 09:24:10,973 [INFO]   Capítulo 38088 '地盘双方与公共地盘'
2026-05-28 09:24:14,755 [WARNING]   Sin problemas en capítulo 38088
2026-05-28 09:24:14,755 [INFO]   Capítulo 10208 '逃跑方向'
2026-05-28 09:24:20,953 [INFO]   ✓ qid=10716 → output\5121\10208\10716.sgf
2026-05-28 09:24:24,465 [INFO]   ✓ qid=9889 → output\5121\10208\9889.sgf
2026-05-28 09:24:28,037 [INFO]   ✓ qid=8651 → output\5121\10208\8651.sgf
2026-05-28 09:24:32,301 [INFO]   ✓ qid=10982 → output\5121\10208\10982.sgf
2026-05-28 09:24:34,985 [INFO]   ✓ qid=10013 → output\5121\10208\10013.sgf
2026-05-28 09:24:38,562 [INFO]   ✓ qid=60662 → output\5121\10208\60662.sgf
2026-05-28 09:24:42,457 [INFO]   ✓ qid=10051 → output\5121\10208\10051.sgf
2026-05-28 09:24:45,340 [INFO]   ✓ qid=12184 → output\5121\10208\12184.sgf
2026-05-28 09:24:48,652 [INFO]   ✓ qid=9301 → output\5121\10208\9301.sgf
2026-05-28 09:24:51,732 [INFO]   ✓ qid=11599 → output\5121\10208\11599.sgf
2026-05-28 09:24:54,968 [INFO]   ✓ qid=11831 → output\5121\10208\11831.sgf
2026-05-28 09:24:58,519 [INFO]   ✓ qid=10139 → output\5121\10208\10139.sgf
2026-05-28 09:25:02,727 [INFO]   ✓ qid=9956 → output\5121\10208\9956.sgf
2026-05-28 09:25:05,799 [INFO]   ✓ qid=10808 → output\5121\10208\10808.sgf
2026-05-28 09:25:09,019 [INFO]   ✓ qid=9645 → output\5121\10208\9645.sgf
2026-05-28 09:25:11,481 [INFO]   ✓ qid=8607 → output\5121\10208\8607.sgf
2026-05-28 09:25:11,481 [INFO]   Capítulo 89562 '紧气与长气'
2026-05-28 09:25:14,422 [WARNING]   Sin problemas en capítulo 89562
2026-05-28 09:25:14,424 [INFO]   Capítulo 19320 '基本对杀'
2026-05-28 09:25:20,734 [INFO]   ✓ qid=9750 → output\5121\19320\9750.sgf
2026-05-28 09:25:24,988 [INFO]   ✓ qid=9347 → output\5121\19320\9347.sgf
2026-05-28 09:25:29,026 [INFO]   ✓ qid=11050 → output\5121\19320\11050.sgf
2026-05-28 09:25:31,911 [INFO]   ✓ qid=10568 → output\5121\19320\10568.sgf
2026-05-28 09:25:35,025 [INFO]   ✓ qid=12116 → output\5121\19320\12116.sgf
2026-05-28 09:25:38,669 [INFO]   ✓ qid=20252 → output\5121\19320\20252.sgf
2026-05-28 09:25:43,000 [INFO]   ✓ qid=43344 → output\5121\19320\43344.sgf
2026-05-28 09:25:45,053 [INFO]   ✓ qid=10074 → output\5121\19320\10074.sgf
2026-05-28 09:25:47,571 [INFO]   ✓ qid=9775 → output\5121\19320\9775.sgf
2026-05-28 09:25:49,783 [INFO]   ✓ qid=10325 → output\5121\19320\10325.sgf
2026-05-28 09:25:53,751 [INFO]   ✓ qid=50357 → output\5121\19320\50357.sgf
2026-05-28 09:25:57,588 [INFO]   ✓ qid=5254 → output\5121\19320\5254.sgf
2026-05-28 09:26:01,670 [INFO]   ✓ qid=10861 → output\5121\19320\10861.sgf
2026-05-28 09:26:04,784 [INFO]   ✓ qid=10961 → output\5121\19320\10961.sgf
2026-05-28 09:26:09,083 [INFO]   ✓ qid=10134 → output\5121\19320\10134.sgf
2026-05-28 09:26:12,704 [INFO]   ✓ qid=11128 → output\5121\19320\11128.sgf
2026-05-28 09:26:15,727 [INFO]   ✓ qid=8711 → output\5121\19320\8711.sgf
2026-05-28 09:26:18,788 [INFO]   ✓ qid=9976 → output\5121\19320\9976.sgf
2026-05-28 09:26:23,007 [INFO]   ✓ qid=10864 → output\5121\19320\10864.sgf
2026-05-28 09:26:26,379 [INFO]   ✓ qid=6556 → output\5121\19320\6556.sgf
2026-05-28 09:26:30,175 [INFO]   ✓ qid=11686 → output\5121\19320\11686.sgf
2026-05-28 09:26:32,428 [INFO]   ✓ qid=11333 → output\5121\19320\11333.sgf
2026-05-28 09:26:36,028 [INFO]   ✓ qid=9945 → output\5121\19320\9945.sgf
2026-05-28 09:26:38,178 [INFO]   ✓ qid=11584 → output\5121\19320\11584.sgf
2026-05-28 09:26:41,871 [INFO]   ✓ qid=12072 → output\5121\19320\12072.sgf
2026-05-28 09:26:45,262 [INFO]   ✓ qid=9567 → output\5121\19320\9567.sgf
2026-05-28 09:26:49,759 [INFO]   ✓ qid=10233 → output\5121\19320\10233.sgf
2026-05-28 09:26:51,878 [INFO]   ✓ qid=10077 → output\5121\19320\10077.sgf
2026-05-28 09:26:55,420 [INFO]   ✓ qid=11049 → output\5121\19320\11049.sgf
2026-05-28 09:26:58,334 [INFO]   ✓ qid=43588 → output\5121\19320\43588.sgf
2026-05-28 09:27:00,373 [INFO]   ✓ qid=9996 → output\5121\19320\9996.sgf
2026-05-28 09:27:02,908 [INFO]   ✓ qid=9711 → output\5121\19320\9711.sgf
2026-05-28 09:27:02,909 [INFO]   Capítulo 8987 '双活'
2026-05-28 09:27:09,301 [INFO]   ✓ qid=53377 → output\5121\8987\53377.sgf
2026-05-28 09:27:11,992 [INFO]   ✓ qid=14129 → output\5121\8987\14129.sgf
2026-05-28 09:27:14,835 [INFO]   ✓ qid=20197 → output\5121\8987\20197.sgf
2026-05-28 09:27:18,964 [INFO]   ✓ qid=9377 → output\5121\8987\9377.sgf
2026-05-28 09:27:22,505 [INFO]   ✓ qid=9307 → output\5121\8987\9307.sgf
2026-05-28 09:27:25,214 [INFO]   ✓ qid=10103 → output\5121\8987\10103.sgf
2026-05-28 09:27:27,571 [INFO]   ✓ qid=9455 → output\5121\8987\9455.sgf
2026-05-28 09:27:30,510 [INFO]   ✓ qid=8873 → output\5121\8987\8873.sgf
2026-05-28 09:27:33,766 [INFO]   ✓ qid=21052 → output\5121\8987\21052.sgf
2026-05-28 09:27:37,184 [INFO]   ✓ qid=9533 → output\5121\8987\9533.sgf
2026-05-28 09:27:41,159 [INFO]   ✓ qid=9449 → output\5121\8987\9449.sgf
2026-05-28 09:27:43,834 [INFO]   ✓ qid=10380 → output\5121\8987\10380.sgf
2026-05-28 09:27:47,972 [INFO]   ✓ qid=9588 → output\5121\8987\9588.sgf
2026-05-28 09:27:51,700 [INFO]   ✓ qid=43115 → output\5121\8987\43115.sgf
2026-05-28 09:27:54,456 [INFO]   ✓ qid=12197 → output\5121\8987\12197.sgf
2026-05-28 09:27:58,538 [INFO]   ✓ qid=11181 → output\5121\8987\11181.sgf
2026-05-28 09:28:02,782 [INFO]   ✓ qid=10967 → output\5121\8987\10967.sgf
2026-05-28 09:28:06,149 [INFO]   ✓ qid=8727 → output\5121\8987\8727.sgf
2026-05-28 09:28:09,335 [INFO]   ✓ qid=27496 → output\5121\8987\27496.sgf
2026-05-28 09:28:12,139 [INFO]   ✓ qid=10492 → output\5121\8987\10492.sgf
2026-05-28 09:28:14,072 [INFO]   ✓ qid=9983 → output\5121\8987\9983.sgf
2026-05-28 09:28:15,973 [INFO]   ✓ qid=10261 → output\5121\8987\10261.sgf
2026-05-28 09:28:18,930 [INFO]   ✓ qid=10717 → output\5121\8987\10717.sgf
2026-05-28 09:28:22,166 [INFO]   ✓ qid=27421 → output\5121\8987\27421.sgf
2026-05-28 09:28:25,230 [INFO]   ✓ qid=8544 → output\5121\8987\8544.sgf
2026-05-28 09:28:29,485 [INFO]   ✓ qid=9195 → output\5121\8987\9195.sgf
2026-05-28 09:28:29,486 [INFO]   Capítulo 10375 '总复习…………'
2026-05-28 09:28:38,171 [INFO]   ✓ qid=8686 → output\5121\10375\8686.sgf
2026-05-28 09:28:42,050 [INFO]   ✓ qid=9412 → output\5121\10375\9412.sgf
2026-05-28 09:28:45,956 [INFO]   ✓ qid=50545 → output\5121\10375\50545.sgf
2026-05-28 09:28:49,414 [INFO]   ✓ qid=62129 → output\5121\10375\62129.sgf
2026-05-28 09:28:52,657 [INFO]   ✓ qid=8439 → output\5121\10375\8439.sgf
2026-05-28 09:28:56,182 [INFO]   ✓ qid=8323 → output\5121\10375\8323.sgf
2026-05-28 09:28:58,988 [INFO]   ✓ qid=10986 → output\5121\10375\10986.sgf
2026-05-28 09:29:02,487 [INFO]   ✓ qid=10717 → output\5121\10375\10717.sgf
2026-05-28 09:29:06,719 [INFO]   ✓ qid=9917 → output\5121\10375\9917.sgf
2026-05-28 09:29:10,278 [INFO]   ✓ qid=19839 → output\5121\10375\19839.sgf
2026-05-28 09:29:13,563 [INFO]   ✓ qid=8748 → output\5121\10375\8748.sgf
2026-05-28 09:29:17,242 [INFO]   ✓ qid=6075 → output\5121\10375\6075.sgf
2026-05-28 09:29:20,047 [INFO]   ✓ qid=10808 → output\5121\10375\10808.sgf
2026-05-28 09:29:23,658 [INFO]   ✓ qid=10055 → output\5121\10375\10055.sgf
2026-05-28 09:29:27,892 [INFO]   ✓ qid=10352 → output\5121\10375\10352.sgf
2026-05-28 09:29:32,111 [INFO]   ✓ qid=89772 → output\5121\10375\89772.sgf
2026-05-28 09:29:36,088 [INFO]   ✓ qid=28954 → output\5121\10375\28954.sgf
2026-05-28 09:29:40,084 [INFO]   ✓ qid=10111 → output\5121\10375\10111.sgf
2026-05-28 09:29:42,289 [INFO]   ✓ qid=8236 → output\5121\10375\8236.sgf
2026-05-28 09:29:45,093 [INFO]   ✓ qid=5125 → output\5121\10375\5125.sgf
2026-05-28 09:29:48,724 [INFO]   ✓ qid=10006 → output\5121\10375\10006.sgf
2026-05-28 09:29:50,599 [INFO]   ✓ qid=10379 → output\5121\10375\10379.sgf
2026-05-28 09:29:53,406 [INFO]   ✓ qid=43415 → output\5121\10375\43415.sgf
2026-05-28 09:29:57,723 [INFO]   ✓ qid=9990 → output\5121\10375\9990.sgf
2026-05-28 09:30:00,203 [INFO]   ✓ qid=3615 → output\5121\10375\3615.sgf
2026-05-28 09:30:03,744 [INFO]   ✓ qid=62184 → output\5121\10375\62184.sgf
2026-05-28 09:30:07,541 [INFO]   ✓ qid=9122 → output\5121\10375\9122.sgf
2026-05-28 09:30:10,578 [INFO]   ✓ qid=11505 → output\5121\10375\11505.sgf
2026-05-28 09:30:13,795 [INFO]   ✓ qid=9821 → output\5121\10375\9821.sgf
2026-05-28 09:30:16,809 [INFO]   ✓ qid=5457 → output\5121\10375\5457.sgf
2026-05-28 09:30:20,797 [INFO]   ✓ qid=8709 → output\5121\10375\8709.sgf
2026-05-28 09:30:23,939 [INFO]   ✓ qid=4920 → output\5121\10375\4920.sgf
2026-05-28 09:30:26,346 [INFO]   ✓ qid=9702 → output\5121\10375\9702.sgf
2026-05-28 09:30:29,873 [INFO]   ✓ qid=8247 → output\5121\10375\8247.sgf
2026-05-28 09:30:34,025 [INFO]   ✓ qid=9065 → output\5121\10375\9065.sgf
2026-05-28 09:30:36,830 [INFO]   ✓ qid=43131 → output\5121\10375\43131.sgf
2026-05-28 09:30:40,067 [INFO]   ✓ qid=8431 → output\5121\10375\8431.sgf
2026-05-28 09:30:42,385 [INFO]   ✓ qid=9645 → output\5121\10375\9645.sgf
2026-05-28 09:30:45,570 [INFO]   ✓ qid=8296 → output\5121\10375\8296.sgf
2026-05-28 09:30:47,726 [INFO]   ✓ qid=9471 → output\5121\10375\9471.sgf
2026-05-28 09:30:47,727 [INFO]   Capítulo 33013 '作业'
2026-05-28 09:30:52,426 [INFO]   ✓ qid=8874 → output\5121\33013\8874.sgf
2026-05-28 09:30:54,913 [INFO]   ✓ qid=9159 → output\5121\33013\9159.sgf
2026-05-28 09:30:59,181 [INFO]   ✓ qid=54266 → output\5121\33013\54266.sgf
2026-05-28 09:31:01,694 [INFO]   ✓ qid=8397 → output\5121\33013\8397.sgf
2026-05-28 09:31:05,638 [INFO]   ✓ qid=20384 → output\5121\33013\20384.sgf
2026-05-28 09:31:09,642 [INFO]   ✓ qid=60827 → output\5121\33013\60827.sgf
2026-05-28 09:31:11,619 [INFO]   ✓ qid=8415 → output\5121\33013\8415.sgf
2026-05-28 09:31:14,630 [INFO]   ✓ qid=21265 → output\5121\33013\21265.sgf
2026-05-28 09:31:18,347 [INFO]   ✓ qid=9039 → output\5121\33013\9039.sgf
2026-05-28 09:31:21,861 [INFO]   ✓ qid=89772 → output\5121\33013\89772.sgf
2026-05-28 09:31:24,082 [INFO]   ✓ qid=9806 → output\5121\33013\9806.sgf
2026-05-28 09:31:26,655 [INFO]   ✓ qid=9122 → output\5121\33013\9122.sgf
2026-05-28 09:31:30,055 [INFO]   ✓ qid=11011 → output\5121\33013\11011.sgf
2026-05-28 09:31:33,864 [INFO]   ✓ qid=9225 → output\5121\33013\9225.sgf
2026-05-28 09:31:37,181 [INFO]   ✓ qid=8862 → output\5121\33013\8862.sgf
2026-05-28 09:31:41,472 [INFO]   ✓ qid=8228 → output\5121\33013\8228.sgf
2026-05-28 09:31:45,118 [INFO]   ✓ qid=27323 → output\5121\33013\27323.sgf
2026-05-28 09:31:48,499 [INFO]   ✓ qid=9889 → output\5121\33013\9889.sgf
2026-05-28 09:31:51,395 [INFO]   ✓ qid=9252 → output\5121\33013\9252.sgf
2026-05-28 09:31:54,130 [INFO]   ✓ qid=19956 → output\5121\33013\19956.sgf
2026-05-28 09:31:56,652 [INFO]   ✓ qid=8651 → output\5121\33013\8651.sgf
2026-05-28 09:31:59,552 [INFO]   ✓ qid=8746 → output\5121\33013\8746.sgf
2026-05-28 09:32:02,725 [INFO]   ✓ qid=9009 → output\5121\33013\9009.sgf
2026-05-28 09:32:06,122 [INFO]   ✓ qid=8363 → output\5121\33013\8363.sgf
2026-05-28 09:32:09,533 [INFO]   ✓ qid=8875 → output\5121\33013\8875.sgf
2026-05-28 09:32:13,475 [INFO]   ✓ qid=9185 → output\5121\33013\9185.sgf
2026-05-28 09:32:17,411 [INFO]   ✓ qid=8917 → output\5121\33013\8917.sgf
2026-05-28 09:32:20,149 [INFO]   ✓ qid=19953 → output\5121\33013\19953.sgf
2026-05-28 09:32:24,404 [INFO]   ✓ qid=9069 → output\5121\33013\9069.sgf
2026-05-28 09:32:27,660 [INFO]   ✓ qid=11363 → output\5121\33013\11363.sgf
2026-05-28 09:32:31,242 [INFO]   ✓ qid=10988 → output\5121\33013\10988.sgf
2026-05-28 09:32:34,513 [INFO]   ✓ qid=8648 → output\5121\33013\8648.sgf
2026-05-28 09:32:37,881 [INFO]   ✓ qid=9857 → output\5121\33013\9857.sgf
2026-05-28 09:32:40,911 [INFO]   ✓ qid=8565 → output\5121\33013\8565.sgf
2026-05-28 09:32:45,188 [INFO]   ✓ qid=19955 → output\5121\33013\19955.sgf
2026-05-28 09:32:47,055 [INFO]   ✓ qid=8507 → output\5121\33013\8507.sgf
2026-05-28 09:32:47,056 [INFO]   Capítulo 33809 '死活（3目4目5目6目）'
2026-05-28 09:32:52,112 [INFO]   ✓ qid=10951 → output\5121\33809\10951.sgf
2026-05-28 09:32:54,918 [INFO]   ✓ qid=21878 → output\5121\33809\21878.sgf
2026-05-28 09:32:57,139 [INFO]   ✓ qid=8849 → output\5121\33809\8849.sgf
2026-05-28 09:32:59,825 [INFO]   ✓ qid=8729 → output\5121\33809\8729.sgf
2026-05-28 09:33:02,618 [INFO]   ✓ qid=11216 → output\5121\33809\11216.sgf
2026-05-28 09:33:05,052 [INFO]   ✓ qid=21893 → output\5121\33809\21893.sgf
2026-05-28 09:33:09,010 [INFO]   ✓ qid=8989 → output\5121\33809\8989.sgf
2026-05-28 09:33:12,274 [INFO]   ✓ qid=9052 → output\5121\33809\9052.sgf
2026-05-28 09:33:16,610 [INFO]   ✓ qid=11800 → output\5121\33809\11800.sgf
2026-05-28 09:33:19,060 [INFO]   ✓ qid=11487 → output\5121\33809\11487.sgf
2026-05-28 09:33:22,586 [INFO]   ✓ qid=7329 → output\5121\33809\7329.sgf
2026-05-28 09:33:24,779 [INFO]   ✓ qid=11372 → output\5121\33809\11372.sgf
2026-05-28 09:33:27,590 [INFO]   ✓ qid=21746 → output\5121\33809\21746.sgf
2026-05-28 09:33:31,314 [INFO]   ✓ qid=8575 → output\5121\33809\8575.sgf
2026-05-28 09:33:34,140 [INFO]   ✓ qid=11838 → output\5121\33809\11838.sgf
2026-05-28 09:33:38,299 [INFO]   ✓ qid=1168 → output\5121\33809\1168.sgf
2026-05-28 09:33:41,707 [INFO]   ✓ qid=8693 → output\5121\33809\8693.sgf
2026-05-28 09:33:45,479 [INFO]   ✓ qid=7434 → output\5121\33809\7434.sgf
2026-05-28 09:33:47,434 [INFO]   ✓ qid=8685 → output\5121\33809\8685.sgf
2026-05-28 09:33:50,897 [INFO]   ✓ qid=8436 → output\5121\33809\8436.sgf
2026-05-28 09:33:52,776 [INFO]   ✓ qid=28865 → output\5121\33809\28865.sgf
2026-05-28 09:33:56,500 [INFO]   ✓ qid=11129 → output\5121\33809\11129.sgf
2026-05-28 09:33:59,411 [INFO]   ✓ qid=39511 → output\5121\33809\39511.sgf
2026-05-28 09:34:03,682 [INFO]   ✓ qid=21912 → output\5121\33809\21912.sgf
2026-05-28 09:34:07,039 [INFO]   ✓ qid=4477 → output\5121\33809\4477.sgf
2026-05-28 09:34:11,152 [INFO]   ✓ qid=11785 → output\5121\33809\11785.sgf
2026-05-28 09:34:14,442 [INFO]   ✓ qid=12274 → output\5121\33809\12274.sgf
2026-05-28 09:34:17,647 [INFO]   ✓ qid=11622 → output\5121\33809\11622.sgf
2026-05-28 09:34:20,827 [INFO]   ✓ qid=20407 → output\5121\33809\20407.sgf
2026-05-28 09:34:23,070 [INFO]   ✓ qid=11482 → output\5121\33809\11482.sgf
2026-05-28 09:34:23,073 [INFO]   Libro 5121 completado: 209 OK, 475 fallidos
2026-05-28 09:34:23,086 [INFO] Libro 5120 — https://www.101weiqi.com/book/5120/
2026-05-28 09:34:26,399 [INFO]   '叶老师围棋初级A' — 28 capítulos
2026-05-28 09:34:26,400 [INFO]   Capítulo 30869 '综合吃子手筋'
2026-05-28 09:34:32,481 [INFO]   ✓ qid=8797 → output\5120\30869\8797.sgf
2026-05-28 09:34:35,441 [INFO]   ✓ qid=8572 → output\5120\30869\8572.sgf
2026-05-28 09:34:38,810 [INFO]   ✓ qid=10144 → output\5120\30869\10144.sgf
2026-05-28 09:34:42,975 [INFO]   ✓ qid=8834 → output\5120\30869\8834.sgf
2026-05-28 09:34:46,008 [INFO]   ✓ qid=9261 → output\5120\30869\9261.sgf
2026-05-28 09:34:49,807 [INFO]   ✓ qid=43301 → output\5120\30869\43301.sgf
2026-05-28 09:34:53,346 [INFO]   ✓ qid=9984 → output\5120\30869\9984.sgf
2026-05-28 09:34:55,759 [INFO]   ✓ qid=8545 → output\5120\30869\8545.sgf
2026-05-28 09:34:58,908 [INFO]   ✓ qid=8353 → output\5120\30869\8353.sgf
2026-05-28 09:35:02,112 [INFO]   ✓ qid=10399 → output\5120\30869\10399.sgf
2026-05-28 09:35:05,436 [INFO]   ✓ qid=9686 → output\5120\30869\9686.sgf
2026-05-28 09:35:10,206 [INFO]   ✓ qid=129710 → output\5120\30869\129710.sgf
2026-05-28 09:35:13,054 [INFO]   ✓ qid=84163 → output\5120\30869\84163.sgf
2026-05-28 09:35:16,762 [INFO]   ✓ qid=9691 → output\5120\30869\9691.sgf
2026-05-28 09:35:18,642 [INFO]   ✓ qid=83727 → output\5120\30869\83727.sgf
2026-05-28 09:35:21,014 [INFO]   ✓ qid=81387 → output\5120\30869\81387.sgf
2026-05-28 09:35:24,200 [INFO]   ✓ qid=218893 → output\5120\30869\218893.sgf
2026-05-28 09:35:27,285 [INFO]   ✓ qid=219449 → output\5120\30869\219449.sgf
2026-05-28 09:35:30,257 [INFO]   ✓ qid=9945 → output\5120\30869\9945.sgf
2026-05-28 09:35:34,098 [INFO]   ✓ qid=84256 → output\5120\30869\84256.sgf
2026-05-28 09:35:37,699 [INFO]   ✓ qid=84090 → output\5120\30869\84090.sgf
2026-05-28 09:35:39,986 [INFO]   ✓ qid=9875 → output\5120\30869\9875.sgf
2026-05-28 09:35:43,024 [INFO]   ✓ qid=12180 → output\5120\30869\12180.sgf
2026-05-28 09:35:45,351 [INFO]   ✓ qid=70994 → output\5120\30869\70994.sgf
2026-05-28 09:35:50,671 [INFO]   ✓ qid=132566 → output\5120\30869\132566.sgf
2026-05-28 09:35:54,870 [INFO]   ✓ qid=59671 → output\5120\30869\59671.sgf
2026-05-28 09:35:58,389 [INFO]   ✓ qid=83328 → output\5120\30869\83328.sgf
2026-05-28 09:36:00,377 [INFO]   ✓ qid=9289 → output\5120\30869\9289.sgf
2026-05-28 09:36:04,295 [INFO]   ✓ qid=83426 → output\5120\30869\83426.sgf
2026-05-28 09:36:08,351 [INFO]   ✓ qid=54311 → output\5120\30869\54311.sgf
2026-05-28 09:36:08,352 [INFO]   Capítulo 8965 '对杀（长气杀短气）'
2026-05-28 09:36:14,075 [INFO]   ✓ qid=8463 → output\5120\8965\8463.sgf
2026-05-28 09:36:16,740 [INFO]   ✓ qid=10134 → output\5120\8965\10134.sgf
2026-05-28 09:36:19,388 [INFO]   ✓ qid=11128 → output\5120\8965\11128.sgf
2026-05-28 09:36:23,307 [INFO]   ✓ qid=10814 → output\5120\8965\10814.sgf
2026-05-28 09:36:26,041 [INFO]   ✓ qid=43138 → output\5120\8965\43138.sgf
2026-05-28 09:36:28,995 [INFO]   ✓ qid=11954 → output\5120\8965\11954.sgf
2026-05-28 09:36:32,825 [INFO]   ✓ qid=10766 → output\5120\8965\10766.sgf
2026-05-28 09:36:37,202 [INFO]   ✓ qid=9839 → output\5120\8965\9839.sgf
2026-05-28 09:36:41,158 [INFO]   ✓ qid=11751 → output\5120\8965\11751.sgf
2026-05-28 09:36:45,461 [INFO]   ✓ qid=10244 → output\5120\8965\10244.sgf
2026-05-28 09:36:49,506 [INFO]   ✓ qid=8711 → output\5120\8965\8711.sgf
2026-05-28 09:36:52,094 [INFO]   ✓ qid=11049 → output\5120\8965\11049.sgf
2026-05-28 09:36:54,619 [INFO]   ✓ qid=11734 → output\5120\8965\11734.sgf
2026-05-28 09:36:58,168 [INFO]   ✓ qid=10074 → output\5120\8965\10074.sgf
2026-05-28 09:37:01,656 [INFO]   ✓ qid=10301 → output\5120\8965\10301.sgf
2026-05-28 09:37:03,736 [INFO]   ✓ qid=12374 → output\5120\8965\12374.sgf
2026-05-28 09:37:06,247 [INFO]   ✓ qid=22596 → output\5120\8965\22596.sgf
2026-05-28 09:37:10,372 [INFO]   ✓ qid=10419 → output\5120\8965\10419.sgf
2026-05-28 09:37:14,196 [INFO]   ✓ qid=11560 → output\5120\8965\11560.sgf
2026-05-28 09:37:17,484 [INFO]   ✓ qid=11177 → output\5120\8965\11177.sgf
2026-05-28 09:37:17,485 [INFO]   Capítulo 8960 '死活基本形'
2026-05-28 09:37:23,245 [INFO]   ✓ qid=43784 → output\5120\8960\43784.sgf
2026-05-28 09:37:26,296 [INFO]   ✓ qid=21958 → output\5120\8960\21958.sgf
2026-05-28 09:37:29,349 [INFO]   ✓ qid=10519 → output\5120\8960\10519.sgf
2026-05-28 09:37:31,260 [INFO]   ✓ qid=38945 → output\5120\8960\38945.sgf
2026-05-28 09:37:33,213 [INFO]   ✓ qid=8456 → output\5120\8960\8456.sgf
2026-05-28 09:37:37,309 [INFO]   ✓ qid=22237 → output\5120\8960\22237.sgf
2026-05-28 09:37:39,197 [INFO]   ✓ qid=21934 → output\5120\8960\21934.sgf
2026-05-28 09:37:43,295 [INFO]   ✓ qid=3574 → output\5120\8960\3574.sgf
2026-05-28 09:37:46,869 [INFO]   ✓ qid=8362 → output\5120\8960\8362.sgf
2026-05-28 09:37:51,074 [INFO]   ✓ qid=11875 → output\5120\8960\11875.sgf
2026-05-28 09:37:54,503 [INFO]   ✓ qid=20538 → output\5120\8960\20538.sgf
2026-05-28 09:37:57,425 [INFO]   ✓ qid=392 → output\5120\8960\392.sgf
2026-05-28 09:38:00,090 [INFO]   ✓ qid=28858 → output\5120\8960\28858.sgf
2026-05-28 09:38:04,306 [INFO]   ✓ qid=3413 → output\5120\8960\3413.sgf
2026-05-28 09:38:08,094 [INFO]   ✓ qid=11312 → output\5120\8960\11312.sgf
2026-05-28 09:38:10,587 [INFO]   ✓ qid=22319 → output\5120\8960\22319.sgf
2026-05-28 09:38:12,780 [INFO]   ✓ qid=10726 → output\5120\8960\10726.sgf
2026-05-28 09:38:15,378 [INFO]   ✓ qid=39643 → output\5120\8960\39643.sgf
2026-05-28 09:38:18,239 [INFO]   ✓ qid=128810 → output\5120\8960\128810.sgf
2026-05-28 09:38:20,532 [INFO]   ✓ qid=128812 → output\5120\8960\128812.sgf
2026-05-28 09:38:22,674 [INFO]   ✓ qid=128813 → output\5120\8960\128813.sgf
2026-05-28 09:38:25,053 [INFO]   ✓ qid=21896 → output\5120\8960\21896.sgf
2026-05-28 09:38:26,914 [INFO]   ✓ qid=22169 → output\5120\8960\22169.sgf
2026-05-28 09:38:29,053 [INFO]   ✓ qid=43779 → output\5120\8960\43779.sgf
2026-05-28 09:38:31,942 [INFO]   ✓ qid=12133 → output\5120\8960\12133.sgf
2026-05-28 09:38:34,339 [INFO]   ✓ qid=21862 → output\5120\8960\21862.sgf
2026-05-28 09:38:38,133 [INFO]   ✓ qid=10734 → output\5120\8960\10734.sgf
2026-05-28 09:38:41,709 [INFO]   ✓ qid=8195 → output\5120\8960\8195.sgf
2026-05-28 09:38:45,704 [INFO]   ✓ qid=12452 → output\5120\8960\12452.sgf
2026-05-28 09:38:49,930 [INFO]   ✓ qid=12173 → output\5120\8960\12173.sgf
2026-05-28 09:38:51,910 [INFO]   ✓ qid=12678 → output\5120\8960\12678.sgf
2026-05-28 09:38:55,983 [INFO]   ✓ qid=11310 → output\5120\8960\11310.sgf
2026-05-28 09:38:58,915 [INFO]   ✓ qid=21910 → output\5120\8960\21910.sgf
2026-05-28 09:39:01,343 [INFO]   ✓ qid=21877 → output\5120\8960\21877.sgf
2026-05-28 09:39:05,747 [WARNING]   qqdata no encontrado en qid=11932
2026-05-28 09:39:07,900 [WARNING]   qqdata no encontrado en qid=10809
2026-05-28 09:39:11,093 [WARNING]   qqdata no encontrado en qid=25869
2026-05-28 09:39:14,446 [WARNING]   qqdata no encontrado en qid=3265
2026-05-28 09:39:18,752 [WARNING]   qqdata no encontrado en qid=473236
2026-05-28 09:39:22,537 [WARNING]   qqdata no encontrado en qid=473237
2026-05-28 09:39:22,538 [INFO]   Capítulo 16362 '@断多棋弱，补断棋强'
2026-05-28 09:39:27,597 [WARNING]   qqdata no encontrado en qid=9413
2026-05-28 09:39:29,991 [WARNING]   qqdata no encontrado en qid=3350
2026-05-28 09:39:34,058 [WARNING]   qqdata no encontrado en qid=43350
2026-05-28 09:39:36,229 [WARNING]   qqdata no encontrado en qid=11523
2026-05-28 09:39:39,896 [WARNING]   qqdata no encontrado en qid=22709
2026-05-28 09:39:43,469 [WARNING]   qqdata no encontrado en qid=9070
2026-05-28 09:39:46,494 [WARNING]   qqdata no encontrado en qid=10057
2026-05-28 09:39:50,423 [WARNING]   qqdata no encontrado en qid=43673
2026-05-28 09:39:53,226 [WARNING]   qqdata no encontrado en qid=8771
2026-05-28 09:39:57,563 [WARNING]   qqdata no encontrado en qid=9123
2026-05-28 09:40:00,997 [WARNING]   qqdata no encontrado en qid=9065
2026-05-28 09:40:05,596 [WARNING]   qqdata no encontrado en qid=8368
2026-05-28 09:40:08,319 [WARNING]   qqdata no encontrado en qid=8792
2026-05-28 09:40:12,805 [WARNING]   qqdata no encontrado en qid=11869
2026-05-28 09:40:15,058 [WARNING]   qqdata no encontrado en qid=13536
2026-05-28 09:40:17,187 [WARNING]   qqdata no encontrado en qid=8627
2026-05-28 09:40:19,856 [WARNING]   qqdata no encontrado en qid=8676
2026-05-28 09:40:24,145 [WARNING]   qqdata no encontrado en qid=8902
2026-05-28 09:40:28,586 [WARNING]   qqdata no encontrado en qid=9080
2026-05-28 09:40:32,592 [WARNING]   qqdata no encontrado en qid=21326
2026-05-28 09:40:35,479 [WARNING]   qqdata no encontrado en qid=8686
2026-05-28 09:40:37,626 [WARNING]   qqdata no encontrado en qid=9471
2026-05-28 09:40:40,211 [WARNING]   qqdata no encontrado en qid=8938
2026-05-28 09:40:42,427 [WARNING]   qqdata no encontrado en qid=8890
2026-05-28 09:40:45,769 [WARNING]   qqdata no encontrado en qid=10154
2026-05-28 09:40:50,150 [WARNING]   qqdata no encontrado en qid=9538
2026-05-28 09:40:52,837 [WARNING]   qqdata no encontrado en qid=9830
2026-05-28 09:40:55,193 [WARNING]   qqdata no encontrado en qid=12100
2026-05-28 09:40:59,272 [WARNING]   qqdata no encontrado en qid=167003
2026-05-28 09:41:03,358 [WARNING]   qqdata no encontrado en qid=167004
2026-05-28 09:41:05,491 [WARNING]   qqdata no encontrado en qid=167005
2026-05-28 09:41:08,694 [WARNING]   qqdata no encontrado en qid=167006
2026-05-28 09:41:08,695 [INFO]   Capítulo 8959 '双活'
2026-05-28 09:41:14,310 [WARNING]   qqdata no encontrado en qid=20197
2026-05-28 09:41:17,550 [WARNING]   qqdata no encontrado en qid=20198
2026-05-28 09:41:19,642 [WARNING]   qqdata no encontrado en qid=20199
2026-05-28 09:41:24,122 [WARNING]   qqdata no encontrado en qid=53377
2026-05-28 09:41:28,686 [WARNING]   qqdata no encontrado en qid=11009
2026-05-28 09:41:32,203 [WARNING]   qqdata no encontrado en qid=9851
2026-05-28 09:41:36,679 [WARNING]   qqdata no encontrado en qid=9638
2026-05-28 09:41:40,133 [WARNING]   qqdata no encontrado en qid=10675
2026-05-28 09:41:42,747 [WARNING]   qqdata no encontrado en qid=1450
2026-05-28 09:41:45,540 [WARNING]   qqdata no encontrado en qid=10405
2026-05-28 09:41:49,376 [WARNING]   qqdata no encontrado en qid=10786
2026-05-28 09:41:53,683 [WARNING]   qqdata no encontrado en qid=10103
2026-05-28 09:41:56,537 [WARNING]   qqdata no encontrado en qid=8355
2026-05-28 09:41:59,992 [WARNING]   qqdata no encontrado en qid=51297
2026-05-28 09:42:04,609 [WARNING]   qqdata no encontrado en qid=10741
2026-05-28 09:42:07,950 [WARNING]   qqdata no encontrado en qid=84427
2026-05-28 09:42:11,209 [WARNING]   qqdata no encontrado en qid=11245
2026-05-28 09:42:14,481 [WARNING]   qqdata no encontrado en qid=9811
2026-05-28 09:42:18,892 [WARNING]   qqdata no encontrado en qid=20213
2026-05-28 09:42:21,840 [WARNING]   qqdata no encontrado en qid=1411
2026-05-28 09:42:25,120 [WARNING]   qqdata no encontrado en qid=65188
2026-05-28 09:42:28,260 [WARNING]   qqdata no encontrado en qid=13210
2026-05-28 09:42:32,597 [WARNING]   qqdata no encontrado en qid=33748
2026-05-28 09:42:35,013 [WARNING]   qqdata no encontrado en qid=3106
2026-05-28 09:42:38,982 [WARNING]   qqdata no encontrado en qid=28293
2026-05-28 09:42:41,318 [WARNING]   qqdata no encontrado en qid=3713
2026-05-28 09:42:45,559 [WARNING]   qqdata no encontrado en qid=13007
2026-05-28 09:42:50,082 [WARNING]   qqdata no encontrado en qid=10606
2026-05-28 09:42:52,502 [WARNING]   qqdata no encontrado en qid=9280
2026-05-28 09:42:55,157 [WARNING]   qqdata no encontrado en qid=128468
2026-05-28 09:42:55,158 [INFO]   Capítulo 8958 '@布局三原则'
2026-05-28 09:42:58,787 [WARNING]   Sin problemas en capítulo 8958
2026-05-28 09:42:58,788 [INFO]   Capítulo 8961 '手筋'
2026-05-28 09:43:05,244 [WARNING]   qqdata no encontrado en qid=296440
2026-05-28 09:43:08,055 [WARNING]   qqdata no encontrado en qid=216232
2026-05-28 09:43:10,870 [WARNING]   qqdata no encontrado en qid=8768
2026-05-28 09:43:15,728 [WARNING]   qqdata no encontrado en qid=296466
2026-05-28 09:43:19,009 [WARNING]   qqdata no encontrado en qid=296248
2026-05-28 09:43:21,118 [WARNING]   qqdata no encontrado en qid=216105
2026-05-28 09:43:24,405 [WARNING]   qqdata no encontrado en qid=154053
2026-05-28 09:43:28,386 [WARNING]   qqdata no encontrado en qid=304995
2026-05-28 09:43:30,750 [WARNING]   qqdata no encontrado en qid=296491
2026-05-28 09:43:33,243 [WARNING]   qqdata no encontrado en qid=9744
2026-05-28 09:43:37,069 [WARNING]   qqdata no encontrado en qid=293624
2026-05-28 09:43:40,297 [WARNING]   qqdata no encontrado en qid=83347
2026-05-28 09:43:43,337 [WARNING]   qqdata no encontrado en qid=157227
2026-05-28 09:43:45,915 [WARNING]   qqdata no encontrado en qid=157214
2026-05-28 09:43:48,720 [WARNING]   qqdata no encontrado en qid=302314
2026-05-28 09:43:50,877 [WARNING]   qqdata no encontrado en qid=8184
2026-05-28 09:43:54,614 [WARNING]   qqdata no encontrado en qid=293759
2026-05-28 09:43:56,957 [WARNING]   qqdata no encontrado en qid=150219
2026-05-28 09:44:01,239 [WARNING]   qqdata no encontrado en qid=77387
2026-05-28 09:44:03,942 [WARNING]   qqdata no encontrado en qid=294006
2026-05-28 09:44:07,476 [WARNING]   qqdata no encontrado en qid=302287
2026-05-28 09:44:10,416 [WARNING]   qqdata no encontrado en qid=9103
2026-05-28 09:44:12,760 [WARNING]   qqdata no encontrado en qid=77699
2026-05-28 09:44:15,800 [WARNING]   qqdata no encontrado en qid=44368
2026-05-28 09:44:18,805 [WARNING]   qqdata no encontrado en qid=49788
2026-05-28 09:44:21,269 [WARNING]   qqdata no encontrado en qid=296470
2026-05-28 09:44:24,798 [WARNING]   qqdata no encontrado en qid=56304
2026-05-28 09:44:27,343 [WARNING]   qqdata no encontrado en qid=8375
2026-05-28 09:44:31,897 [WARNING]   qqdata no encontrado en qid=81238
2026-05-28 09:44:34,960 [WARNING]   qqdata no encontrado en qid=9693
2026-05-28 09:44:37,378 [WARNING]   qqdata no encontrado en qid=8678
2026-05-28 09:44:39,549 [WARNING]   qqdata no encontrado en qid=8898
2026-05-28 09:44:42,839 [WARNING]   qqdata no encontrado en qid=161807
2026-05-28 09:44:46,287 [WARNING]   qqdata no encontrado en qid=81453
2026-05-28 09:44:50,528 [WARNING]   qqdata no encontrado en qid=82148
2026-05-28 09:44:54,926 [WARNING]   qqdata no encontrado en qid=9323
2026-05-28 09:44:59,404 [WARNING]   qqdata no encontrado en qid=296753
2026-05-28 09:45:03,135 [WARNING]   qqdata no encontrado en qid=295831
2026-05-28 09:45:06,170 [WARNING]   qqdata no encontrado en qid=43718
2026-05-28 09:45:06,170 [INFO]   Capítulo 8966 '对杀（有眼杀无眼）'
2026-05-28 09:45:12,705 [WARNING]   qqdata no encontrado en qid=11035
2026-05-28 09:45:15,524 [WARNING]   qqdata no encontrado en qid=11919
2026-05-28 09:45:18,641 [WARNING]   qqdata no encontrado en qid=11160
2026-05-28 09:45:22,115 [WARNING]   qqdata no encontrado en qid=10276
2026-05-28 09:45:27,030 [WARNING]   qqdata no encontrado en qid=11348
2026-05-28 09:45:29,472 [WARNING]   qqdata no encontrado en qid=11662
2026-05-28 09:45:32,580 [WARNING]   qqdata no encontrado en qid=12696
2026-05-28 09:45:36,415 [WARNING]   qqdata no encontrado en qid=12823
2026-05-28 09:45:39,406 [WARNING]   qqdata no encontrado en qid=10257
2026-05-28 09:45:43,915 [WARNING]   qqdata no encontrado en qid=10919
2026-05-28 09:45:47,728 [WARNING]   qqdata no encontrado en qid=9406
2026-05-28 09:45:49,920 [WARNING]   qqdata no encontrado en qid=70278
2026-05-28 09:45:53,544 [WARNING]   qqdata no encontrado en qid=20267
2026-05-28 09:45:57,733 [WARNING]   qqdata no encontrado en qid=10848
2026-05-28 09:46:01,221 [WARNING]   qqdata no encontrado en qid=7
2026-05-28 09:46:05,078 [WARNING]   qqdata no encontrado en qid=12002
2026-05-28 09:46:09,320 [WARNING]   qqdata no encontrado en qid=8327
2026-05-28 09:46:11,933 [WARNING]   qqdata no encontrado en qid=55777
2026-05-28 09:46:16,236 [WARNING]   qqdata no encontrado en qid=9130
2026-05-28 09:46:18,787 [WARNING]   qqdata no encontrado en qid=73414
2026-05-28 09:46:22,785 [WARNING]   qqdata no encontrado en qid=73412
2026-05-28 09:46:27,002 [WARNING]   qqdata no encontrado en qid=27359
2026-05-28 09:46:27,003 [INFO]   Capítulo 16446 '（内部）活棋不攻，死棋不杀'
2026-05-28 09:46:34,316 [WARNING]   qqdata no encontrado en qid=107848
2026-05-28 09:46:37,272 [WARNING]   qqdata no encontrado en qid=9546
2026-05-28 09:46:41,780 [WARNING]   qqdata no encontrado en qid=84013
2026-05-28 09:46:44,347 [WARNING]   qqdata no encontrado en qid=10530
2026-05-28 09:46:48,345 [WARNING]   qqdata no encontrado en qid=161797
2026-05-28 09:46:52,315 [WARNING]   qqdata no encontrado en qid=162017
2026-05-28 09:46:55,879 [WARNING]   qqdata no encontrado en qid=10067
2026-05-28 09:47:00,448 [WARNING]   qqdata no encontrado en qid=9837
2026-05-28 09:47:02,756 [WARNING]   qqdata no encontrado en qid=162023
2026-05-28 09:47:05,568 [WARNING]   qqdata no encontrado en qid=65553
2026-05-28 09:47:08,007 [WARNING]   qqdata no encontrado en qid=90278
2026-05-28 09:47:10,556 [WARNING]   qqdata no encontrado en qid=50430
2026-05-28 09:47:13,904 [WARNING]   qqdata no encontrado en qid=103774
2026-05-28 09:47:16,746 [WARNING]   qqdata no encontrado en qid=83416
2026-05-28 09:47:19,333 [WARNING]   qqdata no encontrado en qid=96688
2026-05-28 09:47:22,044 [WARNING]   qqdata no encontrado en qid=9696
2026-05-28 09:47:24,555 [WARNING]   qqdata no encontrado en qid=19818
2026-05-28 09:47:27,097 [WARNING]   qqdata no encontrado en qid=9487
2026-05-28 09:47:30,570 [WARNING]   qqdata no encontrado en qid=96687
2026-05-28 09:47:33,190 [WARNING]   qqdata no encontrado en qid=61599
2026-05-28 09:47:36,277 [WARNING]   qqdata no encontrado en qid=77447
2026-05-28 09:47:38,377 [WARNING]   qqdata no encontrado en qid=20011
2026-05-28 09:47:42,027 [WARNING]   qqdata no encontrado en qid=153768
2026-05-28 09:47:44,408 [WARNING]   qqdata no encontrado en qid=153773
2026-05-28 09:47:46,970 [WARNING]   qqdata no encontrado en qid=150463
2026-05-28 09:47:49,652 [WARNING]   qqdata no encontrado en qid=89771
2026-05-28 09:47:54,543 [WARNING]   qqdata no encontrado en qid=12128
2026-05-28 09:47:57,716 [WARNING]   qqdata no encontrado en qid=83493
2026-05-28 09:47:59,987 [WARNING]   qqdata no encontrado en qid=77428
2026-05-28 09:48:03,727 [WARNING]   qqdata no encontrado en qid=1720
2026-05-28 09:48:07,489 [WARNING]   qqdata no encontrado en qid=145395
2026-05-28 09:48:09,932 [WARNING]   qqdata no encontrado en qid=150464
2026-05-28 09:48:12,378 [WARNING]   qqdata no encontrado en qid=145396
2026-05-28 09:48:16,952 [WARNING]   qqdata no encontrado en qid=82057
2026-05-28 09:48:19,164 [WARNING]   qqdata no encontrado en qid=83848
2026-05-28 09:48:22,114 [WARNING]   qqdata no encontrado en qid=103505
2026-05-28 09:48:25,696 [WARNING]   qqdata no encontrado en qid=22881
2026-05-28 09:48:28,927 [WARNING]   qqdata no encontrado en qid=20008
2026-05-28 09:48:32,850 [WARNING]   qqdata no encontrado en qid=108622
2026-05-28 09:48:36,200 [WARNING]   qqdata no encontrado en qid=165568
2026-05-28 09:48:39,301 [WARNING]   qqdata no encontrado en qid=165569
2026-05-28 09:48:42,382 [WARNING]   qqdata no encontrado en qid=165570
2026-05-28 09:48:42,383 [INFO]   Capítulo 31760 '@棋子的控制点（从零到20天）'
2026-05-28 09:48:47,868 [WARNING]   qqdata no encontrado en qid=79344
2026-05-28 09:48:52,330 [WARNING]   qqdata no encontrado en qid=132585
2026-05-28 09:48:55,660 [WARNING]   qqdata no encontrado en qid=82081
2026-05-28 09:48:59,290 [WARNING]   qqdata no encontrado en qid=143904
2026-05-28 09:49:02,028 [WARNING]   qqdata no encontrado en qid=9223
2026-05-28 09:49:05,703 [WARNING]   qqdata no encontrado en qid=143172
2026-05-28 09:49:10,152 [WARNING]   qqdata no encontrado en qid=83766
2026-05-28 09:49:12,639 [WARNING]   qqdata no encontrado en qid=11331
2026-05-28 09:49:15,908 [WARNING]   qqdata no encontrado en qid=77223
2026-05-28 09:49:18,877 [WARNING]   qqdata no encontrado en qid=219482
2026-05-28 09:49:22,598 [WARNING]   qqdata no encontrado en qid=8344
2026-05-28 09:49:26,599 [WARNING]   qqdata no encontrado en qid=180537
2026-05-28 09:49:31,165 [WARNING]   qqdata no encontrado en qid=55901
2026-05-28 09:49:35,135 [WARNING]   qqdata no encontrado en qid=10109
2026-05-28 09:49:38,739 [WARNING]   qqdata no encontrado en qid=75972
2026-05-28 09:49:42,482 [WARNING]   qqdata no encontrado en qid=61976
2026-05-28 09:49:46,882 [WARNING]   qqdata no encontrado en qid=109125
2026-05-28 09:49:50,672 [WARNING]   qqdata no encontrado en qid=108890
2026-05-28 09:49:55,138 [WARNING]   qqdata no encontrado en qid=81558
2026-05-28 09:49:58,158 [WARNING]   qqdata no encontrado en qid=11540
2026-05-28 09:50:01,467 [WARNING]   qqdata no encontrado en qid=51827
2026-05-28 09:50:04,618 [WARNING]   qqdata no encontrado en qid=83431
2026-05-28 09:50:09,214 [WARNING]   qqdata no encontrado en qid=11913
2026-05-28 09:50:11,588 [WARNING]   qqdata no encontrado en qid=9830
2026-05-28 09:50:14,182 [WARNING]   qqdata no encontrado en qid=10338
2026-05-28 09:50:19,366 [WARNING]   qqdata no encontrado en qid=134181
2026-05-28 09:50:23,438 [WARNING]   qqdata no encontrado en qid=80938
2026-05-28 09:50:25,870 [WARNING]   qqdata no encontrado en qid=71013
2026-05-28 09:50:28,902 [WARNING]   qqdata no encontrado en qid=68023
2026-05-28 09:50:32,404 [WARNING]   qqdata no encontrado en qid=9733
2026-05-28 09:50:35,268 [WARNING]   qqdata no encontrado en qid=228240
2026-05-28 09:50:38,343 [WARNING]   qqdata no encontrado en qid=228241
2026-05-28 09:50:41,327 [WARNING]   qqdata no encontrado en qid=228242
2026-05-28 09:50:41,328 [INFO]   Capítulo 8968 '一路吃子'
2026-05-28 09:50:47,782 [WARNING]   qqdata no encontrado en qid=82030
2026-05-28 09:50:50,451 [WARNING]   qqdata no encontrado en qid=82031
2026-05-28 09:50:53,146 [WARNING]   qqdata no encontrado en qid=82032
2026-05-28 09:50:56,343 [WARNING]   qqdata no encontrado en qid=82033
2026-05-28 09:51:00,813 [WARNING]   qqdata no encontrado en qid=82034
2026-05-28 09:51:03,749 [WARNING]   qqdata no encontrado en qid=82035
2026-05-28 09:51:06,495 [WARNING]   qqdata no encontrado en qid=82036
2026-05-28 09:51:09,050 [WARNING]   qqdata no encontrado en qid=82037
2026-05-28 09:51:14,037 [WARNING]   qqdata no encontrado en qid=82038
2026-05-28 09:51:17,561 [WARNING]   qqdata no encontrado en qid=82039
2026-05-28 09:51:21,950 [WARNING]   qqdata no encontrado en qid=82040
2026-05-28 09:51:25,302 [WARNING]   qqdata no encontrado en qid=82041
2026-05-28 09:51:28,108 [WARNING]   qqdata no encontrado en qid=82042
2026-05-28 09:51:30,328 [WARNING]   qqdata no encontrado en qid=82043
2026-05-28 09:51:34,774 [WARNING]   qqdata no encontrado en qid=82044
2026-05-28 09:51:39,164 [WARNING]   qqdata no encontrado en qid=82045
2026-05-28 09:51:43,004 [WARNING]   qqdata no encontrado en qid=82046
2026-05-28 09:51:46,975 [WARNING]   qqdata no encontrado en qid=82047
2026-05-28 09:51:51,065 [WARNING]   qqdata no encontrado en qid=82048
2026-05-28 09:51:53,864 [WARNING]   qqdata no encontrado en qid=82049
2026-05-28 09:51:58,568 [WARNING]   qqdata no encontrado en qid=82051
2026-05-28 09:52:01,493 [WARNING]   qqdata no encontrado en qid=82052
2026-05-28 09:52:05,158 [WARNING]   qqdata no encontrado en qid=82053
2026-05-28 09:52:09,211 [WARNING]   qqdata no encontrado en qid=10808
2026-05-28 09:52:13,702 [WARNING]   qqdata no encontrado en qid=9718
2026-05-28 09:52:16,365 [WARNING]   qqdata no encontrado en qid=11500
2026-05-28 09:52:20,383 [WARNING]   qqdata no encontrado en qid=60827
2026-05-28 09:52:24,901 [WARNING]   qqdata no encontrado en qid=10051
2026-05-28 09:52:28,934 [WARNING]   qqdata no encontrado en qid=8250
2026-05-28 09:52:31,029 [WARNING]   qqdata no encontrado en qid=43663
2026-05-28 09:52:35,438 [WARNING]   qqdata no encontrado en qid=11088
2026-05-28 09:52:38,328 [WARNING]   qqdata no encontrado en qid=9956
2026-05-28 09:52:41,559 [WARNING]   qqdata no encontrado en qid=9162
2026-05-28 09:52:43,859 [WARNING]   qqdata no encontrado en qid=9645
2026-05-28 09:52:47,905 [WARNING]   qqdata no encontrado en qid=20384
2026-05-28 09:52:52,086 [WARNING]   qqdata no encontrado en qid=42818
2026-05-28 09:52:56,452 [WARNING]   qqdata no encontrado en qid=8852
2026-05-28 09:53:00,491 [WARNING]   qqdata no encontrado en qid=8748
2026-05-28 09:53:04,555 [WARNING]   qqdata no encontrado en qid=153
2026-05-28 09:53:07,734 [WARNING]   qqdata no encontrado en qid=43414
2026-05-28 09:53:12,164 [WARNING]   qqdata no encontrado en qid=9161
2026-05-28 09:53:15,541 [WARNING]   qqdata no encontrado en qid=61921
2026-05-28 09:53:18,576 [WARNING]   qqdata no encontrado en qid=54266
2026-05-28 09:53:20,654 [WARNING]   qqdata no encontrado en qid=9276
2026-05-28 09:53:24,880 [WARNING]   qqdata no encontrado en qid=11363
2026-05-28 09:53:26,995 [WARNING]   qqdata no encontrado en qid=8651
2026-05-28 09:53:29,610 [WARNING]   qqdata no encontrado en qid=9039
2026-05-28 09:53:33,627 [WARNING]   qqdata no encontrado en qid=9794
2026-05-28 09:53:37,682 [WARNING]   qqdata no encontrado en qid=11011
2026-05-28 09:53:37,683 [INFO]   Capítulo 8972 '（内部）共公地盘，官子（视频）'
2026-05-28 09:53:43,113 [WARNING]   qqdata no encontrado en qid=128808
2026-05-28 09:53:46,217 [WARNING]   qqdata no encontrado en qid=128809
2026-05-28 09:53:49,222 [WARNING]   qqdata no encontrado en qid=171103
2026-05-28 09:53:52,318 [WARNING]   qqdata no encontrado en qid=162260
2026-05-28 09:53:55,297 [WARNING]   qqdata no encontrado en qid=20785
2026-05-28 09:53:58,935 [WARNING]   qqdata no encontrado en qid=41995
2026-05-28 09:54:02,932 [WARNING]   qqdata no encontrado en qid=28886
2026-05-28 09:54:05,090 [WARNING]   qqdata no encontrado en qid=21363
2026-05-28 09:54:09,422 [WARNING]   qqdata no encontrado en qid=43355
2026-05-28 09:54:12,614 [WARNING]   qqdata no encontrado en qid=28887
2026-05-28 09:54:17,051 [WARNING]   qqdata no encontrado en qid=41983
2026-05-28 09:54:19,277 [WARNING]   qqdata no encontrado en qid=128429
2026-05-28 09:54:22,012 [WARNING]   qqdata no encontrado en qid=176281
2026-05-28 09:54:25,593 [WARNING]   qqdata no encontrado en qid=104390
2026-05-28 09:54:27,889 [WARNING]   qqdata no encontrado en qid=129272
2026-05-28 09:54:32,251 [WARNING]   qqdata no encontrado en qid=128228
2026-05-28 09:54:35,508 [WARNING]   qqdata no encontrado en qid=150645
2026-05-28 09:54:40,047 [WARNING]   qqdata no encontrado en qid=128231
2026-05-28 09:54:42,911 [WARNING]   qqdata no encontrado en qid=80180
2026-05-28 09:54:45,050 [WARNING]   qqdata no encontrado en qid=136444
2026-05-28 09:54:48,921 [WARNING]   qqdata no encontrado en qid=89521
2026-05-28 09:54:51,987 [WARNING]   qqdata no encontrado en qid=77862
2026-05-28 09:54:54,581 [WARNING]   qqdata no encontrado en qid=41996
2026-05-28 09:54:57,219 [WARNING]   qqdata no encontrado en qid=128289
2026-05-28 09:54:59,422 [WARNING]   qqdata no encontrado en qid=141027
2026-05-28 09:55:02,969 [WARNING]   qqdata no encontrado en qid=129253
2026-05-28 09:55:06,087 [WARNING]   qqdata no encontrado en qid=129294
2026-05-28 09:55:09,728 [WARNING]   qqdata no encontrado en qid=89522
2026-05-28 09:55:13,091 [WARNING]   qqdata no encontrado en qid=104164
2026-05-28 09:55:16,989 [WARNING]   qqdata no encontrado en qid=94846
2026-05-28 09:55:20,952 [WARNING]   qqdata no encontrado en qid=129289
2026-05-28 09:55:24,026 [WARNING]   qqdata no encontrado en qid=128409
2026-05-28 09:55:27,017 [WARNING]   qqdata no encontrado en qid=128154
2026-05-28 09:55:30,291 [WARNING]   qqdata no encontrado en qid=107581
2026-05-28 09:55:33,031 [WARNING]   qqdata no encontrado en qid=20199
2026-05-28 09:55:37,505 [WARNING]   qqdata no encontrado en qid=148920
2026-05-28 09:55:40,954 [WARNING]   qqdata no encontrado en qid=92710
2026-05-28 09:55:44,336 [WARNING]   qqdata no encontrado en qid=128202
2026-05-28 09:55:47,836 [WARNING]   qqdata no encontrado en qid=129288
2026-05-28 09:55:50,362 [WARNING]   qqdata no encontrado en qid=221380
2026-05-28 09:55:54,413 [WARNING]   qqdata no encontrado en qid=77022
2026-05-28 09:55:57,016 [WARNING]   qqdata no encontrado en qid=104389
2026-05-28 09:56:00,238 [WARNING]   qqdata no encontrado en qid=128174
2026-05-28 09:56:03,736 [WARNING]   qqdata no encontrado en qid=128162
2026-05-28 09:56:06,606 [WARNING]   qqdata no encontrado en qid=128164
2026-05-28 09:56:10,398 [WARNING]   qqdata no encontrado en qid=89490
2026-05-28 09:56:13,032 [WARNING]   qqdata no encontrado en qid=104388
2026-05-28 09:56:17,021 [WARNING]   qqdata no encontrado en qid=129264
2026-05-28 09:56:20,557 [WARNING]   qqdata no encontrado en qid=128156
2026-05-28 09:56:22,845 [WARNING]   qqdata no encontrado en qid=74401
2026-05-28 09:56:26,520 [WARNING]   qqdata no encontrado en qid=244912
2026-05-28 09:56:30,204 [WARNING]   qqdata no encontrado en qid=128159
2026-05-28 09:56:34,551 [WARNING]   qqdata no encontrado en qid=129265
2026-05-28 09:56:36,955 [WARNING]   qqdata no encontrado en qid=104434
2026-05-28 09:56:41,882 [WARNING]   qqdata no encontrado en qid=104436
2026-05-28 09:56:44,069 [WARNING]   qqdata no encontrado en qid=188631
2026-05-28 09:56:47,389 [WARNING]   qqdata no encontrado en qid=104463
2026-05-28 09:56:51,932 [WARNING]   qqdata no encontrado en qid=104156
2026-05-28 09:56:55,810 [WARNING]   qqdata no encontrado en qid=138509
2026-05-28 09:56:55,811 [INFO]   Capítulo 12865 '@围地的效率'
2026-05-28 09:57:01,028 [WARNING]   qqdata no encontrado en qid=11262
2026-05-28 09:57:04,485 [WARNING]   qqdata no encontrado en qid=10296
2026-05-28 09:57:07,756 [WARNING]   qqdata no encontrado en qid=84184
2026-05-28 09:57:12,070 [WARNING]   qqdata no encontrado en qid=77259
2026-05-28 09:57:15,596 [WARNING]   qqdata no encontrado en qid=61472
2026-05-28 09:57:18,923 [WARNING]   qqdata no encontrado en qid=12686
2026-05-28 09:57:21,071 [WARNING]   qqdata no encontrado en qid=10674
2026-05-28 09:57:24,152 [WARNING]   qqdata no encontrado en qid=9964
2026-05-28 09:57:27,904 [WARNING]   qqdata no encontrado en qid=96000
2026-05-28 09:57:32,445 [WARNING]   qqdata no encontrado en qid=8769
2026-05-28 09:57:36,196 [WARNING]   qqdata no encontrado en qid=81126
2026-05-28 09:57:39,226 [WARNING]   qqdata no encontrado en qid=81809
2026-05-28 09:57:42,885 [WARNING]   qqdata no encontrado en qid=107812
2026-05-28 09:57:46,888 [WARNING]   qqdata no encontrado en qid=13231
2026-05-28 09:57:50,163 [WARNING]   qqdata no encontrado en qid=8275
2026-05-28 09:57:52,486 [WARNING]   qqdata no encontrado en qid=13162
2026-05-28 09:57:54,600 [WARNING]   qqdata no encontrado en qid=117915
2026-05-28 09:57:58,404 [WARNING]   qqdata no encontrado en qid=83950
2026-05-28 09:58:01,524 [WARNING]   qqdata no encontrado en qid=10201
2026-05-28 09:58:04,433 [WARNING]   qqdata no encontrado en qid=84234
2026-05-28 09:58:08,658 [WARNING]   qqdata no encontrado en qid=168044
2026-05-28 09:58:13,980 [WARNING]   qqdata no encontrado en qid=168047
2026-05-28 09:58:18,843 [WARNING]   qqdata no encontrado en qid=168068
2026-05-28 09:58:22,527 [WARNING]   qqdata no encontrado en qid=168069
2026-05-28 09:58:25,616 [WARNING]   qqdata no encontrado en qid=168071
2026-05-28 09:58:28,367 [WARNING]   qqdata no encontrado en qid=168072
2026-05-28 09:58:28,368 [INFO]   Capítulo 10329 '逃跑的方向'
2026-05-28 09:58:37,931 [WARNING]   qqdata no encontrado en qid=9301
2026-05-28 09:58:40,710 [WARNING]   qqdata no encontrado en qid=7677
2026-05-28 09:58:43,526 [WARNING]   qqdata no encontrado en qid=22613
2026-05-28 09:58:47,124 [WARNING]   qqdata no encontrado en qid=41986
2026-05-28 09:58:49,247 [WARNING]   qqdata no encontrado en qid=8790
2026-05-28 09:58:53,429 [WARNING]   qqdata no encontrado en qid=10205
2026-05-28 09:58:56,150 [WARNING]   qqdata no encontrado en qid=10223
2026-05-28 09:59:00,622 [WARNING]   qqdata no encontrado en qid=11819
2026-05-28 09:59:04,957 [WARNING]   qqdata no encontrado en qid=12147
2026-05-28 09:59:07,301 [WARNING]   qqdata no encontrado en qid=9191
2026-05-28 09:59:12,250 [WARNING]   qqdata no encontrado en qid=8481
2026-05-28 09:59:16,308 [WARNING]   qqdata no encontrado en qid=9748
2026-05-28 09:59:19,733 [WARNING]   qqdata no encontrado en qid=9397
2026-05-28 09:59:22,520 [WARNING]   qqdata no encontrado en qid=9910
2026-05-28 09:59:25,525 [WARNING]   qqdata no encontrado en qid=43676
2026-05-28 09:59:29,880 [WARNING]   qqdata no encontrado en qid=8771
2026-05-28 09:59:34,074 [WARNING]   qqdata no encontrado en qid=8627
2026-05-28 09:59:36,660 [WARNING]   qqdata no encontrado en qid=9247
2026-05-28 09:59:38,826 [WARNING]   qqdata no encontrado en qid=9335
2026-05-28 09:59:42,626 [WARNING]   qqdata no encontrado en qid=10000
2026-05-28 09:59:45,492 [WARNING]   qqdata no encontrado en qid=9469
2026-05-28 09:59:49,528 [WARNING]   qqdata no encontrado en qid=9111
2026-05-28 09:59:52,595 [WARNING]   qqdata no encontrado en qid=8941
2026-05-28 09:59:57,466 [WARNING]   qqdata no encontrado en qid=9238
2026-05-28 10:00:02,925 [WARNING]   qqdata no encontrado en qid=9683
2026-05-28 10:00:02,926 [INFO]   Capítulo 12735 '吃子技巧'
2026-05-28 10:00:10,086 [WARNING]   qqdata no encontrado en qid=9702
2026-05-28 10:00:13,201 [WARNING]   qqdata no encontrado en qid=8263
2026-05-28 10:00:16,706 [WARNING]   qqdata no encontrado en qid=8887
2026-05-28 10:00:19,695 [WARNING]   qqdata no encontrado en qid=8505
2026-05-28 10:00:24,899 [WARNING]   qqdata no encontrado en qid=5721
2026-05-28 10:00:28,996 [WARNING]   qqdata no encontrado en qid=10238
2026-05-28 10:00:32,439 [WARNING]   qqdata no encontrado en qid=19925
2026-05-28 10:00:36,712 [WARNING]   qqdata no encontrado en qid=8510
2026-05-28 10:00:39,968 [WARNING]   qqdata no encontrado en qid=8737
2026-05-28 10:00:43,040 [WARNING]   qqdata no encontrado en qid=8697
2026-05-28 10:00:46,966 [WARNING]   qqdata no encontrado en qid=27444
2026-05-28 10:00:51,128 [WARNING]   qqdata no encontrado en qid=9310
2026-05-28 10:00:53,484 [WARNING]   qqdata no encontrado en qid=27323
2026-05-28 10:00:57,385 [WARNING]   qqdata no encontrado en qid=3439
2026-05-28 10:01:00,388 [WARNING]   qqdata no encontrado en qid=8287
2026-05-28 10:01:02,982 [WARNING]   qqdata no encontrado en qid=9843
2026-05-28 10:01:06,780 [WARNING]   qqdata no encontrado en qid=8302
2026-05-28 10:01:09,550 [WARNING]   qqdata no encontrado en qid=8696
2026-05-28 10:01:12,523 [WARNING]   qqdata no encontrado en qid=11616
2026-05-28 10:01:14,869 [WARNING]   qqdata no encontrado en qid=54267
2026-05-28 10:01:18,430 [WARNING]   qqdata no encontrado en qid=8700
2026-05-28 10:01:22,873 [WARNING]   qqdata no encontrado en qid=9144
2026-05-28 10:01:25,324 [WARNING]   qqdata no encontrado en qid=19943
2026-05-28 10:01:27,492 [WARNING]   qqdata no encontrado en qid=8458
2026-05-28 10:01:31,587 [WARNING]   qqdata no encontrado en qid=9757
2026-05-28 10:01:35,815 [WARNING]   qqdata no encontrado en qid=9009
2026-05-28 10:01:38,009 [WARNING]   qqdata no encontrado en qid=8347
2026-05-28 10:01:40,227 [WARNING]   qqdata no encontrado en qid=8319
2026-05-28 10:01:43,567 [WARNING]   qqdata no encontrado en qid=5457
2026-05-28 10:01:46,943 [WARNING]   qqdata no encontrado en qid=57310
2026-05-28 10:01:50,631 [WARNING]   qqdata no encontrado en qid=77443
2026-05-28 10:01:55,298 [WARNING]   qqdata no encontrado en qid=1129
2026-05-28 10:01:57,513 [WARNING]   qqdata no encontrado en qid=63077
2026-05-28 10:02:00,902 [WARNING]   qqdata no encontrado en qid=8545
2026-05-28 10:02:04,453 [WARNING]   qqdata no encontrado en qid=61127
2026-05-28 10:02:08,287 [WARNING]   qqdata no encontrado en qid=11687
2026-05-28 10:02:11,759 [WARNING]   qqdata no encontrado en qid=43583
2026-05-28 10:02:16,694 [WARNING]   qqdata no encontrado en qid=83341
2026-05-28 10:02:20,085 [WARNING]   qqdata no encontrado en qid=9408
2026-05-28 10:02:24,288 [WARNING]   qqdata no encontrado en qid=3298
2026-05-28 10:02:24,289 [INFO]   Capítulo 8967 '扩大眼位、抢占眼位'
2026-05-28 10:02:32,479 [WARNING]   qqdata no encontrado en qid=21936
2026-05-28 10:02:36,184 [WARNING]   qqdata no encontrado en qid=42746
2026-05-28 10:02:40,632 [WARNING]   qqdata no encontrado en qid=21962
2026-05-28 10:02:44,878 [WARNING]   qqdata no encontrado en qid=42227
2026-05-28 10:02:49,409 [WARNING]   qqdata no encontrado en qid=22142
2026-05-28 10:02:53,796 [WARNING]   qqdata no encontrado en qid=11071
2026-05-28 10:02:56,819 [WARNING]   qqdata no encontrado en qid=10736
2026-05-28 10:02:59,433 [WARNING]   qqdata no encontrado en qid=13446
2026-05-28 10:03:02,239 [WARNING]   qqdata no encontrado en qid=10943
2026-05-28 10:03:04,730 [WARNING]   qqdata no encontrado en qid=43276
2026-05-28 10:03:07,163 [WARNING]   qqdata no encontrado en qid=44218
2026-05-28 10:03:10,219 [WARNING]   qqdata no encontrado en qid=11311
2026-05-28 10:03:12,406 [WARNING]   qqdata no encontrado en qid=21864
2026-05-28 10:03:15,107 [WARNING]   qqdata no encontrado en qid=22174
2026-05-28 10:03:17,841 [WARNING]   qqdata no encontrado en qid=11363
2026-05-28 10:03:22,429 [WARNING]   qqdata no encontrado en qid=13130
2026-05-28 10:03:25,794 [WARNING]   qqdata no encontrado en qid=20542
2026-05-28 10:03:28,989 [WARNING]   qqdata no encontrado en qid=12312
2026-05-28 10:03:32,151 [WARNING]   qqdata no encontrado en qid=22210
2026-05-28 10:03:34,360 [WARNING]   qqdata no encontrado en qid=57179
2026-05-28 10:03:37,122 [WARNING]   qqdata no encontrado en qid=15661
2026-05-28 10:03:41,035 [WARNING]   qqdata no encontrado en qid=8554
2026-05-28 10:03:45,581 [WARNING]   qqdata no encontrado en qid=8967
2026-05-28 10:03:45,582 [INFO]   Capítulo 8969 '二路吃子'
2026-05-28 10:03:51,495 [WARNING]   qqdata no encontrado en qid=82054
2026-05-28 10:03:55,066 [WARNING]   qqdata no encontrado en qid=82055
2026-05-28 10:03:59,554 [WARNING]   qqdata no encontrado en qid=106831
2026-05-28 10:04:02,113 [WARNING]   qqdata no encontrado en qid=82056
2026-05-28 10:04:05,839 [WARNING]   qqdata no encontrado en qid=82057
2026-05-28 10:04:08,745 [WARNING]   qqdata no encontrado en qid=43451
2026-05-28 10:04:12,602 [WARNING]   qqdata no encontrado en qid=82058
2026-05-28 10:04:15,952 [WARNING]   qqdata no encontrado en qid=82059
2026-05-28 10:04:19,753 [WARNING]   qqdata no encontrado en qid=82060
2026-05-28 10:04:24,065 [WARNING]   qqdata no encontrado en qid=82061
2026-05-28 10:04:27,953 [WARNING]   qqdata no encontrado en qid=11759
2026-05-28 10:04:31,749 [WARNING]   qqdata no encontrado en qid=82062
2026-05-28 10:04:36,328 [WARNING]   qqdata no encontrado en qid=82063
2026-05-28 10:04:40,625 [WARNING]   qqdata no encontrado en qid=82064
2026-05-28 10:04:43,289 [WARNING]   qqdata no encontrado en qid=21292
2026-05-28 10:04:47,210 [WARNING]   qqdata no encontrado en qid=82065
2026-05-28 10:04:50,493 [WARNING]   qqdata no encontrado en qid=82066
2026-05-28 10:04:53,426 [WARNING]   qqdata no encontrado en qid=82067
2026-05-28 10:04:56,186 [WARNING]   qqdata no encontrado en qid=82068
2026-05-28 10:04:58,924 [WARNING]   qqdata no encontrado en qid=82069
2026-05-28 10:05:01,929 [WARNING]   qqdata no encontrado en qid=82070
2026-05-28 10:05:04,128 [WARNING]   qqdata no encontrado en qid=82071
2026-05-28 10:05:07,631 [WARNING]   qqdata no encontrado en qid=82072
2026-05-28 10:05:10,853 [WARNING]   qqdata no encontrado en qid=82073
2026-05-28 10:05:15,233 [WARNING]   qqdata no encontrado en qid=82074
2026-05-28 10:05:18,061 [WARNING]   qqdata no encontrado en qid=82075
2026-05-28 10:05:23,116 [WARNING]   qqdata no encontrado en qid=82076
2026-05-28 10:05:25,719 [WARNING]   qqdata no encontrado en qid=82077
2026-05-28 10:05:30,242 [WARNING]   qqdata no encontrado en qid=82078
2026-05-28 10:05:33,859 [WARNING]   qqdata no encontrado en qid=82079
2026-05-28 10:05:36,604 [WARNING]   qqdata no encontrado en qid=82080
2026-05-28 10:05:39,271 [WARNING]   qqdata no encontrado en qid=82081
2026-05-28 10:05:42,931 [WARNING]   qqdata no encontrado en qid=82082
2026-05-28 10:05:42,932 [INFO]   Capítulo 19378 '@好形与坏形'
2026-05-28 10:05:47,666 [WARNING]   qqdata no encontrado en qid=179272
2026-05-28 10:05:50,584 [WARNING]   qqdata no encontrado en qid=179273
2026-05-28 10:05:55,404 [WARNING]   qqdata no encontrado en qid=255085
2026-05-28 10:05:59,775 [WARNING]   qqdata no encontrado en qid=255086
2026-05-28 10:06:03,524 [WARNING]   qqdata no encontrado en qid=255333
2026-05-28 10:06:06,249 [WARNING]   qqdata no encontrado en qid=255336
2026-05-28 10:06:09,933 [WARNING]   qqdata no encontrado en qid=179274
2026-05-28 10:06:12,472 [WARNING]   qqdata no encontrado en qid=179275
2026-05-28 10:06:15,659 [WARNING]   qqdata no encontrado en qid=179276
2026-05-28 10:06:19,170 [WARNING]   qqdata no encontrado en qid=179277
2026-05-28 10:06:21,436 [WARNING]   qqdata no encontrado en qid=179278
2026-05-28 10:06:25,442 [WARNING]   qqdata no encontrado en qid=179280
2026-05-28 10:06:30,119 [WARNING]   qqdata no encontrado en qid=179282
2026-05-28 10:06:32,895 [WARNING]   qqdata no encontrado en qid=179284
2026-05-28 10:06:35,876 [WARNING]   qqdata no encontrado en qid=179285
2026-05-28 10:06:40,584 [WARNING]   qqdata no encontrado en qid=179286
2026-05-28 10:06:43,589 [WARNING]   qqdata no encontrado en qid=179287
2026-05-28 10:06:46,682 [WARNING]   qqdata no encontrado en qid=179289
2026-05-28 10:06:50,415 [WARNING]   qqdata no encontrado en qid=9185
2026-05-28 10:06:53,782 [WARNING]   qqdata no encontrado en qid=12778
2026-05-28 10:06:56,437 [WARNING]   qqdata no encontrado en qid=9999
2026-05-28 10:07:00,420 [WARNING]   qqdata no encontrado en qid=5721
2026-05-28 10:07:03,690 [WARNING]   qqdata no encontrado en qid=54267
2026-05-28 10:07:06,436 [WARNING]   qqdata no encontrado en qid=57310
2026-05-28 10:07:09,473 [WARNING]   qqdata no encontrado en qid=27323
2026-05-28 10:07:12,233 [WARNING]   qqdata no encontrado en qid=19955
2026-05-28 10:07:14,966 [WARNING]   qqdata no encontrado en qid=9239
2026-05-28 10:07:17,866 [WARNING]   qqdata no encontrado en qid=8746
2026-05-28 10:07:21,144 [WARNING]   qqdata no encontrado en qid=8987
2026-05-28 10:07:24,960 [WARNING]   qqdata no encontrado en qid=10196
2026-05-28 10:07:27,758 [WARNING]   qqdata no encontrado en qid=10148
2026-05-28 10:07:31,000 [WARNING]   qqdata no encontrado en qid=9028
2026-05-28 10:07:34,311 [WARNING]   qqdata no encontrado en qid=19956
2026-05-28 10:07:38,290 [WARNING]   qqdata no encontrado en qid=19953
2026-05-28 10:07:41,353 [WARNING]   qqdata no encontrado en qid=9122
2026-05-28 10:07:45,357 [WARNING]   qqdata no encontrado en qid=9702
2026-05-28 10:07:45,357 [INFO]   Capítulo 19380 '@见合（两者得其一）'
2026-05-28 10:07:52,112 [WARNING]   qqdata no encontrado en qid=179307
2026-05-28 10:07:55,693 [WARNING]   qqdata no encontrado en qid=179308
2026-05-28 10:07:59,072 [WARNING]   qqdata no encontrado en qid=179309
2026-05-28 10:08:03,560 [WARNING]   qqdata no encontrado en qid=179310
2026-05-28 10:08:05,855 [WARNING]   qqdata no encontrado en qid=179311
2026-05-28 10:08:09,844 [WARNING]   qqdata no encontrado en qid=179312
2026-05-28 10:08:12,415 [WARNING]   qqdata no encontrado en qid=179313
2026-05-28 10:08:12,416 [INFO]   Capítulo 12736 '吃子技巧2'
2026-05-28 10:08:19,547 [WARNING]   qqdata no encontrado en qid=9951
2026-05-28 10:08:22,991 [WARNING]   qqdata no encontrado en qid=12200
2026-05-28 10:08:25,562 [WARNING]   qqdata no encontrado en qid=22477
2026-05-28 10:08:30,293 [WARNING]   qqdata no encontrado en qid=54248
2026-05-28 10:08:34,537 [WARNING]   qqdata no encontrado en qid=9399
2026-05-28 10:08:37,448 [WARNING]   qqdata no encontrado en qid=19990
2026-05-28 10:08:41,829 [WARNING]   qqdata no encontrado en qid=20006
2026-05-28 10:08:44,349 [WARNING]   qqdata no encontrado en qid=9850
2026-05-28 10:08:46,704 [WARNING]   qqdata no encontrado en qid=7599
2026-05-28 10:08:49,921 [WARNING]   qqdata no encontrado en qid=5717
2026-05-28 10:08:53,077 [WARNING]   qqdata no encontrado en qid=186
2026-05-28 10:08:55,503 [WARNING]   qqdata no encontrado en qid=8652
2026-05-28 10:08:58,806 [WARNING]   qqdata no encontrado en qid=42820
2026-05-28 10:09:02,385 [WARNING]   qqdata no encontrado en qid=19982
2026-05-28 10:09:04,913 [WARNING]   qqdata no encontrado en qid=5624
2026-05-28 10:09:07,842 [WARNING]   qqdata no encontrado en qid=19986
2026-05-28 10:09:12,357 [WARNING]   qqdata no encontrado en qid=19966
2026-05-28 10:09:15,607 [WARNING]   qqdata no encontrado en qid=9948
2026-05-28 10:09:19,512 [WARNING]   qqdata no encontrado en qid=10594
2026-05-28 10:09:21,644 [WARNING]   qqdata no encontrado en qid=170
2026-05-28 10:09:24,076 [WARNING]   qqdata no encontrado en qid=10516
2026-05-28 10:09:27,047 [WARNING]   qqdata no encontrado en qid=115316
2026-05-28 10:09:31,336 [WARNING]   qqdata no encontrado en qid=9705
2026-05-28 10:09:34,005 [WARNING]   qqdata no encontrado en qid=3647
2026-05-28 10:09:38,160 [WARNING]   qqdata no encontrado en qid=11940
2026-05-28 10:09:42,103 [WARNING]   qqdata no encontrado en qid=12846
2026-05-28 10:09:46,477 [WARNING]   qqdata no encontrado en qid=12073
2026-05-28 10:09:48,966 [WARNING]   qqdata no encontrado en qid=173
2026-05-28 10:09:51,645 [WARNING]   qqdata no encontrado en qid=238
2026-05-28 10:09:55,345 [WARNING]   qqdata no encontrado en qid=9599
2026-05-28 10:09:55,347 [INFO]   Capítulo 47625 '扑与接不归'
2026-05-28 10:10:01,403 [WARNING]   qqdata no encontrado en qid=9201
2026-05-28 10:10:05,626 [WARNING]   qqdata no encontrado en qid=5624
2026-05-28 10:10:10,225 [WARNING]   qqdata no encontrado en qid=42102
2026-05-28 10:10:14,206 [WARNING]   qqdata no encontrado en qid=9947
2026-05-28 10:10:18,746 [WARNING]   qqdata no encontrado en qid=10063
2026-05-28 10:10:22,405 [WARNING]   qqdata no encontrado en qid=11439
2026-05-28 10:10:25,939 [WARNING]   qqdata no encontrado en qid=22495
2026-05-28 10:10:30,046 [WARNING]   qqdata no encontrado en qid=11120
2026-05-28 10:10:33,420 [WARNING]   qqdata no encontrado en qid=8194
2026-05-28 10:10:35,844 [WARNING]   qqdata no encontrado en qid=27504
2026-05-28 10:10:39,175 [WARNING]   qqdata no encontrado en qid=27540
2026-05-28 10:10:42,759 [WARNING]   qqdata no encontrado en qid=226
2026-05-28 10:10:47,074 [WARNING]   qqdata no encontrado en qid=9037
2026-05-28 10:10:49,892 [WARNING]   qqdata no encontrado en qid=11364
2026-05-28 10:10:53,162 [WARNING]   qqdata no encontrado en qid=13884
2026-05-28 10:10:58,229 [WARNING]   qqdata no encontrado en qid=8533
2026-05-28 10:11:01,631 [WARNING]   qqdata no encontrado en qid=41990
2026-05-28 10:11:03,870 [WARNING]   qqdata no encontrado en qid=10308
2026-05-28 10:11:06,203 [WARNING]   qqdata no encontrado en qid=129
2026-05-28 10:11:09,886 [WARNING]   qqdata no encontrado en qid=9725
2026-05-28 10:11:12,328 [WARNING]   qqdata no encontrado en qid=8721
2026-05-28 10:11:15,463 [WARNING]   qqdata no encontrado en qid=8326
2026-05-28 10:11:17,838 [WARNING]   qqdata no encontrado en qid=27419
2026-05-28 10:11:21,664 [WARNING]   qqdata no encontrado en qid=9982
2026-05-28 10:11:24,435 [WARNING]   qqdata no encontrado en qid=9348
2026-05-28 10:11:29,291 [WARNING]   qqdata no encontrado en qid=3615
2026-05-28 10:11:33,328 [WARNING]   qqdata no encontrado en qid=8236
2026-05-28 10:11:36,674 [WARNING]   qqdata no encontrado en qid=9760
2026-05-28 10:11:40,962 [WARNING]   qqdata no encontrado en qid=10293
2026-05-28 10:11:44,807 [WARNING]   qqdata no encontrado en qid=8610
2026-05-28 10:11:44,808 [INFO]   Capítulo 19383 '围棋术语'
2026-05-28 10:11:49,943 [WARNING]   qqdata no encontrado en qid=179346
2026-05-28 10:11:52,585 [WARNING]   qqdata no encontrado en qid=179347
2026-05-28 10:11:56,081 [WARNING]   qqdata no encontrado en qid=179348
2026-05-28 10:11:58,725 [WARNING]   qqdata no encontrado en qid=179349
2026-05-28 10:12:03,050 [WARNING]   qqdata no encontrado en qid=179350
2026-05-28 10:12:05,830 [WARNING]   qqdata no encontrado en qid=179351
2026-05-28 10:12:08,137 [WARNING]   qqdata no encontrado en qid=179352
2026-05-28 10:12:08,140 [INFO]   Capítulo 19321 '金鸡独立'
2026-05-28 10:12:15,187 [WARNING]   qqdata no encontrado en qid=11634
2026-05-28 10:12:18,796 [WARNING]   qqdata no encontrado en qid=27430
2026-05-28 10:12:22,657 [WARNING]   qqdata no encontrado en qid=65234
2026-05-28 10:12:26,740 [WARNING]   qqdata no encontrado en qid=12789
2026-05-28 10:12:29,321 [WARNING]   qqdata no encontrado en qid=9773
2026-05-28 10:12:33,897 [WARNING]   qqdata no encontrado en qid=13520
2026-05-28 10:12:37,560 [WARNING]   qqdata no encontrado en qid=42846
2026-05-28 10:12:40,758 [WARNING]   qqdata no encontrado en qid=7677
2026-05-28 10:12:45,392 [WARNING]   qqdata no encontrado en qid=20199
2026-05-28 10:12:48,860 [WARNING]   qqdata no encontrado en qid=11585
2026-05-28 10:12:52,021 [WARNING]   qqdata no encontrado en qid=142127
2026-05-28 10:12:55,379 [WARNING]   qqdata no encontrado en qid=11917
2026-05-28 10:12:59,725 [WARNING]   qqdata no encontrado en qid=5328
2026-05-28 10:13:02,547 [WARNING]   qqdata no encontrado en qid=20823
2026-05-28 10:13:05,171 [WARNING]   qqdata no encontrado en qid=61341
2026-05-28 10:13:09,687 [WARNING]   qqdata no encontrado en qid=13035
2026-05-28 10:13:14,001 [WARNING]   qqdata no encontrado en qid=3699
2026-05-28 10:13:18,317 [WARNING]   qqdata no encontrado en qid=10012
2026-05-28 10:13:21,103 [WARNING]   qqdata no encontrado en qid=9542
2026-05-28 10:13:23,593 [WARNING]   qqdata no encontrado en qid=9612
2026-05-28 10:13:25,936 [WARNING]   qqdata no encontrado en qid=10562
2026-05-28 10:13:29,498 [WARNING]   qqdata no encontrado en qid=75197
2026-05-28 10:13:32,576 [WARNING]   qqdata no encontrado en qid=42812
2026-05-28 10:13:32,586 [INFO]   Capítulo 33836 '@棋子的作用'
2026-05-28 10:13:39,657 [WARNING]   qqdata no encontrado en qid=228243
2026-05-28 10:13:43,588 [WARNING]   qqdata no encontrado en qid=228244
2026-05-28 10:13:47,322 [WARNING]   qqdata no encontrado en qid=228245
2026-05-28 10:13:49,918 [WARNING]   qqdata no encontrado en qid=228246
2026-05-28 10:13:53,670 [WARNING]   qqdata no encontrado en qid=228247
2026-05-28 10:13:53,671 [INFO]   Capítulo 8971 '联络与切断'
2026-05-28 10:13:58,837 [WARNING]   qqdata no encontrado en qid=20762
2026-05-28 10:14:01,868 [WARNING]   qqdata no encontrado en qid=9234
2026-05-28 10:14:06,816 [WARNING]   qqdata no encontrado en qid=10451
2026-05-28 10:14:10,451 [WARNING]   qqdata no encontrado en qid=9304
2026-05-28 10:14:13,887 [WARNING]   qqdata no encontrado en qid=12710
2026-05-28 10:14:17,729 [WARNING]   qqdata no encontrado en qid=9960
2026-05-28 10:14:20,969 [WARNING]   qqdata no encontrado en qid=10211
2026-05-28 10:14:23,852 [WARNING]   qqdata no encontrado en qid=10037
2026-05-28 10:14:28,081 [WARNING]   qqdata no encontrado en qid=10845
2026-05-28 10:14:31,695 [WARNING]   qqdata no encontrado en qid=20764
2026-05-28 10:14:35,928 [WARNING]   qqdata no encontrado en qid=8995
2026-05-28 10:14:38,903 [WARNING]   qqdata no encontrado en qid=22709
2026-05-28 10:14:43,473 [WARNING]   qqdata no encontrado en qid=9957
2026-05-28 10:14:47,404 [WARNING]   qqdata no encontrado en qid=11822
2026-05-28 10:14:51,809 [WARNING]   qqdata no encontrado en qid=8519
2026-05-28 10:14:56,042 [WARNING]   qqdata no encontrado en qid=8755
2026-05-28 10:14:59,732 [WARNING]   qqdata no encontrado en qid=6911
2026-05-28 10:15:03,771 [WARNING]   qqdata no encontrado en qid=11590
2026-05-28 10:15:07,429 [WARNING]   qqdata no encontrado en qid=10070
2026-05-28 10:15:10,667 [WARNING]   qqdata no encontrado en qid=8485
2026-05-28 10:15:10,670 [INFO]   Capítulo 10204 '死活基础'
2026-05-28 10:15:16,854 [WARNING]   qqdata no encontrado en qid=13769
2026-05-28 10:15:19,620 [WARNING]   qqdata no encontrado en qid=27452
2026-05-28 10:15:22,586 [WARNING]   qqdata no encontrado en qid=13249
2026-05-28 10:15:25,628 [WARNING]   qqdata no encontrado en qid=7972
2026-05-28 10:15:29,877 [WARNING]   qqdata no encontrado en qid=21985
2026-05-28 10:15:34,070 [WARNING]   qqdata no encontrado en qid=12652
2026-05-28 10:15:37,290 [WARNING]   qqdata no encontrado en qid=26363
2026-05-28 10:15:40,825 [WARNING]   qqdata no encontrado en qid=13647
2026-05-28 10:15:43,226 [WARNING]   qqdata no encontrado en qid=10227
2026-05-28 10:15:46,133 [WARNING]   qqdata no encontrado en qid=6303
2026-05-28 10:15:51,020 [WARNING]   qqdata no encontrado en qid=10584
2026-05-28 10:15:53,337 [WARNING]   qqdata no encontrado en qid=43315
2026-05-28 10:15:56,985 [WARNING]   qqdata no encontrado en qid=5309
2026-05-28 10:15:59,466 [WARNING]   qqdata no encontrado en qid=11469
2026-05-28 10:16:01,876 [WARNING]   qqdata no encontrado en qid=5818
2026-05-28 10:16:05,989 [WARNING]   qqdata no encontrado en qid=22241
2026-05-28 10:16:10,418 [WARNING]   qqdata no encontrado en qid=4140
2026-05-28 10:16:14,773 [WARNING]   qqdata no encontrado en qid=13282
2026-05-28 10:16:17,055 [WARNING]   qqdata no encontrado en qid=9094
2026-05-28 10:16:19,592 [WARNING]   qqdata no encontrado en qid=42562
2026-05-28 10:16:19,594 [INFO]   Capítulo 10209 '综合复习......................................'
2026-05-28 10:16:25,874 [WARNING]   qqdata no encontrado en qid=8485
2026-05-28 10:16:28,685 [WARNING]   qqdata no encontrado en qid=4140
2026-05-28 10:16:31,035 [WARNING]   qqdata no encontrado en qid=8627
2026-05-28 10:16:35,420 [WARNING]   qqdata no encontrado en qid=22142
2026-05-28 10:16:38,352 [WARNING]   qqdata no encontrado en qid=9919
2026-05-28 10:16:42,868 [WARNING]   qqdata no encontrado en qid=70278
2026-05-28 10:16:45,225 [WARNING]   qqdata no encontrado en qid=10223
2026-05-28 10:16:49,669 [WARNING]   qqdata no encontrado en qid=9335
2026-05-28 10:16:53,597 [WARNING]   qqdata no encontrado en qid=14563
2026-05-28 10:16:56,106 [WARNING]   qqdata no encontrado en qid=10584
2026-05-28 10:16:59,011 [WARNING]   qqdata no encontrado en qid=104461
2026-05-28 10:17:01,883 [WARNING]   qqdata no encontrado en qid=9949
2026-05-28 10:17:04,703 [WARNING]   qqdata no encontrado en qid=104425
2026-05-28 10:17:07,528 [WARNING]   qqdata no encontrado en qid=82050
2026-05-28 10:17:09,782 [WARNING]   qqdata no encontrado en qid=15661
2026-05-28 10:17:13,332 [WARNING]   qqdata no encontrado en qid=27399
2026-05-28 10:17:16,973 [WARNING]   qqdata no encontrado en qid=65188
2026-05-28 10:17:21,625 [WARNING]   qqdata no encontrado en qid=10070
2026-05-28 10:17:25,225 [WARNING]   qqdata no encontrado en qid=10134
2026-05-28 10:17:29,743 [WARNING]   qqdata no encontrado en qid=62174
2026-05-28 10:17:32,869 [WARNING]   qqdata no encontrado en qid=9013
2026-05-28 10:17:37,343 [WARNING]   qqdata no encontrado en qid=17372
2026-05-28 10:17:40,222 [WARNING]   qqdata no encontrado en qid=43605
2026-05-28 10:17:44,692 [WARNING]   qqdata no encontrado en qid=55618
2026-05-28 10:17:48,523 [WARNING]   qqdata no encontrado en qid=27524
2026-05-28 10:17:52,439 [WARNING]   qqdata no encontrado en qid=3596
2026-05-28 10:17:56,916 [WARNING]   qqdata no encontrado en qid=7592
2026-05-28 10:17:59,437 [WARNING]   qqdata no encontrado en qid=9766
2026-05-28 10:18:03,547 [WARNING]   qqdata no encontrado en qid=42562
2026-05-28 10:18:08,015 [WARNING]   qqdata no encontrado en qid=10191
2026-05-28 10:18:12,012 [WARNING]   qqdata no encontrado en qid=65382
2026-05-28 10:18:16,417 [WARNING]   qqdata no encontrado en qid=11160
2026-05-28 10:18:20,286 [WARNING]   qqdata no encontrado en qid=10960
2026-05-28 10:18:22,941 [WARNING]   qqdata no encontrado en qid=10419
2026-05-28 10:18:26,494 [WARNING]   qqdata no encontrado en qid=20199
2026-05-28 10:18:29,659 [WARNING]   qqdata no encontrado en qid=20197
2026-05-28 10:18:32,783 [WARNING]   qqdata no encontrado en qid=128204
2026-05-28 10:18:35,862 [WARNING]   qqdata no encontrado en qid=11009
2026-05-28 10:18:38,322 [WARNING]   qqdata no encontrado en qid=13915
2026-05-28 10:18:41,504 [WARNING]   qqdata no encontrado en qid=6963
2026-05-28 10:18:44,236 [WARNING]   qqdata no encontrado en qid=22174
2026-05-28 10:18:48,292 [WARNING]   qqdata no encontrado en qid=20542
2026-05-28 10:18:52,054 [WARNING]   qqdata no encontrado en qid=12024
2026-05-28 10:18:55,996 [WARNING]   qqdata no encontrado en qid=12374
2026-05-28 10:18:58,987 [WARNING]   qqdata no encontrado en qid=43451
2026-05-28 10:19:02,677 [WARNING]   qqdata no encontrado en qid=50668
2026-05-28 10:19:05,013 [WARNING]   qqdata no encontrado en qid=10919
2026-05-28 10:19:09,275 [WARNING]   qqdata no encontrado en qid=82052
2026-05-28 10:19:13,177 [WARNING]   qqdata no encontrado en qid=10736
2026-05-28 10:19:16,154 [WARNING]   qqdata no encontrado en qid=82031
2026-05-28 10:19:16,155 [INFO]   Capítulo 45791 '作业'
2026-05-28 10:19:24,682 [WARNING]   qqdata no encontrado en qid=104544
2026-05-28 10:19:28,354 [WARNING]   qqdata no encontrado en qid=11777
2026-05-28 10:19:30,746 [WARNING]   qqdata no encontrado en qid=233
2026-05-28 10:19:34,055 [WARNING]   qqdata no encontrado en qid=20988
2026-05-28 10:19:36,323 [WARNING]   qqdata no encontrado en qid=21874
2026-05-28 10:19:39,731 [WARNING]   qqdata no encontrado en qid=71677
2026-05-28 10:19:42,324 [WARNING]   qqdata no encontrado en qid=25175
2026-05-28 10:19:46,842 [WARNING]   qqdata no encontrado en qid=63805
2026-05-28 10:19:50,556 [WARNING]   qqdata no encontrado en qid=318524
2026-05-28 10:19:53,978 [WARNING]   qqdata no encontrado en qid=109718
2026-05-28 10:19:56,429 [WARNING]   qqdata no encontrado en qid=104654
2026-05-28 10:19:59,629 [WARNING]   qqdata no encontrado en qid=70415
2026-05-28 10:20:03,385 [WARNING]   qqdata no encontrado en qid=43417
2026-05-28 10:20:05,714 [WARNING]   qqdata no encontrado en qid=380028
2026-05-28 10:20:10,267 [WARNING]   qqdata no encontrado en qid=28884
2026-05-28 10:20:14,204 [WARNING]   qqdata no encontrado en qid=240273
2026-05-28 10:20:16,867 [WARNING]   qqdata no encontrado en qid=67443
2026-05-28 10:20:21,084 [WARNING]   qqdata no encontrado en qid=104550
2026-05-28 10:20:25,635 [WARNING]   qqdata no encontrado en qid=252942
2026-05-28 10:20:30,105 [WARNING]   qqdata no encontrado en qid=380018
2026-05-28 10:20:34,104 [WARNING]   qqdata no encontrado en qid=14268
2026-05-28 10:20:37,024 [WARNING]   qqdata no encontrado en qid=318478
2026-05-28 10:20:39,398 [WARNING]   qqdata no encontrado en qid=218923
2026-05-28 10:20:41,754 [WARNING]   qqdata no encontrado en qid=380460
2026-05-28 10:20:45,112 [WARNING]   qqdata no encontrado en qid=57792
2026-05-28 10:20:47,446 [WARNING]   qqdata no encontrado en qid=384862
2026-05-28 10:20:51,633 [WARNING]   qqdata no encontrado en qid=68168
2026-05-28 10:20:54,811 [WARNING]   qqdata no encontrado en qid=255741
2026-05-28 10:20:57,087 [WARNING]   qqdata no encontrado en qid=241936
2026-05-28 10:21:00,690 [WARNING]   qqdata no encontrado en qid=81570
2026-05-28 10:21:03,352 [WARNING]   qqdata no encontrado en qid=298639
2026-05-28 10:21:07,115 [WARNING]   qqdata no encontrado en qid=8821
2026-05-28 10:21:10,415 [WARNING]   qqdata no encontrado en qid=62350
2026-05-28 10:21:14,204 [WARNING]   qqdata no encontrado en qid=77634
2026-05-28 10:21:19,028 [WARNING]   qqdata no encontrado en qid=65765
2026-05-28 10:21:23,172 [WARNING]   qqdata no encontrado en qid=51956
2026-05-28 10:21:26,603 [WARNING]   qqdata no encontrado en qid=63767
2026-05-28 10:21:30,411 [WARNING]   qqdata no encontrado en qid=79531
2026-05-28 10:21:32,748 [WARNING]   qqdata no encontrado en qid=8866
2026-05-28 10:21:32,751 [INFO]   Libro 5120 completado: 84 OK, 726 fallidos
2026-05-28 10:21:32,777 [INFO] Libro 5102 — https://www.101weiqi.com/book/5102/
2026-05-28 10:21:34,987 [INFO]   '叶老师围棋提高A' — 25 capítulos
2026-05-28 10:21:34,987 [INFO]   Capítulo 8907 '综合手筋题'
2026-05-28 10:21:40,571 [WARNING]   qqdata no encontrado en qid=43344
2026-05-28 10:21:43,226 [WARNING]   qqdata no encontrado en qid=76446
2026-05-28 10:21:46,587 [WARNING]   qqdata no encontrado en qid=54327
2026-05-28 10:21:50,314 [WARNING]   qqdata no encontrado en qid=82900
2026-05-28 10:21:52,618 [WARNING]   qqdata no encontrado en qid=79334
2026-05-28 10:21:55,186 [WARNING]   qqdata no encontrado en qid=11172
2026-05-28 10:21:59,312 [WARNING]   qqdata no encontrado en qid=106807
2026-05-28 10:22:03,911 [WARNING]   qqdata no encontrado en qid=10196
2026-05-28 10:22:08,459 [WARNING]   qqdata no encontrado en qid=54302
2026-05-28 10:22:10,956 [WARNING]   qqdata no encontrado en qid=59489
2026-05-28 10:22:15,041 [WARNING]   qqdata no encontrado en qid=10699
2026-05-28 10:22:18,819 [WARNING]   qqdata no encontrado en qid=19929
2026-05-28 10:22:21,840 [WARNING]   qqdata no encontrado en qid=124413
2026-05-28 10:22:25,174 [WARNING]   qqdata no encontrado en qid=108863
2026-05-28 10:22:27,562 [WARNING]   qqdata no encontrado en qid=44361
2026-05-28 10:22:29,850 [WARNING]   qqdata no encontrado en qid=108871
2026-05-28 10:22:34,525 [WARNING]   qqdata no encontrado en qid=43131
2026-05-28 10:22:36,592 [WARNING]   qqdata no encontrado en qid=45675
2026-05-28 10:22:41,004 [WARNING]   qqdata no encontrado en qid=10060
2026-05-28 10:22:44,573 [WARNING]   qqdata no encontrado en qid=46677
2026-05-28 10:22:44,575 [INFO]   Capítulo 8906 '二路死活，六死八活'
2026-05-28 10:22:51,558 [WARNING]   qqdata no encontrado en qid=51905
2026-05-28 10:22:55,556 [WARNING]   qqdata no encontrado en qid=25869
2026-05-28 10:22:59,503 [WARNING]   qqdata no encontrado en qid=20085
2026-05-28 10:23:02,863 [WARNING]   qqdata no encontrado en qid=26330
2026-05-28 10:23:05,957 [WARNING]   qqdata no encontrado en qid=42550
2026-05-28 10:23:09,668 [WARNING]   qqdata no encontrado en qid=12725
2026-05-28 10:23:13,159 [WARNING]   qqdata no encontrado en qid=19938
2026-05-28 10:23:16,960 [WARNING]   qqdata no encontrado en qid=43748
2026-05-28 10:23:19,858 [WARNING]   qqdata no encontrado en qid=5840
2026-05-28 10:23:23,699 [WARNING]   qqdata no encontrado en qid=43776
2026-05-28 10:23:27,954 [WARNING]   qqdata no encontrado en qid=43769
2026-05-28 10:23:30,890 [WARNING]   qqdata no encontrado en qid=11570
2026-05-28 10:23:34,044 [WARNING]   qqdata no encontrado en qid=21010
2026-05-28 10:23:38,040 [WARNING]   qqdata no encontrado en qid=6256
2026-05-28 10:23:42,332 [WARNING]   qqdata no encontrado en qid=3381
2026-05-28 10:23:46,180 [WARNING]   qqdata no encontrado en qid=12493
2026-05-28 10:23:48,476 [WARNING]   qqdata no encontrado en qid=6911
2026-05-28 10:23:52,541 [WARNING]   qqdata no encontrado en qid=11036
2026-05-28 10:23:56,638 [WARNING]   qqdata no encontrado en qid=3753
2026-05-28 10:24:00,721 [WARNING]   qqdata no encontrado en qid=246321
2026-05-28 10:24:04,087 [WARNING]   qqdata no encontrado en qid=3023
2026-05-28 10:24:07,227 [WARNING]   qqdata no encontrado en qid=54173
2026-05-28 10:24:10,702 [WARNING]   qqdata no encontrado en qid=45371
2026-05-28 10:24:13,652 [WARNING]   qqdata no encontrado en qid=3588
2026-05-28 10:24:16,603 [WARNING]   qqdata no encontrado en qid=74173
2026-05-28 10:24:20,311 [WARNING]   qqdata no encontrado en qid=3615
2026-05-28 10:24:23,590 [WARNING]   qqdata no encontrado en qid=80958
2026-05-28 10:24:26,363 [WARNING]   qqdata no encontrado en qid=270307
2026-05-28 10:24:30,259 [WARNING]   qqdata no encontrado en qid=404
2026-05-28 10:24:34,369 [WARNING]   qqdata no encontrado en qid=245211
2026-05-28 10:24:38,626 [WARNING]   qqdata no encontrado en qid=11855
2026-05-28 10:24:41,685 [WARNING]   qqdata no encontrado en qid=39644
2026-05-28 10:24:45,515 [WARNING]   qqdata no encontrado en qid=245442
2026-05-28 10:24:49,065 [WARNING]   qqdata no encontrado en qid=3204
2026-05-28 10:24:51,479 [WARNING]   qqdata no encontrado en qid=10320
2026-05-28 10:24:54,947 [WARNING]   qqdata no encontrado en qid=4440
2026-05-28 10:24:57,112 [WARNING]   qqdata no encontrado en qid=235961
2026-05-28 10:25:01,290 [WARNING]   qqdata no encontrado en qid=178620
2026-05-28 10:25:04,441 [WARNING]   qqdata no encontrado en qid=5791
2026-05-28 10:25:08,364 [WARNING]   qqdata no encontrado en qid=44111
2026-05-28 10:25:12,321 [WARNING]   qqdata no encontrado en qid=110211
2026-05-28 10:25:15,314 [WARNING]   qqdata no encontrado en qid=8612
2026-05-28 10:25:17,724 [WARNING]   qqdata no encontrado en qid=11228
2026-05-28 10:25:21,224 [WARNING]   qqdata no encontrado en qid=11010
2026-05-28 10:25:21,227 [INFO]   Capítulo 8997 '延气'
2026-05-28 10:25:26,203 [WARNING]   qqdata no encontrado en qid=49356
2026-05-28 10:25:30,611 [WARNING]   qqdata no encontrado en qid=12792
2026-05-28 10:25:34,693 [WARNING]   qqdata no encontrado en qid=61133
2026-05-28 10:25:38,114 [WARNING]   qqdata no encontrado en qid=57426
2026-05-28 10:25:41,436 [WARNING]   qqdata no encontrado en qid=20284
2026-05-28 10:25:44,499 [WARNING]   qqdata no encontrado en qid=11185
2026-05-28 10:25:46,956 [WARNING]   qqdata no encontrado en qid=13
2026-05-28 10:25:50,520 [WARNING]   qqdata no encontrado en qid=61125
2026-05-28 10:25:53,431 [WARNING]   qqdata no encontrado en qid=43573
2026-05-28 10:25:57,675 [WARNING]   qqdata no encontrado en qid=56216
2026-05-28 10:26:01,972 [WARNING]   qqdata no encontrado en qid=12
2026-05-28 10:26:06,217 [WARNING]   qqdata no encontrado en qid=12978
2026-05-28 10:26:10,440 [WARNING]   qqdata no encontrado en qid=12182
2026-05-28 10:26:14,543 [WARNING]   qqdata no encontrado en qid=10945
2026-05-28 10:26:18,331 [WARNING]   qqdata no encontrado en qid=10581
2026-05-28 10:26:21,976 [WARNING]   qqdata no encontrado en qid=3786
2026-05-28 10:26:24,185 [WARNING]   qqdata no encontrado en qid=44034
2026-05-28 10:26:28,690 [WARNING]   qqdata no encontrado en qid=10217
2026-05-28 10:26:32,769 [WARNING]   qqdata no encontrado en qid=3411
2026-05-28 10:26:36,270 [WARNING]   qqdata no encontrado en qid=9334
2026-05-28 10:26:38,667 [WARNING]   qqdata no encontrado en qid=10425
2026-05-28 10:26:41,820 [WARNING]   qqdata no encontrado en qid=22631
2026-05-28 10:26:44,016 [WARNING]   qqdata no encontrado en qid=10367
2026-05-28 10:26:46,633 [WARNING]   qqdata no encontrado en qid=11428
2026-05-28 10:26:49,309 [WARNING]   qqdata no encontrado en qid=22610
2026-05-28 10:26:53,255 [WARNING]   qqdata no encontrado en qid=11141
2026-05-28 10:26:55,549 [WARNING]   qqdata no encontrado en qid=11136
2026-05-28 10:26:55,550 [INFO]   Capítulo 9329 '死活训练'
2026-05-28 10:27:03,097 [WARNING]   qqdata no encontrado en qid=13021
2026-05-28 10:27:05,181 [WARNING]   qqdata no encontrado en qid=21136
2026-05-28 10:27:07,267 [WARNING]   qqdata no encontrado en qid=21922
2026-05-28 10:27:10,648 [WARNING]   qqdata no encontrado en qid=53389
2026-05-28 10:27:12,965 [WARNING]   qqdata no encontrado en qid=5791
2026-05-28 10:27:15,849 [WARNING]   qqdata no encontrado en qid=43692
2026-05-28 10:27:19,392 [WARNING]   qqdata no encontrado en qid=44047
2026-05-28 10:27:23,858 [WARNING]   qqdata no encontrado en qid=3445
2026-05-28 10:27:26,622 [WARNING]   qqdata no encontrado en qid=12739
2026-05-28 10:27:29,270 [WARNING]   qqdata no encontrado en qid=28231
2026-05-28 10:27:31,739 [WARNING]   qqdata no encontrado en qid=10670
2026-05-28 10:27:35,866 [WARNING]   qqdata no encontrado en qid=12714
2026-05-28 10:27:39,486 [WARNING]   qqdata no encontrado en qid=43310
2026-05-28 10:27:42,549 [WARNING]   qqdata no encontrado en qid=12439
2026-05-28 10:27:46,917 [WARNING]   qqdata no encontrado en qid=25429
2026-05-28 10:27:49,580 [WARNING]   qqdata no encontrado en qid=13097
2026-05-28 10:27:51,863 [WARNING]   qqdata no encontrado en qid=10255
2026-05-28 10:27:55,986 [WARNING]   qqdata no encontrado en qid=3365
2026-05-28 10:27:58,650 [WARNING]   qqdata no encontrado en qid=6252
2026-05-28 10:28:02,909 [WARNING]   qqdata no encontrado en qid=11235
2026-05-28 10:28:02,913 [INFO]   Capítulo 13326 '@判断死活'
2026-05-28 10:28:09,160 [WARNING]   qqdata no encontrado en qid=21981
2026-05-28 10:28:12,622 [WARNING]   qqdata no encontrado en qid=43054
2026-05-28 10:28:16,327 [WARNING]   qqdata no encontrado en qid=52901
2026-05-28 10:28:19,764 [WARNING]   qqdata no encontrado en qid=22403
2026-05-28 10:28:22,577 [WARNING]   qqdata no encontrado en qid=12454
2026-05-28 10:28:26,040 [WARNING]   qqdata no encontrado en qid=12405
2026-05-28 10:28:28,420 [WARNING]   qqdata no encontrado en qid=11168
2026-05-28 10:28:30,936 [WARNING]   qqdata no encontrado en qid=3112
2026-05-28 10:28:33,079 [WARNING]   qqdata no encontrado en qid=9047
2026-05-28 10:28:37,637 [WARNING]   qqdata no encontrado en qid=13452
2026-05-28 10:28:41,991 [WARNING]   qqdata no encontrado en qid=22027
2026-05-28 10:28:45,549 [WARNING]   qqdata no encontrado en qid=11096
2026-05-28 10:28:50,110 [WARNING]   qqdata no encontrado en qid=43789
2026-05-28 10:28:52,603 [WARNING]   qqdata no encontrado en qid=10969
2026-05-28 10:28:56,692 [WARNING]   qqdata no encontrado en qid=11126
2026-05-28 10:28:59,815 [WARNING]   qqdata no encontrado en qid=11151
2026-05-28 10:29:01,997 [WARNING]   qqdata no encontrado en qid=43949
2026-05-28 10:29:04,544 [WARNING]   qqdata no encontrado en qid=12109
2026-05-28 10:29:07,883 [WARNING]   qqdata no encontrado en qid=10703
2026-05-28 10:29:11,458 [WARNING]   qqdata no encontrado en qid=39603
2026-05-28 10:29:15,869 [WARNING]   qqdata no encontrado en qid=10227
2026-05-28 10:29:19,487 [WARNING]   qqdata no encontrado en qid=5167
2026-05-28 10:29:23,542 [WARNING]   qqdata no encontrado en qid=26149
2026-05-28 10:29:27,119 [WARNING]   qqdata no encontrado en qid=39662
2026-05-28 10:29:31,586 [WARNING]   qqdata no encontrado en qid=21978
2026-05-28 10:29:35,183 [WARNING]   qqdata no encontrado en qid=12833
2026-05-28 10:29:39,019 [WARNING]   qqdata no encontrado en qid=5724
2026-05-28 10:29:41,726 [WARNING]   qqdata no encontrado en qid=13005
2026-05-28 10:29:45,623 [WARNING]   qqdata no encontrado en qid=26604
2026-05-28 10:29:48,713 [WARNING]   qqdata no encontrado en qid=11473
2026-05-28 10:29:51,957 [WARNING]   qqdata no encontrado en qid=166491
2026-05-28 10:29:55,569 [WARNING]   qqdata no encontrado en qid=166493
2026-05-28 10:29:58,114 [WARNING]   qqdata no encontrado en qid=166494
2026-05-28 10:29:58,115 [INFO]   Capítulo 9018 '一路二路多妙手'
2026-05-28 10:30:04,633 [WARNING]   qqdata no encontrado en qid=51956
2026-05-28 10:30:07,892 [WARNING]   qqdata no encontrado en qid=11017
2026-05-28 10:30:12,318 [WARNING]   qqdata no encontrado en qid=64376
2026-05-28 10:30:15,603 [WARNING]   qqdata no encontrado en qid=379
2026-05-28 10:30:17,775 [WARNING]   qqdata no encontrado en qid=58375
2026-05-28 10:30:20,344 [WARNING]   qqdata no encontrado en qid=56072
2026-05-28 10:30:23,465 [WARNING]   qqdata no encontrado en qid=64489
2026-05-28 10:30:26,092 [WARNING]   qqdata no encontrado en qid=15660
2026-05-28 10:30:28,356 [WARNING]   qqdata no encontrado en qid=69124
2026-05-28 10:30:31,400 [WARNING]   qqdata no encontrado en qid=43784
2026-05-28 10:30:34,291 [WARNING]   qqdata no encontrado en qid=65195
2026-05-28 10:30:38,101 [WARNING]   qqdata no encontrado en qid=56734
2026-05-28 10:30:42,525 [WARNING]   qqdata no encontrado en qid=62955
2026-05-28 10:30:45,992 [WARNING]   qqdata no encontrado en qid=65902
2026-05-28 10:30:50,331 [WARNING]   qqdata no encontrado en qid=51098
2026-05-28 10:30:53,467 [WARNING]   qqdata no encontrado en qid=61013
2026-05-28 10:30:57,513 [WARNING]   qqdata no encontrado en qid=10343
2026-05-28 10:31:01,327 [WARNING]   qqdata no encontrado en qid=8571
2026-05-28 10:31:04,990 [WARNING]   qqdata no encontrado en qid=8469
2026-05-28 10:31:08,658 [WARNING]   qqdata no encontrado en qid=51369
2026-05-28 10:31:08,659 [INFO]   Capítulo 9580 '手筋--跳夹顶'
2026-05-28 10:31:14,946 [WARNING]   qqdata no encontrado en qid=65613
2026-05-28 10:31:17,635 [WARNING]   qqdata no encontrado en qid=10796
2026-05-28 10:31:20,469 [WARNING]   qqdata no encontrado en qid=56393
2026-05-28 10:31:24,715 [WARNING]   qqdata no encontrado en qid=10501
2026-05-28 10:31:27,359 [WARNING]   qqdata no encontrado en qid=3354
2026-05-28 10:31:31,544 [WARNING]   qqdata no encontrado en qid=21348
2026-05-28 10:31:34,640 [WARNING]   qqdata no encontrado en qid=43613
2026-05-28 10:31:39,248 [WARNING]   qqdata no encontrado en qid=43377
2026-05-28 10:31:41,695 [WARNING]   qqdata no encontrado en qid=10842
2026-05-28 10:31:44,775 [WARNING]   qqdata no encontrado en qid=12888
2026-05-28 10:31:46,929 [WARNING]   qqdata no encontrado en qid=206
2026-05-28 10:31:49,949 [WARNING]   qqdata no encontrado en qid=28869
2026-05-28 10:31:53,254 [WARNING]   qqdata no encontrado en qid=7310
2026-05-28 10:31:55,660 [WARNING]   qqdata no encontrado en qid=12080
2026-05-28 10:31:58,924 [WARNING]   qqdata no encontrado en qid=52662
2026-05-28 10:32:02,546 [WARNING]   qqdata no encontrado en qid=60283
2026-05-28 10:32:07,087 [WARNING]   qqdata no encontrado en qid=4250
2026-05-28 10:32:07,089 [INFO]   Capítulo 9017 '倒脱靴'
2026-05-28 10:32:12,886 [WARNING]   qqdata no encontrado en qid=57183
2026-05-28 10:32:15,733 [WARNING]   qqdata no encontrado en qid=13992
2026-05-28 10:32:19,870 [WARNING]   qqdata no encontrado en qid=65422
2026-05-28 10:32:23,868 [WARNING]   qqdata no encontrado en qid=75194
2026-05-28 10:32:27,126 [WARNING]   qqdata no encontrado en qid=21207
2026-05-28 10:32:31,835 [WARNING]   qqdata no encontrado en qid=22481
2026-05-28 10:32:35,538 [WARNING]   qqdata no encontrado en qid=13928
2026-05-28 10:32:38,271 [WARNING]   qqdata no encontrado en qid=21201
2026-05-28 10:32:41,386 [WARNING]   qqdata no encontrado en qid=34983
2026-05-28 10:32:44,149 [WARNING]   qqdata no encontrado en qid=55618
2026-05-28 10:32:46,579 [WARNING]   qqdata no encontrado en qid=21392
2026-05-28 10:32:51,135 [WARNING]   qqdata no encontrado en qid=50394
2026-05-28 10:32:55,051 [WARNING]   qqdata no encontrado en qid=10681
2026-05-28 10:32:57,467 [WARNING]   qqdata no encontrado en qid=8754
2026-05-28 10:33:00,200 [WARNING]   qqdata no encontrado en qid=43984
2026-05-28 10:33:03,061 [WARNING]   qqdata no encontrado en qid=52433
2026-05-28 10:33:07,399 [WARNING]   qqdata no encontrado en qid=150
2026-05-28 10:33:10,310 [WARNING]   qqdata no encontrado en qid=7210
2026-05-28 10:33:14,427 [WARNING]   qqdata no encontrado en qid=27405
2026-05-28 10:33:16,575 [WARNING]   qqdata no encontrado en qid=13105
2026-05-28 10:33:19,964 [WARNING]   qqdata no encontrado en qid=106646
2026-05-28 10:33:23,059 [WARNING]   qqdata no encontrado en qid=9007
2026-05-28 10:33:25,923 [WARNING]   qqdata no encontrado en qid=11774
2026-05-28 10:33:29,394 [WARNING]   qqdata no encontrado en qid=245067
2026-05-28 10:33:32,380 [WARNING]   qqdata no encontrado en qid=42746
2026-05-28 10:33:35,492 [WARNING]   qqdata no encontrado en qid=51090
2026-05-28 10:33:37,726 [WARNING]   qqdata no encontrado en qid=82619
2026-05-28 10:33:41,854 [WARNING]   qqdata no encontrado en qid=54168
2026-05-28 10:33:45,590 [WARNING]   qqdata no encontrado en qid=51087
2026-05-28 10:33:47,778 [WARNING]   qqdata no encontrado en qid=11363
2026-05-28 10:33:50,714 [WARNING]   qqdata no encontrado en qid=13471
2026-05-28 10:33:53,635 [WARNING]   qqdata no encontrado en qid=76784
2026-05-28 10:33:56,226 [WARNING]   qqdata no encontrado en qid=12760
2026-05-28 10:33:59,948 [WARNING]   qqdata no encontrado en qid=72576
2026-05-28 10:34:02,727 [WARNING]   qqdata no encontrado en qid=248514
2026-05-28 10:34:06,394 [WARNING]   qqdata no encontrado en qid=245220
2026-05-28 10:34:10,616 [WARNING]   qqdata no encontrado en qid=246550
2026-05-28 10:34:12,681 [WARNING]   qqdata no encontrado en qid=105701
2026-05-28 10:34:16,957 [WARNING]   qqdata no encontrado en qid=13551
2026-05-28 10:34:21,491 [WARNING]   qqdata no encontrado en qid=4678
2026-05-28 10:34:21,492 [INFO]   Capítulo 9027 '涨牯牛'
2026-05-28 10:38:50,743 [INFO] Total libros en books.json: 122
2026-05-28 10:38:50,744 [INFO] Libro 2032 — https://www.101weiqi.com/book/2032/
2026-05-28 10:38:54,887 [INFO]   '围棋入门（深圳祺乐棋院）' — 30 capítulos
2026-05-28 10:38:54,888 [INFO]   Capítulo 3735 '气'
2026-05-28 10:38:58,442 [INFO]   Capítulo 3738 '吃子（提）'
2026-05-28 10:39:01,073 [INFO]   Capítulo 3739 '叫吃与逃跑'
2026-05-28 10:39:04,241 [INFO]   Capítulo 3753 '互相打吃'
2026-05-28 10:39:06,379 [INFO]   Capítulo 3740 '连接'
2026-05-28 10:39:10,576 [INFO]   Capítulo 3741 '禁入点（与虎肚）'
2026-05-28 10:39:14,807 [INFO]   Capítulo 3742 '老虎口'
2026-05-28 10:39:19,548 [INFO]   Capítulo 3743 '打劫'
2026-05-28 10:39:22,729 [INFO]   Capítulo 3744 '打二还一（劫与反提）'
2026-05-28 10:39:26,609 [INFO]   Capítulo 3754 '切断'
2026-05-28 10:39:29,782 [INFO]   Capítulo 3756 '二路吃'
2026-05-28 10:39:32,660 [INFO]   Capítulo 3757 '抱吃'
2026-05-28 10:39:35,216 [INFO]   Capítulo 3783 '关门吃'
2026-05-28 10:39:39,656 [INFO]   ✓ qid=9640 → output\2032\3783\9640.sgf
2026-05-28 10:39:43,576 [INFO]   ✓ qid=9313 → output\2032\3783\9313.sgf
2026-05-28 10:39:45,769 [INFO]   ✓ qid=41987 → output\2032\3783\41987.sgf
2026-05-28 10:39:49,726 [INFO]   ✓ qid=3 → output\2032\3783\3.sgf
2026-05-28 10:39:52,664 [INFO]   ✓ qid=6946 → output\2032\3783\6946.sgf
2026-05-28 10:39:56,088 [INFO]   ✓ qid=10119 → output\2032\3783\10119.sgf
2026-05-28 10:40:00,038 [INFO]   ✓ qid=43123 → output\2032\3783\43123.sgf
2026-05-28 10:40:03,689 [INFO]   ✓ qid=8312 → output\2032\3783\8312.sgf
2026-05-28 10:40:06,194 [INFO]   ✓ qid=9843 → output\2032\3783\9843.sgf
2026-05-28 10:40:06,195 [INFO]   Capítulo 3763 '两眼活棋'
2026-05-28 10:40:11,432 [INFO]   ✓ qid=28422 → output\2032\3763\28422.sgf
2026-05-28 10:40:13,407 [INFO]   ✓ qid=26107 → output\2032\3763\26107.sgf
2026-05-28 10:40:16,897 [INFO]   ✓ qid=8395 → output\2032\3763\8395.sgf
2026-05-28 10:40:21,126 [INFO]   ✓ qid=12566 → output\2032\3763\12566.sgf
2026-05-28 10:40:24,079 [INFO]   ✓ qid=1145 → output\2032\3763\1145.sgf
2026-05-28 10:40:27,297 [INFO]   ✓ qid=27353 → output\2032\3763\27353.sgf
2026-05-28 10:40:30,816 [INFO]   ✓ qid=10347 → output\2032\3763\10347.sgf
2026-05-28 10:40:35,366 [INFO]   ✓ qid=39656 → output\2032\3763\39656.sgf
2026-05-28 10:40:38,919 [INFO]   ✓ qid=21752 → output\2032\3763\21752.sgf
2026-05-28 10:40:42,713 [INFO]   ✓ qid=20685 → output\2032\3763\20685.sgf
2026-05-28 10:40:46,699 [INFO]   ✓ qid=10428 → output\2032\3763\10428.sgf
2026-05-28 10:40:49,557 [INFO]   ✓ qid=9078 → output\2032\3763\9078.sgf
2026-05-28 10:40:53,047 [INFO]   ✓ qid=10809 → output\2032\3763\10809.sgf
2026-05-28 10:40:55,256 [INFO]   ✓ qid=12274 → output\2032\3763\12274.sgf
2026-05-28 10:40:58,149 [INFO]   ✓ qid=3659 → output\2032\3763\3659.sgf
2026-05-28 10:41:02,860 [INFO]   ✓ qid=1144 → output\2032\3763\1144.sgf
2026-05-28 10:41:04,901 [INFO]   ✓ qid=8336 → output\2032\3763\8336.sgf
2026-05-28 10:41:08,495 [INFO]   ✓ qid=6228 → output\2032\3763\6228.sgf
2026-05-28 10:41:10,460 [INFO]   ✓ qid=12550 → output\2032\3763\12550.sgf
2026-05-28 10:41:12,992 [INFO]   ✓ qid=20988 → output\2032\3763\20988.sgf
2026-05-28 10:41:16,762 [INFO]   ✓ qid=43544 → output\2032\3763\43544.sgf
2026-05-28 10:41:20,022 [INFO]   ✓ qid=11115 → output\2032\3763\11115.sgf
2026-05-28 10:41:23,168 [INFO]   ✓ qid=10794 → output\2032\3763\10794.sgf
2026-05-28 10:41:28,257 [INFO]   ✓ qid=3114 → output\2032\3763\3114.sgf
2026-05-28 10:41:31,427 [INFO]   ✓ qid=43753 → output\2032\3763\43753.sgf
2026-05-28 10:41:33,845 [INFO]   ✓ qid=7065 → output\2032\3763\7065.sgf
2026-05-28 10:41:37,623 [INFO]   ✓ qid=8894 → output\2032\3763\8894.sgf
2026-05-28 10:41:37,624 [INFO]   Capítulo 3764 '官子'
2026-05-28 10:41:43,742 [INFO]   ✓ qid=75284 → output\2032\3764\75284.sgf
2026-05-28 10:41:48,034 [INFO]   ✓ qid=28886 → output\2032\3764\28886.sgf
2026-05-28 10:41:51,748 [INFO]   ✓ qid=43355 → output\2032\3764\43355.sgf
2026-05-28 10:41:54,379 [INFO]   ✓ qid=28887 → output\2032\3764\28887.sgf
2026-05-28 10:41:57,173 [INFO]   ✓ qid=21324 → output\2032\3764\21324.sgf
2026-05-28 10:42:00,172 [INFO]   ✓ qid=7723 → output\2032\3764\7723.sgf
2026-05-28 10:42:04,243 [INFO]   ✓ qid=47230 → output\2032\3764\47230.sgf
2026-05-28 10:42:06,287 [INFO]   ✓ qid=189 → output\2032\3764\189.sgf
2026-05-28 10:42:10,174 [INFO]   ✓ qid=43317 → output\2032\3764\43317.sgf
2026-05-28 10:42:12,967 [INFO]   ✓ qid=8029 → output\2032\3764\8029.sgf
2026-05-28 10:42:16,148 [INFO]   ✓ qid=41983 → output\2032\3764\41983.sgf
2026-05-28 10:42:20,138 [INFO]   ✓ qid=5700 → output\2032\3764\5700.sgf
2026-05-28 10:42:23,469 [INFO]   ✓ qid=5718 → output\2032\3764\5718.sgf
2026-05-28 10:42:23,470 [INFO]   Capítulo 3759 '逃跑的要领'
2026-05-28 10:42:27,637 [INFO]   ✓ qid=22439 → output\2032\3759\22439.sgf
2026-05-28 10:42:31,575 [INFO]   ✓ qid=9716 → output\2032\3759\9716.sgf
2026-05-28 10:42:34,351 [INFO]   ✓ qid=9250 → output\2032\3759\9250.sgf
2026-05-28 10:42:38,138 [INFO]   ✓ qid=11011 → output\2032\3759\11011.sgf
2026-05-28 10:42:40,657 [INFO]   ✓ qid=11086 → output\2032\3759\11086.sgf
2026-05-28 10:42:42,572 [INFO]   ✓ qid=11207 → output\2032\3759\11207.sgf
2026-05-28 10:42:46,348 [INFO]   ✓ qid=11831 → output\2032\3759\11831.sgf
2026-05-28 10:42:49,556 [INFO]   ✓ qid=8607 → output\2032\3759\8607.sgf
2026-05-28 10:42:52,219 [INFO]   ✓ qid=12184 → output\2032\3759\12184.sgf
2026-05-28 10:42:56,488 [INFO]   ✓ qid=43663 → output\2032\3759\43663.sgf
2026-05-28 10:42:59,463 [INFO]   ✓ qid=5260 → output\2032\3759\5260.sgf
2026-05-28 10:43:02,559 [INFO]   ✓ qid=9235 → output\2032\3759\9235.sgf
2026-05-28 10:43:05,579 [INFO]   ✓ qid=8442 → output\2032\3759\8442.sgf
2026-05-28 10:43:09,457 [INFO]   ✓ qid=9218 → output\2032\3759\9218.sgf
2026-05-28 10:43:13,339 [INFO]   ✓ qid=41996 → output\2032\3759\41996.sgf
2026-05-28 10:43:15,205 [INFO]   ✓ qid=43650 → output\2032\3759\43650.sgf
2026-05-28 10:43:17,293 [INFO]   ✓ qid=8627 → output\2032\3759\8627.sgf
2026-05-28 10:43:20,456 [INFO]   ✓ qid=13113 → output\2032\3759\13113.sgf
2026-05-28 10:43:23,766 [INFO]   ✓ qid=9678 → output\2032\3759\9678.sgf
2026-05-28 10:43:26,973 [INFO]   ✓ qid=12205 → output\2032\3759\12205.sgf
2026-05-28 10:43:30,078 [INFO]   ✓ qid=9907 → output\2032\3759\9907.sgf
2026-05-28 10:43:32,387 [INFO]   ✓ qid=10252 → output\2032\3759\10252.sgf
2026-05-28 10:43:32,387 [INFO]   Capítulo 3761 '双打吃'
2026-05-28 10:43:38,764 [INFO]   ✓ qid=70608 → output\2032\3761\70608.sgf
2026-05-28 10:43:41,592 [INFO]   ✓ qid=70609 → output\2032\3761\70609.sgf
2026-05-28 10:43:44,327 [INFO]   ✓ qid=70610 → output\2032\3761\70610.sgf
2026-05-28 10:43:46,757 [INFO]   ✓ qid=70611 → output\2032\3761\70611.sgf
2026-05-28 10:43:48,695 [INFO]   ✓ qid=70612 → output\2032\3761\70612.sgf
2026-05-28 10:43:52,032 [INFO]   ✓ qid=70613 → output\2032\3761\70613.sgf
2026-05-28 10:43:55,457 [INFO]   ✓ qid=70615 → output\2032\3761\70615.sgf
2026-05-28 10:43:57,858 [INFO]   ✓ qid=70617 → output\2032\3761\70617.sgf
2026-05-28 10:44:01,552 [INFO]   ✓ qid=70618 → output\2032\3761\70618.sgf
2026-05-28 10:44:03,804 [INFO]   ✓ qid=70619 → output\2032\3761\70619.sgf
2026-05-28 10:44:06,306 [INFO]   ✓ qid=70620 → output\2032\3761\70620.sgf
2026-05-28 10:44:08,529 [INFO]   ✓ qid=70621 → output\2032\3761\70621.sgf
2026-05-28 10:44:12,465 [INFO]   ✓ qid=70622 → output\2032\3761\70622.sgf
2026-05-28 10:44:15,579 [INFO]   ✓ qid=70623 → output\2032\3761\70623.sgf
2026-05-28 10:44:20,586 [INFO]   ✓ qid=70624 → output\2032\3761\70624.sgf
2026-05-28 10:44:23,343 [INFO]   ✓ qid=70625 → output\2032\3761\70625.sgf
2026-05-28 10:44:27,368 [INFO]   ✓ qid=70626 → output\2032\3761\70626.sgf
2026-05-28 10:44:29,622 [INFO]   ✓ qid=70629 → output\2032\3761\70629.sgf
2026-05-28 10:44:33,418 [INFO]   ✓ qid=70630 → output\2032\3761\70630.sgf
2026-05-28 10:44:37,598 [INFO]   ✓ qid=70631 → output\2032\3761\70631.sgf
2026-05-28 10:44:41,899 [INFO]   ✓ qid=70632 → output\2032\3761\70632.sgf
2026-05-28 10:44:44,629 [INFO]   ✓ qid=70633 → output\2032\3761\70633.sgf
2026-05-28 10:44:48,418 [INFO]   ✓ qid=70634 → output\2032\3761\70634.sgf
2026-05-28 10:44:51,950 [INFO]   ✓ qid=70635 → output\2032\3761\70635.sgf
2026-05-28 10:44:56,134 [INFO]   ✓ qid=70637 → output\2032\3761\70637.sgf
2026-05-28 10:44:59,516 [INFO]   ✓ qid=70638 → output\2032\3761\70638.sgf
2026-05-28 10:45:03,575 [INFO]   ✓ qid=70641 → output\2032\3761\70641.sgf
2026-05-28 10:45:07,889 [INFO]   ✓ qid=70642 → output\2032\3761\70642.sgf
2026-05-28 10:45:10,515 [INFO]   ✓ qid=70614 → output\2032\3761\70614.sgf
2026-05-28 10:45:14,466 [INFO]   ✓ qid=70643 → output\2032\3761\70643.sgf
2026-05-28 10:45:17,467 [INFO]   ✓ qid=70644 → output\2032\3761\70644.sgf
2026-05-28 10:45:20,149 [INFO]   ✓ qid=70645 → output\2032\3761\70645.sgf
2026-05-28 10:45:23,144 [INFO]   ✓ qid=70647 → output\2032\3761\70647.sgf
2026-05-28 10:45:23,145 [INFO]   Capítulo 3766 '扭羊头'
2026-05-28 10:45:28,879 [INFO]   ✓ qid=4493 → output\2032\3766\4493.sgf
2026-05-28 10:45:33,048 [INFO]   ✓ qid=13841 → output\2032\3766\13841.sgf
2026-05-28 10:45:36,250 [INFO]   ✓ qid=19839 → output\2032\3766\19839.sgf
2026-05-28 10:45:40,236 [INFO]   ✓ qid=10665 → output\2032\3766\10665.sgf
2026-05-28 10:45:44,511 [INFO]   ✓ qid=9159 → output\2032\3766\9159.sgf
2026-05-28 10:45:48,660 [INFO]   ✓ qid=8397 → output\2032\3766\8397.sgf
2026-05-28 10:45:50,774 [INFO]   ✓ qid=8874 → output\2032\3766\8874.sgf
2026-05-28 10:45:54,662 [INFO]   ✓ qid=9149 → output\2032\3766\9149.sgf
2026-05-28 10:45:57,317 [INFO]   ✓ qid=8356 → output\2032\3766\8356.sgf
2026-05-28 10:46:00,293 [INFO]   ✓ qid=61932 → output\2032\3766\61932.sgf
2026-05-28 10:46:02,918 [INFO]   ✓ qid=43409 → output\2032\3766\43409.sgf
2026-05-28 10:46:05,889 [INFO]   ✓ qid=8595 → output\2032\3766\8595.sgf
2026-05-28 10:46:08,241 [INFO]   ✓ qid=50983 → output\2032\3766\50983.sgf
2026-05-28 10:46:10,857 [INFO]   ✓ qid=60827 → output\2032\3766\60827.sgf
2026-05-28 10:46:14,923 [INFO]   ✓ qid=9424 → output\2032\3766\9424.sgf
2026-05-28 10:46:17,349 [INFO]   ✓ qid=8748 → output\2032\3766\8748.sgf
2026-05-28 10:46:19,745 [INFO]   ✓ qid=8969 → output\2032\3766\8969.sgf
2026-05-28 10:46:23,085 [INFO]   ✓ qid=50536 → output\2032\3766\50536.sgf
2026-05-28 10:46:26,591 [INFO]   ✓ qid=9820 → output\2032\3766\9820.sgf
2026-05-28 10:46:29,131 [INFO]   ✓ qid=21266 → output\2032\3766\21266.sgf
2026-05-28 10:46:31,816 [INFO]   ✓ qid=9039 → output\2032\3766\9039.sgf
2026-05-28 10:46:33,914 [INFO]   ✓ qid=52701 → output\2032\3766\52701.sgf
2026-05-28 10:46:37,382 [INFO]   ✓ qid=20003 → output\2032\3766\20003.sgf
2026-05-28 10:46:39,824 [INFO]   ✓ qid=21265 → output\2032\3766\21265.sgf
2026-05-28 10:46:42,227 [INFO]   ✓ qid=43336 → output\2032\3766\43336.sgf
2026-05-28 10:46:45,348 [INFO]   ✓ qid=43334 → output\2032\3766\43334.sgf
2026-05-28 10:46:48,962 [INFO]   ✓ qid=14337 → output\2032\3766\14337.sgf
2026-05-28 10:46:53,042 [INFO]   ✓ qid=42818 → output\2032\3766\42818.sgf
2026-05-28 10:46:53,042 [INFO]   Capítulo 3767 '枷吃'
2026-05-28 10:46:59,275 [INFO]   ✓ qid=181 → output\2032\3767\181.sgf
2026-05-28 10:47:01,420 [INFO]   ✓ qid=5710 → output\2032\3767\5710.sgf
2026-05-28 10:47:03,735 [INFO]   ✓ qid=8314 → output\2032\3767\8314.sgf
2026-05-28 10:47:06,998 [INFO]   ✓ qid=54248 → output\2032\3767\54248.sgf
2026-05-28 10:47:09,068 [INFO]   ✓ qid=19985 → output\2032\3767\19985.sgf
2026-05-28 10:47:11,191 [INFO]   ✓ qid=28396 → output\2032\3767\28396.sgf
2026-05-28 10:47:15,888 [INFO]   ✓ qid=19986 → output\2032\3767\19986.sgf
2026-05-28 10:47:18,365 [INFO]   ✓ qid=19987 → output\2032\3767\19987.sgf
2026-05-28 10:47:22,924 [INFO]   ✓ qid=60829 → output\2032\3767\60829.sgf
2026-05-28 10:47:25,047 [INFO]   ✓ qid=60830 → output\2032\3767\60830.sgf
2026-05-28 10:47:29,064 [INFO]   ✓ qid=54262 → output\2032\3767\54262.sgf
2026-05-28 10:47:31,404 [INFO]   ✓ qid=9675 → output\2032\3767\9675.sgf
2026-05-28 10:47:33,493 [INFO]   ✓ qid=5285 → output\2032\3767\5285.sgf
2026-05-28 10:47:36,345 [INFO]   ✓ qid=9513 → output\2032\3767\9513.sgf
2026-05-28 10:47:38,772 [INFO]   ✓ qid=10697 → output\2032\3767\10697.sgf
2026-05-28 10:47:42,068 [INFO]   ✓ qid=11505 → output\2032\3767\11505.sgf
2026-05-28 10:47:44,475 [INFO]   ✓ qid=9576 → output\2032\3767\9576.sgf
2026-05-28 10:47:46,501 [INFO]   ✓ qid=51039 → output\2032\3767\51039.sgf
2026-05-28 10:47:50,247 [INFO]   ✓ qid=43307 → output\2032\3767\43307.sgf
2026-05-28 10:47:53,011 [INFO]   ✓ qid=3733 → output\2032\3767\3733.sgf
2026-05-28 10:47:55,551 [INFO]   ✓ qid=9342 → output\2032\3767\9342.sgf
2026-05-28 10:47:59,523 [INFO]   ✓ qid=10986 → output\2032\3767\10986.sgf
2026-05-28 10:48:02,430 [INFO]   ✓ qid=19916 → output\2032\3767\19916.sgf
2026-05-28 10:48:04,800 [INFO]   ✓ qid=19990 → output\2032\3767\19990.sgf
2026-05-28 10:48:07,292 [INFO]   ✓ qid=10024 → output\2032\3767\10024.sgf
2026-05-28 10:48:10,697 [INFO]   ✓ qid=9268 → output\2032\3767\9268.sgf
2026-05-28 10:48:13,667 [INFO]   ✓ qid=19996 → output\2032\3767\19996.sgf
2026-05-28 10:48:17,477 [INFO]   ✓ qid=10755 → output\2032\3767\10755.sgf
2026-05-28 10:48:22,669 [INFO]   ✓ qid=9592 → output\2032\3767\9592.sgf
2026-05-28 10:48:24,858 [INFO]   ✓ qid=10302 → output\2032\3767\10302.sgf
2026-05-28 10:48:29,010 [INFO]   ✓ qid=147 → output\2032\3767\147.sgf
2026-05-28 10:48:31,712 [INFO]   ✓ qid=22477 → output\2032\3767\22477.sgf
2026-05-28 10:48:34,983 [INFO]   ✓ qid=10516 → output\2032\3767\10516.sgf
2026-05-28 10:48:38,546 [INFO]   ✓ qid=13138 → output\2032\3767\13138.sgf
2026-05-28 10:48:40,909 [INFO]   ✓ qid=9894 → output\2032\3767\9894.sgf
2026-05-28 10:48:40,910 [INFO]   Capítulo 3768 '接不归'
2026-05-28 10:48:46,524 [INFO]   ✓ qid=8231 → output\2032\3768\8231.sgf
2026-05-28 10:48:49,248 [INFO]   ✓ qid=61582 → output\2032\3768\61582.sgf
2026-05-28 10:48:53,146 [INFO]   ✓ qid=8263 → output\2032\3768\8263.sgf
2026-05-28 10:48:57,293 [INFO]   ✓ qid=8319 → output\2032\3768\8319.sgf
2026-05-28 10:49:00,893 [INFO]   ✓ qid=8326 → output\2032\3768\8326.sgf
2026-05-28 10:49:04,593 [INFO]   ✓ qid=11853 → output\2032\3768\11853.sgf
2026-05-28 10:49:07,440 [INFO]   ✓ qid=9643 → output\2032\3768\9643.sgf
2026-05-28 10:49:10,773 [INFO]   ✓ qid=9821 → output\2032\3768\9821.sgf
2026-05-28 10:49:14,108 [INFO]   ✓ qid=8531 → output\2032\3768\8531.sgf
2026-05-28 10:49:16,781 [INFO]   ✓ qid=9757 → output\2032\3768\9757.sgf
2026-05-28 10:49:20,928 [INFO]   ✓ qid=9759 → output\2032\3768\9759.sgf
2026-05-28 10:49:24,168 [INFO]   ✓ qid=11439 → output\2032\3768\11439.sgf
2026-05-28 10:49:27,704 [INFO]   ✓ qid=12504 → output\2032\3768\12504.sgf
2026-05-28 10:49:31,955 [INFO]   ✓ qid=9622 → output\2032\3768\9622.sgf
2026-05-28 10:49:34,718 [INFO]   ✓ qid=8294 → output\2032\3768\8294.sgf
2026-05-28 10:49:37,631 [INFO]   ✓ qid=12019 → output\2032\3768\12019.sgf
2026-05-28 10:49:40,399 [INFO]   ✓ qid=9563 → output\2032\3768\9563.sgf
2026-05-28 10:49:42,439 [INFO]   ✓ qid=9670 → output\2032\3768\9670.sgf
2026-05-28 10:49:44,819 [INFO]   ✓ qid=11836 → output\2032\3768\11836.sgf
2026-05-28 10:49:48,541 [INFO]   ✓ qid=10831 → output\2032\3768\10831.sgf
2026-05-28 10:49:50,563 [INFO]   ✓ qid=8194 → output\2032\3768\8194.sgf
2026-05-28 10:49:53,321 [INFO]   ✓ qid=8505 → output\2032\3768\8505.sgf
2026-05-28 10:49:57,695 [INFO]   ✓ qid=8323 → output\2032\3768\8323.sgf
2026-05-28 10:50:00,650 [INFO]   ✓ qid=8717 → output\2032\3768\8717.sgf
2026-05-28 10:50:05,166 [INFO]   ✓ qid=8181 → output\2032\3768\8181.sgf
2026-05-28 10:50:07,225 [INFO]   ✓ qid=8684 → output\2032\3768\8684.sgf
2026-05-28 10:50:09,619 [INFO]   ✓ qid=8236 → output\2032\3768\8236.sgf
2026-05-28 10:50:13,128 [INFO]   ✓ qid=8302 → output\2032\3768\8302.sgf
2026-05-28 10:50:16,924 [INFO]   ✓ qid=8304 → output\2032\3768\8304.sgf
2026-05-28 10:50:19,252 [INFO]   ✓ qid=9427 → output\2032\3768\9427.sgf
2026-05-28 10:50:22,004 [INFO]   ✓ qid=8295 → output\2032\3768\8295.sgf
2026-05-28 10:50:26,219 [INFO]   ✓ qid=8458 → output\2032\3768\8458.sgf
2026-05-28 10:50:30,419 [INFO]   ✓ qid=9846 → output\2032\3768\9846.sgf
2026-05-28 10:50:34,809 [INFO]   ✓ qid=11021 → output\2032\3768\11021.sgf
2026-05-28 10:50:37,813 [INFO]   ✓ qid=9241 → output\2032\3768\9241.sgf
2026-05-28 10:50:42,006 [INFO]   ✓ qid=11953 → output\2032\3768\11953.sgf
2026-05-28 10:50:44,193 [INFO]   ✓ qid=21274 → output\2032\3768\21274.sgf
2026-05-28 10:50:44,194 [INFO]   Capítulo 3770 '倒扑'
2026-05-28 10:50:49,320 [INFO]   ✓ qid=62128 → output\2032\3770\62128.sgf
2026-05-28 10:50:52,015 [INFO]   ✓ qid=12077 → output\2032\3770\12077.sgf
2026-05-28 10:50:55,498 [INFO]   ✓ qid=8680 → output\2032\3770\8680.sgf
2026-05-28 10:50:58,845 [INFO]   ✓ qid=21993 → output\2032\3770\21993.sgf
2026-05-28 10:51:00,862 [INFO]   ✓ qid=9100 → output\2032\3770\9100.sgf
2026-05-28 10:51:02,820 [INFO]   ✓ qid=9715 → output\2032\3770\9715.sgf
2026-05-28 10:51:05,567 [INFO]   ✓ qid=9246 → output\2032\3770\9246.sgf
2026-05-28 10:51:08,527 [INFO]   ✓ qid=9663 → output\2032\3770\9663.sgf
2026-05-28 10:51:10,561 [INFO]   ✓ qid=9599 → output\2032\3770\9599.sgf
2026-05-28 10:51:12,886 [INFO]   ✓ qid=9990 → output\2032\3770\9990.sgf
2026-05-28 10:51:15,668 [INFO]   ✓ qid=8878 → output\2032\3770\8878.sgf
2026-05-28 10:51:19,740 [INFO]   ✓ qid=27363 → output\2032\3770\27363.sgf
2026-05-28 10:51:24,060 [INFO]   ✓ qid=22481 → output\2032\3770\22481.sgf
2026-05-28 10:51:28,282 [INFO]   ✓ qid=228 → output\2032\3770\228.sgf
2026-05-28 10:51:30,728 [INFO]   ✓ qid=11652 → output\2032\3770\11652.sgf
2026-05-28 10:51:34,396 [INFO]   ✓ qid=10101 → output\2032\3770\10101.sgf
2026-05-28 10:51:37,388 [INFO]   ✓ qid=20020 → output\2032\3770\20020.sgf
2026-05-28 10:51:39,571 [INFO]   ✓ qid=10071 → output\2032\3770\10071.sgf
2026-05-28 10:51:42,647 [INFO]   ✓ qid=8357 → output\2032\3770\8357.sgf
2026-05-28 10:51:45,436 [INFO]   ✓ qid=3715 → output\2032\3770\3715.sgf
2026-05-28 10:51:48,831 [INFO]   ✓ qid=8962 → output\2032\3770\8962.sgf
2026-05-28 10:51:53,008 [INFO]   ✓ qid=9180 → output\2032\3770\9180.sgf
2026-05-28 10:51:56,913 [INFO]   ✓ qid=9473 → output\2032\3770\9473.sgf
2026-05-28 10:51:59,001 [INFO]   ✓ qid=11217 → output\2032\3770\11217.sgf
2026-05-28 10:52:03,007 [INFO]   ✓ qid=11841 → output\2032\3770\11841.sgf
2026-05-28 10:52:06,560 [INFO]   ✓ qid=52443 → output\2032\3770\52443.sgf
2026-05-28 10:52:09,540 [INFO]   ✓ qid=130 → output\2032\3770\130.sgf
2026-05-28 10:52:12,893 [INFO]   ✓ qid=129 → output\2032\3770\129.sgf
2026-05-28 10:52:16,334 [INFO]   ✓ qid=68410 → output\2032\3770\68410.sgf
2026-05-28 10:52:19,902 [INFO]   ✓ qid=15715 → output\2032\3770\15715.sgf
2026-05-28 10:52:24,164 [INFO]   ✓ qid=50509 → output\2032\3770\50509.sgf
2026-05-28 10:52:26,863 [INFO]   ✓ qid=42968 → output\2032\3770\42968.sgf
2026-05-28 10:52:28,810 [INFO]   ✓ qid=27540 → output\2032\3770\27540.sgf
2026-05-28 10:52:31,028 [INFO]   ✓ qid=13240 → output\2032\3770\13240.sgf
2026-05-28 10:52:34,056 [INFO]   ✓ qid=28112 → output\2032\3770\28112.sgf
2026-05-28 10:52:34,056 [INFO]   Capítulo 3772 '双活'
2026-05-28 10:52:40,687 [INFO]   ✓ qid=20197 → output\2032\3772\20197.sgf
2026-05-28 10:52:44,347 [INFO]   ✓ qid=11423 → output\2032\3772\11423.sgf
2026-05-28 10:52:46,760 [INFO]   ✓ qid=9307 → output\2032\3772\9307.sgf
2026-05-28 10:52:50,202 [INFO]   ✓ qid=4426 → output\2032\3772\4426.sgf
2026-05-28 10:52:52,331 [INFO]   ✓ qid=9741 → output\2032\3772\9741.sgf
2026-05-28 10:52:54,784 [INFO]   ✓ qid=10675 → output\2032\3772\10675.sgf
2026-05-28 10:52:58,110 [INFO]   ✓ qid=1404 → output\2032\3772\1404.sgf
2026-05-28 10:53:01,966 [INFO]   ✓ qid=9377 → output\2032\3772\9377.sgf
2026-05-28 10:53:05,461 [INFO]   ✓ qid=12922 → output\2032\3772\12922.sgf
2026-05-28 10:53:08,445 [INFO]   ✓ qid=5116 → output\2032\3772\5116.sgf
2026-05-28 10:53:10,932 [INFO]   ✓ qid=7722 → output\2032\3772\7722.sgf
2026-05-28 10:53:14,697 [INFO]   ✓ qid=20218 → output\2032\3772\20218.sgf
2026-05-28 10:53:18,992 [INFO]   ✓ qid=3109 → output\2032\3772\3109.sgf
2026-05-28 10:53:22,654 [INFO]   ✓ qid=9280 → output\2032\3772\9280.sgf
2026-05-28 10:53:24,790 [INFO]   ✓ qid=51253 → output\2032\3772\51253.sgf
2026-05-28 10:53:28,700 [INFO]   ✓ qid=22104 → output\2032\3772\22104.sgf
2026-05-28 10:53:31,576 [INFO]   ✓ qid=6421 → output\2032\3772\6421.sgf
2026-05-28 10:53:34,898 [INFO]   ✓ qid=7369 → output\2032\3772\7369.sgf
2026-05-28 10:53:38,972 [INFO]   ✓ qid=10555 → output\2032\3772\10555.sgf
2026-05-28 10:53:42,158 [INFO]   ✓ qid=1439 → output\2032\3772\1439.sgf
2026-05-28 10:53:45,581 [INFO]   ✓ qid=8355 → output\2032\3772\8355.sgf
2026-05-28 10:53:49,245 [INFO]   ✓ qid=11182 → output\2032\3772\11182.sgf
2026-05-28 10:53:49,245 [INFO]   Capítulo 130451 '金角银边'
2026-05-28 10:53:53,243 [WARNING]   Sin problemas en capítulo 130451
2026-05-28 10:53:53,244 [INFO]   Capítulo 130452 '三线四线'
2026-05-28 10:53:55,107 [WARNING]   Sin problemas en capítulo 130452
2026-05-28 10:53:55,107 [INFO]   Capítulo 130453 '小飞'
2026-05-28 10:53:58,320 [WARNING]   Sin problemas en capítulo 130453
2026-05-28 10:53:58,321 [INFO]   Capítulo 130454 '拆二'
2026-05-28 10:54:00,821 [WARNING]   Sin problemas en capítulo 130454
2026-05-28 10:54:00,822 [INFO]   Capítulo 133138 '地盘胜负'
2026-05-28 10:54:04,846 [WARNING]   Sin problemas en capítulo 133138
2026-05-28 10:54:04,846 [INFO]   Capítulo 134673 '假眼'
2026-05-28 10:54:07,955 [WARNING]   Sin problemas en capítulo 134673
2026-05-28 10:54:07,956 [INFO]   Capítulo 134674 '扑破眼'
2026-05-28 10:54:11,119 [WARNING]   Sin problemas en capítulo 134674
2026-05-28 10:54:11,120 [INFO]   Capítulo 139125 '根目录'
2026-05-28 10:54:15,226 [WARNING]   Sin problemas en capítulo 139125
2026-05-28 10:54:15,227 [INFO]   Libro 2032 completado: 561 OK, 0 fallidos
2026-05-28 10:54:15,228 [INFO] Libro 34103 — https://www.101weiqi.com/book/34103/
2026-05-28 10:54:19,079 [INFO]   '101启蒙吃子练习' — 4 capítulos
2026-05-28 10:54:19,079 [INFO]   Capítulo 31810 '入门吃子'
2026-05-28 10:54:24,682 [INFO]   ✓ qid=223680 → output\34103\31810\223680.sgf
2026-05-28 10:54:27,501 [INFO]   ✓ qid=223736 → output\34103\31810\223736.sgf
2026-05-28 10:54:30,556 [INFO]   ✓ qid=223714 → output\34103\31810\223714.sgf
2026-05-28 10:54:33,502 [INFO]   ✓ qid=51586 → output\34103\31810\51586.sgf
2026-05-28 10:54:36,740 [INFO]   ✓ qid=223673 → output\34103\31810\223673.sgf
2026-05-28 10:54:41,284 [INFO]   ✓ qid=223762 → output\34103\31810\223762.sgf
2026-05-28 10:54:44,961 [INFO]   ✓ qid=223684 → output\34103\31810\223684.sgf
2026-05-28 10:54:48,716 [INFO]   ✓ qid=223756 → output\34103\31810\223756.sgf
2026-05-28 10:54:52,510 [INFO]   ✓ qid=223677 → output\34103\31810\223677.sgf
2026-05-28 10:54:54,481 [INFO]   ✓ qid=223775 → output\34103\31810\223775.sgf
2026-05-28 10:54:58,264 [INFO]   ✓ qid=61279 → output\34103\31810\61279.sgf
2026-05-28 10:55:01,216 [INFO]   ✓ qid=223815 → output\34103\31810\223815.sgf
2026-05-28 10:55:04,101 [INFO]   ✓ qid=223671 → output\34103\31810\223671.sgf
2026-05-28 10:55:07,122 [INFO]   ✓ qid=223763 → output\34103\31810\223763.sgf
2026-05-28 10:55:09,468 [INFO]   ✓ qid=223764 → output\34103\31810\223764.sgf
2026-05-28 10:55:11,491 [INFO]   ✓ qid=223774 → output\34103\31810\223774.sgf
2026-05-28 10:55:14,982 [INFO]   ✓ qid=223769 → output\34103\31810\223769.sgf
2026-05-28 10:55:18,597 [INFO]   ✓ qid=223771 → output\34103\31810\223771.sgf
2026-05-28 10:55:22,030 [INFO]   ✓ qid=223772 → output\34103\31810\223772.sgf
2026-05-28 10:55:24,631 [INFO]   ✓ qid=223776 → output\34103\31810\223776.sgf
2026-05-28 10:55:26,776 [INFO]   ✓ qid=223770 → output\34103\31810\223770.sgf
2026-05-28 10:55:30,897 [INFO]   ✓ qid=223779 → output\34103\31810\223779.sgf
2026-05-28 10:55:34,696 [INFO]   ✓ qid=223781 → output\34103\31810\223781.sgf
2026-05-28 10:55:36,950 [INFO]   ✓ qid=223784 → output\34103\31810\223784.sgf
2026-05-28 10:55:39,906 [INFO]   ✓ qid=223785 → output\34103\31810\223785.sgf
2026-05-28 10:55:42,132 [INFO]   ✓ qid=223786 → output\34103\31810\223786.sgf
2026-05-28 10:55:46,232 [INFO]   ✓ qid=223788 → output\34103\31810\223788.sgf
2026-05-28 10:55:48,746 [INFO]   ✓ qid=223789 → output\34103\31810\223789.sgf
2026-05-28 10:55:51,668 [INFO]   ✓ qid=223792 → output\34103\31810\223792.sgf
2026-05-28 10:55:53,645 [INFO]   ✓ qid=223793 → output\34103\31810\223793.sgf
2026-05-28 10:55:57,652 [INFO]   ✓ qid=223795 → output\34103\31810\223795.sgf
2026-05-28 10:56:02,257 [INFO]   ✓ qid=223797 → output\34103\31810\223797.sgf
2026-05-28 10:56:06,261 [INFO]   ✓ qid=223799 → output\34103\31810\223799.sgf
2026-05-28 10:56:08,272 [INFO]   ✓ qid=223802 → output\34103\31810\223802.sgf
2026-05-28 10:56:11,266 [INFO]   ✓ qid=223717 → output\34103\31810\223717.sgf
2026-05-28 10:56:15,332 [INFO]   ✓ qid=223768 → output\34103\31810\223768.sgf
2026-05-28 10:56:18,139 [INFO]   ✓ qid=223713 → output\34103\31810\223713.sgf
2026-05-28 10:56:22,008 [INFO]   ✓ qid=223664 → output\34103\31810\223664.sgf
2026-05-28 10:56:25,631 [INFO]   ✓ qid=223665 → output\34103\31810\223665.sgf
2026-05-28 10:56:30,234 [WARNING]   qqdata no encontrado en qid=223657
2026-05-28 10:56:33,092 [WARNING]   qqdata no encontrado en qid=223659
2026-05-28 10:56:35,799 [WARNING]   qqdata no encontrado en qid=223652
2026-05-28 10:56:38,671 [WARNING]   qqdata no encontrado en qid=8054
2026-05-28 10:56:43,019 [WARNING]   qqdata no encontrado en qid=51587
2026-05-28 10:56:46,528 [WARNING]   qqdata no encontrado en qid=223666
2026-05-28 10:56:48,610 [WARNING]   qqdata no encontrado en qid=158788
2026-05-28 10:56:50,895 [WARNING]   qqdata no encontrado en qid=129929
2026-05-28 10:56:54,187 [WARNING]   qqdata no encontrado en qid=129930
2026-05-28 10:56:58,712 [WARNING]   qqdata no encontrado en qid=223648
2026-05-28 10:57:02,669 [WARNING]   qqdata no encontrado en qid=223650
2026-05-28 10:57:07,143 [WARNING]   qqdata no encontrado en qid=223670
2026-05-28 10:57:11,444 [WARNING]   qqdata no encontrado en qid=223674
2026-05-28 10:57:13,620 [WARNING]   qqdata no encontrado en qid=223681
2026-05-28 10:57:16,405 [WARNING]   qqdata no encontrado en qid=223682
2026-05-28 10:57:19,873 [WARNING]   qqdata no encontrado en qid=223685
2026-05-28 10:57:24,130 [WARNING]   qqdata no encontrado en qid=223686
2026-05-28 10:57:26,810 [WARNING]   qqdata no encontrado en qid=223687
2026-05-28 10:57:30,519 [WARNING]   qqdata no encontrado en qid=223692
2026-05-28 10:57:33,293 [WARNING]   qqdata no encontrado en qid=223720
2026-05-28 10:57:36,341 [WARNING]   qqdata no encontrado en qid=223722
2026-05-28 10:57:36,342 [INFO]   Capítulo 30412 '基础吃子'
2026-05-28 10:57:44,769 [WARNING]   qqdata no encontrado en qid=166422
2026-05-28 10:57:48,215 [WARNING]   qqdata no encontrado en qid=166418
2026-05-28 10:57:51,472 [WARNING]   qqdata no encontrado en qid=166416
2026-05-28 10:57:55,341 [WARNING]   qqdata no encontrado en qid=166413
2026-05-28 10:57:58,669 [WARNING]   qqdata no encontrado en qid=161817
2026-05-28 10:58:01,156 [WARNING]   qqdata no encontrado en qid=161806
2026-05-28 10:58:04,113 [WARNING]   qqdata no encontrado en qid=141997
2026-05-28 10:58:07,630 [WARNING]   qqdata no encontrado en qid=135806
2026-05-28 10:58:10,837 [WARNING]   qqdata no encontrado en qid=131078
2026-05-28 10:58:13,856 [WARNING]   qqdata no encontrado en qid=128103
2026-05-28 10:58:17,037 [WARNING]   qqdata no encontrado en qid=104469
2026-05-28 10:58:20,862 [WARNING]   qqdata no encontrado en qid=104461
2026-05-28 10:58:24,657 [WARNING]   qqdata no encontrado en qid=104389
2026-05-28 10:58:28,206 [WARNING]   qqdata no encontrado en qid=100687
2026-05-28 10:58:31,997 [WARNING]   qqdata no encontrado en qid=76958
2026-05-28 10:58:35,265 [WARNING]   qqdata no encontrado en qid=76924
2026-05-28 10:58:38,154 [WARNING]   qqdata no encontrado en qid=76863
2026-05-28 10:58:41,209 [WARNING]   qqdata no encontrado en qid=76844
2026-05-28 10:58:45,904 [WARNING]   qqdata no encontrado en qid=76800
2026-05-28 10:58:49,317 [WARNING]   qqdata no encontrado en qid=76797
2026-05-28 10:58:51,583 [WARNING]   qqdata no encontrado en qid=76788
2026-05-28 10:58:55,538 [WARNING]   qqdata no encontrado en qid=70217
2026-05-28 10:58:59,121 [WARNING]   qqdata no encontrado en qid=70216
2026-05-28 10:59:03,057 [WARNING]   qqdata no encontrado en qid=68036
2026-05-28 10:59:07,135 [WARNING]   qqdata no encontrado en qid=66610
2026-05-28 10:59:09,455 [WARNING]   qqdata no encontrado en qid=65557
2026-05-28 10:59:12,516 [WARNING]   qqdata no encontrado en qid=62731
2026-05-28 10:59:16,528 [WARNING]   qqdata no encontrado en qid=62716
2026-05-28 10:59:20,085 [WARNING]   qqdata no encontrado en qid=62711
2026-05-28 10:59:23,063 [WARNING]   qqdata no encontrado en qid=62708
2026-05-28 10:59:26,562 [WARNING]   qqdata no encontrado en qid=62705
2026-05-28 10:59:30,349 [WARNING]   qqdata no encontrado en qid=62702
2026-05-28 10:59:34,002 [WARNING]   qqdata no encontrado en qid=62697
2026-05-28 10:59:36,239 [WARNING]   qqdata no encontrado en qid=62695
2026-05-28 10:59:40,123 [WARNING]   qqdata no encontrado en qid=62685
2026-05-28 10:59:44,162 [WARNING]   qqdata no encontrado en qid=62682
2026-05-28 10:59:46,869 [WARNING]   qqdata no encontrado en qid=61552
2026-05-28 10:59:49,836 [WARNING]   qqdata no encontrado en qid=61547
2026-05-28 10:59:53,320 [WARNING]   qqdata no encontrado en qid=61529
2026-05-28 10:59:56,664 [WARNING]   qqdata no encontrado en qid=61527
2026-05-28 11:00:00,276 [WARNING]   qqdata no encontrado en qid=61416
2026-05-28 11:00:04,470 [WARNING]   qqdata no encontrado en qid=53806
2026-05-28 11:00:07,963 [WARNING]   qqdata no encontrado en qid=49804
2026-05-28 11:00:11,546 [WARNING]   qqdata no encontrado en qid=49736
2026-05-28 11:00:16,073 [WARNING]   qqdata no encontrado en qid=49731
2026-05-28 11:00:20,965 [WARNING]   qqdata no encontrado en qid=39664
2026-05-28 11:00:24,762 [WARNING]   qqdata no encontrado en qid=28957
2026-05-28 11:00:27,565 [WARNING]   qqdata no encontrado en qid=28277
2026-05-28 11:00:30,373 [WARNING]   qqdata no encontrado en qid=20725
2026-05-28 11:00:34,780 [WARNING]   qqdata no encontrado en qid=10966
2026-05-28 11:00:37,724 [WARNING]   qqdata no encontrado en qid=9113
2026-05-28 11:00:41,686 [WARNING]   qqdata no encontrado en qid=9092
2026-05-28 11:00:46,176 [WARNING]   qqdata no encontrado en qid=9066
2026-05-28 11:00:49,799 [WARNING]   qqdata no encontrado en qid=9017
2026-05-28 11:00:53,488 [WARNING]   qqdata no encontrado en qid=8776
2026-05-28 11:00:57,564 [WARNING]   qqdata no encontrado en qid=8330
2026-05-28 11:01:01,884 [WARNING]   qqdata no encontrado en qid=8248
2026-05-28 11:01:04,208 [WARNING]   qqdata no encontrado en qid=200134
2026-05-28 11:01:07,991 [WARNING]   qqdata no encontrado en qid=166421
2026-05-28 11:01:11,630 [WARNING]   qqdata no encontrado en qid=166420
2026-05-28 11:01:11,631 [INFO]   Capítulo 30695 '逃子'
2026-05-28 11:01:18,395 [WARNING]   qqdata no encontrado en qid=219518
2026-05-28 11:01:21,935 [WARNING]   qqdata no encontrado en qid=219513
2026-05-28 11:01:26,655 [WARNING]   qqdata no encontrado en qid=219505
2026-05-28 11:01:29,497 [WARNING]   qqdata no encontrado en qid=219500
2026-05-28 11:01:33,108 [WARNING]   qqdata no encontrado en qid=219498
2026-05-28 11:01:36,533 [WARNING]   qqdata no encontrado en qid=219489
2026-05-28 11:01:39,998 [WARNING]   qqdata no encontrado en qid=219482
2026-05-28 11:01:43,164 [WARNING]   qqdata no encontrado en qid=219481
2026-05-28 11:01:45,833 [WARNING]   qqdata no encontrado en qid=219480
2026-05-28 11:01:48,653 [WARNING]   qqdata no encontrado en qid=219479
2026-05-28 11:01:51,225 [WARNING]   qqdata no encontrado en qid=219477
2026-05-28 11:01:55,314 [WARNING]   qqdata no encontrado en qid=219476
2026-05-28 11:01:59,719 [WARNING]   qqdata no encontrado en qid=219474
2026-05-28 11:02:03,494 [WARNING]   qqdata no encontrado en qid=219473
2026-05-28 11:02:06,792 [WARNING]   qqdata no encontrado en qid=219472
2026-05-28 11:02:10,630 [WARNING]   qqdata no encontrado en qid=219471
2026-05-28 11:02:13,573 [WARNING]   qqdata no encontrado en qid=219469
2026-05-28 11:02:17,814 [WARNING]   qqdata no encontrado en qid=219468
2026-05-28 11:02:22,362 [WARNING]   qqdata no encontrado en qid=219467
2026-05-28 11:02:26,885 [WARNING]   qqdata no encontrado en qid=219466
2026-05-28 11:02:30,166 [WARNING]   qqdata no encontrado en qid=219465
2026-05-28 11:02:33,486 [WARNING]   qqdata no encontrado en qid=219464
2026-05-28 11:02:37,832 [WARNING]   qqdata no encontrado en qid=219463
2026-05-28 11:02:42,226 [WARNING]   qqdata no encontrado en qid=219462
2026-05-28 11:02:46,783 [WARNING]   qqdata no encontrado en qid=219461
2026-05-28 11:02:50,479 [WARNING]   qqdata no encontrado en qid=219459
2026-05-28 11:02:54,396 [WARNING]   qqdata no encontrado en qid=219458
2026-05-28 11:02:58,288 [WARNING]   qqdata no encontrado en qid=219456
2026-05-28 11:03:01,277 [WARNING]   qqdata no encontrado en qid=219454
2026-05-28 11:03:04,210 [WARNING]   qqdata no encontrado en qid=219453
2026-05-28 11:03:07,973 [WARNING]   qqdata no encontrado en qid=219452
2026-05-28 11:03:12,363 [WARNING]   qqdata no encontrado en qid=219451
2026-05-28 11:03:17,695 [WARNING]   qqdata no encontrado en qid=219450
2026-05-28 11:03:20,159 [WARNING]   qqdata no encontrado en qid=219449
2026-05-28 11:03:24,126 [WARNING]   qqdata no encontrado en qid=219448
2026-05-28 11:03:27,326 [WARNING]   qqdata no encontrado en qid=219446
2026-05-28 11:03:30,889 [WARNING]   qqdata no encontrado en qid=219445
2026-05-28 11:03:33,253 [WARNING]   qqdata no encontrado en qid=219444
2026-05-28 11:03:35,838 [WARNING]   qqdata no encontrado en qid=219443
2026-05-28 11:03:35,839 [INFO]   Capítulo 30698 '手筋吃子'
2026-05-28 11:03:43,369 [WARNING]   qqdata no encontrado en qid=219561
2026-05-28 11:03:45,910 [WARNING]   qqdata no encontrado en qid=219560
2026-05-28 11:03:48,813 [WARNING]   qqdata no encontrado en qid=219559
2026-05-28 11:03:52,853 [WARNING]   qqdata no encontrado en qid=219556
2026-05-28 11:03:56,659 [WARNING]   qqdata no encontrado en qid=219554
2026-05-28 11:03:59,588 [WARNING]   qqdata no encontrado en qid=219553
2026-05-28 11:04:02,656 [WARNING]   qqdata no encontrado en qid=219552
2026-05-28 11:04:05,844 [WARNING]   qqdata no encontrado en qid=219551
2026-05-28 11:04:10,710 [WARNING]   qqdata no encontrado en qid=219550
2026-05-28 11:04:15,257 [WARNING]   qqdata no encontrado en qid=219549
2026-05-28 11:04:19,187 [WARNING]   qqdata no encontrado en qid=219548
2026-05-28 11:04:23,801 [WARNING]   qqdata no encontrado en qid=219547
2026-05-28 11:04:28,324 [WARNING]   qqdata no encontrado en qid=219546
2026-05-28 11:04:30,940 [WARNING]   qqdata no encontrado en qid=219545
2026-05-28 11:04:35,106 [WARNING]   qqdata no encontrado en qid=219544
2026-05-28 11:04:39,028 [WARNING]   qqdata no encontrado en qid=219543
2026-05-28 11:04:42,166 [WARNING]   qqdata no encontrado en qid=219540
2026-05-28 11:04:46,083 [WARNING]   qqdata no encontrado en qid=219539
2026-05-28 11:04:48,525 [WARNING]   qqdata no encontrado en qid=219538
2026-05-28 11:04:51,406 [WARNING]   qqdata no encontrado en qid=219537
2026-05-28 11:04:55,931 [WARNING]   qqdata no encontrado en qid=219536
2026-05-28 11:04:59,915 [WARNING]   qqdata no encontrado en qid=219535
2026-05-28 11:05:02,603 [WARNING]   qqdata no encontrado en qid=219532
2026-05-28 11:05:05,070 [WARNING]   qqdata no encontrado en qid=219531
2026-05-28 11:05:09,109 [WARNING]   qqdata no encontrado en qid=219530
2026-05-28 11:05:12,427 [WARNING]   qqdata no encontrado en qid=219529
2026-05-28 11:05:15,182 [WARNING]   qqdata no encontrado en qid=219528
2026-05-28 11:05:18,352 [WARNING]   qqdata no encontrado en qid=219527
2026-05-28 11:05:21,616 [WARNING]   qqdata no encontrado en qid=219526
2026-05-28 11:05:24,183 [WARNING]   qqdata no encontrado en qid=219523
2026-05-28 11:05:26,740 [WARNING]   qqdata no encontrado en qid=219525
2026-05-28 11:05:31,040 [WARNING]   qqdata no encontrado en qid=219541
2026-05-28 11:05:31,041 [INFO]   Libro 34103 completado: 39 OK, 152 fallidos
2026-05-28 11:05:31,041 [INFO] Libro 5121 — https://www.101weiqi.com/book/5121/
2026-05-28 11:05:33,761 [INFO]   '叶老师围棋入门班' — 29 capítulos
2026-05-28 11:05:33,762 [INFO]   Capítulo 8973 '气、吃子'
2026-05-28 11:05:42,133 [WARNING]   qqdata no encontrado en qid=28957
2026-05-28 11:05:45,607 [WARNING]   qqdata no encontrado en qid=9124
2026-05-28 11:05:48,684 [WARNING]   qqdata no encontrado en qid=8593
2026-05-28 11:05:52,732 [WARNING]   qqdata no encontrado en qid=8274
2026-05-28 11:05:56,994 [WARNING]   qqdata no encontrado en qid=8374
2026-05-28 11:06:00,869 [WARNING]   qqdata no encontrado en qid=8767
2026-05-28 11:06:04,616 [WARNING]   qqdata no encontrado en qid=9169
2026-05-28 11:06:10,388 [WARNING]   qqdata no encontrado en qid=43324
2026-05-28 11:06:13,725 [WARNING]   qqdata no encontrado en qid=9046
2026-05-28 11:06:17,739 [WARNING]   qqdata no encontrado en qid=8457
2026-05-28 11:06:21,261 [WARNING]   qqdata no encontrado en qid=8956
2026-05-28 11:06:24,225 [WARNING]   qqdata no encontrado en qid=8908
2026-05-28 11:06:28,292 [WARNING]   qqdata no encontrado en qid=8841
2026-05-28 11:06:31,523 [WARNING]   qqdata no encontrado en qid=8174
2026-05-28 11:06:35,167 [WARNING]   qqdata no encontrado en qid=51931
2026-05-28 11:06:38,146 [WARNING]   qqdata no encontrado en qid=9152
2026-05-28 11:06:41,609 [WARNING]   qqdata no encontrado en qid=9049
2026-05-28 11:06:45,037 [WARNING]   qqdata no encontrado en qid=17985
2026-05-28 11:06:48,156 [WARNING]   qqdata no encontrado en qid=8435
2026-05-28 11:06:50,591 [WARNING]   qqdata no encontrado en qid=49915
2026-05-28 11:06:54,078 [WARNING]   qqdata no encontrado en qid=9093
2026-05-28 11:06:57,830 [WARNING]   qqdata no encontrado en qid=43301
2026-05-28 11:07:01,014 [WARNING]   qqdata no encontrado en qid=8688
2026-05-28 11:07:04,209 [WARNING]   qqdata no encontrado en qid=9086
2026-05-28 11:07:06,493 [WARNING]   qqdata no encontrado en qid=8831
2026-05-28 11:07:10,542 [WARNING]   qqdata no encontrado en qid=20435
2026-05-28 11:07:13,056 [WARNING]   qqdata no encontrado en qid=8564
2026-05-28 11:07:15,545 [WARNING]   qqdata no encontrado en qid=8872
2026-05-28 11:07:20,172 [WARNING]   qqdata no encontrado en qid=21722
2026-05-28 11:07:23,695 [WARNING]   qqdata no encontrado en qid=9087
2026-05-28 11:07:26,930 [WARNING]   qqdata no encontrado en qid=8405
2026-05-28 11:07:31,545 [WARNING]   qqdata no encontrado en qid=9425
2026-05-28 11:07:34,007 [WARNING]   qqdata no encontrado en qid=8615
2026-05-28 11:07:37,253 [WARNING]   qqdata no encontrado en qid=28277
2026-05-28 11:07:40,743 [WARNING]   qqdata no encontrado en qid=9022
2026-05-28 11:07:45,202 [WARNING]   qqdata no encontrado en qid=8896
2026-05-28 11:07:48,880 [WARNING]   qqdata no encontrado en qid=8714
2026-05-28 11:07:51,801 [WARNING]   qqdata no encontrado en qid=8217
2026-05-28 11:07:51,802 [INFO]   Capítulo 54684 '逃跑'
2026-05-28 11:07:57,284 [WARNING]   qqdata no encontrado en qid=9247
2026-05-28 11:08:01,858 [WARNING]   qqdata no encontrado en qid=8877
2026-05-28 11:08:06,025 [WARNING]   qqdata no encontrado en qid=9130
2026-05-28 11:08:08,877 [WARNING]   qqdata no encontrado en qid=9245
2026-05-28 11:08:13,132 [WARNING]   qqdata no encontrado en qid=8466
2026-05-28 11:08:15,792 [WARNING]   qqdata no encontrado en qid=9106
2026-05-28 11:08:20,033 [WARNING]   qqdata no encontrado en qid=9524
2026-05-28 11:08:22,763 [WARNING]   qqdata no encontrado en qid=9737
2026-05-28 11:08:25,982 [WARNING]   qqdata no encontrado en qid=9228
2026-05-28 11:08:30,507 [WARNING]   qqdata no encontrado en qid=8701
2026-05-28 11:08:33,630 [WARNING]   qqdata no encontrado en qid=9678
2026-05-28 11:08:36,761 [WARNING]   qqdata no encontrado en qid=10174
2026-05-28 11:08:40,680 [WARNING]   qqdata no encontrado en qid=8488
2026-05-28 11:08:43,008 [WARNING]   qqdata no encontrado en qid=10058
2026-05-28 11:08:46,781 [WARNING]   qqdata no encontrado en qid=8793
2026-05-28 11:08:50,741 [WARNING]   qqdata no encontrado en qid=8613
2026-05-28 11:08:54,614 [WARNING]   qqdata no encontrado en qid=9335
2026-05-28 11:08:57,154 [WARNING]   qqdata no encontrado en qid=10039
2026-05-28 11:09:00,585 [WARNING]   qqdata no encontrado en qid=9026
2026-05-28 11:09:04,099 [WARNING]   qqdata no encontrado en qid=9615
2026-05-28 11:09:06,361 [WARNING]   qqdata no encontrado en qid=9864
2026-05-28 11:09:10,542 [WARNING]   qqdata no encontrado en qid=9918
2026-05-28 11:09:13,086 [WARNING]   qqdata no encontrado en qid=8567
2026-05-28 11:09:17,637 [WARNING]   qqdata no encontrado en qid=9353
2026-05-28 11:09:22,191 [WARNING]   qqdata no encontrado en qid=9899
2026-05-28 11:09:26,176 [WARNING]   qqdata no encontrado en qid=7677
2026-05-28 11:09:29,714 [WARNING]   qqdata no encontrado en qid=9897
2026-05-28 11:09:33,694 [WARNING]   qqdata no encontrado en qid=12140
2026-05-28 11:09:33,694 [INFO]   Capítulo 12822 '虎口'
2026-05-28 11:09:40,128 [WARNING]   qqdata no encontrado en qid=71892
2026-05-28 11:09:42,515 [WARNING]   qqdata no encontrado en qid=70920
2026-05-28 11:09:47,101 [WARNING]   qqdata no encontrado en qid=71895
2026-05-28 11:09:49,898 [WARNING]   qqdata no encontrado en qid=70918
2026-05-28 11:09:52,694 [WARNING]   qqdata no encontrado en qid=70919
2026-05-28 11:09:56,424 [WARNING]   qqdata no encontrado en qid=70921
2026-05-28 11:10:00,672 [WARNING]   qqdata no encontrado en qid=71893
2026-05-28 11:10:03,057 [WARNING]   qqdata no encontrado en qid=70929
2026-05-28 11:10:06,755 [WARNING]   qqdata no encontrado en qid=70930
2026-05-28 11:10:09,661 [WARNING]   qqdata no encontrado en qid=71894
2026-05-28 11:10:12,929 [WARNING]   qqdata no encontrado en qid=70922
2026-05-28 11:10:17,505 [WARNING]   qqdata no encontrado en qid=70933
2026-05-28 11:10:19,707 [WARNING]   qqdata no encontrado en qid=70927
2026-05-28 11:10:23,227 [WARNING]   qqdata no encontrado en qid=70928
2026-05-28 11:10:27,341 [WARNING]   qqdata no encontrado en qid=70934
2026-05-28 11:10:31,517 [WARNING]   qqdata no encontrado en qid=70926
2026-05-28 11:10:34,389 [WARNING]   qqdata no encontrado en qid=70923
2026-05-28 11:10:37,793 [WARNING]   qqdata no encontrado en qid=70925
2026-05-28 11:10:40,223 [WARNING]   qqdata no encontrado en qid=72672
2026-05-28 11:10:44,365 [WARNING]   qqdata no encontrado en qid=70932
2026-05-28 11:10:48,479 [WARNING]   qqdata no encontrado en qid=70931
2026-05-28 11:10:52,406 [WARNING]   qqdata no encontrado en qid=70924
2026-05-28 11:10:52,407 [INFO]   Capítulo 8974 '禁止点'
2026-05-28 11:10:59,350 [WARNING]   qqdata no encontrado en qid=70940
2026-05-28 11:11:02,095 [WARNING]   qqdata no encontrado en qid=70935
2026-05-28 11:11:05,337 [WARNING]   qqdata no encontrado en qid=70936
2026-05-28 11:11:09,893 [WARNING]   qqdata no encontrado en qid=71021
2026-05-28 11:11:13,665 [WARNING]   qqdata no encontrado en qid=70946
2026-05-28 11:11:16,193 [WARNING]   qqdata no encontrado en qid=70945
2026-05-28 11:11:18,891 [WARNING]   qqdata no encontrado en qid=70937
2026-05-28 11:11:23,426 [WARNING]   qqdata no encontrado en qid=70938
2026-05-28 11:11:26,936 [WARNING]   qqdata no encontrado en qid=70941
2026-05-28 11:11:29,367 [WARNING]   qqdata no encontrado en qid=70939
2026-05-28 11:11:31,872 [WARNING]   qqdata no encontrado en qid=71022
2026-05-28 11:11:35,675 [WARNING]   qqdata no encontrado en qid=71024
2026-05-28 11:11:38,259 [WARNING]   qqdata no encontrado en qid=71023
2026-05-28 11:11:41,008 [WARNING]   qqdata no encontrado en qid=70942
2026-05-28 11:11:45,674 [WARNING]   qqdata no encontrado en qid=70947
2026-05-28 11:11:48,433 [WARNING]   qqdata no encontrado en qid=70943
2026-05-28 11:11:52,183 [WARNING]   qqdata no encontrado en qid=71891
2026-05-28 11:11:56,691 [WARNING]   qqdata no encontrado en qid=70944
2026-05-28 11:12:00,294 [WARNING]   qqdata no encontrado en qid=71890
2026-05-28 11:12:00,295 [INFO]   Capítulo 12823 '互相叫吃'
2026-05-28 11:12:07,978 [WARNING]   qqdata no encontrado en qid=51931
2026-05-28 11:12:11,923 [WARNING]   qqdata no encontrado en qid=50427
2026-05-28 11:12:15,470 [WARNING]   qqdata no encontrado en qid=50429
2026-05-28 11:12:18,558 [WARNING]   qqdata no encontrado en qid=8201
2026-05-28 11:12:21,511 [WARNING]   qqdata no encontrado en qid=50430
2026-05-28 11:12:23,741 [WARNING]   qqdata no encontrado en qid=8891
2026-05-28 11:12:27,213 [WARNING]   qqdata no encontrado en qid=8333
2026-05-28 11:12:30,332 [WARNING]   qqdata no encontrado en qid=9165
2026-05-28 11:12:32,718 [WARNING]   qqdata no encontrado en qid=8366
2026-05-28 11:12:35,200 [WARNING]   qqdata no encontrado en qid=8667
2026-05-28 11:12:40,030 [WARNING]   qqdata no encontrado en qid=8665
2026-05-28 11:12:44,047 [WARNING]   qqdata no encontrado en qid=8550
2026-05-28 11:12:46,903 [WARNING]   qqdata no encontrado en qid=9038
2026-05-28 11:12:50,536 [WARNING]   qqdata no encontrado en qid=8608
2026-05-28 11:12:52,983 [WARNING]   qqdata no encontrado en qid=8277
2026-05-28 11:12:55,855 [WARNING]   qqdata no encontrado en qid=42257
2026-05-28 11:12:59,247 [WARNING]   qqdata no encontrado en qid=9023
2026-05-28 11:13:03,178 [WARNING]   qqdata no encontrado en qid=8912
2026-05-28 11:13:06,517 [WARNING]   qqdata no encontrado en qid=8200
2026-05-28 11:13:06,518 [INFO]   Capítulo 8976 '连接、分断'
2026-05-28 11:13:14,522 [WARNING]   qqdata no encontrado en qid=8890
2026-05-28 11:13:19,348 [WARNING]   qqdata no encontrado en qid=10072
2026-05-28 11:13:21,518 [WARNING]   qqdata no encontrado en qid=9562
2026-05-28 11:13:23,874 [WARNING]   qqdata no encontrado en qid=8817
2026-05-28 11:13:27,207 [WARNING]   qqdata no encontrado en qid=60824
2026-05-28 11:13:29,436 [WARNING]   qqdata no encontrado en qid=8901
2026-05-28 11:13:32,806 [WARNING]   qqdata no encontrado en qid=9080
2026-05-28 11:13:36,907 [WARNING]   qqdata no encontrado en qid=8903
2026-05-28 11:13:40,731 [WARNING]   qqdata no encontrado en qid=9471
2026-05-28 11:13:44,449 [WARNING]   qqdata no encontrado en qid=9123
2026-05-28 11:13:47,563 [WARNING]   qqdata no encontrado en qid=8481
2026-05-28 11:13:50,216 [WARNING]   qqdata no encontrado en qid=10801
2026-05-28 11:13:53,049 [WARNING]   qqdata no encontrado en qid=9065
2026-05-28 11:13:58,019 [WARNING]   qqdata no encontrado en qid=9234
2026-05-28 11:14:00,310 [WARNING]   qqdata no encontrado en qid=9304
2026-05-28 11:14:03,149 [WARNING]   qqdata no encontrado en qid=8741
2026-05-28 11:14:06,873 [WARNING]   qqdata no encontrado en qid=8686
2026-05-28 11:14:10,665 [WARNING]   qqdata no encontrado en qid=9830
2026-05-28 11:14:13,376 [WARNING]   qqdata no encontrado en qid=8709
2026-05-28 11:14:16,198 [WARNING]   qqdata no encontrado en qid=8289
2026-05-28 11:14:16,199 [INFO]   Capítulo 8975 '打劫、打二还一'
2026-05-28 11:14:24,220 [WARNING]   qqdata no encontrado en qid=49746
2026-05-28 11:14:28,657 [WARNING]   qqdata no encontrado en qid=71058
2026-05-28 11:14:33,401 [WARNING]   qqdata no encontrado en qid=71053
2026-05-28 11:14:35,826 [WARNING]   qqdata no encontrado en qid=71057
2026-05-28 11:14:39,234 [WARNING]   qqdata no encontrado en qid=71052
2026-05-28 11:14:43,456 [WARNING]   qqdata no encontrado en qid=71054
2026-05-28 11:14:46,683 [WARNING]   qqdata no encontrado en qid=71063
2026-05-28 11:14:50,578 [WARNING]   qqdata no encontrado en qid=71050
2026-05-28 11:14:53,781 [WARNING]   qqdata no encontrado en qid=71062
2026-05-28 11:14:58,201 [WARNING]   qqdata no encontrado en qid=71055
2026-05-28 11:15:02,538 [WARNING]   qqdata no encontrado en qid=71060
2026-05-28 11:15:06,869 [WARNING]   qqdata no encontrado en qid=71059
2026-05-28 11:15:10,090 [WARNING]   qqdata no encontrado en qid=71066
2026-05-28 11:15:14,342 [WARNING]   qqdata no encontrado en qid=49740
2026-05-28 11:15:14,343 [INFO]   Capítulo 8988 '死亡线与吃子方向'
2026-05-28 11:15:21,159 [WARNING]   qqdata no encontrado en qid=179344
2026-05-28 11:15:23,690 [WARNING]   qqdata no encontrado en qid=179345
2026-05-28 11:15:26,274 [WARNING]   qqdata no encontrado en qid=8431
2026-05-28 11:15:28,825 [WARNING]   qqdata no encontrado en qid=9181
2026-05-28 11:15:32,644 [WARNING]   qqdata no encontrado en qid=9014
2026-05-28 11:15:35,452 [WARNING]   qqdata no encontrado en qid=8928
2026-05-28 11:15:39,524 [WARNING]   qqdata no encontrado en qid=8487
2026-05-28 11:15:43,155 [WARNING]   qqdata no encontrado en qid=9657
2026-05-28 11:15:47,350 [WARNING]   qqdata no encontrado en qid=9658
2026-05-28 11:15:49,556 [WARNING]   qqdata no encontrado en qid=22441
2026-05-28 11:15:53,636 [WARNING]   qqdata no encontrado en qid=10379
2026-05-28 11:15:58,078 [WARNING]   qqdata no encontrado en qid=9412
2026-05-28 11:16:01,697 [WARNING]   qqdata no encontrado en qid=9973
2026-05-28 11:16:05,939 [WARNING]   qqdata no encontrado en qid=9495
2026-05-28 11:16:09,120 [WARNING]   qqdata no encontrado en qid=9995
2026-05-28 11:16:12,751 [WARNING]   qqdata no encontrado en qid=10008
2026-05-28 11:16:16,496 [WARNING]   qqdata no encontrado en qid=11557
2026-05-28 11:16:20,406 [WARNING]   qqdata no encontrado en qid=10111
2026-05-28 11:16:25,023 [WARNING]   qqdata no encontrado en qid=10137
2026-05-28 11:16:28,603 [WARNING]   qqdata no encontrado en qid=9747
2026-05-28 11:16:31,307 [WARNING]   qqdata no encontrado en qid=8979
2026-05-28 11:16:33,480 [WARNING]   qqdata no encontrado en qid=10006
2026-05-28 11:16:33,481 [INFO]   Capítulo 8977 '门吃'
2026-05-28 11:16:38,158 [WARNING]   qqdata no encontrado en qid=19925
2026-05-28 11:16:40,853 [WARNING]   qqdata no encontrado en qid=8697
2026-05-28 11:16:43,372 [WARNING]   qqdata no encontrado en qid=8228
2026-05-28 11:16:45,657 [WARNING]   qqdata no encontrado en qid=9252
2026-05-28 11:16:48,625 [WARNING]   qqdata no encontrado en qid=8887
2026-05-28 11:16:52,744 [WARNING]   qqdata no encontrado en qid=8403
2026-05-28 11:16:56,993 [WARNING]   qqdata no encontrado en qid=9144
2026-05-28 11:17:01,013 [WARNING]   qqdata no encontrado en qid=8247
2026-05-28 11:17:04,007 [WARNING]   qqdata no encontrado en qid=9843
2026-05-28 11:17:06,450 [WARNING]   qqdata no encontrado en qid=8507
2026-05-28 11:17:10,290 [WARNING]   qqdata no encontrado en qid=6935
2026-05-28 11:17:13,417 [WARNING]   qqdata no encontrado en qid=8510
2026-05-28 11:17:16,486 [WARNING]   qqdata no encontrado en qid=8439
2026-05-28 11:17:19,091 [WARNING]   qqdata no encontrado en qid=8917
2026-05-28 11:17:22,468 [WARNING]   qqdata no encontrado en qid=9857
2026-05-28 11:17:26,884 [WARNING]   qqdata no encontrado en qid=12055
2026-05-28 11:17:30,313 [WARNING]   qqdata no encontrado en qid=9746
2026-05-28 11:17:33,857 [WARNING]   qqdata no encontrado en qid=9855
2026-05-28 11:17:38,328 [WARNING]   qqdata no encontrado en qid=5457
2026-05-28 11:17:38,329 [INFO]   Capítulo 8978 '双打吃'
2026-05-28 11:17:44,393 [WARNING]   qqdata no encontrado en qid=19953
2026-05-28 11:17:48,619 [WARNING]   qqdata no encontrado en qid=8369
2026-05-28 11:17:51,512 [WARNING]   qqdata no encontrado en qid=19955
2026-05-28 11:17:54,060 [WARNING]   qqdata no encontrado en qid=19956
2026-05-28 11:17:57,692 [WARNING]   qqdata no encontrado en qid=9028
2026-05-28 11:18:02,108 [WARNING]   qqdata no encontrado en qid=9185
2026-05-28 11:18:05,022 [WARNING]   qqdata no encontrado en qid=19950
2026-05-28 11:18:09,406 [WARNING]   qqdata no encontrado en qid=9122
2026-05-28 11:18:12,011 [WARNING]   qqdata no encontrado en qid=19951
2026-05-28 11:18:16,460 [WARNING]   qqdata no encontrado en qid=19954
2026-05-28 11:18:18,960 [WARNING]   qqdata no encontrado en qid=8987
2026-05-28 11:18:22,484 [WARNING]   qqdata no encontrado en qid=27323
2026-05-28 11:18:25,718 [WARNING]   qqdata no encontrado en qid=57310
2026-05-28 11:18:30,107 [WARNING]   qqdata no encontrado en qid=8287
2026-05-28 11:18:34,140 [WARNING]   qqdata no encontrado en qid=43415
2026-05-28 11:18:38,719 [WARNING]   qqdata no encontrado en qid=5721
2026-05-28 11:18:40,924 [WARNING]   qqdata no encontrado en qid=10148
2026-05-28 11:18:44,165 [WARNING]   qqdata no encontrado en qid=12969
2026-05-28 11:18:48,050 [WARNING]   qqdata no encontrado en qid=13430
2026-05-28 11:18:51,379 [WARNING]   qqdata no encontrado en qid=12778
2026-05-28 11:18:53,775 [WARNING]   qqdata no encontrado en qid=9702
2026-05-28 11:18:56,670 [WARNING]   qqdata no encontrado en qid=12903
2026-05-28 11:19:00,036 [WARNING]   qqdata no encontrado en qid=7008
2026-05-28 11:19:03,869 [WARNING]   qqdata no encontrado en qid=8746
2026-05-28 11:19:06,510 [WARNING]   qqdata no encontrado en qid=6474
2026-05-28 11:19:08,808 [WARNING]   qqdata no encontrado en qid=10196
2026-05-28 11:19:12,528 [WARNING]   qqdata no encontrado en qid=9239
2026-05-28 11:19:16,106 [WARNING]   qqdata no encontrado en qid=9999
2026-05-28 11:19:20,614 [WARNING]   qqdata no encontrado en qid=54267
2026-05-28 11:19:23,883 [WARNING]   qqdata no encontrado en qid=60662
2026-05-28 11:19:27,216 [WARNING]   qqdata no encontrado en qid=9235
2026-05-28 11:19:30,694 [WARNING]   qqdata no encontrado en qid=11011
2026-05-28 11:19:35,106 [WARNING]   qqdata no encontrado en qid=11363
2026-05-28 11:19:38,377 [WARNING]   qqdata no encontrado en qid=10982
2026-05-28 11:19:42,732 [WARNING]   qqdata no encontrado en qid=8651
2026-05-28 11:19:46,650 [WARNING]   qqdata no encontrado en qid=10139
2026-05-28 11:19:48,787 [WARNING]   qqdata no encontrado en qid=9806
2026-05-28 11:19:52,319 [WARNING]   qqdata no encontrado en qid=9889
2026-05-28 11:19:55,783 [WARNING]   qqdata no encontrado en qid=10716
2026-05-28 11:19:55,784 [INFO]   Capítulo 8979 '围棋术语、抱吃'
2026-05-28 11:20:02,802 [WARNING]   qqdata no encontrado en qid=179341
2026-05-28 11:20:07,796 [WARNING]   qqdata no encontrado en qid=179340
2026-05-28 11:20:10,365 [WARNING]   qqdata no encontrado en qid=179343
2026-05-28 11:20:13,170 [WARNING]   qqdata no encontrado en qid=43414
2026-05-28 11:20:16,691 [WARNING]   qqdata no encontrado en qid=9126
2026-05-28 11:20:20,737 [WARNING]   qqdata no encontrado en qid=19948
2026-05-28 11:20:23,768 [WARNING]   qqdata no encontrado en qid=8349
2026-05-28 11:20:27,751 [WARNING]   qqdata no encontrado en qid=9282
2026-05-28 11:20:32,268 [WARNING]   qqdata no encontrado en qid=9079
2026-05-28 11:20:35,457 [WARNING]   qqdata no encontrado en qid=10052
2026-05-28 11:20:38,336 [WARNING]   qqdata no encontrado en qid=10185
2026-05-28 11:20:42,070 [WARNING]   qqdata no encontrado en qid=153
2026-05-28 11:20:44,681 [WARNING]   qqdata no encontrado en qid=8528
2026-05-28 11:20:48,559 [WARNING]   qqdata no encontrado en qid=8728
2026-05-28 11:20:52,934 [WARNING]   qqdata no encontrado en qid=9419
2026-05-28 11:20:56,681 [WARNING]   qqdata no encontrado en qid=9727
2026-05-28 11:20:59,412 [WARNING]   qqdata no encontrado en qid=19946
2026-05-28 11:21:02,906 [WARNING]   qqdata no encontrado en qid=10055
2026-05-28 11:21:06,442 [WARNING]   qqdata no encontrado en qid=9109
2026-05-28 11:21:09,125 [WARNING]   qqdata no encontrado en qid=9063
2026-05-28 11:21:12,709 [WARNING]   qqdata no encontrado en qid=8590
2026-05-28 11:21:17,674 [WARNING]   qqdata no encontrado en qid=9194
2026-05-28 11:21:20,432 [WARNING]   qqdata no encontrado en qid=43343
2026-05-28 11:21:24,154 [WARNING]   qqdata no encontrado en qid=8520
2026-05-28 11:21:27,145 [WARNING]   qqdata no encontrado en qid=9418
2026-05-28 11:21:30,481 [WARNING]   qqdata no encontrado en qid=9788
2026-05-28 11:21:34,819 [WARNING]   qqdata no encontrado en qid=54307
2026-05-28 11:21:39,395 [WARNING]   qqdata no encontrado en qid=8913
2026-05-28 11:21:42,119 [WARNING]   qqdata no encontrado en qid=9815
2026-05-28 11:21:45,766 [WARNING]   qqdata no encontrado en qid=8980
2026-05-28 11:21:48,334 [WARNING]   qqdata no encontrado en qid=8727
2026-05-28 11:21:52,389 [WARNING]   qqdata no encontrado en qid=9131
2026-05-28 11:21:52,390 [INFO]   Capítulo 8980 '征子上'
2026-05-28 11:21:58,095 [WARNING]   qqdata no encontrado en qid=19839
2026-05-28 11:22:00,732 [WARNING]   qqdata no encontrado en qid=8748
2026-05-28 11:22:03,175 [WARNING]   qqdata no encontrado en qid=9159
2026-05-28 11:22:07,349 [WARNING]   qqdata no encontrado en qid=8595
2026-05-28 11:22:11,960 [WARNING]   qqdata no encontrado en qid=9149
2026-05-28 11:22:16,091 [WARNING]   qqdata no encontrado en qid=8397
2026-05-28 11:22:19,459 [WARNING]   qqdata no encontrado en qid=50983
2026-05-28 11:22:22,148 [WARNING]   qqdata no encontrado en qid=89772
2026-05-28 11:22:25,469 [WARNING]   qqdata no encontrado en qid=5125
2026-05-28 11:22:27,842 [WARNING]   qqdata no encontrado en qid=6075
2026-05-28 11:22:32,331 [WARNING]   qqdata no encontrado en qid=9917
2026-05-28 11:22:35,746 [WARNING]   qqdata no encontrado en qid=8216
2026-05-28 11:22:38,755 [WARNING]   qqdata no encontrado en qid=20003
2026-05-28 11:22:42,283 [WARNING]   qqdata no encontrado en qid=9039
2026-05-28 11:22:44,556 [WARNING]   qqdata no encontrado en qid=54266
2026-05-28 11:22:47,888 [WARNING]   qqdata no encontrado en qid=42818
2026-05-28 11:22:50,170 [WARNING]   qqdata no encontrado en qid=8429
2026-05-28 11:22:53,568 [WARNING]   qqdata no encontrado en qid=8874
2026-05-28 11:22:57,040 [WARNING]   qqdata no encontrado en qid=11088
2026-05-28 11:23:00,171 [WARNING]   qqdata no encontrado en qid=10183
2026-05-28 11:23:03,623 [WARNING]   qqdata no encontrado en qid=10139
2026-05-28 11:23:07,952 [WARNING]   qqdata no encontrado en qid=43637
2026-05-28 11:23:11,117 [WARNING]   qqdata no encontrado en qid=9150
2026-05-28 11:23:14,863 [WARNING]   qqdata no encontrado en qid=8651
2026-05-28 11:23:19,103 [WARNING]   qqdata no encontrado en qid=9162
2026-05-28 11:23:22,937 [WARNING]   qqdata no encontrado en qid=10090
2026-05-28 11:23:25,123 [WARNING]   qqdata no encontrado en qid=10148
2026-05-28 11:23:27,825 [WARNING]   qqdata no encontrado en qid=3363
2026-05-28 11:23:31,501 [WARNING]   qqdata no encontrado en qid=9645
2026-05-28 11:23:35,288 [WARNING]   qqdata no encontrado en qid=10187
2026-05-28 11:23:39,960 [WARNING]   qqdata no encontrado en qid=19956
2026-05-28 11:23:42,933 [WARNING]   qqdata no encontrado en qid=5721
2026-05-28 11:23:47,073 [WARNING]   qqdata no encontrado en qid=9282
2026-05-28 11:23:50,499 [WARNING]   qqdata no encontrado en qid=9999
2026-05-28 11:23:52,832 [WARNING]   qqdata no encontrado en qid=10459
2026-05-28 11:23:55,990 [WARNING]   qqdata no encontrado en qid=10716
2026-05-28 11:23:59,484 [WARNING]   qqdata no encontrado en qid=9019
2026-05-28 11:24:03,657 [WARNING]   qqdata no encontrado en qid=43414
2026-05-28 11:24:03,658 [INFO]   Capítulo 60066 '征子下'
2026-05-28 11:24:10,074 [WARNING]   qqdata no encontrado en qid=54266
2026-05-28 11:24:13,839 [WARNING]   qqdata no encontrado en qid=8874
2026-05-28 11:24:16,916 [WARNING]   qqdata no encontrado en qid=8397
2026-05-28 11:24:20,606 [WARNING]   qqdata no encontrado en qid=19839
2026-05-28 11:24:23,428 [WARNING]   qqdata no encontrado en qid=89772
2026-05-28 11:24:26,882 [WARNING]   qqdata no encontrado en qid=9149
2026-05-28 11:24:29,481 [WARNING]   qqdata no encontrado en qid=8417
2026-05-28 11:24:32,180 [WARNING]   qqdata no encontrado en qid=50983
2026-05-28 11:24:36,140 [WARNING]   qqdata no encontrado en qid=20384
2026-05-28 11:24:39,357 [WARNING]   qqdata no encontrado en qid=9039
2026-05-28 11:24:43,493 [WARNING]   qqdata no encontrado en qid=43154
2026-05-28 11:24:46,401 [WARNING]   qqdata no encontrado en qid=8800
2026-05-28 11:24:49,458 [WARNING]   qqdata no encontrado en qid=9603
2026-05-28 11:24:53,013 [WARNING]   qqdata no encontrado en qid=8591
2026-05-28 11:24:57,038 [WARNING]   qqdata no encontrado en qid=10082
2026-05-28 11:25:01,288 [WARNING]   qqdata no encontrado en qid=9079
2026-05-28 11:25:04,045 [WARNING]   qqdata no encontrado en qid=10087
2026-05-28 11:25:07,237 [WARNING]   qqdata no encontrado en qid=8719
2026-05-28 11:25:10,059 [WARNING]   qqdata no encontrado en qid=9891
2026-05-28 11:25:14,197 [WARNING]   qqdata no encontrado en qid=8694
2026-05-28 11:25:14,198 [INFO]   Capítulo 8981 '枷吃'
2026-05-28 11:25:20,677 [WARNING]   qqdata no encontrado en qid=10986
2026-05-28 11:25:24,356 [WARNING]   qqdata no encontrado en qid=9675
2026-05-28 11:25:28,665 [WARNING]   qqdata no encontrado en qid=186
2026-05-28 11:25:31,096 [WARNING]   qqdata no encontrado en qid=10755
2026-05-28 11:25:33,892 [WARNING]   qqdata no encontrado en qid=22478
2026-05-28 11:25:38,018 [WARNING]   qqdata no encontrado en qid=9279
2026-05-28 11:25:40,680 [WARNING]   qqdata no encontrado en qid=115316
2026-05-28 11:25:43,174 [WARNING]   qqdata no encontrado en qid=147
2026-05-28 11:25:47,157 [WARNING]   qqdata no encontrado en qid=19916
2026-05-28 11:25:50,833 [WARNING]   qqdata no encontrado en qid=5251
2026-05-28 11:25:54,491 [WARNING]   qqdata no encontrado en qid=11505
2026-05-28 11:25:59,035 [WARNING]   qqdata no encontrado en qid=7328
2026-05-28 11:26:02,258 [WARNING]   qqdata no encontrado en qid=60830
2026-05-28 11:26:05,391 [WARNING]   qqdata no encontrado en qid=180
2026-05-28 11:26:07,868 [WARNING]   qqdata no encontrado en qid=19986
2026-05-28 11:26:10,144 [WARNING]   qqdata no encontrado en qid=28396
2026-05-28 11:26:12,572 [WARNING]   qqdata no encontrado en qid=10302
2026-05-28 11:26:12,573 [INFO]   Capítulo 18131 '@提高观察力'
2026-05-28 11:26:18,771 [WARNING]   qqdata no encontrado en qid=172381
2026-05-28 11:26:21,820 [WARNING]   qqdata no encontrado en qid=172386
2026-05-28 11:26:25,389 [WARNING]   qqdata no encontrado en qid=172388
2026-05-28 11:26:29,229 [WARNING]   qqdata no encontrado en qid=172387
2026-05-28 11:26:33,662 [WARNING]   qqdata no encontrado en qid=172389
2026-05-28 11:26:36,160 [WARNING]   qqdata no encontrado en qid=172390
2026-05-28 11:26:39,976 [WARNING]   qqdata no encontrado en qid=172391
2026-05-28 11:26:46,157 [WARNING]   qqdata no encontrado en qid=172392
2026-05-28 11:26:50,173 [WARNING]   qqdata no encontrado en qid=172393
2026-05-28 11:26:53,804 [WARNING]   qqdata no encontrado en qid=173613
2026-05-28 11:26:56,401 [WARNING]   qqdata no encontrado en qid=173616
2026-05-28 11:26:59,495 [WARNING]   qqdata no encontrado en qid=173619
2026-05-28 11:27:03,686 [WARNING]   qqdata no encontrado en qid=215049
2026-05-28 11:27:07,274 [WARNING]   qqdata no encontrado en qid=215050
2026-05-28 11:27:11,057 [WARNING]   qqdata no encontrado en qid=215052
2026-05-28 11:27:15,426 [WARNING]   qqdata no encontrado en qid=215053
2026-05-28 11:27:18,801 [WARNING]   qqdata no encontrado en qid=215054
2026-05-28 11:27:22,001 [WARNING]   qqdata no encontrado en qid=215055
2026-05-28 11:27:24,279 [WARNING]   qqdata no encontrado en qid=215056
2026-05-28 11:27:28,327 [WARNING]   qqdata no encontrado en qid=215058
2026-05-28 11:27:33,208 [WARNING]   qqdata no encontrado en qid=215059
2026-05-28 11:27:35,748 [WARNING]   qqdata no encontrado en qid=215061
2026-05-28 11:27:35,749 [INFO]   Capítulo 8982 '倒扑'
2026-05-28 11:27:43,110 [WARNING]   qqdata no encontrado en qid=8838
2026-05-28 11:27:45,631 [WARNING]   qqdata no encontrado en qid=9771
2026-05-28 11:27:49,322 [WARNING]   qqdata no encontrado en qid=77138
2026-05-28 11:27:51,845 [WARNING]   qqdata no encontrado en qid=62129
2026-05-28 11:27:54,787 [WARNING]   qqdata no encontrado en qid=62991
2026-05-28 11:27:58,459 [WARNING]   qqdata no encontrado en qid=50545
2026-05-28 11:28:02,229 [WARNING]   qqdata no encontrado en qid=62184
2026-05-28 11:28:06,788 [WARNING]   qqdata no encontrado en qid=67494
2026-05-28 11:28:10,461 [WARNING]   qqdata no encontrado en qid=62186
2026-05-28 11:28:12,968 [WARNING]   qqdata no encontrado en qid=12474
2026-05-28 11:28:16,721 [WARNING]   qqdata no encontrado en qid=56269
2026-05-28 11:28:19,158 [WARNING]   qqdata no encontrado en qid=54235
2026-05-28 11:28:23,613 [WARNING]   qqdata no encontrado en qid=52896
2026-05-28 11:28:27,936 [WARNING]   qqdata no encontrado en qid=9523
2026-05-28 11:28:30,494 [WARNING]   qqdata no encontrado en qid=8721
2026-05-28 11:28:33,579 [WARNING]   qqdata no encontrado en qid=62100
2026-05-28 11:28:37,866 [WARNING]   qqdata no encontrado en qid=9990
2026-05-28 11:28:40,912 [WARNING]   qqdata no encontrado en qid=64745
2026-05-28 11:28:47,958 [INFO] Total libros en books.json: 122
2026-05-28 11:28:47,959 [INFO] Libro 2032 — https://www.101weiqi.com/book/2032/
2026-05-28 11:28:59,173 [INFO]   '围棋入门（深圳祺乐棋院）' — 30 capítulos
2026-05-28 11:28:59,174 [INFO]   Capítulo 3735 '气'
2026-05-28 11:29:06,482 [INFO]   Capítulo 3738 '吃子（提）'
2026-05-28 11:29:15,349 [INFO]   Capítulo 3739 '叫吃与逃跑'
2026-05-28 11:29:24,029 [INFO]   Capítulo 3753 '互相打吃'
2026-05-28 11:29:31,150 [INFO]   Capítulo 3740 '连接'
2026-05-28 11:29:40,552 [INFO]   Capítulo 3741 '禁入点（与虎肚）'
2026-05-28 11:29:46,767 [INFO]   Capítulo 3742 '老虎口'
2026-05-28 11:29:52,387 [INFO]   Capítulo 3743 '打劫'
2026-05-28 11:29:59,205 [INFO]   Capítulo 3744 '打二还一（劫与反提）'
2026-05-28 11:30:05,750 [INFO]   Capítulo 3754 '切断'
2026-05-28 11:30:14,597 [INFO]   Capítulo 3756 '二路吃'
2026-05-28 11:30:24,629 [INFO]   Capítulo 3757 '抱吃'
2026-05-28 11:30:32,257 [INFO]   Capítulo 3783 '关门吃'
2026-05-28 11:30:40,598 [INFO]   Capítulo 3763 '两眼活棋'
2026-05-28 11:30:50,073 [INFO]   Capítulo 3764 '官子'
2026-05-28 11:30:58,360 [INFO]   Capítulo 3759 '逃跑的要领'
2026-05-28 11:31:03,842 [INFO]   Capítulo 3761 '双打吃'
2026-05-28 11:31:10,425 [INFO]   Capítulo 3766 '扭羊头'
2026-05-28 11:31:19,162 [INFO]   Capítulo 3767 '枷吃'
2026-05-28 11:31:24,888 [INFO]   Capítulo 3768 '接不归'
2026-05-28 11:31:32,540 [INFO]   Capítulo 3770 '倒扑'
2026-05-28 11:31:40,111 [INFO] Total libros en books.json: 122
2026-05-28 11:31:40,111 [INFO] Libro 2032 — https://www.101weiqi.com/book/2032/
2026-05-28 11:31:52,464 [INFO] Total libros en books.json: 122
2026-05-28 11:31:52,465 [INFO] Libro 2032 — https://www.101weiqi.com/book/2032/
2026-05-28 11:32:02,782 [INFO]   '围棋入门（深圳祺乐棋院）' — 30 capítulos
2026-05-28 11:32:02,783 [INFO]   Capítulo 3735 '气'
2026-05-28 11:32:10,393 [INFO]   Capítulo 3738 '吃子（提）'
2026-05-28 11:32:18,141 [INFO]   Capítulo 3739 '叫吃与逃跑'
2026-05-28 11:32:25,222 [INFO]   Capítulo 3753 '互相打吃'
2026-05-28 11:32:30,976 [INFO]   Capítulo 3740 '连接'
2026-05-28 11:32:39,582 [INFO]   Capítulo 3741 '禁入点（与虎肚）'
2026-05-28 11:32:49,758 [INFO]   Capítulo 3742 '老虎口'
2026-05-28 11:32:56,213 [INFO]   Capítulo 3743 '打劫'
2026-05-28 11:33:04,247 [INFO]   Capítulo 3744 '打二还一（劫与反提）'
2026-05-28 11:33:13,637 [INFO]   Capítulo 3754 '切断'
2026-05-28 11:33:23,080 [INFO]   Capítulo 3756 '二路吃'
2026-05-28 11:33:30,690 [INFO]   Capítulo 3757 '抱吃'
2026-05-28 11:33:36,747 [INFO]   Capítulo 3783 '关门吃'
2026-05-28 11:33:42,379 [INFO]   Capítulo 3763 '两眼活棋'
2026-05-28 11:33:48,912 [INFO]   Capítulo 3764 '官子'
2026-05-28 11:33:57,389 [INFO]   Capítulo 3759 '逃跑的要领'
2026-05-28 11:34:04,693 [INFO]   Capítulo 3761 '双打吃'
2026-05-28 11:34:14,787 [INFO]   Capítulo 3766 '扭羊头'
2026-05-28 11:34:23,477 [INFO]   Capítulo 3767 '枷吃'
2026-05-28 11:34:31,095 [INFO]   Capítulo 3768 '接不归'
2026-05-28 11:34:40,370 [INFO]   Capítulo 3770 '倒扑'
2026-05-28 11:34:50,470 [INFO]   Capítulo 3772 '双活'
2026-05-28 11:34:56,763 [INFO]   Capítulo 130451 '金角银边'
2026-05-28 11:35:04,328 [WARNING]   Sin problemas en capítulo 130451
2026-05-28 11:35:04,328 [INFO]   Capítulo 130452 '三线四线'
2026-05-28 11:35:12,242 [WARNING]   Sin problemas en capítulo 130452
2026-05-28 11:35:12,243 [INFO]   Capítulo 130453 '小飞'
2026-05-28 11:35:20,288 [WARNING]   Sin problemas en capítulo 130453
2026-05-28 11:35:20,289 [INFO]   Capítulo 130454 '拆二'
2026-05-28 11:35:29,343 [WARNING]   Sin problemas en capítulo 130454
2026-05-28 11:35:29,344 [INFO]   Capítulo 133138 '地盘胜负'
2026-05-28 11:35:36,951 [WARNING]   Sin problemas en capítulo 133138
2026-05-28 11:35:36,952 [INFO]   Capítulo 134673 '假眼'
2026-05-28 11:35:46,537 [WARNING]   Sin problemas en capítulo 134673
2026-05-28 11:35:46,538 [INFO]   Capítulo 134674 '扑破眼'
2026-05-28 11:35:55,507 [WARNING]   Sin problemas en capítulo 134674
2026-05-28 11:35:55,508 [INFO]   Capítulo 139125 '根目录'
2026-05-28 11:36:05,713 [WARNING]   Sin problemas en capítulo 139125
2026-05-28 11:36:05,714 [INFO]   Libro 2032 completado: 561 OK, 0 fallidos
2026-05-28 11:36:05,715 [INFO] Libro 34103 — https://www.101weiqi.com/book/34103/
2026-05-28 11:36:14,500 [INFO]   '101启蒙吃子练习' — 4 capítulos
2026-05-28 11:36:14,500 [INFO]   Capítulo 31810 '入门吃子'
2026-05-28 11:36:27,965 [INFO]   ✓ qid=223657 → output\34103\31810\223657.sgf
2026-05-28 11:36:35,211 [INFO]   ✓ qid=223659 → output\34103\31810\223659.sgf
2026-05-28 11:36:42,783 [INFO]   ✓ qid=223652 → output\34103\31810\223652.sgf
2026-05-28 11:36:49,698 [INFO]   ✓ qid=8054 → output\34103\31810\8054.sgf
2026-05-28 11:36:55,873 [INFO]   ✓ qid=51587 → output\34103\31810\51587.sgf
2026-05-28 11:37:02,951 [INFO]   ✓ qid=223666 → output\34103\31810\223666.sgf
2026-05-28 11:37:11,352 [INFO]   ✓ qid=158788 → output\34103\31810\158788.sgf
2026-05-28 11:37:17,619 [INFO]   ✓ qid=129929 → output\34103\31810\129929.sgf
2026-05-28 11:37:27,043 [INFO]   ✓ qid=129930 → output\34103\31810\129930.sgf
2026-05-28 11:37:34,528 [INFO]   ✓ qid=223648 → output\34103\31810\223648.sgf
2026-05-28 11:37:43,481 [INFO]   ✓ qid=223650 → output\34103\31810\223650.sgf
2026-05-28 11:37:50,947 [INFO]   ✓ qid=223670 → output\34103\31810\223670.sgf
2026-05-28 11:37:59,559 [INFO]   ✓ qid=223674 → output\34103\31810\223674.sgf
2026-05-28 11:38:08,160 [INFO]   ✓ qid=223681 → output\34103\31810\223681.sgf
2026-05-28 11:38:15,761 [INFO]   ✓ qid=223682 → output\34103\31810\223682.sgf
2026-05-28 11:38:24,646 [INFO]   ✓ qid=223685 → output\34103\31810\223685.sgf
2026-05-28 11:38:33,972 [INFO]   ✓ qid=223686 → output\34103\31810\223686.sgf
2026-05-28 11:38:40,174 [INFO]   ✓ qid=223687 → output\34103\31810\223687.sgf
2026-05-28 11:38:49,946 [INFO]   ✓ qid=223692 → output\34103\31810\223692.sgf
2026-05-28 11:38:57,442 [INFO]   ✓ qid=223720 → output\34103\31810\223720.sgf
2026-05-28 11:39:07,685 [INFO]   ✓ qid=223722 → output\34103\31810\223722.sgf
2026-05-28 11:39:07,686 [INFO]   Capítulo 30412 '基础吃子'
2026-05-28 11:39:26,188 [INFO]   ✓ qid=166422 → output\34103\30412\166422.sgf
2026-05-28 11:39:34,236 [INFO]   ✓ qid=166418 → output\34103\30412\166418.sgf
2026-05-28 11:39:44,142 [INFO]   ✓ qid=166416 → output\34103\30412\166416.sgf
2026-05-28 11:39:54,073 [INFO]   ✓ qid=166413 → output\34103\30412\166413.sgf
2026-05-28 11:39:59,996 [INFO]   ✓ qid=161817 → output\34103\30412\161817.sgf
2026-05-28 11:40:07,635 [INFO]   ✓ qid=161806 → output\34103\30412\161806.sgf
2026-05-28 11:40:14,279 [INFO]   ✓ qid=141997 → output\34103\30412\141997.sgf
2026-05-28 11:40:20,701 [INFO]   ✓ qid=135806 → output\34103\30412\135806.sgf
2026-05-28 11:40:29,348 [INFO]   ✓ qid=131078 → output\34103\30412\131078.sgf
2026-05-28 11:40:36,737 [INFO]   ✓ qid=128103 → output\34103\30412\128103.sgf
2026-05-28 11:40:43,954 [INFO]   ✓ qid=104469 → output\34103\30412\104469.sgf
2026-05-28 11:40:51,493 [INFO]   ✓ qid=104461 → output\34103\30412\104461.sgf
2026-05-28 11:41:01,441 [INFO]   ✓ qid=104389 → output\34103\30412\104389.sgf
2026-05-28 11:41:09,313 [INFO]   ✓ qid=100687 → output\34103\30412\100687.sgf
2026-05-28 11:41:19,449 [INFO]   ✓ qid=76958 → output\34103\30412\76958.sgf
2026-05-28 11:41:30,089 [INFO]   ✓ qid=76924 → output\34103\30412\76924.sgf
2026-05-28 11:41:36,295 [INFO]   ✓ qid=76863 → output\34103\30412\76863.sgf
2026-05-28 11:41:46,585 [INFO]   ✓ qid=76844 → output\34103\30412\76844.sgf
2026-05-28 11:41:52,665 [INFO]   ✓ qid=76800 → output\34103\30412\76800.sgf
2026-05-28 11:42:00,288 [INFO]   ✓ qid=76797 → output\34103\30412\76797.sgf
2026-05-28 11:42:08,895 [INFO]   ✓ qid=76788 → output\34103\30412\76788.sgf
2026-05-28 11:42:14,812 [INFO]   ✓ qid=70217 → output\34103\30412\70217.sgf
2026-05-28 11:42:24,729 [INFO]   ✓ qid=70216 → output\34103\30412\70216.sgf
2026-05-28 11:42:31,733 [INFO]   ✓ qid=68036 → output\34103\30412\68036.sgf
2026-05-28 11:42:38,753 [INFO]   ✓ qid=66610 → output\34103\30412\66610.sgf
2026-05-28 11:42:48,763 [INFO]   ✓ qid=65557 → output\34103\30412\65557.sgf
2026-05-28 11:42:55,116 [INFO]   ✓ qid=62731 → output\34103\30412\62731.sgf
2026-05-28 11:43:01,553 [INFO]   ✓ qid=62716 → output\34103\30412\62716.sgf
2026-05-28 11:43:11,510 [INFO]   ✓ qid=62711 → output\34103\30412\62711.sgf
2026-05-28 11:43:21,666 [INFO]   ✓ qid=62708 → output\34103\30412\62708.sgf
2026-05-28 11:43:29,734 [INFO]   ✓ qid=62705 → output\34103\30412\62705.sgf
2026-05-28 11:43:36,129 [INFO]   ✓ qid=62702 → output\34103\30412\62702.sgf
2026-05-28 11:43:46,445 [INFO]   ✓ qid=62697 → output\34103\30412\62697.sgf
2026-05-28 11:43:56,240 [INFO]   ✓ qid=62695 → output\34103\30412\62695.sgf
2026-05-28 11:44:05,475 [INFO]   ✓ qid=62685 → output\34103\30412\62685.sgf
2026-05-28 11:44:12,795 [INFO]   ✓ qid=62682 → output\34103\30412\62682.sgf
2026-05-28 11:44:21,453 [INFO]   ✓ qid=61552 → output\34103\30412\61552.sgf
2026-05-28 11:44:30,941 [INFO]   ✓ qid=61547 → output\34103\30412\61547.sgf
2026-05-28 11:44:41,054 [INFO]   ✓ qid=61529 → output\34103\30412\61529.sgf
2026-05-28 11:44:47,136 [INFO]   ✓ qid=61527 → output\34103\30412\61527.sgf
2026-05-28 11:44:55,789 [INFO]   ✓ qid=61416 → output\34103\30412\61416.sgf
2026-05-28 11:45:04,349 [INFO]   ✓ qid=53806 → output\34103\30412\53806.sgf
2026-05-28 11:45:13,506 [INFO]   ✓ qid=49804 → output\34103\30412\49804.sgf
2026-05-28 11:45:20,804 [INFO]   ✓ qid=49736 → output\34103\30412\49736.sgf
2026-05-28 11:45:30,412 [INFO]   ✓ qid=49731 → output\34103\30412\49731.sgf
2026-05-28 11:45:39,226 [INFO]   ✓ qid=39664 → output\34103\30412\39664.sgf
2026-05-28 11:45:49,179 [INFO]   ✓ qid=28957 → output\34103\30412\28957.sgf
2026-05-28 11:45:59,130 [INFO]   ✓ qid=28277 → output\34103\30412\28277.sgf
2026-05-28 11:46:07,208 [INFO]   ✓ qid=20725 → output\34103\30412\20725.sgf
2026-05-28 11:46:15,112 [INFO]   ✓ qid=10966 → output\34103\30412\10966.sgf
2026-05-28 11:46:24,379 [INFO]   ✓ qid=9113 → output\34103\30412\9113.sgf
2026-05-28 11:46:32,997 [INFO]   ✓ qid=9092 → output\34103\30412\9092.sgf
2026-05-28 11:46:39,258 [INFO]   ✓ qid=9066 → output\34103\30412\9066.sgf
2026-05-28 11:46:45,526 [INFO]   ✓ qid=9017 → output\34103\30412\9017.sgf
2026-05-28 11:46:52,575 [INFO]   ✓ qid=8776 → output\34103\30412\8776.sgf
2026-05-28 11:46:58,159 [INFO]   ✓ qid=8330 → output\34103\30412\8330.sgf
2026-05-28 11:47:05,920 [INFO]   ✓ qid=8248 → output\34103\30412\8248.sgf
2026-05-28 11:47:12,734 [INFO]   ✓ qid=200134 → output\34103\30412\200134.sgf
2026-05-28 11:47:19,149 [INFO]   ✓ qid=166421 → output\34103\30412\166421.sgf
2026-05-28 11:47:27,212 [INFO]   ✓ qid=166420 → output\34103\30412\166420.sgf
2026-05-28 11:47:27,213 [INFO]   Capítulo 30695 '逃子'
2026-05-28 11:47:43,313 [INFO]   ✓ qid=219518 → output\34103\30695\219518.sgf
2026-05-28 11:47:51,519 [INFO]   ✓ qid=219513 → output\34103\30695\219513.sgf
2026-05-28 11:47:57,107 [INFO]   ✓ qid=219505 → output\34103\30695\219505.sgf
2026-05-28 11:48:03,592 [INFO]   ✓ qid=219500 → output\34103\30695\219500.sgf
2026-05-28 11:48:12,194 [INFO]   ✓ qid=219498 → output\34103\30695\219498.sgf
2026-05-28 11:48:18,362 [INFO]   ✓ qid=219489 → output\34103\30695\219489.sgf
2026-05-28 11:48:23,794 [INFO]   ✓ qid=219482 → output\34103\30695\219482.sgf
2026-05-28 11:48:32,894 [INFO]   ✓ qid=219481 → output\34103\30695\219481.sgf
2026-05-28 11:48:39,396 [INFO]   ✓ qid=219480 → output\34103\30695\219480.sgf
2026-05-28 11:48:48,306 [INFO]   ✓ qid=219479 → output\34103\30695\219479.sgf
2026-05-28 11:48:57,462 [INFO]   ✓ qid=219477 → output\34103\30695\219477.sgf
2026-05-28 11:49:06,139 [INFO]   ✓ qid=219476 → output\34103\30695\219476.sgf
2026-05-28 11:49:12,296 [INFO]   ✓ qid=219474 → output\34103\30695\219474.sgf
2026-05-28 11:49:18,625 [INFO]   ✓ qid=219473 → output\34103\30695\219473.sgf
2026-05-28 11:49:24,755 [INFO]   ✓ qid=219472 → output\34103\30695\219472.sgf
2026-05-28 11:49:31,533 [INFO]   ✓ qid=219471 → output\34103\30695\219471.sgf
2026-05-28 11:49:40,704 [INFO]   ✓ qid=219469 → output\34103\30695\219469.sgf
2026-05-28 11:49:47,351 [INFO]   ✓ qid=219468 → output\34103\30695\219468.sgf
2026-05-28 11:49:57,112 [INFO]   ✓ qid=219467 → output\34103\30695\219467.sgf
2026-05-28 11:50:04,718 [INFO]   ✓ qid=219466 → output\34103\30695\219466.sgf
2026-05-28 11:50:12,602 [INFO]   ✓ qid=219465 → output\34103\30695\219465.sgf
2026-05-28 11:50:21,034 [INFO]   ✓ qid=219464 → output\34103\30695\219464.sgf
2026-05-28 11:50:27,976 [INFO]   ✓ qid=219463 → output\34103\30695\219463.sgf
2026-05-28 11:50:34,876 [INFO]   ✓ qid=219462 → output\34103\30695\219462.sgf
2026-05-28 11:51:01,505 [INFO]   ✓ qid=219461 → output\34103\30695\219461.sgf
2026-05-28 11:51:10,732 [INFO]   ✓ qid=219459 → output\34103\30695\219459.sgf
2026-05-28 11:51:18,050 [INFO]   ✓ qid=219458 → output\34103\30695\219458.sgf
2026-05-28 11:51:28,318 [INFO]   ✓ qid=219456 → output\34103\30695\219456.sgf
2026-05-28 11:51:35,056 [INFO]   ✓ qid=219454 → output\34103\30695\219454.sgf
2026-05-28 11:51:41,543 [INFO]   ✓ qid=219453 → output\34103\30695\219453.sgf
2026-05-28 11:51:50,814 [INFO]   ✓ qid=219452 → output\34103\30695\219452.sgf
2026-05-28 11:51:57,890 [INFO]   ✓ qid=219451 → output\34103\30695\219451.sgf
2026-05-28 11:52:05,367 [INFO]   ✓ qid=219450 → output\34103\30695\219450.sgf
2026-05-28 11:52:14,825 [INFO]   ✓ qid=219449 → output\34103\30695\219449.sgf
2026-05-28 11:52:20,592 [INFO]   ✓ qid=219448 → output\34103\30695\219448.sgf
2026-05-28 11:52:26,225 [INFO]   ✓ qid=219446 → output\34103\30695\219446.sgf
2026-05-28 11:52:33,592 [INFO]   ✓ qid=219445 → output\34103\30695\219445.sgf
2026-05-28 11:52:43,308 [INFO]   ✓ qid=219444 → output\34103\30695\219444.sgf
2026-05-28 11:52:51,632 [INFO]   ✓ qid=219443 → output\34103\30695\219443.sgf
2026-05-28 11:52:51,633 [INFO]   Capítulo 30698 '手筋吃子'
2026-05-28 11:53:06,657 [INFO]   ✓ qid=219561 → output\34103\30698\219561.sgf
2026-05-28 11:53:15,432 [INFO]   ✓ qid=219560 → output\34103\30698\219560.sgf
2026-05-28 11:53:24,911 [INFO]   ✓ qid=219559 → output\34103\30698\219559.sgf
2026-05-28 11:53:34,076 [INFO]   ✓ qid=219556 → output\34103\30698\219556.sgf
2026-05-28 11:53:42,414 [INFO]   ✓ qid=219554 → output\34103\30698\219554.sgf
2026-05-28 11:53:48,776 [INFO]   ✓ qid=219553 → output\34103\30698\219553.sgf
2026-05-28 11:53:58,118 [INFO]   ✓ qid=219552 → output\34103\30698\219552.sgf
2026-05-28 11:54:07,109 [INFO]   ✓ qid=219551 → output\34103\30698\219551.sgf
2026-05-28 11:54:14,669 [INFO]   ✓ qid=219550 → output\34103\30698\219550.sgf
2026-05-28 11:54:21,394 [INFO]   ✓ qid=219549 → output\34103\30698\219549.sgf
2026-05-28 11:54:27,562 [INFO]   ✓ qid=219548 → output\34103\30698\219548.sgf
2026-05-28 11:54:34,273 [INFO]   ✓ qid=219547 → output\34103\30698\219547.sgf
2026-05-28 11:54:41,433 [INFO]   ✓ qid=219546 → output\34103\30698\219546.sgf
2026-05-28 11:54:49,220 [INFO]   ✓ qid=219545 → output\34103\30698\219545.sgf
2026-05-28 11:54:57,786 [INFO]   ✓ qid=219544 → output\34103\30698\219544.sgf
2026-05-28 11:55:03,389 [INFO]   ✓ qid=219543 → output\34103\30698\219543.sgf
2026-05-28 11:55:11,986 [INFO]   ✓ qid=219540 → output\34103\30698\219540.sgf
2026-05-28 11:55:21,302 [INFO]   ✓ qid=219539 → output\34103\30698\219539.sgf
2026-05-28 11:55:26,900 [INFO]   ✓ qid=219538 → output\34103\30698\219538.sgf
2026-05-28 11:55:35,119 [INFO]   ✓ qid=219537 → output\34103\30698\219537.sgf
2026-05-28 11:55:40,581 [INFO]   ✓ qid=219536 → output\34103\30698\219536.sgf
2026-05-28 11:55:47,223 [INFO]   ✓ qid=219535 → output\34103\30698\219535.sgf
2026-05-28 11:55:57,113 [INFO]   ✓ qid=219532 → output\34103\30698\219532.sgf
2026-05-28 11:56:03,017 [INFO]   ✓ qid=219531 → output\34103\30698\219531.sgf
2026-05-28 11:56:11,137 [INFO]   ✓ qid=219530 → output\34103\30698\219530.sgf
2026-05-28 11:56:19,776 [INFO]   ✓ qid=219529 → output\34103\30698\219529.sgf
2026-05-28 11:56:28,958 [INFO]   ✓ qid=219528 → output\34103\30698\219528.sgf
2026-05-28 11:56:36,587 [INFO]   ✓ qid=219527 → output\34103\30698\219527.sgf
2026-05-28 11:56:46,766 [INFO]   ✓ qid=219526 → output\34103\30698\219526.sgf
2026-05-28 11:56:55,168 [INFO]   ✓ qid=219523 → output\34103\30698\219523.sgf
2026-05-28 11:57:01,142 [INFO]   ✓ qid=219525 → output\34103\30698\219525.sgf
2026-05-28 11:57:06,676 [INFO]   ✓ qid=219541 → output\34103\30698\219541.sgf
2026-05-28 11:57:06,677 [INFO]   Libro 34103 completado: 191 OK, 0 fallidos
2026-05-28 11:57:06,678 [INFO] Libro 5121 — https://www.101weiqi.com/book/5121/
2026-05-28 11:57:13,144 [INFO]   '叶老师围棋入门班' — 29 capítulos
2026-05-28 11:57:13,144 [INFO]   Capítulo 8973 '气、吃子'
2026-05-28 11:57:26,386 [INFO]   ✓ qid=28957 → output\5121\8973\28957.sgf
2026-05-28 11:57:33,045 [INFO]   ✓ qid=9124 → output\5121\8973\9124.sgf
2026-05-28 11:57:38,712 [INFO]   ✓ qid=8593 → output\5121\8973\8593.sgf
2026-05-28 11:57:46,135 [INFO]   ✓ qid=8274 → output\5121\8973\8274.sgf
2026-05-28 11:57:55,565 [INFO]   ✓ qid=8374 → output\5121\8973\8374.sgf
2026-05-28 11:58:03,455 [INFO]   ✓ qid=8767 → output\5121\8973\8767.sgf
2026-05-28 11:58:11,134 [INFO]   ✓ qid=9169 → output\5121\8973\9169.sgf
2026-05-28 11:58:19,113 [INFO]   ✓ qid=43324 → output\5121\8973\43324.sgf
2026-05-28 11:58:26,835 [INFO]   ✓ qid=9046 → output\5121\8973\9046.sgf
2026-05-28 11:58:34,783 [INFO]   ✓ qid=8457 → output\5121\8973\8457.sgf
2026-05-28 11:58:40,503 [INFO]   ✓ qid=8956 → output\5121\8973\8956.sgf
2026-05-28 11:58:50,682 [INFO]   ✓ qid=8908 → output\5121\8973\8908.sgf
2026-05-28 11:58:57,301 [INFO]   ✓ qid=8841 → output\5121\8973\8841.sgf
2026-05-28 11:59:05,761 [INFO]   ✓ qid=8174 → output\5121\8973\8174.sgf
2026-05-28 11:59:13,574 [INFO]   ✓ qid=51931 → output\5121\8973\51931.sgf
2026-05-28 11:59:23,171 [INFO]   ✓ qid=9152 → output\5121\8973\9152.sgf
2026-05-28 11:59:31,609 [INFO]   ✓ qid=9049 → output\5121\8973\9049.sgf
2026-05-28 11:59:39,200 [INFO]   ✓ qid=17985 → output\5121\8973\17985.sgf
2026-05-28 11:59:48,848 [INFO]   ✓ qid=8435 → output\5121\8973\8435.sgf
2026-05-28 11:59:58,604 [INFO]   ✓ qid=49915 → output\5121\8973\49915.sgf
2026-05-28 12:00:05,696 [INFO]   ✓ qid=9093 → output\5121\8973\9093.sgf
2026-05-28 12:00:13,544 [INFO]   ✓ qid=43301 → output\5121\8973\43301.sgf
2026-05-28 12:00:20,837 [INFO]   ✓ qid=8688 → output\5121\8973\8688.sgf
2026-05-28 12:00:29,135 [INFO]   ✓ qid=9086 → output\5121\8973\9086.sgf
2026-05-28 12:00:38,886 [INFO]   ✓ qid=8831 → output\5121\8973\8831.sgf
2026-05-28 12:00:48,943 [INFO]   ✓ qid=20435 → output\5121\8973\20435.sgf
2026-05-28 12:00:55,991 [INFO]   ✓ qid=8564 → output\5121\8973\8564.sgf
2026-05-28 12:01:04,942 [INFO]   ✓ qid=8872 → output\5121\8973\8872.sgf
2026-05-28 12:01:14,606 [INFO]   ✓ qid=21722 → output\5121\8973\21722.sgf
2026-05-28 12:01:22,637 [INFO]   ✓ qid=9087 → output\5121\8973\9087.sgf
2026-05-28 12:01:29,749 [INFO]   ✓ qid=8405 → output\5121\8973\8405.sgf
2026-05-28 12:01:35,124 [INFO]   ✓ qid=9425 → output\5121\8973\9425.sgf
2026-05-28 12:01:40,837 [INFO]   ✓ qid=8615 → output\5121\8973\8615.sgf
2026-05-28 12:01:49,757 [INFO]   ✓ qid=28277 → output\5121\8973\28277.sgf
2026-05-28 12:01:57,906 [INFO]   ✓ qid=9022 → output\5121\8973\9022.sgf
2026-05-28 12:02:07,147 [INFO]   ✓ qid=8896 → output\5121\8973\8896.sgf
2026-05-28 12:02:15,697 [INFO]   ✓ qid=8714 → output\5121\8973\8714.sgf
2026-05-28 12:02:24,908 [INFO]   ✓ qid=8217 → output\5121\8973\8217.sgf
2026-05-28 12:02:24,909 [INFO]   Capítulo 54684 '逃跑'
2026-05-28 12:02:38,514 [INFO]   ✓ qid=9247 → output\5121\54684\9247.sgf
2026-05-28 12:02:47,177 [INFO]   ✓ qid=8877 → output\5121\54684\8877.sgf
2026-05-28 12:02:52,596 [INFO]   ✓ qid=9130 → output\5121\54684\9130.sgf
2026-05-28 12:03:01,171 [INFO]   ✓ qid=9245 → output\5121\54684\9245.sgf
2026-05-28 12:03:10,835 [INFO]   ✓ qid=8466 → output\5121\54684\8466.sgf
2026-05-28 12:03:20,351 [INFO]   ✓ qid=9106 → output\5121\54684\9106.sgf
2026-05-28 12:03:30,416 [INFO]   ✓ qid=9524 → output\5121\54684\9524.sgf
2026-05-28 12:03:39,416 [INFO]   ✓ qid=9737 → output\5121\54684\9737.sgf
2026-05-28 12:03:48,132 [INFO]   ✓ qid=9228 → output\5121\54684\9228.sgf
2026-05-28 12:03:54,051 [INFO]   ✓ qid=8701 → output\5121\54684\8701.sgf
2026-05-28 12:04:00,323 [INFO]   ✓ qid=9678 → output\5121\54684\9678.sgf
2026-05-28 12:04:06,846 [INFO]   ✓ qid=10174 → output\5121\54684\10174.sgf
2026-05-28 12:04:13,497 [INFO]   ✓ qid=8488 → output\5121\54684\8488.sgf
2026-05-28 12:04:23,288 [INFO]   ✓ qid=10058 → output\5121\54684\10058.sgf
2026-05-28 12:04:30,909 [INFO]   ✓ qid=8793 → output\5121\54684\8793.sgf
2026-05-28 12:04:38,596 [INFO]   ✓ qid=8613 → output\5121\54684\8613.sgf
2026-05-28 12:04:44,005 [INFO]   ✓ qid=9335 → output\5121\54684\9335.sgf
2026-05-28 12:04:53,205 [INFO]   ✓ qid=10039 → output\5121\54684\10039.sgf
2026-05-28 12:05:01,923 [INFO]   ✓ qid=9026 → output\5121\54684\9026.sgf
2026-05-28 12:05:11,093 [INFO]   ✓ qid=9615 → output\5121\54684\9615.sgf
2026-05-28 12:05:18,843 [INFO]   ✓ qid=9864 → output\5121\54684\9864.sgf
2026-05-28 12:05:25,605 [INFO]   ✓ qid=9918 → output\5121\54684\9918.sgf
2026-05-28 12:05:35,201 [INFO]   ✓ qid=8567 → output\5121\54684\8567.sgf
2026-05-28 12:05:42,399 [INFO]   ✓ qid=9353 → output\5121\54684\9353.sgf
2026-05-28 12:05:49,585 [INFO]   ✓ qid=9899 → output\5121\54684\9899.sgf
2026-05-28 12:05:58,690 [INFO]   ✓ qid=7677 → output\5121\54684\7677.sgf
2026-05-28 12:06:06,107 [INFO]   ✓ qid=9897 → output\5121\54684\9897.sgf
2026-05-28 12:06:14,663 [INFO]   ✓ qid=12140 → output\5121\54684\12140.sgf
2026-05-28 12:06:14,664 [INFO]   Capítulo 12822 '虎口'
2026-05-28 12:06:31,941 [INFO]   ✓ qid=71892 → output\5121\12822\71892.sgf
2026-05-28 12:06:40,458 [INFO]   ✓ qid=70920 → output\5121\12822\70920.sgf
2026-05-28 12:06:48,304 [INFO]   ✓ qid=71895 → output\5121\12822\71895.sgf
2026-05-28 12:06:56,307 [INFO]   ✓ qid=70918 → output\5121\12822\70918.sgf
2026-05-28 12:07:06,332 [INFO]   ✓ qid=70919 → output\5121\12822\70919.sgf
2026-05-28 12:07:11,678 [INFO]   ✓ qid=70921 → output\5121\12822\70921.sgf
2026-05-28 12:07:20,253 [INFO]   ✓ qid=71893 → output\5121\12822\71893.sgf
2026-05-28 12:07:25,636 [INFO]   ✓ qid=70929 → output\5121\12822\70929.sgf
2026-05-28 12:07:34,097 [INFO]   ✓ qid=70930 → output\5121\12822\70930.sgf
2026-05-28 12:07:39,800 [INFO]   ✓ qid=71894 → output\5121\12822\71894.sgf
2026-05-28 12:07:49,914 [INFO]   ✓ qid=70922 → output\5121\12822\70922.sgf
2026-05-28 12:07:55,923 [INFO]   ✓ qid=70933 → output\5121\12822\70933.sgf
2026-05-28 12:08:06,248 [INFO]   ✓ qid=70927 → output\5121\12822\70927.sgf
2026-05-28 12:08:13,963 [INFO]   ✓ qid=70928 → output\5121\12822\70928.sgf
2026-05-28 12:08:23,284 [INFO]   ✓ qid=70934 → output\5121\12822\70934.sgf
2026-05-28 12:08:31,176 [INFO]   ✓ qid=70926 → output\5121\12822\70926.sgf
2026-05-28 12:08:39,686 [INFO]   ✓ qid=70923 → output\5121\12822\70923.sgf
2026-05-28 12:08:48,269 [INFO]   ✓ qid=70925 → output\5121\12822\70925.sgf
2026-05-28 12:08:54,512 [INFO]   ✓ qid=72672 → output\5121\12822\72672.sgf
2026-05-28 12:09:03,707 [INFO]   ✓ qid=70932 → output\5121\12822\70932.sgf
2026-05-28 12:09:09,197 [INFO]   ✓ qid=70931 → output\5121\12822\70931.sgf
2026-05-28 12:09:19,158 [INFO]   ✓ qid=70924 → output\5121\12822\70924.sgf
2026-05-28 12:09:19,159 [INFO]   Capítulo 8974 '禁止点'
2026-05-28 12:09:34,186 [INFO]   ✓ qid=70940 → output\5121\8974\70940.sgf
2026-05-28 12:09:41,967 [INFO]   ✓ qid=70935 → output\5121\8974\70935.sgf
2026-05-28 12:09:48,608 [INFO]   ✓ qid=70936 → output\5121\8974\70936.sgf
2026-05-28 12:09:54,488 [INFO]   ✓ qid=71021 → output\5121\8974\71021.sgf
2026-05-28 12:10:00,669 [INFO]   ✓ qid=70946 → output\5121\8974\70946.sgf
2026-05-28 12:10:09,359 [INFO]   ✓ qid=70945 → output\5121\8974\70945.sgf
2026-05-28 12:10:16,567 [INFO]   ✓ qid=70937 → output\5121\8974\70937.sgf
2026-05-28 12:10:26,134 [INFO]   ✓ qid=70938 → output\5121\8974\70938.sgf
2026-05-28 12:10:32,440 [INFO]   ✓ qid=70941 → output\5121\8974\70941.sgf
2026-05-28 12:10:41,321 [INFO]   ✓ qid=70939 → output\5121\8974\70939.sgf
2026-05-28 12:10:50,287 [INFO]   ✓ qid=71022 → output\5121\8974\71022.sgf
2026-05-28 12:11:00,626 [INFO]   ✓ qid=71024 → output\5121\8974\71024.sgf
2026-05-28 12:11:08,014 [INFO]   ✓ qid=71023 → output\5121\8974\71023.sgf
2026-05-28 12:11:17,273 [INFO]   ✓ qid=70942 → output\5121\8974\70942.sgf
2026-05-28 12:11:26,344 [INFO]   ✓ qid=70947 → output\5121\8974\70947.sgf
2026-05-28 12:11:32,299 [INFO]   ✓ qid=70943 → output\5121\8974\70943.sgf
2026-05-28 12:11:38,938 [INFO]   ✓ qid=71891 → output\5121\8974\71891.sgf
2026-05-28 12:11:45,021 [INFO]   ✓ qid=70944 → output\5121\8974\70944.sgf
2026-05-28 12:11:51,191 [INFO]   ✓ qid=71890 → output\5121\8974\71890.sgf
2026-05-28 12:11:51,191 [INFO]   Capítulo 12823 '互相叫吃'
2026-05-28 12:12:07,925 [INFO]   ✓ qid=51931 → output\5121\12823\51931.sgf
2026-05-28 12:12:13,339 [INFO]   ✓ qid=50427 → output\5121\12823\50427.sgf
2026-05-28 12:12:20,984 [INFO]   ✓ qid=50429 → output\5121\12823\50429.sgf
2026-05-28 12:12:28,104 [INFO]   ✓ qid=8201 → output\5121\12823\8201.sgf
2026-05-28 12:12:35,722 [INFO]   ✓ qid=50430 → output\5121\12823\50430.sgf
2026-05-28 12:12:43,876 [INFO]   ✓ qid=8891 → output\5121\12823\8891.sgf
2026-05-28 12:12:50,394 [INFO]   ✓ qid=8333 → output\5121\12823\8333.sgf
2026-05-28 12:12:57,314 [INFO]   ✓ qid=9165 → output\5121\12823\9165.sgf
2026-05-28 12:13:06,774 [INFO]   ✓ qid=8366 → output\5121\12823\8366.sgf
2026-05-28 12:13:16,765 [INFO]   ✓ qid=8667 → output\5121\12823\8667.sgf
2026-05-28 12:13:26,537 [INFO]   ✓ qid=8665 → output\5121\12823\8665.sgf
2026-05-28 12:13:36,796 [INFO]   ✓ qid=8550 → output\5121\12823\8550.sgf
2026-05-28 12:13:43,320 [INFO]   ✓ qid=9038 → output\5121\12823\9038.sgf
2026-05-28 12:13:52,602 [INFO]   ✓ qid=8608 → output\5121\12823\8608.sgf
2026-05-28 12:13:59,528 [INFO]   ✓ qid=8277 → output\5121\12823\8277.sgf
2026-05-28 12:14:09,663 [INFO]   ✓ qid=42257 → output\5121\12823\42257.sgf
2026-05-28 12:14:19,001 [INFO]   ✓ qid=9023 → output\5121\12823\9023.sgf
2026-05-28 12:14:28,139 [INFO]   ✓ qid=8912 → output\5121\12823\8912.sgf
2026-05-28 12:14:35,408 [INFO]   ✓ qid=8200 → output\5121\12823\8200.sgf
2026-05-28 12:14:35,580 [INFO]   Capítulo 8976 '连接、分断'
2026-05-28 12:14:51,447 [INFO]   ✓ qid=8890 → output\5121\8976\8890.sgf
2026-05-28 12:14:57,648 [INFO]   ✓ qid=10072 → output\5121\8976\10072.sgf
2026-05-28 12:15:07,148 [INFO]   ✓ qid=9562 → output\5121\8976\9562.sgf
2026-05-28 12:15:14,959 [INFO]   ✓ qid=8817 → output\5121\8976\8817.sgf
2026-05-28 12:15:22,805 [INFO]   ✓ qid=60824 → output\5121\8976\60824.sgf
2026-05-28 12:15:30,004 [INFO]   ✓ qid=8901 → output\5121\8976\8901.sgf
2026-05-28 12:15:37,396 [INFO]   ✓ qid=9080 → output\5121\8976\9080.sgf
2026-05-28 12:15:44,826 [INFO]   ✓ qid=8903 → output\5121\8976\8903.sgf
2026-05-28 12:15:51,855 [INFO]   ✓ qid=9471 → output\5121\8976\9471.sgf
2026-05-28 12:15:59,490 [INFO]   ✓ qid=9123 → output\5121\8976\9123.sgf
2026-05-28 12:16:26,213 [INFO] Total libros en books.json: 122
2026-05-28 12:16:26,215 [INFO] Libro 2032 — https://www.101weiqi.com/book/2032/
2026-05-28 12:16:31,218 [INFO]   '围棋入门（深圳祺乐棋院）' — 30 capítulos
2026-05-28 12:16:59,587 [INFO]   Capítulo 3735 '气'
2026-05-28 12:17:09,813 [INFO]   ✓ qid=71032 → output\2032\3735\71032.sgf
2026-05-28 12:17:14,800 [INFO]   ✓ qid=71033 → output\2032\3735\71033.sgf
2026-05-28 12:17:17,777 [INFO]   ✓ qid=71028 → output\2032\3735\71028.sgf
2026-05-28 12:17:22,491 [INFO]   ✓ qid=71027 → output\2032\3735\71027.sgf
2026-05-28 12:17:25,268 [INFO]   ✓ qid=71029 → output\2032\3735\71029.sgf
2026-05-28 12:17:28,987 [INFO]   ✓ qid=71026 → output\2032\3735\71026.sgf
2026-05-28 12:17:33,525 [INFO]   ✓ qid=71888 → output\2032\3735\71888.sgf
2026-05-28 12:17:35,999 [INFO]   ✓ qid=71030 → output\2032\3735\71030.sgf
2026-05-28 12:17:39,093 [INFO]   ✓ qid=71037 → output\2032\3735\71037.sgf
2026-05-28 12:17:42,203 [INFO]   ✓ qid=71886 → output\2032\3735\71886.sgf
2026-05-28 12:17:45,436 [INFO]   ✓ qid=71039 → output\2032\3735\71039.sgf
2026-05-28 12:17:50,782 [INFO]   ✓ qid=71040 → output\2032\3735\71040.sgf
2026-05-28 12:17:56,630 [INFO]   ✓ qid=66265 → output\2032\3735\66265.sgf
2026-05-28 12:18:00,791 [INFO]   ✓ qid=71042 → output\2032\3735\71042.sgf
2026-05-28 12:18:05,064 [INFO]   ✓ qid=71043 → output\2032\3735\71043.sgf
2026-05-28 12:18:09,467 [INFO]   ✓ qid=71044 → output\2032\3735\71044.sgf
2026-05-28 12:18:12,353 [INFO]   ✓ qid=71045 → output\2032\3735\71045.sgf
2026-05-28 12:18:17,505 [INFO]   ✓ qid=71047 → output\2032\3735\71047.sgf
2026-05-28 12:18:21,292 [INFO]   ✓ qid=71034 → output\2032\3735\71034.sgf
2026-05-28 12:18:27,396 [INFO]   ✓ qid=71048 → output\2032\3735\71048.sgf
2026-05-28 12:18:31,269 [INFO]   ✓ qid=71035 → output\2032\3735\71035.sgf
2026-05-28 12:18:36,406 [INFO]   ✓ qid=71041 → output\2032\3735\71041.sgf
2026-05-28 12:18:38,888 [INFO]   ✓ qid=71036 → output\2032\3735\71036.sgf
2026-05-28 12:18:38,889 [INFO]   Capítulo 3738 '吃子（提）'
2026-05-28 12:18:46,810 [INFO]   ✓ qid=49727 → output\2032\3738\49727.sgf
2026-05-28 12:18:53,309 [INFO]   ✓ qid=43295 → output\2032\3738\43295.sgf
2026-05-28 12:18:58,219 [INFO]   ✓ qid=49728 → output\2032\3738\49728.sgf
2026-05-28 12:19:02,855 [INFO]   ✓ qid=49729 → output\2032\3738\49729.sgf
2026-05-28 12:19:05,418 [INFO]   ✓ qid=49731 → output\2032\3738\49731.sgf
2026-05-28 12:19:10,716 [INFO]   ✓ qid=49734 → output\2032\3738\49734.sgf
2026-05-28 12:19:13,117 [INFO]   ✓ qid=49738 → output\2032\3738\49738.sgf
2026-05-28 12:19:18,067 [INFO]   ✓ qid=49730 → output\2032\3738\49730.sgf
2026-05-28 12:19:22,862 [INFO]   ✓ qid=43298 → output\2032\3738\43298.sgf
2026-05-28 12:19:28,107 [INFO]   ✓ qid=9036 → output\2032\3738\9036.sgf
2026-05-28 12:19:32,956 [INFO]   ✓ qid=54092 → output\2032\3738\54092.sgf
2026-05-28 12:19:35,950 [INFO]   ✓ qid=43302 → output\2032\3738\43302.sgf
2026-05-28 12:19:41,507 [INFO]   ✓ qid=8346 → output\2032\3738\8346.sgf
2026-05-28 12:19:44,614 [INFO]   ✓ qid=8622 → output\2032\3738\8622.sgf
2026-05-28 12:19:47,617 [INFO]   ✓ qid=8776 → output\2032\3738\8776.sgf
2026-05-28 12:19:50,214 [INFO]   ✓ qid=8203 → output\2032\3738\8203.sgf
2026-05-28 12:19:53,202 [INFO]   ✓ qid=49743 → output\2032\3738\49743.sgf
2026-05-28 12:19:57,736 [INFO]   ✓ qid=8683 → output\2032\3738\8683.sgf
2026-05-28 12:20:01,112 [INFO]   ✓ qid=8274 → output\2032\3738\8274.sgf
2026-05-28 12:20:06,211 [INFO]   ✓ qid=8929 → output\2032\3738\8929.sgf
2026-05-28 12:20:09,808 [INFO]   ✓ qid=9003 → output\2032\3738\9003.sgf
2026-05-28 12:20:09,808 [INFO]   Capítulo 3739 '叫吃与逃跑'
2026-05-28 12:20:17,361 [INFO]   ✓ qid=50440 → output\2032\3739\50440.sgf
2026-05-28 12:20:22,108 [INFO]   ✓ qid=9278 → output\2032\3739\9278.sgf
2026-05-28 12:20:25,454 [INFO]   ✓ qid=8466 → output\2032\3739\8466.sgf
2026-05-28 12:20:28,572 [INFO]   ✓ qid=57022 → output\2032\3739\57022.sgf
2026-05-28 12:20:31,440 [INFO]   ✓ qid=8306 → output\2032\3739\8306.sgf
2026-05-28 12:20:36,622 [INFO]   ✓ qid=10039 → output\2032\3739\10039.sgf
2026-05-28 12:20:39,254 [INFO]   ✓ qid=8653 → output\2032\3739\8653.sgf
2026-05-28 12:20:44,403 [INFO]   ✓ qid=8898 → output\2032\3739\8898.sgf
2026-05-28 12:20:49,097 [INFO]   ✓ qid=8375 → output\2032\3739\8375.sgf
2026-05-28 12:20:54,354 [INFO]   ✓ qid=9897 → output\2032\3739\9897.sgf
2026-05-28 12:20:59,275 [INFO]   ✓ qid=8940 → output\2032\3739\8940.sgf
2026-05-28 12:21:04,026 [INFO]   ✓ qid=9106 → output\2032\3739\9106.sgf
2026-05-28 12:21:07,972 [INFO]   ✓ qid=9446 → output\2032\3739\9446.sgf
2026-05-28 12:21:12,204 [INFO]   ✓ qid=10135 → output\2032\3739\10135.sgf
2026-05-28 12:21:15,373 [INFO]   ✓ qid=10184 → output\2032\3739\10184.sgf
2026-05-28 12:21:21,381 [INFO]   ✓ qid=9768 → output\2032\3739\9768.sgf
2026-05-28 12:21:24,579 [INFO]   ✓ qid=9275 → output\2032\3739\9275.sgf
2026-05-28 12:21:28,713 [INFO]   ✓ qid=10735 → output\2032\3739\10735.sgf
2026-05-28 12:21:33,808 [INFO]   ✓ qid=10085 → output\2032\3739\10085.sgf
2026-05-28 12:21:38,853 [INFO]   ✓ qid=11527 → output\2032\3739\11527.sgf
2026-05-28 12:21:38,854 [INFO]   Capítulo 3753 '互相打吃'
2026-05-28 12:21:46,986 [INFO]   ✓ qid=51931 → output\2032\3753\51931.sgf
2026-05-28 12:21:50,536 [INFO]   ✓ qid=50427 → output\2032\3753\50427.sgf
2026-05-28 12:21:54,029 [INFO]   ✓ qid=50429 → output\2032\3753\50429.sgf
2026-05-28 12:21:58,037 [INFO]   ✓ qid=8201 → output\2032\3753\8201.sgf
2026-05-28 12:22:02,071 [INFO]   ✓ qid=50430 → output\2032\3753\50430.sgf
2026-05-28 12:22:04,458 [INFO]   ✓ qid=8891 → output\2032\3753\8891.sgf
2026-05-28 12:22:07,659 [INFO]   ✓ qid=8333 → output\2032\3753\8333.sgf
2026-05-28 12:22:12,943 [INFO]   ✓ qid=9165 → output\2032\3753\9165.sgf
2026-05-28 12:22:15,629 [INFO]   ✓ qid=8366 → output\2032\3753\8366.sgf
2026-05-28 12:22:35,638 [WARNING] Error de red en https://www.101weiqi.com/book/2032/3753/8667/: HTTPSConnectionPool(host='www.101weiqi.com', port=443): Read timed out. (read timeout=20) — espera 2.0s (intento 1/5)
2026-05-28 12:22:42,196 [INFO]   ✓ qid=8667 → output\2032\3753\8667.sgf
2026-05-28 12:22:47,410 [INFO]   ✓ qid=8665 → output\2032\3753\8665.sgf
2026-05-28 12:22:49,835 [INFO]   ✓ qid=8550 → output\2032\3753\8550.sgf
2026-05-28 12:22:53,949 [INFO]   ✓ qid=9038 → output\2032\3753\9038.sgf
2026-05-28 12:22:58,965 [INFO]   ✓ qid=8608 → output\2032\3753\8608.sgf
2026-05-28 12:23:01,623 [INFO]   ✓ qid=8277 → output\2032\3753\8277.sgf
2026-05-28 12:23:06,028 [INFO]   ✓ qid=42257 → output\2032\3753\42257.sgf
2026-05-28 12:23:10,922 [INFO]   ✓ qid=9023 → output\2032\3753\9023.sgf
2026-05-28 12:23:15,438 [INFO]   ✓ qid=8912 → output\2032\3753\8912.sgf
2026-05-28 12:23:17,922 [INFO]   ✓ qid=8200 → output\2032\3753\8200.sgf
2026-05-28 12:23:17,922 [INFO]   Capítulo 3740 '连接'
2026-05-28 12:23:23,975 [INFO]   ✓ qid=60824 → output\2032\3740\60824.sgf
2026-05-28 12:23:27,668 [INFO]   ✓ qid=57671 → output\2032\3740\57671.sgf
2026-05-28 12:23:30,391 [INFO]   ✓ qid=8576 → output\2032\3740\8576.sgf
2026-05-28 12:23:34,636 [INFO]   ✓ qid=8233 → output\2032\3740\8233.sgf
2026-05-28 12:23:39,059 [INFO]   ✓ qid=8835 → output\2032\3740\8835.sgf
2026-05-28 12:23:42,075 [INFO]   ✓ qid=10017 → output\2032\3740\10017.sgf
2026-05-28 12:23:46,106 [INFO]   ✓ qid=8952 → output\2032\3740\8952.sgf
2026-05-28 12:23:49,129 [INFO]   ✓ qid=8771 → output\2032\3740\8771.sgf
2026-05-28 12:23:54,106 [INFO]   ✓ qid=8902 → output\2032\3740\8902.sgf
2026-05-28 12:23:58,897 [INFO]   ✓ qid=8788 → output\2032\3740\8788.sgf
2026-05-28 12:24:01,995 [INFO]   ✓ qid=8481 → output\2032\3740\8481.sgf
2026-05-28 12:24:06,417 [INFO]   ✓ qid=8637 → output\2032\3740\8637.sgf
2026-05-28 12:24:11,731 [INFO]   ✓ qid=8790 → output\2032\3740\8790.sgf
2026-05-28 12:24:16,574 [INFO]   ✓ qid=8801 → output\2032\3740\8801.sgf
2026-05-28 12:24:20,385 [INFO]   ✓ qid=8440 → output\2032\3740\8440.sgf
2026-05-28 12:24:31,913 [INFO] Total libros en books.json: 122
2026-05-28 12:24:31,914 [INFO] Libro 2032 — https://www.101weiqi.com/book/2032/
2026-05-28 12:24:42,314 [INFO]   '围棋入门（深圳祺乐棋院）' — 30 capítulos
2026-05-28 12:25:03,164 [INFO]   Capítulo 3735 '气'
2026-05-28 12:25:23,479 [INFO]   ✓ qid=71032 → output\2032\3735\71032.sgf
2026-05-28 12:25:32,465 [INFO]   ✓ qid=71033 → output\2032\3735\71033.sgf
2026-05-28 12:25:41,049 [INFO]   ✓ qid=71028 → output\2032\3735\71028.sgf
2026-05-28 12:25:46,452 [INFO]   ✓ qid=71027 → output\2032\3735\71027.sgf
2026-05-28 12:25:52,361 [INFO]   ✓ qid=71029 → output\2032\3735\71029.sgf
2026-05-28 12:25:58,795 [INFO]   ✓ qid=71026 → output\2032\3735\71026.sgf
2026-05-28 12:26:09,213 [INFO]   ✓ qid=71888 → output\2032\3735\71888.sgf
2026-05-28 12:26:16,300 [INFO]   ✓ qid=71030 → output\2032\3735\71030.sgf
2026-05-28 12:26:23,402 [INFO]   ✓ qid=71037 → output\2032\3735\71037.sgf
2026-05-28 12:26:31,118 [INFO]   ✓ qid=71886 → output\2032\3735\71886.sgf
2026-05-28 12:26:38,032 [INFO]   ✓ qid=71039 → output\2032\3735\71039.sgf
2026-05-28 12:26:44,472 [INFO]   ✓ qid=71040 → output\2032\3735\71040.sgf
2026-05-28 12:26:55,549 [INFO]   ✓ qid=66265 → output\2032\3735\66265.sgf
2026-05-28 12:27:01,008 [INFO]   ✓ qid=71042 → output\2032\3735\71042.sgf
2026-05-28 12:27:09,939 [INFO]   ✓ qid=71043 → output\2032\3735\71043.sgf
2026-05-28 12:27:17,450 [INFO]   ✓ qid=71044 → output\2032\3735\71044.sgf
2026-05-28 12:27:24,325 [INFO]   ✓ qid=71045 → output\2032\3735\71045.sgf
2026-05-28 12:27:33,820 [INFO]   ✓ qid=71047 → output\2032\3735\71047.sgf
2026-05-28 12:27:39,268 [INFO]   ✓ qid=71034 → output\2032\3735\71034.sgf
2026-05-28 12:27:46,370 [INFO]   ✓ qid=71048 → output\2032\3735\71048.sgf
2026-05-28 12:27:54,072 [INFO]   ✓ qid=71035 → output\2032\3735\71035.sgf
2026-05-28 12:28:04,080 [INFO]   ✓ qid=71041 → output\2032\3735\71041.sgf
2026-05-28 12:28:14,289 [INFO]   ✓ qid=71036 → output\2032\3735\71036.sgf
2026-05-28 12:28:14,290 [INFO]   Capítulo 3738 '吃子（提）'
2026-05-28 12:28:26,808 [INFO]   ✓ qid=49727 → output\2032\3738\49727.sgf
2026-05-28 12:28:36,064 [INFO]   ✓ qid=43295 → output\2032\3738\43295.sgf
2026-05-28 12:28:43,766 [INFO]   ✓ qid=49728 → output\2032\3738\49728.sgf
2026-05-28 12:28:53,899 [INFO]   ✓ qid=49729 → output\2032\3738\49729.sgf
2026-05-28 12:29:00,561 [INFO]   ✓ qid=49731 → output\2032\3738\49731.sgf
2026-05-28 12:29:10,064 [INFO]   ✓ qid=49734 → output\2032\3738\49734.sgf
2026-05-28 12:29:15,872 [INFO]   ✓ qid=49738 → output\2032\3738\49738.sgf
2026-05-28 12:29:25,414 [INFO]   ✓ qid=49730 → output\2032\3738\49730.sgf
2026-05-28 12:29:35,351 [INFO]   ✓ qid=43298 → output\2032\3738\43298.sgf
2026-05-28 12:29:42,917 [INFO]   ✓ qid=9036 → output\2032\3738\9036.sgf
2026-05-28 12:29:48,918 [INFO]   ✓ qid=54092 → output\2032\3738\54092.sgf
2026-05-28 12:29:57,023 [INFO]   ✓ qid=43302 → output\2032\3738\43302.sgf
2026-05-28 12:30:05,579 [INFO]   ✓ qid=8346 → output\2032\3738\8346.sgf
2026-05-28 12:30:12,783 [INFO]   ✓ qid=8622 → output\2032\3738\8622.sgf
2026-05-28 12:30:21,966 [INFO]   ✓ qid=8776 → output\2032\3738\8776.sgf
2026-05-28 12:30:29,051 [INFO]   ✓ qid=8203 → output\2032\3738\8203.sgf
2026-05-28 12:30:35,110 [INFO]   ✓ qid=49743 → output\2032\3738\49743.sgf
2026-05-28 12:30:43,713 [INFO]   ✓ qid=8683 → output\2032\3738\8683.sgf
2026-05-28 12:30:52,316 [INFO]   ✓ qid=8274 → output\2032\3738\8274.sgf
2026-05-28 12:31:01,605 [INFO]   ✓ qid=8929 → output\2032\3738\8929.sgf
2026-05-28 12:31:08,077 [INFO]   ✓ qid=9003 → output\2032\3738\9003.sgf
2026-05-28 12:31:08,078 [INFO]   Capítulo 3739 '叫吃与逃跑'
2026-05-28 12:31:26,907 [INFO]   ✓ qid=50440 → output\2032\3739\50440.sgf
2026-05-28 12:31:33,942 [INFO]   ✓ qid=9278 → output\2032\3739\9278.sgf
2026-05-28 12:31:40,902 [INFO]   ✓ qid=8466 → output\2032\3739\8466.sgf
2026-05-28 12:31:48,699 [INFO]   ✓ qid=57022 → output\2032\3739\57022.sgf
2026-05-28 12:31:57,434 [INFO]   ✓ qid=8306 → output\2032\3739\8306.sgf
2026-05-28 12:32:05,744 [INFO]   ✓ qid=10039 → output\2032\3739\10039.sgf
2026-05-28 12:32:14,979 [INFO]   ✓ qid=8653 → output\2032\3739\8653.sgf
2026-05-28 12:32:25,350 [INFO]   ✓ qid=8898 → output\2032\3739\8898.sgf
2026-05-28 12:32:32,756 [INFO]   ✓ qid=8375 → output\2032\3739\8375.sgf
2026-05-28 12:32:42,196 [INFO]   ✓ qid=9897 → output\2032\3739\9897.sgf
2026-05-28 12:32:52,347 [INFO]   ✓ qid=8940 → output\2032\3739\8940.sgf
2026-05-28 12:33:02,822 [INFO]   ✓ qid=9106 → output\2032\3739\9106.sgf
2026-05-28 12:33:09,051 [INFO]   ✓ qid=9446 → output\2032\3739\9446.sgf
2026-05-28 12:33:16,747 [INFO]   ✓ qid=10135 → output\2032\3739\10135.sgf
2026-05-28 12:33:25,053 [INFO]   ✓ qid=10184 → output\2032\3739\10184.sgf
2026-05-28 12:33:35,486 [INFO]   ✓ qid=9768 → output\2032\3739\9768.sgf
2026-05-28 12:33:42,916 [INFO]   ✓ qid=9275 → output\2032\3739\9275.sgf
2026-05-28 12:33:51,320 [INFO]   ✓ qid=10735 → output\2032\3739\10735.sgf
2026-05-28 12:33:57,400 [INFO]   ✓ qid=10085 → output\2032\3739\10085.sgf
2026-05-28 12:34:02,753 [INFO]   ✓ qid=11527 → output\2032\3739\11527.sgf
2026-05-28 12:34:02,754 [INFO]   Capítulo 3753 '互相打吃'
2026-05-28 12:34:16,215 [INFO]   ✓ qid=51931 → output\2032\3753\51931.sgf
2026-05-28 12:34:24,509 [INFO]   ✓ qid=50427 → output\2032\3753\50427.sgf
2026-05-28 12:34:34,832 [INFO]   ✓ qid=50429 → output\2032\3753\50429.sgf
2026-05-28 12:34:41,452 [INFO]   ✓ qid=8201 → output\2032\3753\8201.sgf
2026-05-28 12:34:51,738 [INFO]   ✓ qid=50430 → output\2032\3753\50430.sgf
2026-05-28 12:34:59,842 [INFO]   ✓ qid=8891 → output\2032\3753\8891.sgf
2026-05-28 12:35:05,519 [INFO]   ✓ qid=8333 → output\2032\3753\8333.sgf
2026-05-28 12:35:14,873 [INFO]   ✓ qid=9165 → output\2032\3753\9165.sgf
2026-05-28 12:35:21,163 [INFO]   ✓ qid=8366 → output\2032\3753\8366.sgf
2026-05-28 12:35:29,773 [INFO]   ✓ qid=8667 → output\2032\3753\8667.sgf
2026-05-28 12:35:35,681 [INFO]   ✓ qid=8665 → output\2032\3753\8665.sgf
2026-05-28 12:35:41,598 [INFO]   ✓ qid=8550 → output\2032\3753\8550.sgf
2026-05-28 12:35:51,222 [INFO]   ✓ qid=9038 → output\2032\3753\9038.sgf
2026-05-28 12:36:00,019 [INFO]   ✓ qid=8608 → output\2032\3753\8608.sgf
2026-05-28 12:36:09,798 [INFO]   ✓ qid=8277 → output\2032\3753\8277.sgf
2026-05-28 12:36:19,925 [INFO]   ✓ qid=42257 → output\2032\3753\42257.sgf
2026-05-28 12:36:26,281 [INFO]   ✓ qid=9023 → output\2032\3753\9023.sgf
2026-05-28 12:36:33,428 [INFO]   ✓ qid=8912 → output\2032\3753\8912.sgf
2026-05-28 12:36:38,975 [INFO]   ✓ qid=8200 → output\2032\3753\8200.sgf
2026-05-28 12:36:38,976 [INFO]   Capítulo 3740 '连接'
2026-05-28 12:36:54,717 [INFO]   ✓ qid=60824 → output\2032\3740\60824.sgf
2026-05-28 12:37:05,522 [INFO]   ✓ qid=57671 → output\2032\3740\57671.sgf
2026-05-28 12:37:13,988 [INFO]   ✓ qid=8576 → output\2032\3740\8576.sgf
2026-05-28 12:37:21,222 [INFO]   ✓ qid=8233 → output\2032\3740\8233.sgf
2026-05-28 12:37:31,523 [INFO]   ✓ qid=8835 → output\2032\3740\8835.sgf
2026-05-28 12:37:39,636 [INFO]   ✓ qid=10017 → output\2032\3740\10017.sgf
2026-05-28 12:37:47,796 [INFO]   ✓ qid=8952 → output\2032\3740\8952.sgf
2026-05-28 12:37:56,661 [INFO]   ✓ qid=8771 → output\2032\3740\8771.sgf
2026-05-28 12:38:03,345 [INFO]   ✓ qid=8902 → output\2032\3740\8902.sgf
2026-05-28 12:38:09,423 [INFO]   ✓ qid=8788 → output\2032\3740\8788.sgf
2026-05-28 12:38:17,105 [INFO]   ✓ qid=8481 → output\2032\3740\8481.sgf
2026-05-28 12:38:23,413 [INFO]   ✓ qid=8637 → output\2032\3740\8637.sgf
2026-05-28 12:38:32,746 [INFO]   ✓ qid=8790 → output\2032\3740\8790.sgf
2026-05-28 12:38:39,007 [INFO]   ✓ qid=8801 → output\2032\3740\8801.sgf
2026-05-28 12:38:45,534 [INFO]   ✓ qid=8440 → output\2032\3740\8440.sgf
2026-05-28 12:38:54,573 [INFO]   ✓ qid=8907 → output\2032\3740\8907.sgf
2026-05-28 12:39:00,159 [INFO]   ✓ qid=8393 → output\2032\3740\8393.sgf
2026-05-28 12:39:08,164 [INFO]   ✓ qid=8600 → output\2032\3740\8600.sgf
2026-05-28 12:39:15,325 [INFO]   ✓ qid=9191 → output\2032\3740\9191.sgf
2026-05-28 12:39:23,630 [INFO]   ✓ qid=9245 → output\2032\3740\9245.sgf
2026-05-28 12:39:30,207 [INFO]   ✓ qid=8461 → output\2032\3740\8461.sgf
2026-05-28 12:39:40,303 [INFO]   ✓ qid=8792 → output\2032\3740\8792.sgf
2026-05-28 12:39:49,773 [INFO]   ✓ qid=8890 → output\2032\3740\8890.sgf
2026-05-28 12:39:56,562 [INFO]   ✓ qid=8368 → output\2032\3740\8368.sgf
2026-05-28 12:40:05,422 [INFO]   ✓ qid=8460 → output\2032\3740\8460.sgf
2026-05-28 12:40:14,907 [INFO]   ✓ qid=8829 → output\2032\3740\8829.sgf
2026-05-28 12:40:23,564 [INFO]   ✓ qid=10214 → output\2032\3740\10214.sgf
2026-05-28 12:40:23,565 [INFO]   Capítulo 3741 '禁入点（与虎肚）'
2026-05-28 12:40:40,329 [INFO]   ✓ qid=70940 → output\2032\3741\70940.sgf
2026-05-28 12:40:47,975 [INFO]   ✓ qid=70935 → output\2032\3741\70935.sgf
2026-05-28 12:40:56,699 [INFO]   ✓ qid=70936 → output\2032\3741\70936.sgf
2026-05-28 12:41:04,836 [INFO]   ✓ qid=71021 → output\2032\3741\71021.sgf
2026-05-28 12:41:14,511 [INFO]   ✓ qid=70946 → output\2032\3741\70946.sgf
2026-05-28 12:41:23,145 [INFO]   ✓ qid=70945 → output\2032\3741\70945.sgf
2026-05-28 12:41:32,078 [INFO]   ✓ qid=70937 → output\2032\3741\70937.sgf
2026-05-28 12:41:38,419 [INFO]   ✓ qid=70938 → output\2032\3741\70938.sgf
2026-05-28 12:41:43,807 [INFO]   ✓ qid=70941 → output\2032\3741\70941.sgf
2026-05-28 12:41:49,336 [INFO]   ✓ qid=70939 → output\2032\3741\70939.sgf
2026-05-28 12:41:58,133 [INFO]   ✓ qid=71022 → output\2032\3741\71022.sgf
2026-05-28 12:42:07,426 [INFO]   ✓ qid=71024 → output\2032\3741\71024.sgf
2026-05-28 12:42:15,112 [INFO]   ✓ qid=71023 → output\2032\3741\71023.sgf
2026-05-28 12:42:22,271 [INFO]   ✓ qid=70942 → output\2032\3741\70942.sgf
2026-05-28 12:42:30,146 [INFO]   ✓ qid=70947 → output\2032\3741\70947.sgf
2026-05-28 12:42:37,268 [INFO]   ✓ qid=70943 → output\2032\3741\70943.sgf
2026-05-28 12:42:46,170 [INFO]   ✓ qid=71891 → output\2032\3741\71891.sgf
2026-05-28 12:42:55,001 [INFO]   ✓ qid=70944 → output\2032\3741\70944.sgf
2026-05-28 12:43:01,783 [INFO]   ✓ qid=71890 → output\2032\3741\71890.sgf
2026-05-28 12:43:01,784 [INFO]   Capítulo 3742 '老虎口'
2026-05-28 12:43:24,469 [INFO]   ✓ qid=71892 → output\2032\3742\71892.sgf
2026-05-28 12:43:34,164 [INFO]   ✓ qid=70920 → output\2032\3742\70920.sgf
2026-05-28 12:43:43,895 [INFO]   ✓ qid=71895 → output\2032\3742\71895.sgf
2026-05-28 12:43:55,940 [INFO]   ✓ qid=70918 → output\2032\3742\70918.sgf
2026-05-28 12:44:05,268 [INFO]   ✓ qid=70919 → output\2032\3742\70919.sgf
2026-05-28 12:44:12,741 [INFO]   ✓ qid=70921 → output\2032\3742\70921.sgf
2026-05-28 12:44:22,920 [INFO]   ✓ qid=71893 → output\2032\3742\71893.sgf
2026-05-28 12:44:31,171 [INFO]   ✓ qid=70929 → output\2032\3742\70929.sgf
2026-05-28 12:44:37,972 [INFO]   ✓ qid=70930 → output\2032\3742\70930.sgf
2026-05-28 12:44:47,894 [INFO]   ✓ qid=71894 → output\2032\3742\71894.sgf
2026-05-28 12:44:53,989 [INFO]   ✓ qid=70922 → output\2032\3742\70922.sgf
2026-05-28 12:45:02,367 [INFO]   ✓ qid=70933 → output\2032\3742\70933.sgf
2026-05-28 12:45:11,031 [INFO]   ✓ qid=70927 → output\2032\3742\70927.sgf
2026-05-28 12:45:18,999 [INFO]   ✓ qid=70928 → output\2032\3742\70928.sgf
2026-05-28 12:45:25,920 [INFO]   ✓ qid=70934 → output\2032\3742\70934.sgf
2026-05-28 12:45:32,250 [INFO]   ✓ qid=70926 → output\2032\3742\70926.sgf
2026-05-28 12:45:42,184 [INFO]   ✓ qid=70923 → output\2032\3742\70923.sgf
2026-05-28 12:45:51,751 [INFO]   ✓ qid=70925 → output\2032\3742\70925.sgf
2026-05-28 12:45:59,528 [INFO]   ✓ qid=72672 → output\2032\3742\72672.sgf
2026-05-28 12:46:08,707 [INFO]   ✓ qid=70932 → output\2032\3742\70932.sgf
2026-05-28 12:46:16,990 [INFO]   ✓ qid=70931 → output\2032\3742\70931.sgf
2026-05-28 12:46:23,988 [INFO]   ✓ qid=70924 → output\2032\3742\70924.sgf
2026-05-28 12:46:23,989 [INFO]   Capítulo 3743 '打劫'
2026-05-28 12:46:38,427 [INFO]   ✓ qid=49740 → output\2032\3743\49740.sgf
2026-05-28 12:46:46,079 [INFO]   ✓ qid=49739 → output\2032\3743\49739.sgf
2026-05-28 12:46:54,193 [INFO]   ✓ qid=49746 → output\2032\3743\49746.sgf
2026-05-28 12:47:00,945 [INFO]   ✓ qid=71050 → output\2032\3743\71050.sgf
2026-05-28 12:47:11,262 [INFO]   ✓ qid=71058 → output\2032\3743\71058.sgf
2026-05-28 12:47:21,368 [INFO]   ✓ qid=71054 → output\2032\3743\71054.sgf
2026-05-28 12:47:28,249 [INFO]   ✓ qid=71052 → output\2032\3743\71052.sgf
2026-05-28 12:47:34,270 [INFO]   ✓ qid=71055 → output\2032\3743\71055.sgf
2026-05-28 12:47:41,302 [INFO]   ✓ qid=71057 → output\2032\3743\71057.sgf
2026-05-28 12:47:51,166 [INFO]   ✓ qid=71060 → output\2032\3743\71060.sgf
2026-05-28 12:47:57,823 [INFO]   ✓ qid=71053 → output\2032\3743\71053.sgf
2026-05-28 12:48:06,972 [INFO]   ✓ qid=71063 → output\2032\3743\71063.sgf
2026-05-28 12:48:12,967 [INFO]   ✓ qid=71067 → output\2032\3743\71067.sgf
2026-05-28 12:48:20,701 [INFO]   ✓ qid=71062 → output\2032\3743\71062.sgf
2026-05-28 12:48:29,527 [INFO]   ✓ qid=71059 → output\2032\3743\71059.sgf
2026-05-28 12:48:37,709 [INFO]   ✓ qid=71066 → output\2032\3743\71066.sgf
2026-05-28 12:48:44,353 [INFO]   ✓ qid=71065 → output\2032\3743\71065.sgf
2026-05-28 12:48:50,853 [INFO]   ✓ qid=71056 → output\2032\3743\71056.sgf
2026-05-28 12:48:59,468 [INFO]   ✓ qid=71071 → output\2032\3743\71071.sgf
2026-05-28 12:49:06,857 [INFO]   ✓ qid=71051 → output\2032\3743\71051.sgf
2026-05-28 12:49:15,335 [INFO]   ✓ qid=71068 → output\2032\3743\71068.sgf
2026-05-28 12:49:21,614 [INFO]   ✓ qid=71064 → output\2032\3743\71064.sgf
2026-05-28 12:49:27,377 [INFO]   ✓ qid=49752 → output\2032\3743\49752.sgf
2026-05-28 12:49:36,493 [INFO]   ✓ qid=50091 → output\2032\3743\50091.sgf
2026-05-28 12:49:44,836 [INFO]   ✓ qid=49747 → output\2032\3743\49747.sgf
2026-05-28 12:49:54,465 [INFO]   ✓ qid=49748 → output\2032\3743\49748.sgf
2026-05-28 12:50:03,592 [INFO]   ✓ qid=49749 → output\2032\3743\49749.sgf
2026-05-28 12:50:09,445 [INFO]   ✓ qid=49750 → output\2032\3743\49750.sgf
2026-05-28 12:50:15,326 [INFO]   ✓ qid=49754 → output\2032\3743\49754.sgf
2026-05-28 12:50:23,315 [INFO]   ✓ qid=49753 → output\2032\3743\49753.sgf
2026-05-28 12:50:33,315 [INFO]   ✓ qid=49755 → output\2032\3743\49755.sgf
2026-05-28 12:50:33,316 [INFO]   Capítulo 3744 '打二还一（劫与反提）'
2026-05-28 12:50:47,139 [INFO]   ✓ qid=49741 → output\2032\3744\49741.sgf
2026-05-28 12:50:57,110 [INFO]   ✓ qid=8342 → output\2032\3744\8342.sgf
2026-05-28 12:51:02,522 [INFO]   ✓ qid=9007 → output\2032\3744\9007.sgf
2026-05-28 12:51:12,756 [INFO]   ✓ qid=8587 → output\2032\3744\8587.sgf
2026-05-28 12:51:19,988 [INFO]   ✓ qid=8971 → output\2032\3744\8971.sgf
2026-05-28 12:51:30,198 [INFO]   ✓ qid=75118 → output\2032\3744\75118.sgf
2026-05-28 12:51:41,529 [INFO]   ✓ qid=12539 → output\2032\3744\12539.sgf
2026-05-28 12:51:49,002 [INFO]   ✓ qid=11437 → output\2032\3744\11437.sgf
2026-05-28 12:51:58,343 [INFO]   ✓ qid=12661 → output\2032\3744\12661.sgf
2026-05-28 12:52:04,859 [INFO]   ✓ qid=75113 → output\2032\3744\75113.sgf
2026-05-28 12:52:14,954 [INFO]   ✓ qid=11333 → output\2032\3744\11333.sgf
2026-05-28 12:52:20,545 [INFO]   ✓ qid=51378 → output\2032\3744\51378.sgf
2026-05-28 12:52:26,780 [INFO]   ✓ qid=13427 → output\2032\3744\13427.sgf
2026-05-28 12:52:36,041 [INFO]   ✓ qid=8949 → output\2032\3744\8949.sgf
2026-05-28 12:52:44,848 [INFO]   ✓ qid=8798 → output\2032\3744\8798.sgf
2026-05-28 12:52:50,854 [INFO]   ✓ qid=8585 → output\2032\3744\8585.sgf
2026-05-28 12:52:59,664 [INFO]   ✓ qid=8871 → output\2032\3744\8871.sgf
2026-05-28 12:53:07,740 [INFO]   ✓ qid=8908 → output\2032\3744\8908.sgf
2026-05-28 12:53:16,024 [INFO]   ✓ qid=8310 → output\2032\3744\8310.sgf
2026-05-28 12:53:16,025 [INFO]   Capítulo 3754 '切断'
2026-05-28 12:53:31,840 [WARNING]   Posible throttling en qid=51824 — pausa 60-120s
2026-05-28 12:54:40,855 [INFO]   ✓ qid=51824 → output\2032\3754\51824.sgf
2026-05-28 12:54:51,230 [INFO]   ✓ qid=43413 → output\2032\3754\43413.sgf
2026-05-28 12:55:01,106 [INFO]   ✓ qid=20764 → output\2032\3754\20764.sgf
2026-05-28 12:55:09,322 [INFO]   ✓ qid=57672 → output\2032\3754\57672.sgf
2026-05-28 12:55:15,182 [INFO]   ✓ qid=51825 → output\2032\3754\51825.sgf
2026-05-28 12:55:21,231 [INFO]   ✓ qid=51829 → output\2032\3754\51829.sgf
2026-05-28 12:55:30,909 [INFO]   ✓ qid=51827 → output\2032\3754\51827.sgf
2026-05-28 12:55:39,530 [INFO]   ✓ qid=51828 → output\2032\3754\51828.sgf
2026-05-28 12:55:46,024 [INFO]   ✓ qid=51830 → output\2032\3754\51830.sgf
2026-05-28 12:55:54,298 [INFO]   ✓ qid=51833 → output\2032\3754\51833.sgf
2026-05-28 12:56:03,322 [INFO]   ✓ qid=51832 → output\2032\3754\51832.sgf
2026-05-28 12:56:10,288 [INFO]   ✓ qid=8709 → output\2032\3754\8709.sgf
2026-05-28 12:56:16,725 [INFO]   ✓ qid=8472 → output\2032\3754\8472.sgf
2026-05-28 12:56:22,555 [INFO]   ✓ qid=51831 → output\2032\3754\51831.sgf
2026-05-28 12:56:32,309 [INFO]   ✓ qid=9234 → output\2032\3754\9234.sgf
2026-05-28 12:56:40,704 [INFO]   ✓ qid=9503 → output\2032\3754\9503.sgf
2026-05-28 12:56:49,976 [INFO]   ✓ qid=8937 → output\2032\3754\8937.sgf
2026-05-28 12:56:56,125 [INFO]   ✓ qid=10760 → output\2032\3754\10760.sgf
2026-05-28 12:57:02,267 [INFO]   ✓ qid=8938 → output\2032\3754\8938.sgf
2026-05-28 12:57:08,878 [INFO]   ✓ qid=8188 → output\2032\3754\8188.sgf
2026-05-28 12:57:18,509 [INFO]   ✓ qid=10046 → output\2032\3754\10046.sgf
2026-05-28 12:57:18,509 [INFO]   Capítulo 3756 '二路吃'
2026-05-28 12:57:36,218 [INFO]   ✓ qid=8340 → output\2032\3756\8340.sgf
2026-05-28 12:57:44,855 [INFO]   ✓ qid=10844 → output\2032\3756\10844.sgf
2026-05-28 12:57:50,576 [INFO]   ✓ qid=9429 → output\2032\3756\9429.sgf
2026-05-28 12:57:57,423 [INFO]   ✓ qid=8727 → output\2032\3756\8727.sgf
2026-05-28 12:58:04,714 [INFO]   ✓ qid=9980 → output\2032\3756\9980.sgf
2026-05-28 12:58:14,318 [INFO]   ✓ qid=8675 → output\2032\3756\8675.sgf
2026-05-28 12:58:24,562 [INFO]   ✓ qid=10198 → output\2032\3756\10198.sgf
2026-05-28 12:58:32,498 [INFO]   ✓ qid=9001 → output\2032\3756\9001.sgf
2026-05-28 12:58:38,664 [INFO]   ✓ qid=9662 → output\2032\3756\9662.sgf
2026-05-28 12:58:51,771 [INFO]   ✓ qid=61018 → output\2032\3756\61018.sgf
2026-05-28 12:59:01,663 [INFO]   ✓ qid=8578 → output\2032\3756\8578.sgf
2026-05-28 12:59:10,138 [INFO]   ✓ qid=8251 → output\2032\3756\8251.sgf
2026-05-28 12:59:17,131 [INFO]   ✓ qid=10530 → output\2032\3756\10530.sgf
2026-05-28 12:59:25,925 [INFO]   ✓ qid=20034 → output\2032\3756\20034.sgf
2026-05-28 12:59:31,553 [INFO]   ✓ qid=8257 → output\2032\3756\8257.sgf
2026-05-28 12:59:39,233 [INFO]   ✓ qid=10722 → output\2032\3756\10722.sgf
2026-05-28 12:59:48,024 [INFO]   ✓ qid=9791 → output\2032\3756\9791.sgf
2026-05-28 12:59:55,120 [INFO]   ✓ qid=9527 → output\2032\3756\9527.sgf
2026-05-28 13:00:04,560 [INFO]   ✓ qid=8431 → output\2032\3756\8431.sgf
2026-05-28 13:00:14,649 [INFO]   ✓ qid=8640 → output\2032\3756\8640.sgf
2026-05-28 13:00:21,493 [INFO]   ✓ qid=8649 → output\2032\3756\8649.sgf
2026-05-28 13:00:30,924 [INFO]   ✓ qid=9286 → output\2032\3756\9286.sgf
2026-05-28 13:00:36,614 [INFO]   ✓ qid=10082 → output\2032\3756\10082.sgf
2026-05-28 13:00:41,979 [INFO]   ✓ qid=8978 → output\2032\3756\8978.sgf
2026-05-28 13:00:47,921 [INFO]   ✓ qid=9697 → output\2032\3756\9697.sgf
2026-05-28 13:00:57,043 [INFO]   ✓ qid=9710 → output\2032\3756\9710.sgf
2026-05-28 13:01:02,928 [INFO]   ✓ qid=5146 → output\2032\3756\5146.sgf
2026-05-28 13:01:11,143 [INFO]   ✓ qid=9319 → output\2032\3756\9319.sgf
2026-05-28 13:01:17,353 [INFO]   ✓ qid=8911 → output\2032\3756\8911.sgf
2026-05-28 13:01:23,129 [INFO]   ✓ qid=9618 → output\2032\3756\9618.sgf
2026-05-28 13:01:23,129 [INFO]   Capítulo 3757 '抱吃'
2026-05-28 13:01:42,496 [INFO]   ✓ qid=61377 → output\2032\3757\61377.sgf
2026-05-28 13:01:51,853 [INFO]   ✓ qid=8240 → output\2032\3757\8240.sgf
2026-05-28 13:02:00,457 [INFO]   ✓ qid=8510 → output\2032\3757\8510.sgf
2026-05-28 13:02:08,290 [INFO]   ✓ qid=10026 → output\2032\3757\10026.sgf
2026-05-28 13:02:14,846 [INFO]   ✓ qid=11782 → output\2032\3757\11782.sgf
2026-05-28 13:02:26,365 [INFO]   ✓ qid=8278 → output\2032\3757\8278.sgf
2026-05-28 13:02:35,338 [INFO]   ✓ qid=10967 → output\2032\3757\10967.sgf
2026-05-28 13:02:42,269 [INFO]   ✓ qid=8235 → output\2032\3757\8235.sgf
2026-05-28 13:02:51,780 [INFO]   ✓ qid=8292 → output\2032\3757\8292.sgf
2026-05-28 13:03:00,097 [INFO]   ✓ qid=9815 → output\2032\3757\9815.sgf
2026-05-28 13:03:05,754 [INFO]   ✓ qid=8657 → output\2032\3757\8657.sgf
2026-05-28 13:03:12,167 [INFO]   ✓ qid=8690 → output\2032\3757\8690.sgf
2026-05-28 13:03:20,570 [INFO]   ✓ qid=19941 → output\2032\3757\19941.sgf
2026-05-28 13:03:29,060 [INFO]   ✓ qid=8504 → output\2032\3757\8504.sgf
2026-05-28 13:03:35,163 [INFO]   ✓ qid=8700 → output\2032\3757\8700.sgf
2026-05-28 13:03:43,906 [INFO]   ✓ qid=8247 → output\2032\3757\8247.sgf
2026-05-28 13:03:52,652 [INFO]   ✓ qid=6935 → output\2032\3757\6935.sgf
2026-05-28 13:04:00,504 [INFO]   ✓ qid=9310 → output\2032\3757\9310.sgf
2026-05-28 13:04:07,065 [INFO]   ✓ qid=9096 → output\2032\3757\9096.sgf
2026-05-28 13:04:15,271 [INFO]   ✓ qid=8726 → output\2032\3757\8726.sgf
2026-05-28 13:04:20,650 [INFO]   ✓ qid=10572 → output\2032\3757\10572.sgf
2026-05-28 13:04:30,108 [INFO]   ✓ qid=8654 → output\2032\3757\8654.sgf
2026-05-28 13:04:39,266 [INFO]   ✓ qid=43608 → output\2032\3757\43608.sgf
2026-05-28 13:04:48,538 [INFO]   ✓ qid=4919 → output\2032\3757\4919.sgf
2026-05-28 13:04:48,539 [INFO]   Capítulo 3783 '关门吃'
2026-05-28 13:05:03,465 [INFO]   ✓ qid=9144 → output\2032\3783\9144.sgf
2026-05-28 13:05:12,713 [INFO]   ✓ qid=43314 → output\2032\3783\43314.sgf
2026-05-28 13:05:24,167 [INFO]   ✓ qid=9797 → output\2032\3783\9797.sgf
2026-05-28 13:05:33,715 [INFO]   ✓ qid=8507 → output\2032\3783\8507.sgf
2026-05-28 13:05:42,287 [INFO]   ✓ qid=8297 → output\2032\3783\8297.sgf
2026-05-28 13:05:52,367 [INFO]   ✓ qid=8797 → output\2032\3783\8797.sgf
2026-05-28 13:06:01,020 [INFO]   ✓ qid=9187 → output\2032\3783\9187.sgf
2026-05-28 13:06:08,230 [INFO]   ✓ qid=9659 → output\2032\3783\9659.sgf
2026-05-28 13:06:13,586 [INFO]   ✓ qid=8403 → output\2032\3783\8403.sgf
2026-05-28 13:06:22,198 [INFO]   ✓ qid=19927 → output\2032\3783\19927.sgf
2026-05-28 13:06:30,007 [INFO]   ✓ qid=8737 → output\2032\3783\8737.sgf
2026-05-28 13:06:39,762 [INFO]   ✓ qid=8329 → output\2032\3783\8329.sgf
2026-05-28 13:06:49,872 [INFO]   ✓ qid=8647 → output\2032\3783\8647.sgf
2026-05-28 13:06:57,453 [INFO]   ✓ qid=8253 → output\2032\3783\8253.sgf
2026-05-28 13:07:05,135 [INFO]   ✓ qid=9006 → output\2032\3783\9006.sgf
2026-05-28 13:07:11,065 [INFO]   ✓ qid=10208 → output\2032\3783\10208.sgf
2026-05-28 13:07:17,629 [INFO]   ✓ qid=8577 → output\2032\3783\8577.sgf
2026-05-28 13:07:26,085 [INFO]   ✓ qid=10136 → output\2032\3783\10136.sgf
2026-05-28 13:07:35,557 [INFO]   ✓ qid=9901 → output\2032\3783\9901.sgf
2026-05-28 13:07:44,140 [INFO]   ✓ qid=6960 → output\2032\3783\6960.sgf
2026-05-28 13:07:53,229 [INFO]   ✓ qid=8586 → output\2032\3783\8586.sgf
2026-05-28 13:08:00,940 [INFO]   ✓ qid=8467 → output\2032\3783\8467.sgf
2026-05-28 13:08:06,935 [INFO]   ✓ qid=8565 → output\2032\3783\8565.sgf
2026-05-28 13:08:14,089 [INFO]   ✓ qid=11934 → output\2032\3783\11934.sgf
2026-05-28 13:08:23,947 [INFO]   ✓ qid=9640 → output\2032\3783\9640.sgf
2026-05-28 13:08:34,074 [INFO]   ✓ qid=9313 → output\2032\3783\9313.sgf
2026-05-28 13:08:40,640 [INFO]   ✓ qid=41987 → output\2032\3783\41987.sgf
2026-05-28 13:08:48,724 [INFO]   ✓ qid=3 → output\2032\3783\3.sgf
2026-05-28 13:08:54,918 [INFO]   ✓ qid=6946 → output\2032\3783\6946.sgf
2026-05-28 13:09:03,368 [INFO]   ✓ qid=10119 → output\2032\3783\10119.sgf
2026-05-28 13:09:08,803 [INFO]   ✓ qid=43123 → output\2032\3783\43123.sgf
2026-05-28 13:09:17,169 [INFO]   ✓ qid=8312 → output\2032\3783\8312.sgf
2026-05-28 13:09:23,656 [INFO]   ✓ qid=9843 → output\2032\3783\9843.sgf
2026-05-28 13:09:23,658 [INFO]   Capítulo 3763 '两眼活棋'
2026-05-28 13:09:41,077 [INFO]   ✓ qid=28422 → output\2032\3763\28422.sgf
2026-05-28 13:09:50,383 [INFO]   ✓ qid=26107 → output\2032\3763\26107.sgf
2026-05-28 13:10:00,372 [INFO]   ✓ qid=8395 → output\2032\3763\8395.sgf
2026-05-28 13:10:09,595 [INFO]   ✓ qid=12566 → output\2032\3763\12566.sgf
2026-05-28 13:10:18,292 [INFO]   ✓ qid=1145 → output\2032\3763\1145.sgf
2026-05-28 13:10:25,876 [INFO]   ✓ qid=27353 → output\2032\3763\27353.sgf
2026-05-28 13:10:35,148 [INFO]   ✓ qid=10347 → output\2032\3763\10347.sgf
2026-05-28 13:10:43,386 [INFO]   ✓ qid=39656 → output\2032\3763\39656.sgf
2026-05-28 13:10:49,725 [INFO]   ✓ qid=21752 → output\2032\3763\21752.sgf
2026-05-28 13:11:00,746 [INFO]   ✓ qid=20685 → output\2032\3763\20685.sgf
2026-05-28 13:11:08,506 [INFO]   ✓ qid=10428 → output\2032\3763\10428.sgf
2026-05-28 13:11:18,222 [INFO]   ✓ qid=9078 → output\2032\3763\9078.sgf
2026-05-28 13:11:27,243 [INFO]   ✓ qid=10809 → output\2032\3763\10809.sgf
2026-05-28 13:11:36,294 [INFO]   ✓ qid=12274 → output\2032\3763\12274.sgf
2026-05-28 13:11:46,221 [INFO]   ✓ qid=3659 → output\2032\3763\3659.sgf
2026-05-28 13:11:52,304 [INFO]   ✓ qid=1144 → output\2032\3763\1144.sgf
2026-05-28 13:12:01,248 [INFO]   ✓ qid=8336 → output\2032\3763\8336.sgf
2026-05-28 13:12:08,474 [INFO]   ✓ qid=6228 → output\2032\3763\6228.sgf
2026-05-28 13:12:14,349 [INFO]   ✓ qid=12550 → output\2032\3763\12550.sgf
2026-05-28 13:12:22,058 [INFO]   ✓ qid=20988 → output\2032\3763\20988.sgf
2026-05-28 13:12:29,579 [INFO]   ✓ qid=43544 → output\2032\3763\43544.sgf
2026-05-28 13:12:37,541 [INFO]   ✓ qid=11115 → output\2032\3763\11115.sgf
2026-05-28 13:12:47,484 [INFO]   ✓ qid=10794 → output\2032\3763\10794.sgf
2026-05-28 13:12:55,958 [INFO]   ✓ qid=3114 → output\2032\3763\3114.sgf
2026-05-28 13:13:05,295 [INFO]   ✓ qid=43753 → output\2032\3763\43753.sgf
2026-05-28 13:13:11,935 [INFO]   ✓ qid=7065 → output\2032\3763\7065.sgf
2026-05-28 13:13:21,490 [INFO]   ✓ qid=8894 → output\2032\3763\8894.sgf
2026-05-28 13:13:21,491 [INFO]   Capítulo 3764 '官子'
2026-05-28 13:13:41,230 [INFO]   ✓ qid=75284 → output\2032\3764\75284.sgf
2026-05-28 13:13:50,543 [INFO]   ✓ qid=28886 → output\2032\3764\28886.sgf
2026-05-28 13:14:02,207 [INFO]   ✓ qid=43355 → output\2032\3764\43355.sgf
2026-05-28 13:14:12,455 [INFO]   ✓ qid=28887 → output\2032\3764\28887.sgf
2026-05-28 13:14:21,533 [INFO]   ✓ qid=21324 → output\2032\3764\21324.sgf
2026-05-28 13:14:30,485 [INFO]   ✓ qid=7723 → output\2032\3764\7723.sgf
2026-05-28 13:14:39,488 [INFO]   ✓ qid=47230 → output\2032\3764\47230.sgf
2026-05-28 13:14:50,361 [INFO]   ✓ qid=189 → output\2032\3764\189.sgf
2026-05-28 13:14:56,801 [INFO]   ✓ qid=43317 → output\2032\3764\43317.sgf
2026-05-28 13:15:04,084 [INFO]   ✓ qid=8029 → output\2032\3764\8029.sgf
2026-05-28 13:15:14,937 [INFO]   ✓ qid=41983 → output\2032\3764\41983.sgf
2026-05-28 13:15:22,832 [INFO]   ✓ qid=5700 → output\2032\3764\5700.sgf
2026-05-28 13:15:32,631 [INFO]   ✓ qid=5718 → output\2032\3764\5718.sgf
2026-05-28 13:15:32,632 [INFO]   Capítulo 3759 '逃跑的要领'
2026-05-28 13:15:47,584 [INFO]   ✓ qid=22439 → output\2032\3759\22439.sgf
2026-05-28 13:15:56,418 [INFO]   ✓ qid=9716 → output\2032\3759\9716.sgf
2026-05-28 13:16:02,677 [INFO]   ✓ qid=9250 → output\2032\3759\9250.sgf
2026-05-28 13:16:10,698 [INFO]   ✓ qid=11011 → output\2032\3759\11011.sgf
2026-05-28 13:16:18,418 [INFO]   ✓ qid=11086 → output\2032\3759\11086.sgf
2026-05-28 13:16:26,815 [INFO]   ✓ qid=11207 → output\2032\3759\11207.sgf
2026-05-28 13:16:35,661 [INFO]   ✓ qid=11831 → output\2032\3759\11831.sgf
2026-05-28 13:16:45,074 [INFO]   ✓ qid=8607 → output\2032\3759\8607.sgf
2026-05-28 13:16:50,894 [INFO]   ✓ qid=12184 → output\2032\3759\12184.sgf
2026-05-28 13:16:59,660 [INFO]   ✓ qid=43663 → output\2032\3759\43663.sgf
2026-05-28 13:17:09,840 [INFO]   ✓ qid=5260 → output\2032\3759\5260.sgf
2026-05-28 13:17:16,088 [INFO]   ✓ qid=9235 → output\2032\3759\9235.sgf
2026-05-28 13:17:25,247 [INFO]   ✓ qid=8442 → output\2032\3759\8442.sgf
2026-05-28 13:17:33,553 [INFO]   ✓ qid=9218 → output\2032\3759\9218.sgf
2026-05-28 13:17:40,316 [INFO]   ✓ qid=41996 → output\2032\3759\41996.sgf
2026-05-28 13:17:51,035 [INFO]   ✓ qid=43650 → output\2032\3759\43650.sgf
2026-05-28 13:18:00,671 [INFO]   ✓ qid=8627 → output\2032\3759\8627.sgf
2026-05-28 13:18:07,850 [INFO]   ✓ qid=13113 → output\2032\3759\13113.sgf
2026-05-28 13:18:18,021 [INFO]   ✓ qid=9678 → output\2032\3759\9678.sgf
2026-05-28 13:18:23,596 [INFO]   ✓ qid=12205 → output\2032\3759\12205.sgf
2026-05-28 13:18:33,095 [INFO]   ✓ qid=9907 → output\2032\3759\9907.sgf
2026-05-28 13:18:42,609 [INFO]   ✓ qid=10252 → output\2032\3759\10252.sgf
2026-05-28 13:18:42,610 [INFO]   Capítulo 3761 '双打吃'
2026-05-28 13:18:57,050 [INFO]   ✓ qid=70608 → output\2032\3761\70608.sgf
2026-05-28 13:19:05,606 [INFO]   ✓ qid=70609 → output\2032\3761\70609.sgf
2026-05-28 13:19:12,023 [INFO]   ✓ qid=70610 → output\2032\3761\70610.sgf
2026-05-28 13:19:21,886 [INFO]   ✓ qid=70611 → output\2032\3761\70611.sgf
2026-05-28 13:19:30,370 [INFO]   ✓ qid=70612 → output\2032\3761\70612.sgf
2026-05-28 13:19:39,871 [INFO]   ✓ qid=70613 → output\2032\3761\70613.sgf
2026-05-28 13:19:48,050 [INFO]   ✓ qid=70615 → output\2032\3761\70615.sgf
2026-05-28 13:19:54,015 [INFO]   ✓ qid=70617 → output\2032\3761\70617.sgf
2026-05-28 13:20:00,675 [INFO]   ✓ qid=70618 → output\2032\3761\70618.sgf
2026-05-28 13:20:10,722 [INFO]   ✓ qid=70619 → output\2032\3761\70619.sgf
2026-05-28 13:20:18,621 [INFO]   ✓ qid=70620 → output\2032\3761\70620.sgf
2026-05-28 13:20:27,845 [INFO]   ✓ qid=70621 → output\2032\3761\70621.sgf
2026-05-28 13:20:37,575 [INFO]   ✓ qid=70622 → output\2032\3761\70622.sgf
2026-05-28 13:20:44,729 [INFO]   ✓ qid=70623 → output\2032\3761\70623.sgf
2026-05-28 13:20:55,031 [INFO]   ✓ qid=70624 → output\2032\3761\70624.sgf
2026-05-28 13:21:01,873 [INFO]   ✓ qid=70625 → output\2032\3761\70625.sgf
2026-05-28 13:21:08,960 [INFO]   ✓ qid=70626 → output\2032\3761\70626.sgf
2026-05-28 13:21:18,347 [INFO]   ✓ qid=70629 → output\2032\3761\70629.sgf
2026-05-28 13:21:25,678 [INFO]   ✓ qid=70630 → output\2032\3761\70630.sgf
2026-05-28 13:21:33,427 [INFO]   ✓ qid=70631 → output\2032\3761\70631.sgf
2026-05-28 13:21:41,667 [INFO]   ✓ qid=70632 → output\2032\3761\70632.sgf
2026-05-28 13:21:49,537 [INFO]   ✓ qid=70633 → output\2032\3761\70633.sgf
2026-05-28 13:21:58,029 [INFO]   ✓ qid=70634 → output\2032\3761\70634.sgf
2026-05-28 13:22:18,040 [WARNING] Error de red en https://www.101weiqi.com/book/2032/3761/70635/: HTTPSConnectionPool(host='www.101weiqi.com', port=443): Read timed out. (read timeout=20) — espera 2.0s (intento 1/5)
2026-05-28 13:22:29,519 [INFO]   ✓ qid=70635 → output\2032\3761\70635.sgf
2026-05-28 13:22:38,806 [INFO]   ✓ qid=70637 → output\2032\3761\70637.sgf
2026-05-28 13:22:47,500 [INFO]   ✓ qid=70638 → output\2032\3761\70638.sgf
2026-05-28 13:22:53,457 [INFO]   ✓ qid=70641 → output\2032\3761\70641.sgf
2026-05-28 13:23:00,455 [INFO]   ✓ qid=70642 → output\2032\3761\70642.sgf
2026-05-28 13:23:06,498 [INFO]   ✓ qid=70614 → output\2032\3761\70614.sgf
2026-05-28 13:23:12,748 [INFO]   ✓ qid=70643 → output\2032\3761\70643.sgf
2026-05-28 13:23:21,983 [INFO]   ✓ qid=70644 → output\2032\3761\70644.sgf
2026-05-28 13:23:30,670 [INFO]   ✓ qid=70645 → output\2032\3761\70645.sgf
2026-05-28 13:23:36,219 [INFO]   ✓ qid=70647 → output\2032\3761\70647.sgf
2026-05-28 13:23:36,219 [INFO]   Capítulo 3766 '扭羊头'
2026-05-28 13:23:52,967 [INFO]   ✓ qid=4493 → output\2032\3766\4493.sgf
2026-05-28 13:24:01,308 [INFO]   ✓ qid=13841 → output\2032\3766\13841.sgf
2026-05-28 13:24:11,110 [INFO]   ✓ qid=19839 → output\2032\3766\19839.sgf
2026-05-28 13:24:17,585 [INFO]   ✓ qid=10665 → output\2032\3766\10665.sgf
2026-05-28 13:24:24,328 [INFO]   ✓ qid=9159 → output\2032\3766\9159.sgf
2026-05-28 13:24:31,618 [INFO]   ✓ qid=8397 → output\2032\3766\8397.sgf
2026-05-28 13:24:40,671 [INFO]   ✓ qid=8874 → output\2032\3766\8874.sgf
2026-05-28 13:24:48,661 [INFO]   ✓ qid=9149 → output\2032\3766\9149.sgf
2026-05-28 13:24:58,117 [INFO]   ✓ qid=8356 → output\2032\3766\8356.sgf
2026-05-28 13:25:06,607 [INFO]   ✓ qid=61932 → output\2032\3766\61932.sgf
2026-05-28 13:25:14,946 [INFO]   ✓ qid=43409 → output\2032\3766\43409.sgf
2026-05-28 13:25:24,584 [INFO]   ✓ qid=8595 → output\2032\3766\8595.sgf
2026-05-28 13:25:34,731 [INFO]   ✓ qid=50983 → output\2032\3766\50983.sgf
2026-05-28 13:25:44,147 [INFO]   ✓ qid=60827 → output\2032\3766\60827.sgf
2026-05-28 13:25:54,683 [INFO]   ✓ qid=9424 → output\2032\3766\9424.sgf
2026-05-28 13:26:01,895 [INFO]   ✓ qid=8748 → output\2032\3766\8748.sgf
2026-05-28 13:26:09,677 [INFO]   ✓ qid=8969 → output\2032\3766\8969.sgf
2026-05-28 13:26:19,542 [INFO]   ✓ qid=50536 → output\2032\3766\50536.sgf
2026-05-28 13:26:25,244 [INFO]   ✓ qid=9820 → output\2032\3766\9820.sgf
2026-05-28 13:26:33,682 [INFO]   ✓ qid=21266 → output\2032\3766\21266.sgf
2026-05-28 13:26:40,220 [INFO]   ✓ qid=9039 → output\2032\3766\9039.sgf
2026-05-28 13:26:47,014 [INFO]   ✓ qid=52701 → output\2032\3766\52701.sgf
2026-05-28 13:26:53,731 [INFO]   ✓ qid=20003 → output\2032\3766\20003.sgf
2026-05-28 13:27:02,932 [INFO]   ✓ qid=21265 → output\2032\3766\21265.sgf
2026-05-28 13:27:12,661 [INFO]   ✓ qid=43336 → output\2032\3766\43336.sgf
2026-05-28 13:27:23,074 [INFO]   ✓ qid=43334 → output\2032\3766\43334.sgf
2026-05-28 13:27:35,837 [INFO]   ✓ qid=14337 → output\2032\3766\14337.sgf
2026-05-28 13:27:44,091 [INFO]   ✓ qid=42818 → output\2032\3766\42818.sgf
2026-05-28 13:27:44,092 [INFO]   Capítulo 3767 '枷吃'
2026-05-28 13:28:03,399 [INFO]   ✓ qid=181 → output\2032\3767\181.sgf
2026-05-28 13:28:13,700 [INFO]   ✓ qid=5710 → output\2032\3767\5710.sgf
2026-05-28 13:28:20,784 [INFO]   ✓ qid=8314 → output\2032\3767\8314.sgf
2026-05-28 13:28:26,178 [INFO]   ✓ qid=54248 → output\2032\3767\54248.sgf
2026-05-28 13:28:34,999 [INFO]   ✓ qid=19985 → output\2032\3767\19985.sgf
2026-05-28 13:28:42,784 [INFO]   ✓ qid=28396 → output\2032\3767\28396.sgf
2026-05-28 13:28:53,731 [INFO]   ✓ qid=19986 → output\2032\3767\19986.sgf
2026-05-28 13:29:03,883 [INFO]   ✓ qid=19987 → output\2032\3767\19987.sgf
2026-05-28 13:29:09,732 [INFO]   ✓ qid=60829 → output\2032\3767\60829.sgf
2026-05-28 13:29:18,067 [INFO]   ✓ qid=60830 → output\2032\3767\60830.sgf
2026-05-28 13:29:25,001 [INFO]   ✓ qid=54262 → output\2032\3767\54262.sgf
2026-05-28 13:29:31,090 [INFO]   ✓ qid=9675 → output\2032\3767\9675.sgf
2026-05-28 13:29:38,176 [INFO]   ✓ qid=5285 → output\2032\3767\5285.sgf
2026-05-28 13:29:47,456 [INFO]   ✓ qid=9513 → output\2032\3767\9513.sgf
2026-05-28 13:29:56,412 [INFO]   ✓ qid=10697 → output\2032\3767\10697.sgf
2026-05-28 13:30:05,459 [INFO]   ✓ qid=11505 → output\2032\3767\11505.sgf
2026-05-28 13:30:12,326 [INFO]   ✓ qid=9576 → output\2032\3767\9576.sgf
2026-05-28 13:30:21,080 [INFO]   ✓ qid=51039 → output\2032\3767\51039.sgf
2026-05-28 13:30:32,082 [INFO]   ✓ qid=43307 → output\2032\3767\43307.sgf
2026-05-28 13:30:39,493 [INFO]   ✓ qid=3733 → output\2032\3767\3733.sgf
2026-05-28 13:30:45,878 [INFO]   ✓ qid=9342 → output\2032\3767\9342.sgf
2026-05-28 13:30:56,347 [INFO]   ✓ qid=10986 → output\2032\3767\10986.sgf
2026-05-28 13:31:04,060 [INFO]   ✓ qid=19916 → output\2032\3767\19916.sgf
2026-05-28 13:31:11,265 [INFO]   ✓ qid=19990 → output\2032\3767\19990.sgf
2026-05-28 13:31:20,754 [INFO]   ✓ qid=10024 → output\2032\3767\10024.sgf
2026-05-28 13:31:29,016 [INFO]   ✓ qid=9268 → output\2032\3767\9268.sgf
2026-05-28 13:31:34,753 [INFO]   ✓ qid=19996 → output\2032\3767\19996.sgf
2026-05-28 13:31:41,026 [INFO]   ✓ qid=10755 → output\2032\3767\10755.sgf
2026-05-28 13:31:50,441 [INFO]   ✓ qid=9592 → output\2032\3767\9592.sgf
2026-05-28 13:32:00,608 [INFO]   ✓ qid=10302 → output\2032\3767\10302.sgf
2026-05-28 13:32:08,091 [INFO]   ✓ qid=147 → output\2032\3767\147.sgf
2026-05-28 13:32:16,441 [INFO]   ✓ qid=22477 → output\2032\3767\22477.sgf
2026-05-28 13:32:25,122 [INFO]   ✓ qid=10516 → output\2032\3767\10516.sgf
2026-05-28 13:32:33,571 [INFO]   ✓ qid=13138 → output\2032\3767\13138.sgf
2026-05-28 13:32:43,678 [INFO]   ✓ qid=9894 → output\2032\3767\9894.sgf
2026-05-28 13:32:43,679 [INFO]   Capítulo 3768 '接不归'
2026-05-28 13:32:58,294 [INFO]   ✓ qid=8231 → output\2032\3768\8231.sgf
2026-05-28 13:33:06,072 [INFO]   ✓ qid=61582 → output\2032\3768\61582.sgf
2026-05-28 13:33:13,840 [INFO]   ✓ qid=8263 → output\2032\3768\8263.sgf
2026-05-28 13:33:20,029 [INFO]   ✓ qid=8319 → output\2032\3768\8319.sgf
2026-05-28 13:33:26,378 [INFO]   ✓ qid=8326 → output\2032\3768\8326.sgf
2026-05-28 13:33:32,627 [INFO]   ✓ qid=11853 → output\2032\3768\11853.sgf
2026-05-28 13:33:40,529 [INFO]   ✓ qid=9643 → output\2032\3768\9643.sgf
2026-05-28 13:33:50,666 [INFO]   ✓ qid=9821 → output\2032\3768\9821.sgf
2026-05-28 13:33:58,996 [INFO]   ✓ qid=8531 → output\2032\3768\8531.sgf
2026-05-28 13:34:08,712 [INFO]   ✓ qid=9757 → output\2032\3768\9757.sgf
2026-05-28 13:34:18,400 [INFO]   ✓ qid=9759 → output\2032\3768\9759.sgf
2026-05-28 13:34:24,159 [INFO]   ✓ qid=11439 → output\2032\3768\11439.sgf
2026-05-28 13:34:30,731 [INFO]   ✓ qid=12504 → output\2032\3768\12504.sgf
2026-05-28 13:34:37,971 [INFO]   ✓ qid=9622 → output\2032\3768\9622.sgf
2026-05-28 13:34:44,775 [INFO]   ✓ qid=8294 → output\2032\3768\8294.sgf
2026-05-28 13:34:51,040 [INFO]   ✓ qid=12019 → output\2032\3768\12019.sgf
2026-05-28 13:35:01,195 [INFO]   ✓ qid=9563 → output\2032\3768\9563.sgf
2026-05-28 13:35:09,376 [INFO]   ✓ qid=9670 → output\2032\3768\9670.sgf
2026-05-28 13:35:16,360 [INFO]   ✓ qid=11836 → output\2032\3768\11836.sgf
2026-05-28 13:35:22,652 [INFO]   ✓ qid=10831 → output\2032\3768\10831.sgf
2026-05-28 13:35:28,741 [INFO]   ✓ qid=8194 → output\2032\3768\8194.sgf
2026-05-28 13:35:35,575 [INFO]   ✓ qid=8505 → output\2032\3768\8505.sgf
2026-05-28 13:35:44,028 [INFO]   ✓ qid=8323 → output\2032\3768\8323.sgf
2026-05-28 13:35:51,074 [INFO]   ✓ qid=8717 → output\2032\3768\8717.sgf
2026-05-28 13:36:00,677 [INFO]   ✓ qid=8181 → output\2032\3768\8181.sgf
2026-05-28 13:36:10,172 [INFO]   ✓ qid=8684 → output\2032\3768\8684.sgf
2026-05-28 13:36:15,812 [INFO]   ✓ qid=8236 → output\2032\3768\8236.sgf
2026-05-28 13:36:23,516 [INFO]   ✓ qid=8302 → output\2032\3768\8302.sgf
2026-05-28 13:36:32,956 [INFO]   ✓ qid=8304 → output\2032\3768\8304.sgf
2026-05-28 13:36:38,839 [INFO]   ✓ qid=9427 → output\2032\3768\9427.sgf
2026-05-28 13:36:46,487 [INFO]   ✓ qid=8295 → output\2032\3768\8295.sgf
2026-05-28 13:36:56,575 [INFO]   ✓ qid=8458 → output\2032\3768\8458.sgf
2026-05-28 13:37:06,822 [INFO]   ✓ qid=9846 → output\2032\3768\9846.sgf
2026-05-28 13:37:16,519 [WARNING]   Posible throttling en qid=11021 — pausa 60-120s
2026-05-28 13:39:15,466 [INFO]   ✓ qid=11021 → output\2032\3768\11021.sgf
2026-05-28 13:39:25,158 [INFO]   ✓ qid=9241 → output\2032\3768\9241.sgf
2026-05-28 13:39:33,068 [INFO]   ✓ qid=11953 → output\2032\3768\11953.sgf
2026-05-28 13:39:40,832 [INFO]   ✓ qid=21274 → output\2032\3768\21274.sgf
2026-05-28 13:39:40,834 [INFO]   Capítulo 3770 '倒扑'
2026-05-28 13:39:57,460 [INFO]   ✓ qid=62128 → output\2032\3770\62128.sgf
2026-05-28 13:40:06,892 [INFO]   ✓ qid=12077 → output\2032\3770\12077.sgf
2026-05-28 13:40:16,569 [INFO]   ✓ qid=8680 → output\2032\3770\8680.sgf
2026-05-28 13:40:28,289 [INFO]   ✓ qid=21993 → output\2032\3770\21993.sgf
2026-05-28 13:40:38,241 [INFO]   ✓ qid=9100 → output\2032\3770\9100.sgf
2026-05-28 13:40:48,399 [INFO]   ✓ qid=9715 → output\2032\3770\9715.sgf
2026-05-28 13:40:56,070 [INFO]   ✓ qid=9246 → output\2032\3770\9246.sgf
2026-05-28 13:41:02,656 [INFO]   ✓ qid=9663 → output\2032\3770\9663.sgf
2026-05-28 13:41:11,282 [INFO]   ✓ qid=9599 → output\2032\3770\9599.sgf
2026-05-28 13:41:19,236 [INFO]   ✓ qid=9990 → output\2032\3770\9990.sgf
2026-05-28 13:41:28,525 [INFO]   ✓ qid=8878 → output\2032\3770\8878.sgf
2026-05-28 13:41:33,941 [INFO]   ✓ qid=27363 → output\2032\3770\27363.sgf
2026-05-28 13:41:42,863 [INFO]   ✓ qid=22481 → output\2032\3770\22481.sgf
2026-05-28 13:41:49,563 [INFO]   ✓ qid=228 → output\2032\3770\228.sgf
2026-05-28 13:41:59,974 [INFO]   ✓ qid=11652 → output\2032\3770\11652.sgf
2026-05-28 13:42:06,562 [INFO]   ✓ qid=10101 → output\2032\3770\10101.sgf
2026-05-28 13:42:12,335 [INFO]   ✓ qid=20020 → output\2032\3770\20020.sgf
2026-05-28 13:42:21,006 [INFO]   ✓ qid=10071 → output\2032\3770\10071.sgf
2026-05-28 13:42:28,510 [INFO]   ✓ qid=8357 → output\2032\3770\8357.sgf
2026-05-28 13:42:34,391 [INFO]   ✓ qid=3715 → output\2032\3770\3715.sgf
2026-05-28 13:42:44,345 [INFO]   ✓ qid=8962 → output\2032\3770\8962.sgf
2026-05-28 13:42:49,952 [INFO]   ✓ qid=9180 → output\2032\3770\9180.sgf
2026-05-28 13:42:59,404 [INFO]   ✓ qid=9473 → output\2032\3770\9473.sgf
2026-05-28 13:43:08,849 [INFO]   ✓ qid=11217 → output\2032\3770\11217.sgf
2026-05-28 13:43:15,572 [INFO]   ✓ qid=11841 → output\2032\3770\11841.sgf
2026-05-28 13:43:24,547 [INFO]   ✓ qid=52443 → output\2032\3770\52443.sgf
2026-05-28 13:43:31,623 [INFO]   ✓ qid=130 → output\2032\3770\130.sgf
2026-05-28 13:43:38,433 [INFO]   ✓ qid=129 → output\2032\3770\129.sgf
2026-05-28 13:43:48,733 [INFO]   ✓ qid=68410 → output\2032\3770\68410.sgf
2026-05-28 13:43:58,166 [INFO]   ✓ qid=15715 → output\2032\3770\15715.sgf
2026-05-28 13:44:05,848 [INFO]   ✓ qid=50509 → output\2032\3770\50509.sgf
2026-05-28 13:44:14,987 [INFO]   ✓ qid=42968 → output\2032\3770\42968.sgf
2026-05-28 13:44:20,776 [INFO]   ✓ qid=27540 → output\2032\3770\27540.sgf
2026-05-28 13:44:30,066 [INFO]   ✓ qid=13240 → output\2032\3770\13240.sgf
2026-05-28 13:44:38,454 [INFO]   ✓ qid=28112 → output\2032\3770\28112.sgf
2026-05-28 13:44:38,454 [INFO]   Capítulo 3772 '双活'
2026-05-28 13:44:54,608 [INFO]   ✓ qid=20197 → output\2032\3772\20197.sgf
2026-05-28 13:45:01,093 [INFO]   ✓ qid=11423 → output\2032\3772\11423.sgf
2026-05-28 13:45:08,307 [INFO]   ✓ qid=9307 → output\2032\3772\9307.sgf
2026-05-28 13:45:14,471 [INFO]   ✓ qid=4426 → output\2032\3772\4426.sgf
2026-05-28 13:45:21,893 [INFO]   ✓ qid=9741 → output\2032\3772\9741.sgf
2026-05-28 13:45:29,092 [INFO]   ✓ qid=10675 → output\2032\3772\10675.sgf
2026-05-28 13:45:37,378 [INFO]   ✓ qid=1404 → output\2032\3772\1404.sgf
2026-05-28 13:45:44,461 [INFO]   ✓ qid=9377 → output\2032\3772\9377.sgf
2026-05-28 13:45:52,542 [INFO]   ✓ qid=12922 → output\2032\3772\12922.sgf
2026-05-28 13:46:02,415 [INFO]   ✓ qid=5116 → output\2032\3772\5116.sgf
2026-05-28 13:46:13,136 [INFO]   ✓ qid=7722 → output\2032\3772\7722.sgf
2026-05-28 13:46:21,371 [INFO]   ✓ qid=20218 → output\2032\3772\20218.sgf
2026-05-28 13:46:28,061 [INFO]   ✓ qid=3109 → output\2032\3772\3109.sgf
2026-05-28 13:46:35,269 [INFO]   ✓ qid=9280 → output\2032\3772\9280.sgf
2026-05-28 13:46:44,385 [INFO]   ✓ qid=51253 → output\2032\3772\51253.sgf
2026-05-28 13:46:54,159 [INFO]   ✓ qid=22104 → output\2032\3772\22104.sgf
2026-05-28 13:47:02,729 [INFO]   ✓ qid=6421 → output\2032\3772\6421.sgf
2026-05-28 13:47:09,523 [INFO]   ✓ qid=7369 → output\2032\3772\7369.sgf
2026-05-28 13:47:18,518 [INFO]   ✓ qid=10555 → output\2032\3772\10555.sgf
2026-05-28 13:47:29,973 [INFO]   ✓ qid=1439 → output\2032\3772\1439.sgf
2026-05-28 13:47:37,476 [INFO]   ✓ qid=8355 → output\2032\3772\8355.sgf
2026-05-28 13:47:48,120 [INFO]   ✓ qid=11182 → output\2032\3772\11182.sgf
2026-05-28 13:47:48,121 [INFO]   Capítulo 130451 '金角银边'
2026-05-28 13:47:56,218 [WARNING]   Sin problemas en capítulo 130451
2026-05-28 13:47:56,219 [INFO]   Capítulo 130452 '三线四线'
2026-05-28 13:48:01,641 [WARNING]   Sin problemas en capítulo 130452
2026-05-28 13:48:01,642 [INFO]   Capítulo 130453 '小飞'
2026-05-28 13:48:07,964 [WARNING]   Sin problemas en capítulo 130453
2026-05-28 13:48:07,965 [INFO]   Capítulo 130454 '拆二'
2026-05-28 13:48:14,832 [WARNING]   Sin problemas en capítulo 130454
2026-05-28 13:48:14,833 [INFO]   Capítulo 133138 '地盘胜负'
2026-05-28 13:48:24,223 [WARNING]   Sin problemas en capítulo 133138
2026-05-28 13:48:24,224 [INFO]   Capítulo 134673 '假眼'
2026-05-28 13:48:33,296 [WARNING]   Sin problemas en capítulo 134673
2026-05-28 13:48:33,297 [INFO]   Capítulo 134674 '扑破眼'
2026-05-28 13:48:39,352 [WARNING]   Sin problemas en capítulo 134674
2026-05-28 13:48:39,353 [INFO]   Capítulo 139125 '根目录'
2026-05-28 13:48:49,311 [WARNING]   Sin problemas en capítulo 139125
2026-05-28 13:48:49,312 [INFO]   Libro 2032 completado: 561 OK, 0 fallidos
2026-05-28 13:48:49,315 [INFO] Libro 34103 — https://www.101weiqi.com/book/34103/
2026-05-28 13:48:55,288 [INFO]   '101启蒙吃子练习' — 4 capítulos
2026-05-28 13:48:56,477 [INFO]   Capítulo 31810 '入门吃子'
2026-05-28 13:49:12,591 [INFO]   ✓ qid=223680 → output\34103\31810\223680.sgf
2026-05-28 13:49:20,674 [INFO]   ✓ qid=223736 → output\34103\31810\223736.sgf
2026-05-28 13:49:28,467 [INFO]   ✓ qid=223714 → output\34103\31810\223714.sgf
2026-05-28 13:49:37,870 [INFO]   ✓ qid=51586 → output\34103\31810\51586.sgf
2026-05-28 13:49:47,745 [INFO]   ✓ qid=223673 → output\34103\31810\223673.sgf
2026-05-28 13:49:55,070 [INFO]   ✓ qid=223762 → output\34103\31810\223762.sgf
2026-05-28 13:50:04,663 [INFO]   ✓ qid=223684 → output\34103\31810\223684.sgf
2026-05-28 13:50:10,383 [INFO]   ✓ qid=223756 → output\34103\31810\223756.sgf
2026-05-28 13:50:16,074 [INFO]   ✓ qid=223677 → output\34103\31810\223677.sgf
2026-05-28 13:50:22,183 [INFO]   ✓ qid=223775 → output\34103\31810\223775.sgf
2026-05-28 13:50:27,696 [INFO]   ✓ qid=61279 → output\34103\31810\61279.sgf
2026-05-28 13:50:36,730 [INFO]   ✓ qid=223815 → output\34103\31810\223815.sgf
2026-05-28 13:50:42,464 [INFO]   ✓ qid=223671 → output\34103\31810\223671.sgf
2026-05-28 13:50:48,835 [INFO]   ✓ qid=223763 → output\34103\31810\223763.sgf
2026-05-28 13:50:55,591 [INFO]   ✓ qid=223764 → output\34103\31810\223764.sgf
2026-05-28 13:51:05,025 [INFO]   ✓ qid=223774 → output\34103\31810\223774.sgf
2026-05-28 13:51:11,424 [INFO]   ✓ qid=223769 → output\34103\31810\223769.sgf
2026-05-28 13:51:21,270 [INFO]   ✓ qid=223771 → output\34103\31810\223771.sgf
2026-05-28 13:51:31,357 [INFO]   ✓ qid=223772 → output\34103\31810\223772.sgf
2026-05-28 13:51:38,261 [INFO]   ✓ qid=223776 → output\34103\31810\223776.sgf
2026-05-28 13:51:46,219 [INFO]   ✓ qid=223770 → output\34103\31810\223770.sgf
2026-05-28 13:51:52,401 [INFO]   ✓ qid=223779 → output\34103\31810\223779.sgf
2026-05-28 13:52:01,880 [INFO]   ✓ qid=223781 → output\34103\31810\223781.sgf
2026-05-28 13:52:08,783 [INFO]   ✓ qid=223784 → output\34103\31810\223784.sgf
2026-05-28 13:52:16,177 [INFO]   ✓ qid=223785 → output\34103\31810\223785.sgf
2026-05-28 13:52:23,783 [INFO]   ✓ qid=223786 → output\34103\31810\223786.sgf
2026-05-28 13:52:29,912 [INFO]   ✓ qid=223788 → output\34103\31810\223788.sgf
2026-05-28 13:52:36,605 [INFO]   ✓ qid=223789 → output\34103\31810\223789.sgf
2026-05-28 13:52:44,714 [INFO]   ✓ qid=223792 → output\34103\31810\223792.sgf
2026-05-28 13:52:50,445 [INFO]   ✓ qid=223793 → output\34103\31810\223793.sgf
2026-05-28 13:52:58,336 [INFO]   ✓ qid=223795 → output\34103\31810\223795.sgf
2026-05-28 13:53:04,301 [INFO]   ✓ qid=223797 → output\34103\31810\223797.sgf
2026-05-28 13:53:10,785 [INFO]   ✓ qid=223799 → output\34103\31810\223799.sgf
2026-05-28 13:53:21,100 [INFO]   ✓ qid=223802 → output\34103\31810\223802.sgf
2026-05-28 13:53:26,830 [INFO]   ✓ qid=223717 → output\34103\31810\223717.sgf
2026-05-28 13:53:33,433 [INFO]   ✓ qid=223768 → output\34103\31810\223768.sgf
2026-05-28 13:53:40,558 [INFO]   ✓ qid=223713 → output\34103\31810\223713.sgf
2026-05-28 13:53:47,213 [INFO]   ✓ qid=223664 → output\34103\31810\223664.sgf
2026-05-28 13:53:57,065 [INFO]   ✓ qid=223665 → output\34103\31810\223665.sgf
2026-05-28 13:54:04,600 [INFO]   ✓ qid=223657 → output\34103\31810\223657.sgf
2026-05-28 13:54:13,312 [INFO]   ✓ qid=223659 → output\34103\31810\223659.sgf
2026-05-28 13:54:19,302 [INFO]   ✓ qid=223652 → output\34103\31810\223652.sgf
2026-05-28 13:54:27,044 [INFO]   ✓ qid=8054 → output\34103\31810\8054.sgf
2026-05-28 13:54:34,263 [INFO]   ✓ qid=51587 → output\34103\31810\51587.sgf
2026-05-28 13:54:40,222 [INFO]   ✓ qid=223666 → output\34103\31810\223666.sgf
2026-05-28 13:54:50,212 [INFO]   ✓ qid=158788 → output\34103\31810\158788.sgf
2026-05-28 13:54:57,275 [INFO]   ✓ qid=129929 → output\34103\31810\129929.sgf
2026-05-28 13:55:03,772 [INFO]   ✓ qid=129930 → output\34103\31810\129930.sgf
2026-05-28 13:55:12,969 [INFO]   ✓ qid=223648 → output\34103\31810\223648.sgf
2026-05-28 13:55:18,742 [INFO]   ✓ qid=223650 → output\34103\31810\223650.sgf
2026-05-28 13:55:26,963 [INFO]   ✓ qid=223670 → output\34103\31810\223670.sgf
2026-05-28 13:55:35,804 [INFO]   ✓ qid=223674 → output\34103\31810\223674.sgf
2026-05-28 13:55:45,403 [INFO]   ✓ qid=223681 → output\34103\31810\223681.sgf
2026-05-28 13:55:55,343 [INFO]   ✓ qid=223682 → output\34103\31810\223682.sgf
2026-05-28 13:56:03,166 [INFO]   ✓ qid=223685 → output\34103\31810\223685.sgf
2026-05-28 13:56:09,869 [INFO]   ✓ qid=223686 → output\34103\31810\223686.sgf
2026-05-28 13:56:19,474 [INFO]   ✓ qid=223687 → output\34103\31810\223687.sgf
2026-05-28 13:56:27,725 [INFO]   ✓ qid=223692 → output\34103\31810\223692.sgf
2026-05-28 13:56:34,394 [INFO]   ✓ qid=223720 → output\34103\31810\223720.sgf
2026-05-28 13:56:40,363 [INFO]   ✓ qid=223722 → output\34103\31810\223722.sgf
2026-05-28 13:56:40,364 [INFO]   Capítulo 30412 '基础吃子'
2026-05-28 13:56:56,840 [INFO]   ✓ qid=166422 → output\34103\30412\166422.sgf
2026-05-28 13:57:04,731 [INFO]   ✓ qid=166418 → output\34103\30412\166418.sgf
2026-05-28 13:57:14,304 [INFO]   ✓ qid=166416 → output\34103\30412\166416.sgf
2026-05-28 13:57:20,442 [INFO]   ✓ qid=166413 → output\34103\30412\166413.sgf
2026-05-28 13:57:28,943 [INFO]   ✓ qid=161817 → output\34103\30412\161817.sgf
2026-05-28 13:57:37,224 [INFO]   ✓ qid=161806 → output\34103\30412\161806.sgf
2026-05-28 13:57:43,853 [INFO]   ✓ qid=141997 → output\34103\30412\141997.sgf
2026-05-28 13:57:49,356 [INFO]   ✓ qid=135806 → output\34103\30412\135806.sgf
2026-05-28 13:57:57,914 [INFO]   ✓ qid=131078 → output\34103\30412\131078.sgf
2026-05-28 13:58:06,575 [INFO]   ✓ qid=128103 → output\34103\30412\128103.sgf
2026-05-28 13:58:14,065 [INFO]   ✓ qid=104469 → output\34103\30412\104469.sgf
2026-05-28 13:58:21,914 [INFO]   ✓ qid=104461 → output\34103\30412\104461.sgf
2026-05-28 13:58:30,346 [INFO]   ✓ qid=104389 → output\34103\30412\104389.sgf
2026-05-28 13:58:38,760 [INFO]   ✓ qid=100687 → output\34103\30412\100687.sgf
2026-05-28 13:58:44,764 [INFO]   ✓ qid=76958 → output\34103\30412\76958.sgf
2026-05-28 13:58:53,702 [INFO]   ✓ qid=76924 → output\34103\30412\76924.sgf
2026-05-28 13:59:02,767 [INFO]   ✓ qid=76863 → output\34103\30412\76863.sgf
2026-05-28 13:59:11,573 [INFO]   ✓ qid=76844 → output\34103\30412\76844.sgf
2026-05-28 13:59:18,393 [INFO]   ✓ qid=76800 → output\34103\30412\76800.sgf
2026-05-28 13:59:26,903 [INFO]   ✓ qid=76797 → output\34103\30412\76797.sgf
2026-05-28 13:59:34,366 [INFO]   ✓ qid=76788 → output\34103\30412\76788.sgf
2026-05-28 13:59:41,115 [INFO]   ✓ qid=70217 → output\34103\30412\70217.sgf
2026-05-28 13:59:46,995 [INFO]   ✓ qid=70216 → output\34103\30412\70216.sgf
2026-05-28 13:59:56,126 [INFO]   ✓ qid=68036 → output\34103\30412\68036.sgf
2026-05-28 14:00:04,231 [INFO]   ✓ qid=66610 → output\34103\30412\66610.sgf
2026-05-28 14:00:12,276 [INFO]   ✓ qid=65557 → output\34103\30412\65557.sgf
2026-05-28 14:00:22,003 [INFO]   ✓ qid=62731 → output\34103\30412\62731.sgf
2026-05-28 14:00:28,695 [INFO]   ✓ qid=62716 → output\34103\30412\62716.sgf
2026-05-28 14:00:37,495 [INFO]   ✓ qid=62711 → output\34103\30412\62711.sgf
2026-05-28 14:00:43,336 [INFO]   ✓ qid=62708 → output\34103\30412\62708.sgf
2026-05-28 14:00:50,885 [INFO]   ✓ qid=62705 → output\34103\30412\62705.sgf
2026-05-28 14:01:01,002 [INFO]   ✓ qid=62702 → output\34103\30412\62702.sgf
2026-05-28 14:01:10,525 [INFO]   ✓ qid=62697 → output\34103\30412\62697.sgf
2026-05-28 14:01:17,094 [INFO]   ✓ qid=62695 → output\34103\30412\62695.sgf
2026-05-28 14:01:23,161 [INFO]   ✓ qid=62685 → output\34103\30412\62685.sgf
2026-05-28 14:01:31,297 [INFO]   ✓ qid=62682 → output\34103\30412\62682.sgf
2026-05-28 14:01:39,295 [INFO]   ✓ qid=61552 → output\34103\30412\61552.sgf
2026-05-28 14:01:47,596 [INFO]   ✓ qid=61547 → output\34103\30412\61547.sgf
2026-05-28 14:01:54,647 [INFO]   ✓ qid=61529 → output\34103\30412\61529.sgf
2026-05-28 14:02:01,617 [INFO]   ✓ qid=61527 → output\34103\30412\61527.sgf
2026-05-28 14:02:07,770 [INFO]   ✓ qid=61416 → output\34103\30412\61416.sgf
2026-05-28 14:02:14,547 [INFO]   ✓ qid=53806 → output\34103\30412\53806.sgf
2026-05-28 14:02:23,257 [INFO]   ✓ qid=49804 → output\34103\30412\49804.sgf
2026-05-28 14:02:33,185 [INFO]   ✓ qid=49736 → output\34103\30412\49736.sgf
2026-05-28 14:02:41,894 [INFO]   ✓ qid=49731 → output\34103\30412\49731.sgf
2026-05-28 14:02:49,988 [INFO]   ✓ qid=39664 → output\34103\30412\39664.sgf
2026-05-28 14:02:59,787 [INFO]   ✓ qid=28957 → output\34103\30412\28957.sgf
2026-05-28 14:03:06,968 [INFO]   ✓ qid=28277 → output\34103\30412\28277.sgf
2026-05-28 14:03:16,810 [INFO]   ✓ qid=20725 → output\34103\30412\20725.sgf
2026-05-28 14:03:24,528 [INFO]   ✓ qid=10966 → output\34103\30412\10966.sgf
2026-05-28 14:03:34,582 [INFO]   ✓ qid=9113 → output\34103\30412\9113.sgf
2026-05-28 14:03:43,817 [INFO]   ✓ qid=9092 → output\34103\30412\9092.sgf
2026-05-28 14:03:53,032 [INFO]   ✓ qid=9066 → output\34103\30412\9066.sgf
2026-05-28 14:04:00,441 [INFO]   ✓ qid=9017 → output\34103\30412\9017.sgf
2026-05-28 14:04:07,503 [INFO]   ✓ qid=8776 → output\34103\30412\8776.sgf
2026-05-28 14:04:12,969 [INFO]   ✓ qid=8330 → output\34103\30412\8330.sgf
2026-05-28 14:04:20,933 [INFO]   ✓ qid=8248 → output\34103\30412\8248.sgf
2026-05-28 14:04:29,778 [INFO]   ✓ qid=200134 → output\34103\30412\200134.sgf
2026-05-28 14:04:40,802 [INFO]   ✓ qid=166421 → output\34103\30412\166421.sgf
2026-05-28 14:04:47,660 [INFO]   ✓ qid=166420 → output\34103\30412\166420.sgf
2026-05-28 14:04:47,661 [INFO]   Capítulo 30695 '逃子'
2026-05-28 14:05:00,686 [INFO]   ✓ qid=219518 → output\34103\30695\219518.sgf
2026-05-28 14:05:07,154 [INFO]   ✓ qid=219513 → output\34103\30695\219513.sgf
2026-05-28 14:05:15,829 [INFO]   ✓ qid=219505 → output\34103\30695\219505.sgf
2026-05-28 14:05:22,346 [INFO]   ✓ qid=219500 → output\34103\30695\219500.sgf
2026-05-28 14:05:29,594 [INFO]   ✓ qid=219498 → output\34103\30695\219498.sgf
2026-05-28 14:05:37,999 [INFO]   ✓ qid=219489 → output\34103\30695\219489.sgf
2026-05-28 14:05:46,624 [INFO]   ✓ qid=219482 → output\34103\30695\219482.sgf
2026-05-28 14:05:52,597 [INFO]   ✓ qid=219481 → output\34103\30695\219481.sgf
2026-05-28 14:05:58,064 [INFO]   ✓ qid=219480 → output\34103\30695\219480.sgf
2026-05-28 14:06:04,860 [INFO]   ✓ qid=219479 → output\34103\30695\219479.sgf
2026-05-28 14:06:13,254 [INFO]   ✓ qid=219477 → output\34103\30695\219477.sgf
2026-05-28 14:06:22,229 [INFO]   ✓ qid=219476 → output\34103\30695\219476.sgf
2026-05-28 14:06:31,887 [INFO]   ✓ qid=219474 → output\34103\30695\219474.sgf
2026-05-28 14:06:37,942 [INFO]   ✓ qid=219473 → output\34103\30695\219473.sgf
2026-05-28 14:06:46,841 [INFO]   ✓ qid=219472 → output\34103\30695\219472.sgf
2026-05-28 14:06:54,756 [INFO]   ✓ qid=219471 → output\34103\30695\219471.sgf
2026-05-28 14:07:03,433 [INFO]   ✓ qid=219469 → output\34103\30695\219469.sgf
2026-05-28 14:07:10,414 [INFO]   ✓ qid=219468 → output\34103\30695\219468.sgf
2026-05-28 14:07:16,100 [INFO]   ✓ qid=219467 → output\34103\30695\219467.sgf
2026-05-28 14:07:24,250 [INFO]   ✓ qid=219466 → output\34103\30695\219466.sgf
2026-05-28 14:07:31,417 [INFO]   ✓ qid=219465 → output\34103\30695\219465.sgf
2026-05-28 14:07:37,123 [INFO]   ✓ qid=219464 → output\34103\30695\219464.sgf
2026-05-28 14:07:43,470 [INFO]   ✓ qid=219463 → output\34103\30695\219463.sgf
2026-05-28 14:07:53,462 [INFO]   ✓ qid=219462 → output\34103\30695\219462.sgf
2026-05-28 14:08:05,217 [INFO]   ✓ qid=219461 → output\34103\30695\219461.sgf
2026-05-28 14:08:15,002 [INFO]   ✓ qid=219459 → output\34103\30695\219459.sgf
2026-05-28 14:08:21,734 [INFO]   ✓ qid=219458 → output\34103\30695\219458.sgf
2026-05-28 14:08:28,572 [INFO]   ✓ qid=219456 → output\34103\30695\219456.sgf
2026-05-28 14:08:35,416 [INFO]   ✓ qid=219454 → output\34103\30695\219454.sgf
2026-05-28 14:08:43,283 [INFO]   ✓ qid=219453 → output\34103\30695\219453.sgf
2026-05-28 14:08:52,397 [INFO]   ✓ qid=219452 → output\34103\30695\219452.sgf
2026-05-28 14:09:00,637 [INFO]   ✓ qid=219451 → output\34103\30695\219451.sgf
2026-05-28 14:09:10,245 [INFO]   ✓ qid=219450 → output\34103\30695\219450.sgf
2026-05-28 14:09:18,500 [INFO]   ✓ qid=219449 → output\34103\30695\219449.sgf
2026-05-28 14:09:23,940 [INFO]   ✓ qid=219448 → output\34103\30695\219448.sgf
2026-05-28 14:09:32,661 [INFO]   ✓ qid=219446 → output\34103\30695\219446.sgf
2026-05-28 14:09:38,453 [INFO]   ✓ qid=219445 → output\34103\30695\219445.sgf
2026-05-28 14:09:46,300 [INFO]   ✓ qid=219444 → output\34103\30695\219444.sgf
2026-05-28 14:09:54,582 [INFO]   ✓ qid=219443 → output\34103\30695\219443.sgf
2026-05-28 14:09:54,583 [INFO]   Capítulo 30698 '手筋吃子'
2026-05-28 14:10:11,390 [INFO]   ✓ qid=219561 → output\34103\30698\219561.sgf
2026-05-28 14:10:21,122 [INFO]   ✓ qid=219560 → output\34103\30698\219560.sgf
2026-05-28 14:10:30,158 [INFO]   ✓ qid=219559 → output\34103\30698\219559.sgf
2026-05-28 14:10:35,708 [INFO]   ✓ qid=219556 → output\34103\30698\219556.sgf
2026-05-28 14:10:41,387 [INFO]   ✓ qid=219554 → output\34103\30698\219554.sgf
2026-05-28 14:10:50,878 [INFO]   ✓ qid=219553 → output\34103\30698\219553.sgf
2026-05-28 14:11:00,519 [INFO]   ✓ qid=219552 → output\34103\30698\219552.sgf
2026-05-28 14:11:08,306 [INFO]   ✓ qid=219551 → output\34103\30698\219551.sgf
2026-05-28 14:11:15,918 [INFO]   ✓ qid=219550 → output\34103\30698\219550.sgf
2026-05-28 14:11:23,455 [INFO]   ✓ qid=219549 → output\34103\30698\219549.sgf
2026-05-28 14:11:30,578 [INFO]   ✓ qid=219548 → output\34103\30698\219548.sgf
2026-05-28 14:11:39,654 [INFO]   ✓ qid=219547 → output\34103\30698\219547.sgf
2026-05-28 14:11:49,532 [INFO]   ✓ qid=219546 → output\34103\30698\219546.sgf
2026-05-28 14:11:55,829 [INFO]   ✓ qid=219545 → output\34103\30698\219545.sgf
2026-05-28 14:12:03,771 [INFO]   ✓ qid=219544 → output\34103\30698\219544.sgf
2026-05-28 14:12:12,060 [INFO]   ✓ qid=219543 → output\34103\30698\219543.sgf
2026-05-28 14:12:21,685 [INFO]   ✓ qid=219540 → output\34103\30698\219540.sgf
2026-05-28 14:12:30,425 [INFO]   ✓ qid=219539 → output\34103\30698\219539.sgf
2026-05-28 14:12:36,104 [INFO]   ✓ qid=219538 → output\34103\30698\219538.sgf
2026-05-28 14:12:42,008 [INFO]   ✓ qid=219537 → output\34103\30698\219537.sgf
2026-05-28 14:12:51,757 [INFO]   ✓ qid=219536 → output\34103\30698\219536.sgf
2026-05-28 14:12:57,894 [INFO]   ✓ qid=219535 → output\34103\30698\219535.sgf
2026-05-28 14:13:07,771 [INFO]   ✓ qid=219532 → output\34103\30698\219532.sgf
2026-05-28 14:13:14,298 [INFO]   ✓ qid=219531 → output\34103\30698\219531.sgf
2026-05-28 14:13:22,196 [INFO]   ✓ qid=219530 → output\34103\30698\219530.sgf
2026-05-28 14:13:28,405 [INFO]   ✓ qid=219529 → output\34103\30698\219529.sgf
2026-05-28 14:13:38,425 [INFO]   ✓ qid=219528 → output\34103\30698\219528.sgf
2026-05-28 14:13:48,559 [INFO]   ✓ qid=219527 → output\34103\30698\219527.sgf
2026-05-28 14:13:57,114 [INFO]   ✓ qid=219526 → output\34103\30698\219526.sgf
2026-05-28 14:14:07,106 [INFO]   ✓ qid=219523 → output\34103\30698\219523.sgf
2026-05-28 14:14:16,960 [INFO]   ✓ qid=219525 → output\34103\30698\219525.sgf
2026-05-28 14:14:25,615 [INFO]   ✓ qid=219541 → output\34103\30698\219541.sgf
2026-05-28 14:14:25,616 [INFO]   Libro 34103 completado: 191 OK, 0 fallidos
2026-05-28 14:14:25,617 [INFO] Libro 5121 — https://www.101weiqi.com/book/5121/
2026-05-28 14:14:35,322 [INFO]   '叶老师围棋入门班' — 29 capítulos
2026-05-28 14:15:05,158 [INFO]   Capítulo 8973 '气、吃子'
2026-05-28 14:15:21,569 [INFO]   ✓ qid=28957 → output\5121\8973\28957.sgf
2026-05-28 14:15:29,776 [INFO]   ✓ qid=9124 → output\5121\8973\9124.sgf
2026-05-28 14:15:36,951 [INFO]   ✓ qid=8593 → output\5121\8973\8593.sgf
2026-05-28 14:15:42,855 [INFO]   ✓ qid=8274 → output\5121\8973\8274.sgf
2026-05-28 14:15:49,866 [INFO]   ✓ qid=8374 → output\5121\8973\8374.sgf
2026-05-28 14:15:59,659 [INFO]   ✓ qid=8767 → output\5121\8973\8767.sgf
2026-05-28 14:16:07,137 [INFO]   ✓ qid=9169 → output\5121\8973\9169.sgf
2026-05-28 14:16:16,323 [INFO]   ✓ qid=43324 → output\5121\8973\43324.sgf
2026-05-28 14:16:22,799 [INFO]   ✓ qid=9046 → output\5121\8973\9046.sgf
2026-05-28 14:16:31,253 [INFO]   ✓ qid=8457 → output\5121\8973\8457.sgf
2026-05-28 14:16:40,641 [INFO]   ✓ qid=8956 → output\5121\8973\8956.sgf
2026-05-28 14:16:46,529 [INFO]   ✓ qid=8908 → output\5121\8973\8908.sgf
2026-05-28 14:16:54,724 [INFO]   ✓ qid=8841 → output\5121\8973\8841.sgf
2026-05-28 14:17:00,902 [INFO]   ✓ qid=8174 → output\5121\8973\8174.sgf
2026-05-28 14:17:08,921 [INFO]   ✓ qid=51931 → output\5121\8973\51931.sgf
2026-05-28 14:17:16,736 [INFO]   ✓ qid=9152 → output\5121\8973\9152.sgf
2026-05-28 14:17:23,659 [INFO]   ✓ qid=9049 → output\5121\8973\9049.sgf
2026-05-28 14:17:33,847 [INFO]   ✓ qid=17985 → output\5121\8973\17985.sgf
2026-05-28 14:17:41,212 [INFO]   ✓ qid=8435 → output\5121\8973\8435.sgf
2026-05-28 14:17:48,288 [INFO]   ✓ qid=49915 → output\5121\8973\49915.sgf
2026-05-28 14:17:57,022 [INFO]   ✓ qid=9093 → output\5121\8973\9093.sgf
2026-05-28 14:18:04,729 [INFO]   ✓ qid=43301 → output\5121\8973\43301.sgf
2026-05-28 14:18:17,069 [INFO]   ✓ qid=8688 → output\5121\8973\8688.sgf
2026-05-28 14:18:27,058 [INFO]   ✓ qid=9086 → output\5121\8973\9086.sgf
2026-05-28 14:18:35,586 [INFO]   ✓ qid=8831 → output\5121\8973\8831.sgf
2026-05-28 14:18:45,152 [INFO]   ✓ qid=20435 → output\5121\8973\20435.sgf
2026-05-28 14:18:55,568 [INFO]   ✓ qid=8564 → output\5121\8973\8564.sgf
2026-05-28 14:19:03,764 [INFO]   ✓ qid=8872 → output\5121\8973\8872.sgf
2026-05-28 14:19:09,806 [INFO]   ✓ qid=21722 → output\5121\8973\21722.sgf
2026-05-28 14:19:17,332 [INFO]   ✓ qid=9087 → output\5121\8973\9087.sgf
2026-05-28 14:19:26,017 [INFO]   ✓ qid=8405 → output\5121\8973\8405.sgf
2026-05-28 14:19:31,910 [INFO]   ✓ qid=9425 → output\5121\8973\9425.sgf
2026-05-28 14:19:38,684 [INFO]   ✓ qid=8615 → output\5121\8973\8615.sgf
2026-05-28 14:19:47,618 [INFO]   ✓ qid=28277 → output\5121\8973\28277.sgf
2026-05-28 14:19:57,273 [INFO]   ✓ qid=9022 → output\5121\8973\9022.sgf
2026-05-28 14:20:02,808 [INFO]   ✓ qid=8896 → output\5121\8973\8896.sgf
2026-05-28 14:20:11,180 [INFO]   ✓ qid=8714 → output\5121\8973\8714.sgf
2026-05-28 14:20:18,314 [INFO]   ✓ qid=8217 → output\5121\8973\8217.sgf
2026-05-28 14:20:18,316 [INFO]   Capítulo 54684 '逃跑'
2026-05-28 14:20:30,946 [INFO]   ✓ qid=9247 → output\5121\54684\9247.sgf
2026-05-28 14:20:39,328 [INFO]   ✓ qid=8877 → output\5121\54684\8877.sgf
2026-05-28 14:20:44,830 [INFO]   ✓ qid=9130 → output\5121\54684\9130.sgf
2026-05-28 14:20:51,808 [INFO]   ✓ qid=9245 → output\5121\54684\9245.sgf
2026-05-28 14:20:59,958 [INFO]   ✓ qid=8466 → output\5121\54684\8466.sgf
2026-05-28 14:21:05,899 [INFO]   ✓ qid=9106 → output\5121\54684\9106.sgf
2026-05-28 14:21:12,100 [INFO]   ✓ qid=9524 → output\5121\54684\9524.sgf
2026-05-28 14:21:19,792 [INFO]   ✓ qid=9737 → output\5121\54684\9737.sgf
2026-05-28 14:21:26,226 [INFO]   ✓ qid=9228 → output\5121\54684\9228.sgf
2026-05-28 14:21:34,461 [INFO]   ✓ qid=8701 → output\5121\54684\8701.sgf
2026-05-28 14:21:40,607 [INFO]   ✓ qid=9678 → output\5121\54684\9678.sgf
2026-05-28 14:21:50,569 [INFO]   ✓ qid=10174 → output\5121\54684\10174.sgf
2026-05-28 14:21:58,294 [INFO]   ✓ qid=8488 → output\5121\54684\8488.sgf
2026-05-28 14:22:05,600 [INFO]   ✓ qid=10058 → output\5121\54684\10058.sgf
2026-05-28 14:22:14,503 [INFO]   ✓ qid=8793 → output\5121\54684\8793.sgf
2026-05-28 14:22:21,288 [INFO]   ✓ qid=8613 → output\5121\54684\8613.sgf
2026-05-28 14:22:28,182 [INFO]   ✓ qid=9335 → output\5121\54684\9335.sgf
2026-05-28 14:22:36,007 [INFO]   ✓ qid=10039 → output\5121\54684\10039.sgf
2026-05-28 14:22:43,983 [INFO]   ✓ qid=9026 → output\5121\54684\9026.sgf
2026-05-28 14:22:49,827 [INFO]   ✓ qid=9615 → output\5121\54684\9615.sgf
2026-05-28 14:22:59,842 [INFO]   ✓ qid=9864 → output\5121\54684\9864.sgf
2026-05-28 14:23:08,896 [INFO]   ✓ qid=9918 → output\5121\54684\9918.sgf
2026-05-28 14:23:16,133 [INFO]   ✓ qid=8567 → output\5121\54684\8567.sgf
2026-05-28 14:23:24,686 [INFO]   ✓ qid=9353 → output\5121\54684\9353.sgf
2026-05-28 14:23:32,302 [INFO]   ✓ qid=9899 → output\5121\54684\9899.sgf
2026-05-28 14:23:41,726 [INFO]   ✓ qid=7677 → output\5121\54684\7677.sgf
2026-05-28 14:23:48,308 [INFO]   ✓ qid=9897 → output\5121\54684\9897.sgf
2026-05-28 14:23:57,113 [INFO]   ✓ qid=12140 → output\5121\54684\12140.sgf
2026-05-28 14:23:57,114 [INFO]   Capítulo 12822 '虎口'
2026-05-28 14:24:13,656 [INFO]   ✓ qid=71892 → output\5121\12822\71892.sgf
2026-05-28 14:24:19,461 [INFO]   ✓ qid=70920 → output\5121\12822\70920.sgf
2026-05-28 14:24:27,392 [INFO]   ✓ qid=71895 → output\5121\12822\71895.sgf
2026-05-28 14:24:35,562 [INFO]   ✓ qid=70918 → output\5121\12822\70918.sgf
2026-05-28 14:24:45,509 [INFO]   ✓ qid=70919 → output\5121\12822\70919.sgf
2026-05-28 14:24:54,321 [INFO]   ✓ qid=70921 → output\5121\12822\70921.sgf
2026-05-28 14:25:01,356 [INFO]   ✓ qid=71893 → output\5121\12822\71893.sgf
2026-05-28 14:25:09,776 [INFO]   ✓ qid=70929 → output\5121\12822\70929.sgf
2026-05-28 14:25:19,395 [INFO]   ✓ qid=70930 → output\5121\12822\70930.sgf
2026-05-28 14:25:25,601 [INFO]   ✓ qid=71894 → output\5121\12822\71894.sgf
2026-05-28 14:25:32,403 [INFO]   ✓ qid=70922 → output\5121\12822\70922.sgf
2026-05-28 14:25:41,353 [INFO]   ✓ qid=70933 → output\5121\12822\70933.sgf
2026-05-28 14:25:49,385 [INFO]   ✓ qid=70927 → output\5121\12822\70927.sgf
2026-05-28 14:25:55,667 [INFO]   ✓ qid=70928 → output\5121\12822\70928.sgf
2026-05-28 14:26:02,480 [INFO]   ✓ qid=70934 → output\5121\12822\70934.sgf
2026-05-28 14:26:09,484 [INFO]   ✓ qid=70926 → output\5121\12822\70926.sgf
2026-05-28 14:26:18,797 [INFO]   ✓ qid=70923 → output\5121\12822\70923.sgf
2026-05-28 14:26:25,614 [INFO]   ✓ qid=70925 → output\5121\12822\70925.sgf
2026-05-28 14:26:34,596 [INFO]   ✓ qid=72672 → output\5121\12822\72672.sgf
2026-05-28 14:26:40,413 [INFO]   ✓ qid=70932 → output\5121\12822\70932.sgf
2026-05-28 14:26:49,864 [INFO]   ✓ qid=70931 → output\5121\12822\70931.sgf
2026-05-28 14:26:55,723 [INFO]   ✓ qid=70924 → output\5121\12822\70924.sgf
2026-05-28 14:26:55,724 [INFO]   Capítulo 8974 '禁止点'
2026-05-28 14:27:08,658 [INFO]   ✓ qid=70940 → output\5121\8974\70940.sgf
2026-05-28 14:27:16,378 [INFO]   ✓ qid=70935 → output\5121\8974\70935.sgf
2026-05-28 14:27:25,056 [INFO]   ✓ qid=70936 → output\5121\8974\70936.sgf
2026-05-28 14:27:31,972 [INFO]   ✓ qid=71021 → output\5121\8974\71021.sgf
2026-05-28 14:27:39,159 [INFO]   ✓ qid=70946 → output\5121\8974\70946.sgf
2026-05-28 14:27:44,608 [INFO]   ✓ qid=70945 → output\5121\8974\70945.sgf
2026-05-28 14:27:53,547 [INFO]   ✓ qid=70937 → output\5121\8974\70937.sgf
2026-05-28 14:28:03,407 [INFO]   ✓ qid=70938 → output\5121\8974\70938.sgf
2026-05-28 14:28:09,852 [INFO]   ✓ qid=70941 → output\5121\8974\70941.sgf
2026-05-28 14:28:18,285 [INFO]   ✓ qid=70939 → output\5121\8974\70939.sgf
2026-05-28 14:28:28,280 [INFO]   ✓ qid=71022 → output\5121\8974\71022.sgf
2026-05-28 14:28:35,148 [INFO]   ✓ qid=71024 → output\5121\8974\71024.sgf
2026-05-28 14:28:44,174 [INFO]   ✓ qid=71023 → output\5121\8974\71023.sgf
2026-05-28 14:28:52,532 [INFO]   ✓ qid=70942 → output\5121\8974\70942.sgf
2026-05-28 14:28:58,546 [INFO]   ✓ qid=70947 → output\5121\8974\70947.sgf
2026-05-28 14:29:05,409 [INFO]   ✓ qid=70943 → output\5121\8974\70943.sgf
2026-05-28 14:29:13,092 [INFO]   ✓ qid=71891 → output\5121\8974\71891.sgf
2026-05-28 14:29:22,134 [INFO]   ✓ qid=70944 → output\5121\8974\70944.sgf
2026-05-28 14:29:30,858 [INFO]   ✓ qid=71890 → output\5121\8974\71890.sgf
2026-05-28 14:29:30,858 [INFO]   Capítulo 12823 '互相叫吃'
2026-05-28 14:29:47,772 [INFO]   ✓ qid=51931 → output\5121\12823\51931.sgf
2026-05-28 14:29:57,474 [INFO]   ✓ qid=50427 → output\5121\12823\50427.sgf
2026-05-28 14:30:07,324 [WARNING]   Posible throttling en qid=50429 — pausa 60-120s
2026-05-28 14:31:45,647 [INFO]   ✓ qid=50429 → output\5121\12823\50429.sgf
2026-05-28 14:31:54,125 [INFO]   ✓ qid=8201 → output\5121\12823\8201.sgf
2026-05-28 14:32:02,598 [INFO]   ✓ qid=50430 → output\5121\12823\50430.sgf
2026-05-28 14:32:09,388 [INFO]   ✓ qid=8891 → output\5121\12823\8891.sgf
2026-05-28 14:32:15,994 [INFO]   ✓ qid=8333 → output\5121\12823\8333.sgf
2026-05-28 14:32:25,177 [INFO]   ✓ qid=9165 → output\5121\12823\9165.sgf
2026-05-28 14:32:32,474 [INFO]   ✓ qid=8366 → output\5121\12823\8366.sgf
2026-05-28 14:32:39,228 [INFO]   ✓ qid=8667 → output\5121\12823\8667.sgf
2026-05-28 14:32:47,463 [INFO]   ✓ qid=8665 → output\5121\12823\8665.sgf
2026-05-28 14:32:57,767 [INFO]   ✓ qid=8550 → output\5121\12823\8550.sgf
2026-05-28 14:33:08,072 [INFO]   ✓ qid=9038 → output\5121\12823\9038.sgf
2026-05-28 14:33:17,455 [INFO]   ✓ qid=8608 → output\5121\12823\8608.sgf
2026-05-28 14:33:23,460 [INFO]   ✓ qid=8277 → output\5121\12823\8277.sgf
2026-05-28 14:33:31,122 [INFO]   ✓ qid=42257 → output\5121\12823\42257.sgf
2026-05-28 14:33:40,483 [INFO]   ✓ qid=9023 → output\5121\12823\9023.sgf
2026-05-28 14:33:48,662 [INFO]   ✓ qid=8912 → output\5121\12823\8912.sgf
2026-05-28 14:33:58,405 [INFO]   ✓ qid=8200 → output\5121\12823\8200.sgf
2026-05-28 14:33:58,405 [INFO]   Capítulo 8976 '连接、分断'
2026-05-28 14:34:14,726 [INFO]   ✓ qid=8890 → output\5121\8976\8890.sgf
2026-05-28 14:34:24,285 [INFO]   ✓ qid=10072 → output\5121\8976\10072.sgf
2026-05-28 14:34:33,314 [INFO]   ✓ qid=9562 → output\5121\8976\9562.sgf
2026-05-28 14:34:42,725 [INFO]   ✓ qid=8817 → output\5121\8976\8817.sgf
2026-05-28 14:34:50,264 [INFO]   ✓ qid=60824 → output\5121\8976\60824.sgf
2026-05-28 14:34:58,632 [INFO]   ✓ qid=8901 → output\5121\8976\8901.sgf
2026-05-28 14:35:06,834 [INFO]   ✓ qid=9080 → output\5121\8976\9080.sgf
2026-05-28 14:35:16,271 [INFO]   ✓ qid=8903 → output\5121\8976\8903.sgf
2026-05-28 14:35:22,033 [INFO]   ✓ qid=9471 → output\5121\8976\9471.sgf
2026-05-28 14:35:29,306 [INFO]   ✓ qid=9123 → output\5121\8976\9123.sgf
2026-05-28 14:35:35,548 [INFO]   ✓ qid=8481 → output\5121\8976\8481.sgf
2026-05-28 14:35:43,176 [INFO]   ✓ qid=10801 → output\5121\8976\10801.sgf
2026-05-28 14:35:52,317 [INFO]   ✓ qid=9065 → output\5121\8976\9065.sgf
2026-05-28 14:36:01,001 [INFO]   ✓ qid=9234 → output\5121\8976\9234.sgf
2026-05-28 14:36:07,544 [INFO]   ✓ qid=9304 → output\5121\8976\9304.sgf
2026-05-28 14:36:17,232 [INFO]   ✓ qid=8741 → output\5121\8976\8741.sgf
2026-05-28 14:36:23,786 [INFO]   ✓ qid=8686 → output\5121\8976\8686.sgf
2026-05-28 14:36:32,214 [INFO]   ✓ qid=9830 → output\5121\8976\9830.sgf
2026-05-28 14:36:39,629 [INFO]   ✓ qid=8709 → output\5121\8976\8709.sgf
2026-05-28 14:36:47,401 [INFO]   ✓ qid=8289 → output\5121\8976\8289.sgf
2026-05-28 14:36:47,401 [INFO]   Capítulo 8975 '打劫、打二还一'
2026-05-28 14:37:05,754 [INFO]   ✓ qid=49746 → output\5121\8975\49746.sgf
2026-05-28 14:37:12,867 [INFO]   ✓ qid=71058 → output\5121\8975\71058.sgf
2026-05-28 14:37:18,750 [INFO]   ✓ qid=71053 → output\5121\8975\71053.sgf
2026-05-28 14:37:28,942 [INFO]   ✓ qid=71057 → output\5121\8975\71057.sgf
2026-05-28 14:37:36,463 [INFO]   ✓ qid=71052 → output\5121\8975\71052.sgf
2026-05-28 14:37:43,079 [INFO]   ✓ qid=71054 → output\5121\8975\71054.sgf
2026-05-28 14:37:50,106 [INFO]   ✓ qid=71063 → output\5121\8975\71063.sgf
2026-05-28 14:37:57,184 [INFO]   ✓ qid=71050 → output\5121\8975\71050.sgf
2026-05-28 14:38:04,378 [INFO]   ✓ qid=71062 → output\5121\8975\71062.sgf
2026-05-28 14:38:13,550 [INFO]   ✓ qid=71055 → output\5121\8975\71055.sgf
2026-05-28 14:38:23,885 [INFO]   ✓ qid=71060 → output\5121\8975\71060.sgf
2026-05-28 14:38:29,255 [INFO]   ✓ qid=71059 → output\5121\8975\71059.sgf
2026-05-28 14:38:36,245 [INFO]   ✓ qid=71066 → output\5121\8975\71066.sgf
2026-05-28 14:38:44,386 [INFO]   ✓ qid=49740 → output\5121\8975\49740.sgf
2026-05-28 14:38:44,386 [INFO]   Capítulo 8988 '死亡线与吃子方向'
2026-05-28 14:39:00,854 [WARNING]   Sin andata en qid=179344 (qtype=None) — skip
2026-05-28 14:39:06,837 [WARNING]   Sin andata en qid=179345 (qtype=None) — skip
2026-05-28 14:39:17,159 [INFO]   ✓ qid=8431 → output\5121\8988\8431.sgf
2026-05-28 14:39:22,887 [INFO]   ✓ qid=9181 → output\5121\8988\9181.sgf
2026-05-28 14:39:30,865 [INFO]   ✓ qid=9014 → output\5121\8988\9014.sgf
2026-05-28 14:39:38,537 [INFO]   ✓ qid=8928 → output\5121\8988\8928.sgf
2026-05-28 14:39:44,333 [INFO]   ✓ qid=8487 → output\5121\8988\8487.sgf
2026-05-28 14:39:54,452 [INFO]   ✓ qid=9657 → output\5121\8988\9657.sgf
2026-05-28 14:40:02,098 [INFO]   ✓ qid=9658 → output\5121\8988\9658.sgf
2026-05-28 14:40:13,801 [INFO]   ✓ qid=22441 → output\5121\8988\22441.sgf
2026-05-28 14:40:21,243 [INFO]   ✓ qid=10379 → output\5121\8988\10379.sgf
2026-05-28 14:40:30,515 [INFO]   ✓ qid=9412 → output\5121\8988\9412.sgf
2026-05-28 14:40:39,373 [INFO]   ✓ qid=9973 → output\5121\8988\9973.sgf
2026-05-28 14:40:44,856 [INFO]   ✓ qid=9495 → output\5121\8988\9495.sgf
2026-05-28 14:40:50,728 [INFO]   ✓ qid=9995 → output\5121\8988\9995.sgf
2026-05-28 14:40:56,448 [INFO]   ✓ qid=10008 → output\5121\8988\10008.sgf
2026-05-28 14:41:06,423 [INFO]   ✓ qid=11557 → output\5121\8988\11557.sgf
2026-05-28 14:41:16,615 [INFO]   ✓ qid=10111 → output\5121\8988\10111.sgf
2026-05-28 14:41:22,647 [INFO]   ✓ qid=10137 → output\5121\8988\10137.sgf
2026-05-28 14:41:31,289 [INFO]   ✓ qid=9747 → output\5121\8988\9747.sgf
2026-05-28 14:41:40,739 [INFO]   ✓ qid=8979 → output\5121\8988\8979.sgf
2026-05-28 14:41:46,892 [INFO]   ✓ qid=10006 → output\5121\8988\10006.sgf
2026-05-28 14:41:46,893 [INFO]   Capítulo 8977 '门吃'
2026-05-28 14:42:01,851 [INFO]   ✓ qid=19925 → output\5121\8977\19925.sgf
2026-05-28 14:42:11,536 [INFO]   ✓ qid=8697 → output\5121\8977\8697.sgf
2026-05-28 14:42:19,092 [INFO]   ✓ qid=8228 → output\5121\8977\8228.sgf
2026-05-28 14:42:27,008 [INFO]   ✓ qid=9252 → output\5121\8977\9252.sgf
2026-05-28 14:42:34,925 [INFO]   ✓ qid=8887 → output\5121\8977\8887.sgf
2026-05-28 14:42:43,150 [INFO]   ✓ qid=8403 → output\5121\8977\8403.sgf
2026-05-28 14:42:52,271 [INFO]   ✓ qid=9144 → output\5121\8977\9144.sgf
2026-05-28 14:42:58,257 [INFO]   ✓ qid=8247 → output\5121\8977\8247.sgf
2026-05-28 14:43:05,956 [INFO]   ✓ qid=9843 → output\5121\8977\9843.sgf
2026-05-28 14:43:13,406 [INFO]   ✓ qid=8507 → output\5121\8977\8507.sgf
2026-05-28 14:43:20,283 [INFO]   ✓ qid=6935 → output\5121\8977\6935.sgf
2026-05-28 14:43:26,833 [INFO]   ✓ qid=8510 → output\5121\8977\8510.sgf
2026-05-28 14:43:35,554 [INFO]   ✓ qid=8439 → output\5121\8977\8439.sgf
2026-05-28 14:43:45,730 [INFO]   ✓ qid=8917 → output\5121\8977\8917.sgf
2026-05-28 14:43:54,970 [INFO]   ✓ qid=9857 → output\5121\8977\9857.sgf
2026-05-28 14:44:03,759 [INFO]   ✓ qid=12055 → output\5121\8977\12055.sgf
2026-05-28 14:44:12,775 [INFO]   ✓ qid=9746 → output\5121\8977\9746.sgf
2026-05-28 14:44:20,983 [INFO]   ✓ qid=9855 → output\5121\8977\9855.sgf
2026-05-28 14:44:31,094 [INFO]   ✓ qid=5457 → output\5121\8977\5457.sgf
2026-05-28 14:44:31,094 [INFO]   Capítulo 8978 '双打吃'
2026-05-28 14:44:52,057 [INFO]   ✓ qid=19953 → output\5121\8978\19953.sgf
2026-05-28 14:45:00,646 [INFO]   ✓ qid=8369 → output\5121\8978\8369.sgf
2026-05-28 14:45:08,528 [INFO]   ✓ qid=19955 → output\5121\8978\19955.sgf
2026-05-28 14:45:17,227 [INFO]   ✓ qid=19956 → output\5121\8978\19956.sgf
2026-05-28 14:45:24,556 [INFO]   ✓ qid=9028 → output\5121\8978\9028.sgf
2026-05-28 14:45:32,276 [INFO]   ✓ qid=9185 → output\5121\8978\9185.sgf
2026-05-28 14:45:41,120 [INFO]   ✓ qid=19950 → output\5121\8978\19950.sgf
2026-05-28 14:45:51,274 [INFO]   ✓ qid=9122 → output\5121\8978\9122.sgf
2026-05-28 14:45:58,321 [INFO]   ✓ qid=19951 → output\5121\8978\19951.sgf
2026-05-28 14:46:08,546 [INFO]   ✓ qid=19954 → output\5121\8978\19954.sgf
2026-05-28 14:46:15,856 [INFO]   ✓ qid=8987 → output\5121\8978\8987.sgf
2026-05-28 14:46:21,801 [INFO]   ✓ qid=27323 → output\5121\8978\27323.sgf
2026-05-28 14:46:32,120 [INFO]   ✓ qid=57310 → output\5121\8978\57310.sgf
2026-05-28 14:46:41,405 [INFO]   ✓ qid=8287 → output\5121\8978\8287.sgf
2026-05-28 14:46:49,780 [INFO]   ✓ qid=43415 → output\5121\8978\43415.sgf
2026-05-28 14:46:56,671 [INFO]   ✓ qid=5721 → output\5121\8978\5721.sgf
2026-05-28 14:47:04,259 [INFO]   ✓ qid=10148 → output\5121\8978\10148.sgf
2026-05-28 14:47:10,511 [INFO]   ✓ qid=12969 → output\5121\8978\12969.sgf
2026-05-28 14:47:18,718 [INFO]   ✓ qid=13430 → output\5121\8978\13430.sgf
2026-05-28 14:47:28,944 [INFO]   ✓ qid=12778 → output\5121\8978\12778.sgf
2026-05-28 14:47:36,291 [INFO]   ✓ qid=9702 → output\5121\8978\9702.sgf
2026-05-28 14:47:46,257 [INFO]   ✓ qid=12903 → output\5121\8978\12903.sgf
2026-05-28 14:47:56,508 [INFO]   ✓ qid=7008 → output\5121\8978\7008.sgf
2026-05-28 14:48:03,683 [INFO]   ✓ qid=8746 → output\5121\8978\8746.sgf
2026-05-28 14:48:11,532 [INFO]   ✓ qid=6474 → output\5121\8978\6474.sgf
2026-05-28 14:48:18,296 [INFO]   ✓ qid=10196 → output\5121\8978\10196.sgf
2026-05-28 14:48:26,403 [INFO]   ✓ qid=9239 → output\5121\8978\9239.sgf
2026-05-28 14:48:34,453 [INFO]   ✓ qid=9999 → output\5121\8978\9999.sgf
2026-05-28 14:48:44,458 [INFO]   ✓ qid=54267 → output\5121\8978\54267.sgf
2026-05-28 14:48:52,108 [INFO]   ✓ qid=60662 → output\5121\8978\60662.sgf
2026-05-28 14:49:02,064 [INFO]   ✓ qid=9235 → output\5121\8978\9235.sgf
2026-05-28 14:49:09,326 [INFO]   ✓ qid=11011 → output\5121\8978\11011.sgf
2026-05-28 14:49:14,771 [INFO]   ✓ qid=11363 → output\5121\8978\11363.sgf
2026-05-28 14:49:24,585 [INFO]   ✓ qid=10982 → output\5121\8978\10982.sgf
2026-05-28 14:49:33,719 [INFO]   ✓ qid=8651 → output\5121\8978\8651.sgf
2026-05-28 14:49:39,986 [INFO]   ✓ qid=10139 → output\5121\8978\10139.sgf
2026-05-28 14:49:46,268 [INFO]   ✓ qid=9806 → output\5121\8978\9806.sgf
2026-05-28 14:49:56,089 [INFO]   ✓ qid=9889 → output\5121\8978\9889.sgf
2026-05-28 14:50:02,408 [INFO]   ✓ qid=10716 → output\5121\8978\10716.sgf
2026-05-28 14:50:02,409 [INFO]   Capítulo 8979 '围棋术语、抱吃'
2026-05-28 14:50:17,152 [WARNING]   Sin andata en qid=179341 (qtype=None) — skip
2026-05-28 14:50:25,999 [WARNING]   Sin andata en qid=179340 (qtype=None) — skip
2026-05-28 14:50:33,685 [WARNING]   Sin andata en qid=179343 (qtype=None) — skip
2026-05-28 14:50:44,223 [INFO]   ✓ qid=43414 → output\5121\8979\43414.sgf
2026-05-28 14:50:54,199 [INFO]   ✓ qid=9126 → output\5121\8979\9126.sgf
2026-05-28 14:51:01,628 [INFO]   ✓ qid=19948 → output\5121\8979\19948.sgf
2026-05-28 14:51:08,939 [INFO]   ✓ qid=8349 → output\5121\8979\8349.sgf
2026-05-28 14:51:15,458 [INFO]   ✓ qid=9282 → output\5121\8979\9282.sgf
2026-05-28 14:51:23,466 [INFO]   ✓ qid=9079 → output\5121\8979\9079.sgf
2026-05-28 14:51:32,811 [INFO]   ✓ qid=10052 → output\5121\8979\10052.sgf
2026-05-28 14:51:41,302 [INFO]   ✓ qid=10185 → output\5121\8979\10185.sgf
2026-05-28 14:51:49,116 [INFO]   ✓ qid=153 → output\5121\8979\153.sgf
2026-05-28 14:51:55,997 [INFO]   ✓ qid=8528 → output\5121\8979\8528.sgf
2026-05-28 14:52:06,636 [INFO]   ✓ qid=8728 → output\5121\8979\8728.sgf
2026-05-28 14:52:15,051 [INFO]   ✓ qid=9419 → output\5121\8979\9419.sgf
2026-05-28 14:52:24,919 [INFO]   ✓ qid=9727 → output\5121\8979\9727.sgf
2026-05-28 14:52:30,570 [INFO]   ✓ qid=19946 → output\5121\8979\19946.sgf
2026-05-28 14:52:39,719 [INFO]   ✓ qid=10055 → output\5121\8979\10055.sgf
2026-05-28 14:52:49,498 [INFO]   ✓ qid=9109 → output\5121\8979\9109.sgf
2026-05-28 14:52:55,820 [INFO]   ✓ qid=9063 → output\5121\8979\9063.sgf
2026-05-28 14:53:03,187 [INFO]   ✓ qid=8590 → output\5121\8979\8590.sgf
2026-05-28 14:53:12,060 [INFO]   ✓ qid=9194 → output\5121\8979\9194.sgf
2026-05-28 14:53:18,348 [INFO]   ✓ qid=43343 → output\5121\8979\43343.sgf
2026-05-28 14:53:26,908 [INFO]   ✓ qid=8520 → output\5121\8979\8520.sgf
2026-05-28 14:53:35,644 [INFO]   ✓ qid=9418 → output\5121\8979\9418.sgf
2026-05-28 14:53:43,240 [INFO]   ✓ qid=9788 → output\5121\8979\9788.sgf
2026-05-28 14:53:48,949 [INFO]   ✓ qid=54307 → output\5121\8979\54307.sgf
2026-05-28 14:53:57,887 [INFO]   ✓ qid=8913 → output\5121\8979\8913.sgf
2026-05-28 14:54:03,868 [INFO]   ✓ qid=9815 → output\5121\8979\9815.sgf
2026-05-28 14:54:11,245 [INFO]   ✓ qid=8980 → output\5121\8979\8980.sgf
2026-05-28 14:54:17,332 [INFO]   ✓ qid=8727 → output\5121\8979\8727.sgf
2026-05-28 14:54:31,005 [INFO]   ✓ qid=9131 → output\5121\8979\9131.sgf
2026-05-28 14:54:31,005 [INFO]   Capítulo 8980 '征子上'
2026-05-28 14:54:46,188 [INFO]   ✓ qid=19839 → output\5121\8980\19839.sgf
2026-05-28 14:54:55,881 [INFO]   ✓ qid=8748 → output\5121\8980\8748.sgf
2026-05-28 14:55:01,797 [INFO]   ✓ qid=9159 → output\5121\8980\9159.sgf
2026-05-28 14:55:08,992 [INFO]   ✓ qid=8595 → output\5121\8980\8595.sgf
2026-05-28 14:55:18,645 [INFO]   ✓ qid=9149 → output\5121\8980\9149.sgf
2026-05-28 14:55:24,635 [INFO]   ✓ qid=8397 → output\5121\8980\8397.sgf
2026-05-28 14:55:34,246 [INFO]   ✓ qid=50983 → output\5121\8980\50983.sgf
2026-05-28 14:55:42,938 [INFO]   ✓ qid=89772 → output\5121\8980\89772.sgf
2026-05-28 14:55:52,581 [INFO]   ✓ qid=5125 → output\5121\8980\5125.sgf
2026-05-28 14:56:02,933 [INFO]   ✓ qid=6075 → output\5121\8980\6075.sgf
2026-05-28 14:56:08,554 [INFO]   ✓ qid=9917 → output\5121\8980\9917.sgf
2026-05-28 14:56:17,791 [INFO]   ✓ qid=8216 → output\5121\8980\8216.sgf
2026-05-28 14:56:23,800 [INFO]   ✓ qid=20003 → output\5121\8980\20003.sgf
2026-05-28 14:56:33,958 [INFO]   ✓ qid=9039 → output\5121\8980\9039.sgf
2026-05-28 14:56:42,643 [INFO]   ✓ qid=54266 → output\5121\8980\54266.sgf
2026-05-28 14:56:48,833 [INFO]   ✓ qid=42818 → output\5121\8980\42818.sgf
2026-05-28 14:56:58,774 [INFO]   ✓ qid=8429 → output\5121\8980\8429.sgf
2026-05-28 14:57:04,699 [INFO]   ✓ qid=8874 → output\5121\8980\8874.sgf
2026-05-28 14:57:10,751 [INFO]   ✓ qid=11088 → output\5121\8980\11088.sgf
2026-05-28 14:57:18,597 [INFO]   ✓ qid=10183 → output\5121\8980\10183.sgf
2026-05-28 14:57:26,109 [INFO]   ✓ qid=10139 → output\5121\8980\10139.sgf
2026-05-28 14:57:37,052 [INFO]   ✓ qid=43637 → output\5121\8980\43637.sgf
2026-05-28 14:57:43,713 [INFO]   ✓ qid=9150 → output\5121\8980\9150.sgf
2026-05-28 14:57:54,471 [INFO]   ✓ qid=8651 → output\5121\8980\8651.sgf
2026-05-28 14:58:03,614 [INFO]   ✓ qid=9162 → output\5121\8980\9162.sgf
2026-05-28 14:58:08,999 [INFO]   ✓ qid=10090 → output\5121\8980\10090.sgf
2026-05-28 14:58:16,156 [INFO]   ✓ qid=10148 → output\5121\8980\10148.sgf
2026-05-28 14:58:25,923 [INFO]   ✓ qid=3363 → output\5121\8980\3363.sgf
2026-05-28 14:58:33,709 [INFO]   ✓ qid=9645 → output\5121\8980\9645.sgf
2026-05-28 14:58:43,774 [INFO]   ✓ qid=10187 → output\5121\8980\10187.sgf
2026-05-28 14:58:53,565 [INFO]   ✓ qid=19956 → output\5121\8980\19956.sgf
2026-05-28 14:59:01,748 [INFO]   ✓ qid=5721 → output\5121\8980\5721.sgf
2026-05-28 14:59:08,404 [INFO]   ✓ qid=9282 → output\5121\8980\9282.sgf
2026-05-28 14:59:15,852 [INFO]   ✓ qid=9999 → output\5121\8980\9999.sgf
2026-05-28 14:59:22,312 [INFO]   ✓ qid=10459 → output\5121\8980\10459.sgf
2026-05-28 14:59:30,334 [INFO]   ✓ qid=10716 → output\5121\8980\10716.sgf
2026-05-28 14:59:37,021 [INFO]   ✓ qid=9019 → output\5121\8980\9019.sgf
2026-05-28 14:59:46,765 [INFO]   ✓ qid=43414 → output\5121\8980\43414.sgf
2026-05-28 14:59:46,766 [INFO]   Capítulo 60066 '征子下'
2026-05-28 15:00:03,128 [INFO]   ✓ qid=54266 → output\5121\60066\54266.sgf
2026-05-28 15:00:12,897 [INFO]   ✓ qid=8874 → output\5121\60066\8874.sgf
2026-05-28 15:00:22,685 [INFO]   ✓ qid=8397 → output\5121\60066\8397.sgf
2026-05-28 15:00:29,613 [INFO]   ✓ qid=19839 → output\5121\60066\19839.sgf
2026-05-28 15:00:35,394 [INFO]   ✓ qid=89772 → output\5121\60066\89772.sgf
2026-05-28 15:00:43,527 [INFO]   ✓ qid=9149 → output\5121\60066\9149.sgf
2026-05-28 15:00:52,389 [INFO]   ✓ qid=8417 → output\5121\60066\8417.sgf
2026-05-28 15:00:58,817 [INFO]   ✓ qid=50983 → output\5121\60066\50983.sgf
2026-05-28 15:01:07,552 [INFO]   ✓ qid=20384 → output\5121\60066\20384.sgf
2026-05-28 15:01:18,188 [INFO]   ✓ qid=9039 → output\5121\60066\9039.sgf
2026-05-28 15:01:25,024 [INFO]   ✓ qid=43154 → output\5121\60066\43154.sgf
2026-05-28 15:01:30,924 [INFO]   ✓ qid=8800 → output\5121\60066\8800.sgf
2026-05-28 15:01:37,628 [INFO]   ✓ qid=9603 → output\5121\60066\9603.sgf
2026-05-28 15:01:44,398 [INFO]   ✓ qid=8591 → output\5121\60066\8591.sgf
2026-05-28 15:01:52,938 [INFO]   ✓ qid=10082 → output\5121\60066\10082.sgf
2026-05-28 15:01:58,536 [INFO]   ✓ qid=9079 → output\5121\60066\9079.sgf
2026-05-28 15:02:04,896 [INFO]   ✓ qid=10087 → output\5121\60066\10087.sgf
2026-05-28 15:02:10,733 [INFO]   ✓ qid=8719 → output\5121\60066\8719.sgf
2026-05-28 16:02:15,243 [INFO]   ✓ qid=9891 → output\5121\60066\9891.sgf
2026-05-28 16:02:15,732 [WARNING] Error de red en https://www.101weiqi.com/book/5121/60066/8694/: ('Connection aborted.', ConnectionAbortedError(10053, 'Se ha anulado una conexión establecida por el software en su equipo host', None, 10053, None)) — espera 2.0s (intento 1/5)
2026-05-28 16:27:33,554 [INFO]   ✓ qid=8694 → output\5121\60066\8694.sgf
2026-05-28 16:27:33,557 [INFO]   Capítulo 8981 '枷吃'
2026-05-28 16:27:45,693 [INFO]   ✓ qid=10986 → output\5121\8981\10986.sgf
2026-05-28 16:27:53,357 [INFO]   ✓ qid=9675 → output\5121\8981\9675.sgf
2026-05-28 16:28:01,108 [INFO]   ✓ qid=186 → output\5121\8981\186.sgf
2026-05-28 16:28:08,688 [INFO]   ✓ qid=10755 → output\5121\8981\10755.sgf
2026-05-28 16:28:17,085 [INFO]   ✓ qid=22478 → output\5121\8981\22478.sgf
2026-05-28 16:28:25,520 [INFO]   ✓ qid=9279 → output\5121\8981\9279.sgf
2026-05-28 16:28:36,480 [INFO]   ✓ qid=115316 → output\5121\8981\115316.sgf
2026-05-28 16:28:47,114 [INFO]   ✓ qid=147 → output\5121\8981\147.sgf
2026-05-28 16:28:56,364 [INFO]   ✓ qid=19916 → output\5121\8981\19916.sgf
2026-05-28 16:29:06,488 [INFO]   ✓ qid=5251 → output\5121\8981\5251.sgf
2026-05-28 16:29:13,680 [INFO]   ✓ qid=11505 → output\5121\8981\11505.sgf
2026-05-28 16:29:19,025 [INFO]   ✓ qid=7328 → output\5121\8981\7328.sgf
2026-05-28 16:29:25,320 [INFO]   ✓ qid=60830 → output\5121\8981\60830.sgf
2026-05-28 16:29:33,892 [INFO]   ✓ qid=180 → output\5121\8981\180.sgf
2026-05-28 16:29:41,736 [INFO]   ✓ qid=19986 → output\5121\8981\19986.sgf
2026-05-28 16:29:51,869 [INFO]   ✓ qid=28396 → output\5121\8981\28396.sgf
2026-05-28 16:29:59,802 [INFO]   ✓ qid=10302 → output\5121\8981\10302.sgf
2026-05-28 16:29:59,802 [INFO]   Capítulo 18131 '@提高观察力'
2026-05-28 16:30:14,102 [INFO]   ✓ qid=172381 → output\5121\18131\172381.sgf
2026-05-28 16:30:19,699 [INFO]   ✓ qid=172386 → output\5121\18131\172386.sgf
2026-05-28 16:30:27,636 [INFO]   ✓ qid=172388 → output\5121\18131\172388.sgf
2026-05-28 16:30:47,647 [WARNING] Error de red en https://www.101weiqi.com/book/5121/18131/172387/: HTTPSConnectionPool(host='www.101weiqi.com', port=443): Read timed out. (read timeout=20) — espera 2.0s (intento 1/5)
2026-05-28 16:30:57,525 [INFO]   ✓ qid=172387 → output\5121\18131\172387.sgf
2026-05-28 16:31:08,117 [INFO]   ✓ qid=172389 → output\5121\18131\172389.sgf
2026-05-28 16:31:16,281 [INFO]   ✓ qid=172390 → output\5121\18131\172390.sgf
2026-05-28 16:31:26,079 [INFO]   ✓ qid=172391 → output\5121\18131\172391.sgf
2026-05-28 16:31:34,154 [INFO]   ✓ qid=172392 → output\5121\18131\172392.sgf
2026-05-28 16:31:42,018 [INFO]   ✓ qid=172393 → output\5121\18131\172393.sgf
2026-05-28 16:31:47,506 [WARNING]   Sin andata en qid=173613 (qtype=None) — skip
2026-05-28 16:31:52,987 [WARNING]   Sin andata en qid=173616 (qtype=None) — skip
2026-05-28 16:31:59,129 [WARNING]   Sin andata en qid=173619 (qtype=None) — skip
2026-05-28 16:32:06,312 [WARNING]   Sin andata en qid=215049 (qtype=None) — skip
2026-05-28 16:32:15,099 [WARNING]   Sin andata en qid=215050 (qtype=None) — skip
2026-05-28 16:32:24,800 [WARNING]   Sin andata en qid=215052 (qtype=None) — skip
2026-05-28 16:32:33,891 [WARNING]   Sin andata en qid=215053 (qtype=None) — skip
2026-05-28 16:32:41,984 [WARNING]   Sin andata en qid=215054 (qtype=None) — skip
2026-05-28 16:32:48,231 [WARNING]   Sin andata en qid=215055 (qtype=None) — skip
2026-05-28 16:32:54,528 [WARNING]   Sin andata en qid=215056 (qtype=None) — skip
2026-05-28 16:33:02,043 [WARNING]   Sin andata en qid=215058 (qtype=None) — skip
2026-05-28 16:33:08,037 [WARNING]   Sin andata en qid=215059 (qtype=None) — skip
2026-05-28 16:33:14,921 [WARNING]   Sin andata en qid=215061 (qtype=None) — skip
2026-05-28 16:33:14,921 [INFO]   Capítulo 8982 '倒扑'
2026-05-28 16:33:30,512 [INFO]   ✓ qid=8838 → output\5121\8982\8838.sgf
2026-05-28 16:33:36,891 [INFO]   ✓ qid=9771 → output\5121\8982\9771.sgf
2026-05-28 16:33:44,466 [INFO]   ✓ qid=77138 → output\5121\8982\77138.sgf
2026-05-28 16:33:52,913 [INFO]   ✓ qid=62129 → output\5121\8982\62129.sgf
2026-05-28 16:34:01,174 [INFO]   ✓ qid=62991 → output\5121\8982\62991.sgf
2026-05-28 16:34:09,899 [INFO]   ✓ qid=50545 → output\5121\8982\50545.sgf
2026-05-28 16:34:19,449 [INFO]   ✓ qid=62184 → output\5121\8982\62184.sgf
2026-05-28 16:34:31,007 [INFO]   ✓ qid=67494 → output\5121\8982\67494.sgf
2026-05-28 16:34:42,430 [INFO]   ✓ qid=62186 → output\5121\8982\62186.sgf
2026-05-28 16:34:52,278 [INFO]   ✓ qid=12474 → output\5121\8982\12474.sgf
2026-05-28 16:34:59,399 [INFO]   ✓ qid=56269 → output\5121\8982\56269.sgf
2026-05-28 16:35:07,513 [INFO]   ✓ qid=54235 → output\5121\8982\54235.sgf
2026-05-28 16:35:17,823 [INFO]   ✓ qid=52896 → output\5121\8982\52896.sgf
2026-05-28 16:35:25,903 [INFO]   ✓ qid=9523 → output\5121\8982\9523.sgf
2026-05-28 16:35:33,152 [INFO]   ✓ qid=8721 → output\5121\8982\8721.sgf
2026-05-28 16:35:39,795 [INFO]   ✓ qid=62100 → output\5121\8982\62100.sgf
2026-05-28 16:35:48,353 [INFO]   ✓ qid=9990 → output\5121\8982\9990.sgf
2026-05-28 16:35:54,289 [INFO]   ✓ qid=64745 → output\5121\8982\64745.sgf
2026-05-28 16:36:05,889 [INFO]   ✓ qid=25026 → output\5121\8982\25026.sgf
2026-05-28 16:36:05,890 [INFO]   Capítulo 8983 '接不归'
2026-05-28 16:36:23,801 [INFO]   ✓ qid=8231 → output\5121\8983\8231.sgf
2026-05-28 16:36:32,081 [INFO]   ✓ qid=8696 → output\5121\8983\8696.sgf
2026-05-28 16:36:41,512 [INFO]   ✓ qid=8531 → output\5121\8983\8531.sgf
2026-05-28 16:36:51,524 [INFO]   ✓ qid=8717 → output\5121\8983\8717.sgf
2026-05-28 16:36:59,198 [INFO]   ✓ qid=9821 → output\5121\8983\9821.sgf
2026-05-28 16:37:07,931 [INFO]   ✓ qid=8323 → output\5121\8983\8323.sgf
2026-05-28 16:37:15,553 [INFO]   ✓ qid=8302 → output\5121\8983\8302.sgf
2026-05-28 16:37:22,614 [INFO]   ✓ qid=8304 → output\5121\8983\8304.sgf
2026-05-28 16:37:28,372 [INFO]   ✓ qid=11616 → output\5121\8983\11616.sgf
2026-05-28 16:37:37,426 [INFO]   ✓ qid=42102 → output\5121\8983\42102.sgf
2026-05-28 16:37:46,830 [INFO]   ✓ qid=11853 → output\5121\8983\11853.sgf
2026-05-28 16:37:55,317 [INFO]   ✓ qid=8505 → output\5121\8983\8505.sgf
2026-05-28 16:38:04,136 [INFO]   ✓ qid=8319 → output\5121\8983\8319.sgf
2026-05-28 16:38:10,595 [INFO]   ✓ qid=8326 → output\5121\8983\8326.sgf
2026-05-28 16:38:18,469 [INFO]   ✓ qid=8294 → output\5121\8983\8294.sgf
2026-05-28 16:38:25,963 [INFO]   ✓ qid=9241 → output\5121\8983\9241.sgf
2026-05-28 16:38:35,572 [INFO]   ✓ qid=9427 → output\5121\8983\9427.sgf
2026-05-28 16:38:42,200 [INFO]   ✓ qid=8181 → output\5121\8983\8181.sgf
2026-05-28 16:38:48,596 [INFO]   ✓ qid=8263 → output\5121\8983\8263.sgf
2026-05-28 16:38:54,142 [INFO]   ✓ qid=8236 → output\5121\8983\8236.sgf
2026-05-28 16:39:03,999 [INFO]   ✓ qid=3615 → output\5121\8983\3615.sgf
2026-05-28 16:39:04,000 [INFO]   Capítulo 8984 '死棋与活棋，做眼与破眼'
2026-05-28 16:39:19,980 [INFO]   ✓ qid=8570 → output\5121\8984\8570.sgf
2026-05-28 16:39:29,522 [INFO]   ✓ qid=8685 → output\5121\8984\8685.sgf
2026-05-28 16:39:36,803 [INFO]   ✓ qid=8935 → output\5121\8984\8935.sgf
2026-05-28 16:39:45,307 [INFO]   ✓ qid=8275 → output\5121\8984\8275.sgf
2026-05-28 16:39:55,643 [INFO]   ✓ qid=4419 → output\5121\8984\4419.sgf
2026-05-28 16:40:01,757 [INFO]   ✓ qid=10522 → output\5121\8984\10522.sgf
2026-05-28 16:40:14,262 [INFO]   ✓ qid=24544 → output\5121\8984\24544.sgf
2026-05-28 16:40:23,434 [INFO]   ✓ qid=21137 → output\5121\8984\21137.sgf
2026-05-28 16:40:32,968 [INFO]   ✓ qid=26107 → output\5121\8984\26107.sgf
2026-05-28 16:40:39,861 [INFO]   ✓ qid=8693 → output\5121\8984\8693.sgf
2026-05-28 16:40:50,165 [INFO]   ✓ qid=40696 → output\5121\8984\40696.sgf
2026-05-28 16:40:58,467 [INFO]   ✓ qid=8623 → output\5121\8984\8623.sgf
2026-05-28 16:41:04,266 [INFO]   ✓ qid=8985 → output\5121\8984\8985.sgf
2026-05-28 16:41:11,864 [INFO]   ✓ qid=8301 → output\5121\8984\8301.sgf
2026-05-28 16:41:17,764 [INFO]   ✓ qid=11353 → output\5121\8984\11353.sgf
2026-05-28 16:41:24,682 [INFO]   ✓ qid=21871 → output\5121\8984\21871.sgf
2026-05-28 16:41:34,624 [INFO]   ✓ qid=21877 → output\5121\8984\21877.sgf
2026-05-28 16:41:44,169 [INFO]   ✓ qid=12274 → output\5121\8984\12274.sgf
2026-05-28 16:41:51,273 [INFO]   ✓ qid=8883 → output\5121\8984\8883.sgf
2026-05-28 16:42:01,731 [INFO]   ✓ qid=21746 → output\5121\8984\21746.sgf
2026-05-28 16:42:08,508 [INFO]   ✓ qid=20988 → output\5121\8984\20988.sgf
2026-05-28 16:42:16,698 [INFO]   ✓ qid=28420 → output\5121\8984\28420.sgf
2026-05-28 16:42:26,914 [INFO]   ✓ qid=8603 → output\5121\8984\8603.sgf
2026-05-28 16:42:35,760 [INFO]   ✓ qid=12133 → output\5121\8984\12133.sgf
2026-05-28 16:42:46,100 [INFO]   ✓ qid=9105 → output\5121\8984\9105.sgf
2026-05-28 16:42:55,605 [INFO]   ✓ qid=6564 → output\5121\8984\6564.sgf
2026-05-28 16:43:03,072 [INFO]   ✓ qid=21892 → output\5121\8984\21892.sgf
2026-05-28 16:43:10,470 [INFO]   ✓ qid=43417 → output\5121\8984\43417.sgf
2026-05-28 16:43:18,804 [INFO]   ✓ qid=8606 → output\5121\8984\8606.sgf
2026-05-28 16:43:25,357 [INFO]   ✓ qid=8830 → output\5121\8984\8830.sgf
2026-05-28 16:43:32,484 [INFO]   ✓ qid=9133 → output\5121\8984\9133.sgf
2026-05-28 16:43:32,485 [INFO]   Capítulo 8985 '真眼与假眼'
2026-05-28 16:43:44,579 [WARNING]   Sin andata en qid=462696 (qtype=None) — skip
2026-05-28 16:43:50,657 [INFO]   ✓ qid=21874 → output\5121\8985\21874.sgf
2026-05-28 16:43:58,844 [INFO]   ✓ qid=28956 → output\5121\8985\28956.sgf
2026-05-28 16:44:05,093 [INFO]   ✓ qid=21133 → output\5121\8985\21133.sgf
2026-05-28 16:44:14,818 [INFO]   ✓ qid=19936 → output\5121\8985\19936.sgf
2026-05-28 16:44:24,444 [INFO]   ✓ qid=8296 → output\5121\8985\8296.sgf
2026-05-28 16:44:31,130 [INFO]   ✓ qid=28954 → output\5121\8985\28954.sgf
2026-05-28 16:44:39,642 [INFO]   ✓ qid=8527 → output\5121\8985\8527.sgf
2026-05-28 16:44:46,573 [INFO]   ✓ qid=21866 → output\5121\8985\21866.sgf
2026-05-28 16:44:52,519 [INFO]   ✓ qid=19824 → output\5121\8985\19824.sgf
2026-05-28 16:44:58,134 [INFO]   ✓ qid=8554 → output\5121\8985\8554.sgf
2026-05-28 16:45:05,962 [INFO]   ✓ qid=13214 → output\5121\8985\13214.sgf
2026-05-28 16:45:13,702 [INFO]   ✓ qid=29004 → output\5121\8985\29004.sgf
2026-05-28 16:45:23,544 [INFO]   ✓ qid=20042 → output\5121\8985\20042.sgf
2026-05-28 16:45:35,006 [INFO]   ✓ qid=21890 → output\5121\8985\21890.sgf
2026-05-28 16:45:43,026 [INFO]   ✓ qid=3558 → output\5121\8985\3558.sgf
2026-05-28 16:45:52,730 [INFO]   ✓ qid=11692 → output\5121\8985\11692.sgf
2026-05-28 16:46:00,503 [INFO]   ✓ qid=12493 → output\5121\8985\12493.sgf
2026-05-28 16:46:10,266 [INFO]   ✓ qid=1135 → output\5121\8985\1135.sgf
2026-05-28 16:46:20,022 [INFO]   ✓ qid=5144 → output\5121\8985\5144.sgf
2026-05-28 16:46:27,547 [INFO]   ✓ qid=8670 → output\5121\8985\8670.sgf
2026-05-28 16:46:27,548 [INFO]   Capítulo 18723 '@连接弱棋'
2026-05-28 16:46:39,472 [WARNING]   Sin andata en qid=176279 (qtype=None) — skip
2026-05-28 16:46:46,967 [WARNING]   Sin andata en qid=176280 (qtype=None) — skip
2026-05-28 16:46:54,048 [WARNING]   Sin andata en qid=176281 (qtype=None) — skip
2026-05-28 16:47:02,965 [WARNING]   Sin andata en qid=176287 (qtype=None) — skip
2026-05-28 16:47:12,687 [WARNING]   Sin andata en qid=176288 (qtype=None) — skip
2026-05-28 16:47:21,315 [WARNING]   Sin andata en qid=176289 (qtype=None) — skip
2026-05-28 16:47:27,686 [WARNING]   Sin andata en qid=176762 (qtype=None) — skip
2026-05-28 16:47:33,466 [INFO]   ✓ qid=8834 → output\5121\18723\8834.sgf
2026-05-28 16:47:41,832 [INFO]   ✓ qid=8994 → output\5121\18723\8994.sgf
2026-05-28 16:47:49,399 [INFO]   ✓ qid=8937 → output\5121\18723\8937.sgf
2026-05-28 16:47:59,750 [INFO]   ✓ qid=8393 → output\5121\18723\8393.sgf
2026-05-28 16:48:08,332 [INFO]   ✓ qid=9538 → output\5121\18723\9538.sgf
2026-05-28 16:48:16,770 [INFO]   ✓ qid=22613 → output\5121\18723\22613.sgf
2026-05-28 16:48:23,669 [INFO]   ✓ qid=10154 → output\5121\18723\10154.sgf
2026-05-28 16:48:31,861 [INFO]   ✓ qid=9691 → output\5121\18723\9691.sgf
2026-05-28 16:48:41,831 [INFO]   ✓ qid=9013 → output\5121\18723\9013.sgf
2026-05-28 16:48:49,145 [INFO]   ✓ qid=8368 → output\5121\18723\8368.sgf
2026-05-28 16:48:56,696 [INFO]   ✓ qid=9277 → output\5121\18723\9277.sgf
2026-05-28 16:49:02,248 [INFO]   ✓ qid=10007 → output\5121\18723\10007.sgf
2026-05-28 16:49:10,798 [INFO]   ✓ qid=9562 → output\5121\18723\9562.sgf
2026-05-28 16:49:21,090 [INFO]   ✓ qid=43309 → output\5121\18723\43309.sgf
2026-05-28 16:49:27,656 [INFO]   ✓ qid=8890 → output\5121\18723\8890.sgf
2026-05-28 16:49:33,040 [INFO]   ✓ qid=8233 → output\5121\18723\8233.sgf
2026-05-28 16:49:42,139 [INFO]   ✓ qid=50970 → output\5121\18723\50970.sgf
2026-05-28 16:49:49,102 [INFO]   ✓ qid=11590 → output\5121\18723\11590.sgf
2026-05-28 16:49:54,640 [INFO]   ✓ qid=43661 → output\5121\18723\43661.sgf
2026-05-28 16:50:01,629 [INFO]   ✓ qid=8661 → output\5121\18723\8661.sgf
2026-05-28 16:50:09,772 [INFO]   ✓ qid=9177 → output\5121\18723\9177.sgf
2026-05-28 16:50:17,291 [INFO]   ✓ qid=22862 → output\5121\18723\22862.sgf
2026-05-28 16:50:26,064 [INFO]   ✓ qid=10017 → output\5121\18723\10017.sgf
2026-05-28 16:50:33,968 [INFO]   ✓ qid=9906 → output\5121\18723\9906.sgf
2026-05-28 16:50:42,546 [INFO]   ✓ qid=11233 → output\5121\18723\11233.sgf
2026-05-28 16:50:49,768 [INFO]   ✓ qid=8771 → output\5121\18723\8771.sgf
2026-05-28 16:50:57,274 [INFO]   ✓ qid=43316 → output\5121\18723\43316.sgf
2026-05-28 16:51:03,441 [INFO]   ✓ qid=9577 → output\5121\18723\9577.sgf
2026-05-28 16:51:11,587 [INFO]   ✓ qid=10057 → output\5121\18723\10057.sgf
2026-05-28 16:51:11,589 [INFO]   Capítulo 8986 '@金角银边草肚皮'
2026-05-28 16:51:29,203 [WARNING]   Sin andata en qid=177467 (qtype=None) — skip
2026-05-28 16:51:36,602 [WARNING]   Sin andata en qid=177468 (qtype=None) — skip
2026-05-28 16:51:45,606 [WARNING]   Sin andata en qid=177469 (qtype=None) — skip
2026-05-28 16:51:55,536 [WARNING]   Sin andata en qid=177466 (qtype=None) — skip
2026-05-28 16:52:05,642 [WARNING]   Sin andata en qid=227767 (qtype=None) — skip
2026-05-28 16:52:11,501 [WARNING]   Sin andata en qid=227768 (qtype=None) — skip
2026-05-28 16:52:17,415 [WARNING]   Sin andata en qid=227769 (qtype=None) — skip
2026-05-28 16:52:17,415 [INFO]   Capítulo 38088 '地盘双方与公共地盘'
2026-05-28 16:52:25,457 [WARNING]   Sin problemas en capítulo 38088
2026-05-28 16:52:25,458 [INFO]   Capítulo 10208 '逃跑方向'
2026-05-28 16:52:38,670 [INFO]   ✓ qid=10716 → output\5121\10208\10716.sgf
2026-05-28 16:52:46,789 [INFO]   ✓ qid=9889 → output\5121\10208\9889.sgf
2026-05-28 16:52:55,315 [INFO]   ✓ qid=8651 → output\5121\10208\8651.sgf
2026-05-28 16:53:01,419 [INFO]   ✓ qid=10982 → output\5121\10208\10982.sgf
2026-05-28 16:53:09,397 [INFO]   ✓ qid=10013 → output\5121\10208\10013.sgf
2026-05-28 16:53:18,499 [INFO]   ✓ qid=60662 → output\5121\10208\60662.sgf
2026-05-28 16:53:25,683 [INFO]   ✓ qid=10051 → output\5121\10208\10051.sgf
2026-05-28 16:53:31,415 [INFO]   ✓ qid=12184 → output\5121\10208\12184.sgf
2026-05-28 16:53:39,329 [INFO]   ✓ qid=9301 → output\5121\10208\9301.sgf
2026-05-28 16:53:47,087 [INFO]   ✓ qid=11599 → output\5121\10208\11599.sgf
2026-05-28 16:53:56,398 [INFO]   ✓ qid=11831 → output\5121\10208\11831.sgf
2026-05-28 16:54:03,938 [INFO]   ✓ qid=10139 → output\5121\10208\10139.sgf
2026-05-28 16:54:10,049 [INFO]   ✓ qid=9956 → output\5121\10208\9956.sgf
2026-05-28 16:54:15,990 [INFO]   ✓ qid=10808 → output\5121\10208\10808.sgf
2026-05-28 16:54:21,883 [INFO]   ✓ qid=9645 → output\5121\10208\9645.sgf
2026-05-28 16:54:27,494 [INFO]   ✓ qid=8607 → output\5121\10208\8607.sgf
2026-05-28 16:54:27,494 [INFO]   Capítulo 89562 '紧气与长气'
2026-05-28 16:54:36,889 [WARNING]   Sin problemas en capítulo 89562
2026-05-28 16:54:36,890 [INFO]   Capítulo 19320 '基本对杀'
2026-05-28 16:54:54,302 [INFO]   ✓ qid=9750 → output\5121\19320\9750.sgf
2026-05-28 16:55:03,661 [INFO]   ✓ qid=9347 → output\5121\19320\9347.sgf
2026-05-28 16:55:10,310 [INFO]   ✓ qid=11050 → output\5121\19320\11050.sgf
2026-05-28 16:55:16,312 [INFO]   ✓ qid=10568 → output\5121\19320\10568.sgf
2026-05-28 16:55:22,367 [INFO]   ✓ qid=12116 → output\5121\19320\12116.sgf
2026-05-28 16:55:31,162 [INFO]   ✓ qid=20252 → output\5121\19320\20252.sgf
2026-05-28 16:55:44,857 [INFO]   ✓ qid=43344 → output\5121\19320\43344.sgf
2026-05-28 16:55:50,515 [INFO]   ✓ qid=10074 → output\5121\19320\10074.sgf
2026-05-28 16:56:00,472 [INFO]   ✓ qid=9775 → output\5121\19320\9775.sgf
2026-05-28 16:56:08,309 [INFO]   ✓ qid=10325 → output\5121\19320\10325.sgf
2026-05-28 16:56:15,131 [INFO]   ✓ qid=50357 → output\5121\19320\50357.sgf
2026-05-28 16:56:24,337 [INFO]   ✓ qid=5254 → output\5121\19320\5254.sgf
2026-05-28 16:56:33,543 [INFO]   ✓ qid=10861 → output\5121\19320\10861.sgf
2026-05-28 16:56:42,132 [INFO]   ✓ qid=10961 → output\5121\19320\10961.sgf
2026-05-28 16:56:50,768 [INFO]   ✓ qid=10134 → output\5121\19320\10134.sgf
2026-05-28 16:56:59,371 [INFO]   ✓ qid=11128 → output\5121\19320\11128.sgf
2026-05-28 16:57:10,019 [INFO]   ✓ qid=8711 → output\5121\19320\8711.sgf
2026-05-28 16:57:17,492 [INFO]   ✓ qid=9976 → output\5121\19320\9976.sgf
2026-05-28 16:57:26,494 [INFO]   ✓ qid=10864 → output\5121\19320\10864.sgf
2026-05-28 16:57:34,336 [INFO]   ✓ qid=6556 → output\5121\19320\6556.sgf
2026-05-28 16:57:41,663 [INFO]   ✓ qid=11686 → output\5121\19320\11686.sgf
2026-05-28 16:57:51,869 [INFO]   ✓ qid=11333 → output\5121\19320\11333.sgf
2026-05-28 16:57:58,255 [INFO]   ✓ qid=9945 → output\5121\19320\9945.sgf
2026-05-28 16:58:05,062 [INFO]   ✓ qid=11584 → output\5121\19320\11584.sgf
2026-05-28 16:58:15,431 [INFO]   ✓ qid=12072 → output\5121\19320\12072.sgf
2026-05-28 16:58:23,251 [INFO]   ✓ qid=9567 → output\5121\19320\9567.sgf
2026-05-28 16:58:28,677 [INFO]   ✓ qid=10233 → output\5121\19320\10233.sgf
2026-05-28 16:58:35,782 [INFO]   ✓ qid=10077 → output\5121\19320\10077.sgf
2026-05-28 16:58:43,832 [INFO]   ✓ qid=11049 → output\5121\19320\11049.sgf
2026-05-28 16:58:52,361 [INFO]   ✓ qid=43588 → output\5121\19320\43588.sgf
2026-05-28 16:58:58,360 [INFO]   ✓ qid=9996 → output\5121\19320\9996.sgf
2026-05-28 16:59:05,312 [INFO]   ✓ qid=9711 → output\5121\19320\9711.sgf
2026-05-28 16:59:05,313 [INFO]   Capítulo 8987 '双活'
2026-05-28 16:59:19,816 [INFO]   ✓ qid=53377 → output\5121\8987\53377.sgf
2026-05-28 16:59:26,508 [INFO]   ✓ qid=14129 → output\5121\8987\14129.sgf
2026-05-28 16:59:32,754 [INFO]   ✓ qid=20197 → output\5121\8987\20197.sgf
2026-05-28 16:59:39,459 [INFO]   ✓ qid=9377 → output\5121\8987\9377.sgf
2026-05-28 16:59:48,668 [INFO]   ✓ qid=9307 → output\5121\8987\9307.sgf
2026-05-28 16:59:56,270 [INFO]   ✓ qid=10103 → output\5121\8987\10103.sgf
2026-05-28 17:00:05,284 [INFO]   ✓ qid=9455 → output\5121\8987\9455.sgf
2026-05-28 17:00:15,283 [INFO]   ✓ qid=8873 → output\5121\8987\8873.sgf
2026-05-28 17:00:24,501 [INFO]   ✓ qid=21052 → output\5121\8987\21052.sgf
2026-05-28 17:00:30,806 [INFO]   ✓ qid=9533 → output\5121\8987\9533.sgf
2026-05-28 17:00:36,514 [INFO]   ✓ qid=9449 → output\5121\8987\9449.sgf
2026-05-28 17:00:43,187 [INFO]   ✓ qid=10380 → output\5121\8987\10380.sgf
2026-05-28 17:00:53,016 [INFO]   ✓ qid=9588 → output\5121\8987\9588.sgf
2026-05-28 17:00:58,706 [INFO]   ✓ qid=43115 → output\5121\8987\43115.sgf
2026-05-28 17:01:05,493 [INFO]   ✓ qid=12197 → output\5121\8987\12197.sgf
2026-05-28 17:01:12,895 [INFO]   ✓ qid=11181 → output\5121\8987\11181.sgf
2026-05-28 17:01:20,541 [INFO]   ✓ qid=10967 → output\5121\8987\10967.sgf
2026-05-28 17:01:30,008 [INFO]   ✓ qid=8727 → output\5121\8987\8727.sgf
2026-05-28 17:01:36,725 [INFO]   ✓ qid=27496 → output\5121\8987\27496.sgf
2026-05-28 17:01:46,035 [INFO]   ✓ qid=10492 → output\5121\8987\10492.sgf
2026-05-28 17:01:54,770 [INFO]   ✓ qid=9983 → output\5121\8987\9983.sgf
2026-05-28 17:02:01,733 [INFO]   ✓ qid=10261 → output\5121\8987\10261.sgf
2026-05-28 17:02:10,082 [INFO]   ✓ qid=10717 → output\5121\8987\10717.sgf
2026-05-28 17:02:15,876 [INFO]   ✓ qid=27421 → output\5121\8987\27421.sgf
2026-05-28 17:02:26,023 [INFO]   ✓ qid=8544 → output\5121\8987\8544.sgf
2026-05-28 17:02:34,231 [INFO]   ✓ qid=9195 → output\5121\8987\9195.sgf
2026-05-28 17:02:34,232 [INFO]   Capítulo 10375 '总复习…………'
2026-05-28 17:02:49,652 [INFO]   ✓ qid=8686 → output\5121\10375\8686.sgf
2026-05-28 17:02:59,158 [INFO]   ✓ qid=9412 → output\5121\10375\9412.sgf
2026-05-28 17:03:05,045 [INFO]   ✓ qid=50545 → output\5121\10375\50545.sgf
2026-05-28 17:03:11,201 [INFO]   ✓ qid=62129 → output\5121\10375\62129.sgf
2026-05-28 17:03:21,102 [INFO]   ✓ qid=8439 → output\5121\10375\8439.sgf
2026-05-28 17:03:29,448 [INFO]   ✓ qid=8323 → output\5121\10375\8323.sgf
2026-05-28 17:03:35,937 [INFO]   ✓ qid=10986 → output\5121\10375\10986.sgf
2026-05-28 17:03:41,340 [INFO]   ✓ qid=10717 → output\5121\10375\10717.sgf
2026-05-28 17:03:48,318 [INFO]   ✓ qid=9917 → output\5121\10375\9917.sgf
2026-05-28 17:03:58,392 [INFO]   ✓ qid=19839 → output\5121\10375\19839.sgf
2026-05-28 17:04:04,704 [INFO]   ✓ qid=8748 → output\5121\10375\8748.sgf
2026-05-28 17:04:10,244 [INFO]   ✓ qid=6075 → output\5121\10375\6075.sgf
2026-05-28 17:04:19,893 [INFO]   ✓ qid=10808 → output\5121\10375\10808.sgf
2026-05-28 17:04:27,272 [INFO]   ✓ qid=10055 → output\5121\10375\10055.sgf
2026-05-28 17:04:35,317 [INFO]   ✓ qid=10352 → output\5121\10375\10352.sgf
2026-05-28 17:04:43,328 [INFO]   ✓ qid=89772 → output\5121\10375\89772.sgf
2026-05-28 17:04:50,914 [INFO]   ✓ qid=28954 → output\5121\10375\28954.sgf
2026-05-28 17:05:00,626 [INFO]   ✓ qid=10111 → output\5121\10375\10111.sgf
2026-05-28 17:05:06,711 [INFO]   ✓ qid=8236 → output\5121\10375\8236.sgf
2026-05-28 17:05:17,028 [INFO]   ✓ qid=5125 → output\5121\10375\5125.sgf
2026-05-28 17:05:24,223 [INFO]   ✓ qid=10006 → output\5121\10375\10006.sgf
2026-05-28 17:05:34,471 [INFO]   ✓ qid=10379 → output\5121\10375\10379.sgf
2026-05-28 17:05:43,421 [INFO]   ✓ qid=43415 → output\5121\10375\43415.sgf
2026-05-28 17:05:53,184 [INFO]   ✓ qid=9990 → output\5121\10375\9990.sgf
2026-05-28 17:06:01,741 [INFO]   ✓ qid=3615 → output\5121\10375\3615.sgf
2026-05-28 17:06:12,208 [INFO]   ✓ qid=62184 → output\5121\10375\62184.sgf
2026-05-28 17:06:19,724 [INFO]   ✓ qid=9122 → output\5121\10375\9122.sgf
2026-05-28 17:06:28,776 [INFO]   ✓ qid=11505 → output\5121\10375\11505.sgf
2026-05-28 17:06:38,585 [INFO]   ✓ qid=9821 → output\5121\10375\9821.sgf
2026-05-28 17:06:45,874 [INFO]   ✓ qid=5457 → output\5121\10375\5457.sgf
2026-05-28 17:06:52,157 [INFO]   ✓ qid=8709 → output\5121\10375\8709.sgf
2026-05-28 17:07:00,157 [INFO]   ✓ qid=4920 → output\5121\10375\4920.sgf
2026-05-28 17:07:07,368 [INFO]   ✓ qid=9702 → output\5121\10375\9702.sgf
2026-05-28 17:07:13,099 [INFO]   ✓ qid=8247 → output\5121\10375\8247.sgf
2026-05-28 17:07:21,005 [INFO]   ✓ qid=9065 → output\5121\10375\9065.sgf
2026-05-28 17:07:28,303 [INFO]   ✓ qid=43131 → output\5121\10375\43131.sgf
2026-05-28 17:07:37,350 [INFO]   ✓ qid=8431 → output\5121\10375\8431.sgf
2026-05-28 17:07:44,880 [INFO]   ✓ qid=9645 → output\5121\10375\9645.sgf
2026-05-28 17:07:52,363 [INFO]   ✓ qid=8296 → output\5121\10375\8296.sgf
2026-05-28 17:08:00,710 [INFO]   ✓ qid=9471 → output\5121\10375\9471.sgf
2026-05-28 17:08:00,711 [INFO]   Capítulo 33013 '作业'
2026-05-28 17:08:14,604 [INFO]   ✓ qid=8874 → output\5121\33013\8874.sgf
2026-05-28 17:08:23,073 [INFO]   ✓ qid=9159 → output\5121\33013\9159.sgf
2026-05-28 17:08:29,875 [INFO]   ✓ qid=54266 → output\5121\33013\54266.sgf
2026-05-28 17:08:37,472 [INFO]   ✓ qid=8397 → output\5121\33013\8397.sgf
2026-05-28 17:08:45,603 [INFO]   ✓ qid=20384 → output\5121\33013\20384.sgf
2026-05-28 17:08:54,883 [INFO]   ✓ qid=60827 → output\5121\33013\60827.sgf
2026-05-28 17:09:01,936 [INFO]   ✓ qid=8415 → output\5121\33013\8415.sgf
2026-05-28 17:09:11,939 [INFO]   ✓ qid=21265 → output\5121\33013\21265.sgf
2026-05-28 17:09:18,363 [INFO]   ✓ qid=9039 → output\5121\33013\9039.sgf
2026-05-28 17:09:26,765 [INFO]   ✓ qid=89772 → output\5121\33013\89772.sgf
2026-05-28 17:09:35,955 [WARNING]   Posible throttling en qid=9806 — pausa 60-120s
2026-05-28 17:11:25,254 [INFO]   ✓ qid=9806 → output\5121\33013\9806.sgf
2026-05-28 17:11:34,519 [INFO]   ✓ qid=9122 → output\5121\33013\9122.sgf
2026-05-28 17:11:44,145 [INFO]   ✓ qid=11011 → output\5121\33013\11011.sgf
2026-05-28 17:11:51,901 [INFO]   ✓ qid=9225 → output\5121\33013\9225.sgf
2026-05-28 17:12:00,776 [INFO]   ✓ qid=8862 → output\5121\33013\8862.sgf
2026-05-28 17:12:08,969 [INFO]   ✓ qid=8228 → output\5121\33013\8228.sgf
2026-05-28 17:12:15,768 [INFO]   ✓ qid=27323 → output\5121\33013\27323.sgf
2026-05-28 17:12:25,348 [INFO]   ✓ qid=9889 → output\5121\33013\9889.sgf
2026-05-28 17:12:32,208 [INFO]   ✓ qid=9252 → output\5121\33013\9252.sgf
2026-05-28 17:12:42,476 [INFO]   ✓ qid=19956 → output\5121\33013\19956.sgf
2026-05-28 17:12:49,009 [INFO]   ✓ qid=8651 → output\5121\33013\8651.sgf
2026-05-28 17:12:58,841 [INFO]   ✓ qid=8746 → output\5121\33013\8746.sgf
2026-05-28 17:13:08,072 [INFO]   ✓ qid=9009 → output\5121\33013\9009.sgf
2026-05-28 17:13:15,298 [INFO]   ✓ qid=8363 → output\5121\33013\8363.sgf
2026-05-28 17:13:22,193 [INFO]   ✓ qid=8875 → output\5121\33013\8875.sgf
2026-05-28 17:13:29,200 [INFO]   ✓ qid=9185 → output\5121\33013\9185.sgf
2026-05-28 17:13:36,783 [INFO]   ✓ qid=8917 → output\5121\33013\8917.sgf
2026-05-28 17:13:43,573 [INFO]   ✓ qid=19953 → output\5121\33013\19953.sgf
2026-05-28 17:13:50,971 [INFO]   ✓ qid=9069 → output\5121\33013\9069.sgf
2026-05-28 17:14:00,662 [INFO]   ✓ qid=11363 → output\5121\33013\11363.sgf
2026-05-28 17:14:09,895 [INFO]   ✓ qid=10988 → output\5121\33013\10988.sgf
2026-05-28 17:14:18,447 [INFO]   ✓ qid=8648 → output\5121\33013\8648.sgf
2026-05-28 17:14:28,479 [INFO]   ✓ qid=9857 → output\5121\33013\9857.sgf
2026-05-28 17:14:36,417 [INFO]   ✓ qid=8565 → output\5121\33013\8565.sgf
2026-05-28 17:14:45,600 [INFO]   ✓ qid=19955 → output\5121\33013\19955.sgf
2026-05-28 17:14:53,641 [INFO]   ✓ qid=8507 → output\5121\33013\8507.sgf
2026-05-28 17:14:53,642 [INFO]   Capítulo 33809 '死活（3目4目5目6目）'
2026-05-28 17:15:11,971 [INFO]   ✓ qid=10951 → output\5121\33809\10951.sgf
2026-05-28 17:15:17,452 [INFO]   ✓ qid=21878 → output\5121\33809\21878.sgf
2026-05-28 17:15:25,859 [INFO]   ✓ qid=8849 → output\5121\33809\8849.sgf
2026-05-28 17:15:34,649 [INFO]   ✓ qid=8729 → output\5121\33809\8729.sgf
2026-05-28 17:15:42,424 [INFO]   ✓ qid=11216 → output\5121\33809\11216.sgf
2026-05-28 17:15:52,527 [INFO]   ✓ qid=21893 → output\5121\33809\21893.sgf
2026-05-28 17:16:00,327 [INFO]   ✓ qid=8989 → output\5121\33809\8989.sgf
2026-05-28 17:16:06,694 [INFO]   ✓ qid=9052 → output\5121\33809\9052.sgf
2026-05-28 17:16:13,846 [INFO]   ✓ qid=11800 → output\5121\33809\11800.sgf
2026-05-28 17:16:22,099 [INFO]   ✓ qid=11487 → output\5121\33809\11487.sgf
2026-05-28 17:16:31,527 [INFO]   ✓ qid=7329 → output\5121\33809\7329.sgf
2026-05-28 17:16:42,588 [INFO]   ✓ qid=11372 → output\5121\33809\11372.sgf
2026-05-28 17:16:50,678 [INFO]   ✓ qid=21746 → output\5121\33809\21746.sgf
2026-05-28 17:16:56,793 [INFO]   ✓ qid=8575 → output\5121\33809\8575.sgf
2026-05-28 17:17:06,557 [INFO]   ✓ qid=11838 → output\5121\33809\11838.sgf
2026-05-28 17:17:14,068 [INFO]   ✓ qid=1168 → output\5121\33809\1168.sgf
2026-05-28 17:17:19,835 [INFO]   ✓ qid=8693 → output\5121\33809\8693.sgf
2026-05-28 17:17:25,812 [INFO]   ✓ qid=7434 → output\5121\33809\7434.sgf
2026-05-28 17:17:35,629 [INFO]   ✓ qid=8685 → output\5121\33809\8685.sgf
2026-05-28 17:17:41,513 [INFO]   ✓ qid=8436 → output\5121\33809\8436.sgf
2026-05-28 17:17:50,405 [INFO]   ✓ qid=28865 → output\5121\33809\28865.sgf
2026-05-28 17:18:02,037 [INFO]   ✓ qid=11129 → output\5121\33809\11129.sgf
2026-05-28 17:18:12,230 [INFO]   ✓ qid=39511 → output\5121\33809\39511.sgf
2026-05-28 17:18:22,479 [INFO]   ✓ qid=21912 → output\5121\33809\21912.sgf
2026-05-28 17:18:28,212 [INFO]   ✓ qid=4477 → output\5121\33809\4477.sgf
2026-05-28 17:18:35,965 [INFO]   ✓ qid=11785 → output\5121\33809\11785.sgf
2026-05-28 17:18:45,079 [INFO]   ✓ qid=12274 → output\5121\33809\12274.sgf
2026-05-28 17:18:51,407 [INFO]   ✓ qid=11622 → output\5121\33809\11622.sgf
2026-05-28 17:18:57,988 [INFO]   ✓ qid=20407 → output\5121\33809\20407.sgf
2026-05-28 17:19:08,016 [INFO]   ✓ qid=11482 → output\5121\33809\11482.sgf
2026-05-28 17:19:08,017 [INFO]   Libro 5121 completado: 651 OK, 33 fallidos
2026-05-28 17:19:08,023 [INFO] Libro 5120 — https://www.101weiqi.com/book/5120/
2026-05-28 17:19:15,539 [INFO]   '叶老师围棋初级A' — 28 capítulos
2026-05-28 17:19:49,732 [INFO]   Capítulo 30869 '综合吃子手筋'
2026-05-28 17:20:08,685 [INFO]   ✓ qid=8797 → output\5120\30869\8797.sgf
2026-05-28 17:20:18,652 [INFO]   ✓ qid=8572 → output\5120\30869\8572.sgf
2026-05-28 17:20:27,009 [INFO]   ✓ qid=10144 → output\5120\30869\10144.sgf
2026-05-28 17:20:34,244 [INFO]   ✓ qid=8834 → output\5120\30869\8834.sgf
2026-05-28 17:20:43,542 [INFO]   ✓ qid=9261 → output\5120\30869\9261.sgf
2026-05-28 17:20:49,968 [INFO]   ✓ qid=43301 → output\5120\30869\43301.sgf
2026-05-28 17:20:56,340 [INFO]   ✓ qid=9984 → output\5120\30869\9984.sgf
2026-05-28 17:21:05,893 [INFO]   ✓ qid=8545 → output\5120\30869\8545.sgf
2026-05-28 17:21:15,788 [INFO]   ✓ qid=8353 → output\5120\30869\8353.sgf
2026-05-28 17:21:23,805 [INFO]   ✓ qid=10399 → output\5120\30869\10399.sgf
2026-05-28 17:21:29,639 [INFO]   ✓ qid=9686 → output\5120\30869\9686.sgf
2026-05-28 17:21:38,266 [INFO]   ✓ qid=129710 → output\5120\30869\129710.sgf
2026-05-28 17:21:47,334 [INFO]   ✓ qid=84163 → output\5120\30869\84163.sgf
2026-05-28 17:21:53,473 [INFO]   ✓ qid=9691 → output\5120\30869\9691.sgf
2026-05-28 17:21:59,714 [INFO]   ✓ qid=83727 → output\5120\30869\83727.sgf
2026-05-28 17:22:05,842 [INFO]   ✓ qid=81387 → output\5120\30869\81387.sgf
2026-05-28 17:22:12,203 [INFO]   ✓ qid=218893 → output\5120\30869\218893.sgf
2026-05-28 17:22:22,218 [INFO]   ✓ qid=219449 → output\5120\30869\219449.sgf
2026-05-28 17:22:29,559 [INFO]   ✓ qid=9945 → output\5120\30869\9945.sgf
2026-05-28 17:22:38,479 [INFO]   ✓ qid=84256 → output\5120\30869\84256.sgf
2026-05-28 17:22:48,071 [INFO]   ✓ qid=84090 → output\5120\30869\84090.sgf
2026-05-28 17:22:55,808 [INFO]   ✓ qid=9875 → output\5120\30869\9875.sgf
2026-05-28 17:23:04,866 [INFO]   ✓ qid=12180 → output\5120\30869\12180.sgf
2026-05-28 17:23:13,564 [INFO]   ✓ qid=70994 → output\5120\30869\70994.sgf
2026-05-28 17:23:23,129 [INFO]   ✓ qid=132566 → output\5120\30869\132566.sgf
2026-05-28 17:23:34,358 [INFO]   ✓ qid=59671 → output\5120\30869\59671.sgf
2026-05-28 17:23:42,947 [INFO]   ✓ qid=83328 → output\5120\30869\83328.sgf
2026-05-28 17:23:50,460 [INFO]   ✓ qid=9289 → output\5120\30869\9289.sgf
2026-05-28 17:23:56,476 [INFO]   ✓ qid=83426 → output\5120\30869\83426.sgf
2026-05-28 17:24:02,485 [INFO]   ✓ qid=54311 → output\5120\30869\54311.sgf
2026-05-28 17:24:02,486 [INFO]   Capítulo 8965 '对杀（长气杀短气）'
2026-05-28 17:24:20,116 [INFO]   ✓ qid=8463 → output\5120\8965\8463.sgf
2026-05-28 17:24:27,739 [INFO]   ✓ qid=10134 → output\5120\8965\10134.sgf
2026-05-28 17:24:36,518 [INFO]   ✓ qid=11128 → output\5120\8965\11128.sgf
2026-05-28 17:24:46,553 [INFO]   ✓ qid=10814 → output\5120\8965\10814.sgf
2026-05-28 17:24:53,433 [INFO]   ✓ qid=43138 → output\5120\8965\43138.sgf
2026-05-28 17:25:03,036 [INFO]   ✓ qid=11954 → output\5120\8965\11954.sgf
2026-05-28 17:25:09,658 [INFO]   ✓ qid=10766 → output\5120\8965\10766.sgf
2026-05-28 17:25:16,510 [INFO]   ✓ qid=9839 → output\5120\8965\9839.sgf
2026-05-28 17:25:26,011 [INFO]   ✓ qid=11751 → output\5120\8965\11751.sgf
2026-05-28 17:25:32,342 [INFO]   ✓ qid=10244 → output\5120\8965\10244.sgf
2026-05-28 17:25:38,900 [INFO]   ✓ qid=8711 → output\5120\8965\8711.sgf
2026-05-28 17:25:49,401 [INFO]   ✓ qid=11049 → output\5120\8965\11049.sgf
2026-05-28 17:25:58,248 [INFO]   ✓ qid=11734 → output\5120\8965\11734.sgf
2026-05-28 17:26:04,200 [INFO]   ✓ qid=10074 → output\5120\8965\10074.sgf
2026-05-28 17:26:13,051 [INFO]   ✓ qid=10301 → output\5120\8965\10301.sgf
2026-05-28 17:26:20,901 [INFO]   ✓ qid=12374 → output\5120\8965\12374.sgf
2026-05-28 17:26:26,779 [INFO]   ✓ qid=22596 → output\5120\8965\22596.sgf
2026-05-28 17:26:36,326 [INFO]   ✓ qid=10419 → output\5120\8965\10419.sgf
2026-05-28 17:26:42,270 [INFO]   ✓ qid=11560 → output\5120\8965\11560.sgf
2026-05-28 17:26:49,453 [INFO]   ✓ qid=11177 → output\5120\8965\11177.sgf
2026-05-28 17:26:49,454 [INFO]   Capítulo 8960 '死活基本形'
2026-05-28 17:27:04,134 [INFO]   ✓ qid=43784 → output\5120\8960\43784.sgf
2026-05-28 17:27:13,379 [INFO]   ✓ qid=21958 → output\5120\8960\21958.sgf
2026-05-28 17:27:23,631 [INFO]   ✓ qid=10519 → output\5120\8960\10519.sgf
2026-05-28 17:27:34,030 [INFO]   ✓ qid=38945 → output\5120\8960\38945.sgf
2026-05-28 17:27:39,677 [INFO]   ✓ qid=8456 → output\5120\8960\8456.sgf
2026-05-28 17:27:48,731 [INFO]   ✓ qid=22237 → output\5120\8960\22237.sgf
2026-05-28 17:27:55,536 [INFO]   ✓ qid=21934 → output\5120\8960\21934.sgf
2026-05-28 17:28:01,483 [INFO]   ✓ qid=3574 → output\5120\8960\3574.sgf
2026-05-28 17:28:08,186 [INFO]   ✓ qid=8362 → output\5120\8960\8362.sgf
2026-05-28 17:28:15,989 [INFO]   ✓ qid=11875 → output\5120\8960\11875.sgf
2026-05-28 17:28:26,087 [INFO]   ✓ qid=20538 → output\5120\8960\20538.sgf
2026-05-28 17:28:35,480 [INFO]   ✓ qid=392 → output\5120\8960\392.sgf
2026-05-28 17:28:49,755 [INFO]   ✓ qid=28858 → output\5120\8960\28858.sgf
2026-05-28 17:28:55,114 [INFO]   ✓ qid=3413 → output\5120\8960\3413.sgf
2026-05-28 17:29:05,107 [INFO]   ✓ qid=11312 → output\5120\8960\11312.sgf
2026-05-28 17:29:12,075 [INFO]   ✓ qid=22319 → output\5120\8960\22319.sgf
2026-05-28 17:29:22,232 [INFO]   ✓ qid=10726 → output\5120\8960\10726.sgf
2026-05-28 17:29:32,247 [INFO]   ✓ qid=39643 → output\5120\8960\39643.sgf
2026-05-28 17:29:44,872 [INFO]   ✓ qid=128810 → output\5120\8960\128810.sgf
2026-05-28 17:29:57,615 [INFO]   ✓ qid=128812 → output\5120\8960\128812.sgf
2026-05-28 17:30:10,153 [INFO]   ✓ qid=128813 → output\5120\8960\128813.sgf
2026-05-28 17:30:19,233 [INFO]   ✓ qid=21896 → output\5120\8960\21896.sgf
2026-05-28 17:30:28,894 [INFO]   ✓ qid=22169 → output\5120\8960\22169.sgf
2026-05-28 17:30:37,670 [INFO]   ✓ qid=43779 → output\5120\8960\43779.sgf
2026-05-28 17:30:43,871 [INFO]   ✓ qid=12133 → output\5120\8960\12133.sgf
2026-05-28 17:30:51,587 [INFO]   ✓ qid=21862 → output\5120\8960\21862.sgf
2026-05-28 17:31:01,683 [INFO]   ✓ qid=10734 → output\5120\8960\10734.sgf
2026-05-28 17:31:08,358 [INFO]   ✓ qid=8195 → output\5120\8960\8195.sgf
2026-05-28 17:31:14,256 [INFO]   ✓ qid=12452 → output\5120\8960\12452.sgf
2026-05-28 17:31:22,432 [INFO]   ✓ qid=12173 → output\5120\8960\12173.sgf
2026-05-28 17:31:28,059 [INFO]   ✓ qid=12678 → output\5120\8960\12678.sgf
2026-05-28 17:31:35,743 [INFO]   ✓ qid=11310 → output\5120\8960\11310.sgf
2026-05-28 17:31:44,607 [INFO]   ✓ qid=21910 → output\5120\8960\21910.sgf
2026-05-28 17:31:52,392 [INFO]   ✓ qid=21877 → output\5120\8960\21877.sgf
2026-05-28 17:32:02,174 [INFO]   ✓ qid=11932 → output\5120\8960\11932.sgf
2026-05-28 17:32:12,391 [INFO]   ✓ qid=10809 → output\5120\8960\10809.sgf
2026-05-28 17:32:19,436 [INFO]   ✓ qid=25869 → output\5120\8960\25869.sgf
2026-05-28 17:32:28,274 [INFO]   ✓ qid=3265 → output\5120\8960\3265.sgf
2026-05-28 17:32:37,653 [WARNING]   Sin andata en qid=473236 (qtype=None) — skip
2026-05-28 17:32:47,597 [WARNING]   Sin andata en qid=473237 (qtype=None) — skip
2026-05-28 17:32:47,598 [INFO]   Capítulo 16362 '@断多棋弱，补断棋强'
2026-05-28 17:33:04,782 [INFO]   ✓ qid=9413 → output\5120\16362\9413.sgf
2026-05-28 17:33:12,533 [INFO]   ✓ qid=3350 → output\5120\16362\3350.sgf
2026-05-28 17:33:23,266 [INFO]   ✓ qid=43350 → output\5120\16362\43350.sgf
2026-05-28 17:33:30,297 [INFO]   ✓ qid=11523 → output\5120\16362\11523.sgf
2026-05-28 17:33:40,391 [INFO]   ✓ qid=22709 → output\5120\16362\22709.sgf
2026-05-28 17:33:47,693 [INFO]   ✓ qid=9070 → output\5120\16362\9070.sgf
2026-05-28 17:33:57,117 [INFO]   ✓ qid=10057 → output\5120\16362\10057.sgf
2026-05-28 17:34:03,612 [INFO]   ✓ qid=43673 → output\5120\16362\43673.sgf
2026-05-28 17:34:13,562 [INFO]   ✓ qid=8771 → output\5120\16362\8771.sgf
2026-05-28 17:34:21,124 [INFO]   ✓ qid=9123 → output\5120\16362\9123.sgf
2026-05-28 17:34:31,347 [INFO]   ✓ qid=9065 → output\5120\16362\9065.sgf
2026-05-28 17:34:39,493 [INFO]   ✓ qid=8368 → output\5120\16362\8368.sgf
2026-05-28 17:34:45,914 [INFO]   ✓ qid=8792 → output\5120\16362\8792.sgf
2026-05-28 17:34:56,844 [INFO]   ✓ qid=11869 → output\5120\16362\11869.sgf
2026-05-28 17:35:06,541 [INFO]   ✓ qid=13536 → output\5120\16362\13536.sgf
2026-05-28 17:35:14,128 [INFO]   ✓ qid=8627 → output\5120\16362\8627.sgf
2026-05-28 17:35:22,494 [INFO]   ✓ qid=8676 → output\5120\16362\8676.sgf
2026-05-28 17:35:30,863 [INFO]   ✓ qid=8902 → output\5120\16362\8902.sgf
2026-05-28 17:35:40,781 [INFO]   ✓ qid=9080 → output\5120\16362\9080.sgf
2026-05-28 17:35:50,737 [INFO]   ✓ qid=21326 → output\5120\16362\21326.sgf
2026-05-28 17:35:58,549 [INFO]   ✓ qid=8686 → output\5120\16362\8686.sgf
2026-05-28 17:36:05,622 [INFO]   ✓ qid=9471 → output\5120\16362\9471.sgf
2026-05-28 17:36:14,475 [INFO]   ✓ qid=8938 → output\5120\16362\8938.sgf
2026-05-28 17:36:23,451 [INFO]   ✓ qid=8890 → output\5120\16362\8890.sgf
2026-05-28 17:36:28,908 [INFO]   ✓ qid=10154 → output\5120\16362\10154.sgf
2026-05-28 17:36:37,875 [INFO]   ✓ qid=9538 → output\5120\16362\9538.sgf
2026-05-28 17:36:45,044 [INFO]   ✓ qid=9830 → output\5120\16362\9830.sgf
2026-05-28 17:36:54,457 [INFO]   ✓ qid=12100 → output\5120\16362\12100.sgf
2026-05-28 17:37:02,616 [INFO]   ✓ qid=167003 → output\5120\16362\167003.sgf
2026-05-28 17:37:11,637 [INFO]   ✓ qid=167004 → output\5120\16362\167004.sgf
2026-05-28 17:37:21,938 [INFO]   ✓ qid=167005 → output\5120\16362\167005.sgf
2026-05-28 17:37:29,054 [INFO]   ✓ qid=167006 → output\5120\16362\167006.sgf
2026-05-28 17:37:29,055 [INFO]   Capítulo 8959 '双活'
2026-05-28 17:37:44,549 [INFO]   ✓ qid=20197 → output\5120\8959\20197.sgf
2026-05-28 17:37:52,473 [INFO]   ✓ qid=20198 → output\5120\8959\20198.sgf
2026-05-28 17:38:02,172 [INFO]   ✓ qid=20199 → output\5120\8959\20199.sgf
2026-05-28 17:38:09,399 [INFO]   ✓ qid=53377 → output\5120\8959\53377.sgf
2026-05-28 17:38:17,255 [INFO]   ✓ qid=11009 → output\5120\8959\11009.sgf
2026-05-28 17:38:23,870 [INFO]   ✓ qid=9851 → output\5120\8959\9851.sgf
2026-05-28 17:38:29,546 [INFO]   ✓ qid=9638 → output\5120\8959\9638.sgf
2026-05-28 17:38:39,903 [INFO]   ✓ qid=10675 → output\5120\8959\10675.sgf
2026-05-28 17:38:48,714 [INFO]   ✓ qid=1450 → output\5120\8959\1450.sgf
2026-05-28 17:38:58,834 [INFO]   ✓ qid=10405 → output\5120\8959\10405.sgf
2026-05-28 17:39:07,708 [INFO]   ✓ qid=10786 → output\5120\8959\10786.sgf
2026-05-28 17:39:16,496 [INFO]   ✓ qid=10103 → output\5120\8959\10103.sgf
2026-05-28 17:39:22,792 [INFO]   ✓ qid=8355 → output\5120\8959\8355.sgf
2026-05-28 17:39:31,650 [INFO]   ✓ qid=51297 → output\5120\8959\51297.sgf
2026-05-28 17:39:39,130 [INFO]   ✓ qid=10741 → output\5120\8959\10741.sgf
2026-05-28 17:39:44,783 [INFO]   ✓ qid=84427 → output\5120\8959\84427.sgf
2026-05-28 17:39:50,258 [INFO]   ✓ qid=11245 → output\5120\8959\11245.sgf
2026-05-28 17:39:59,366 [INFO]   ✓ qid=9811 → output\5120\8959\9811.sgf
2026-05-28 17:40:05,891 [INFO]   ✓ qid=20213 → output\5120\8959\20213.sgf
2026-05-28 17:40:15,690 [INFO]   ✓ qid=1411 → output\5120\8959\1411.sgf
2026-05-28 17:40:21,911 [INFO]   ✓ qid=65188 → output\5120\8959\65188.sgf
2026-05-28 17:40:27,947 [INFO]   ✓ qid=13210 → output\5120\8959\13210.sgf
2026-05-28 17:40:38,674 [INFO]   ✓ qid=33748 → output\5120\8959\33748.sgf
2026-05-28 17:40:48,454 [INFO]   ✓ qid=3106 → output\5120\8959\3106.sgf
2026-05-28 17:40:57,063 [INFO]   ✓ qid=28293 → output\5120\8959\28293.sgf
2026-05-28 17:41:03,410 [INFO]   ✓ qid=3713 → output\5120\8959\3713.sgf
2026-05-28 17:41:11,758 [INFO]   ✓ qid=13007 → output\5120\8959\13007.sgf
2026-05-28 17:41:20,554 [INFO]   ✓ qid=10606 → output\5120\8959\10606.sgf
2026-05-28 17:41:27,483 [INFO]   ✓ qid=9280 → output\5120\8959\9280.sgf
2026-05-28 17:41:37,615 [INFO]   ✓ qid=128468 → output\5120\8959\128468.sgf
2026-05-28 17:41:37,616 [INFO]   Capítulo 8958 '@布局三原则'
2026-05-28 17:41:45,817 [WARNING]   Sin problemas en capítulo 8958
2026-05-28 17:41:45,817 [INFO]   Capítulo 8961 '手筋'
2026-05-28 17:42:00,641 [INFO]   ✓ qid=296440 → output\5120\8961\296440.sgf
2026-05-28 17:42:11,653 [INFO]   ✓ qid=216232 → output\5120\8961\216232.sgf
2026-05-28 17:42:18,536 [INFO]   ✓ qid=8768 → output\5120\8961\8768.sgf
2026-05-28 17:42:27,047 [INFO]   ✓ qid=296466 → output\5120\8961\296466.sgf
2026-05-28 17:42:35,655 [INFO]   ✓ qid=296248 → output\5120\8961\296248.sgf
2026-05-28 17:42:45,389 [INFO]   ✓ qid=216105 → output\5120\8961\216105.sgf
2026-05-28 17:42:53,681 [INFO]   ✓ qid=154053 → output\5120\8961\154053.sgf
2026-05-28 17:42:59,953 [INFO]   ✓ qid=304995 → output\5120\8961\304995.sgf
2026-05-28 17:43:07,854 [INFO]   ✓ qid=296491 → output\5120\8961\296491.sgf
2026-05-28 17:43:16,459 [INFO]   ✓ qid=9744 → output\5120\8961\9744.sgf
2026-05-28 17:43:23,151 [INFO]   ✓ qid=293624 → output\5120\8961\293624.sgf
2026-05-28 17:43:29,554 [INFO]   ✓ qid=83347 → output\5120\8961\83347.sgf
2026-05-28 17:43:41,798 [INFO]   ✓ qid=157227 → output\5120\8961\157227.sgf
2026-05-28 17:43:51,380 [INFO]   ✓ qid=157214 → output\5120\8961\157214.sgf
2026-05-28 17:44:01,485 [INFO]   ✓ qid=302314 → output\5120\8961\302314.sgf
2026-05-28 17:44:07,191 [INFO]   ✓ qid=8184 → output\5120\8961\8184.sgf
2026-05-28 17:44:17,920 [INFO]   ✓ qid=293759 → output\5120\8961\293759.sgf
2026-05-28 17:44:27,569 [INFO]   ✓ qid=150219 → output\5120\8961\150219.sgf
2026-05-28 17:44:34,363 [INFO]   ✓ qid=77387 → output\5120\8961\77387.sgf
2026-05-28 17:44:40,203 [INFO]   ✓ qid=294006 → output\5120\8961\294006.sgf
2026-05-28 17:44:48,430 [INFO]   ✓ qid=302287 → output\5120\8961\302287.sgf
2026-05-28 17:44:53,850 [INFO]   ✓ qid=9103 → output\5120\8961\9103.sgf
2026-05-28 17:45:04,372 [INFO]   ✓ qid=77699 → output\5120\8961\77699.sgf
2026-05-28 17:45:10,563 [INFO]   ✓ qid=44368 → output\5120\8961\44368.sgf
2026-05-28 17:45:22,670 [INFO]   ✓ qid=49788 → output\5120\8961\49788.sgf
2026-05-28 17:45:30,886 [INFO]   ✓ qid=296470 → output\5120\8961\296470.sgf
2026-05-28 17:45:40,948 [INFO]   ✓ qid=56304 → output\5120\8961\56304.sgf
2026-05-28 17:45:50,527 [INFO]   ✓ qid=8375 → output\5120\8961\8375.sgf
2026-05-28 17:45:59,650 [INFO]   ✓ qid=81238 → output\5120\8961\81238.sgf
2026-05-28 17:46:09,203 [INFO]   ✓ qid=9693 → output\5120\8961\9693.sgf
2026-05-28 17:46:16,985 [INFO]   ✓ qid=8678 → output\5120\8961\8678.sgf
2026-05-28 17:46:26,107 [INFO]   ✓ qid=8898 → output\5120\8961\8898.sgf
2026-05-28 17:46:32,488 [INFO]   ✓ qid=161807 → output\5120\8961\161807.sgf
2026-05-28 17:46:37,882 [INFO]   ✓ qid=81453 → output\5120\8961\81453.sgf
2026-05-28 17:46:47,820 [INFO]   ✓ qid=82148 → output\5120\8961\82148.sgf
2026-05-28 17:46:53,738 [INFO]   ✓ qid=9323 → output\5120\8961\9323.sgf
2026-05-28 17:47:03,180 [INFO]   ✓ qid=296753 → output\5120\8961\296753.sgf
2026-05-28 17:47:09,779 [INFO]   ✓ qid=295831 → output\5120\8961\295831.sgf
2026-05-28 17:47:16,833 [INFO]   ✓ qid=43718 → output\5120\8961\43718.sgf
2026-05-28 17:47:16,834 [INFO]   Capítulo 8966 '对杀（有眼杀无眼）'
2026-05-28 17:47:30,438 [INFO]   ✓ qid=11035 → output\5120\8966\11035.sgf
2026-05-28 17:47:40,431 [INFO]   ✓ qid=11919 → output\5120\8966\11919.sgf
2026-05-28 17:47:50,573 [INFO]   ✓ qid=11160 → output\5120\8966\11160.sgf
2026-05-28 17:48:00,639 [INFO]   ✓ qid=10276 → output\5120\8966\10276.sgf
2026-05-28 17:48:10,304 [INFO]   ✓ qid=11348 → output\5120\8966\11348.sgf
2026-05-28 17:48:18,635 [INFO]   ✓ qid=11662 → output\5120\8966\11662.sgf
2026-05-28 17:48:29,494 [INFO]   ✓ qid=12696 → output\5120\8966\12696.sgf
2026-05-28 17:48:34,957 [INFO]   ✓ qid=12823 → output\5120\8966\12823.sgf
2026-05-28 17:48:45,124 [INFO]   ✓ qid=10257 → output\5120\8966\10257.sgf
2026-05-28 17:48:52,688 [INFO]   ✓ qid=10919 → output\5120\8966\10919.sgf
2026-05-28 17:48:58,817 [INFO]   ✓ qid=9406 → output\5120\8966\9406.sgf
2026-05-28 17:49:05,423 [INFO]   ✓ qid=70278 → output\5120\8966\70278.sgf
2026-05-28 17:49:15,390 [INFO]   ✓ qid=20267 → output\5120\8966\20267.sgf
2026-05-28 17:49:24,800 [INFO]   ✓ qid=10848 → output\5120\8966\10848.sgf
2026-05-28 17:49:32,986 [INFO]   ✓ qid=7 → output\5120\8966\7.sgf
2026-05-28 17:49:42,283 [INFO]   ✓ qid=12002 → output\5120\8966\12002.sgf
2026-05-28 17:49:48,027 [INFO]   ✓ qid=8327 → output\5120\8966\8327.sgf
2026-05-28 17:49:57,516 [INFO]   ✓ qid=55777 → output\5120\8966\55777.sgf
2026-05-28 17:50:05,223 [INFO]   ✓ qid=9130 → output\5120\8966\9130.sgf
2026-05-28 17:50:14,597 [INFO]   ✓ qid=73414 → output\5120\8966\73414.sgf
2026-05-28 17:50:21,724 [INFO]   ✓ qid=73412 → output\5120\8966\73412.sgf
2026-05-28 17:50:27,680 [INFO]   ✓ qid=27359 → output\5120\8966\27359.sgf
2026-05-28 17:50:27,681 [INFO]   Capítulo 16446 '（内部）活棋不攻，死棋不杀'
2026-05-28 17:50:42,037 [INFO]   ✓ qid=107848 → output\5120\16446\107848.sgf
2026-05-28 17:50:50,552 [INFO]   ✓ qid=9546 → output\5120\16446\9546.sgf
2026-05-28 17:50:58,297 [INFO]   ✓ qid=84013 → output\5120\16446\84013.sgf
2026-05-28 17:51:06,440 [INFO]   ✓ qid=10530 → output\5120\16446\10530.sgf
2026-05-28 17:51:15,179 [INFO]   ✓ qid=161797 → output\5120\16446\161797.sgf
2026-05-28 17:51:24,809 [INFO]   ✓ qid=162017 → output\5120\16446\162017.sgf
2026-05-28 17:51:35,124 [INFO]   ✓ qid=10067 → output\5120\16446\10067.sgf
2026-05-28 17:51:44,741 [INFO]   ✓ qid=9837 → output\5120\16446\9837.sgf
2026-05-28 17:51:54,420 [INFO]   ✓ qid=162023 → output\5120\16446\162023.sgf
2026-05-28 17:52:01,035 [INFO]   ✓ qid=65553 → output\5120\16446\65553.sgf
2026-05-28 17:52:09,200 [INFO]   ✓ qid=90278 → output\5120\16446\90278.sgf
2026-05-28 17:52:18,195 [INFO]   ✓ qid=50430 → output\5120\16446\50430.sgf
2026-05-28 17:52:27,325 [INFO]   ✓ qid=103774 → output\5120\16446\103774.sgf
2026-05-28 17:52:37,083 [INFO]   ✓ qid=83416 → output\5120\16446\83416.sgf
2026-05-28 17:52:47,021 [INFO]   ✓ qid=96688 → output\5120\16446\96688.sgf
2026-05-28 17:52:54,638 [INFO]   ✓ qid=9696 → output\5120\16446\9696.sgf
2026-05-28 17:53:04,749 [INFO]   ✓ qid=19818 → output\5120\16446\19818.sgf
2026-05-28 17:53:10,434 [INFO]   ✓ qid=9487 → output\5120\16446\9487.sgf
2026-05-28 17:53:16,364 [INFO]   ✓ qid=96687 → output\5120\16446\96687.sgf
2026-05-28 17:53:22,036 [INFO]   ✓ qid=61599 → output\5120\16446\61599.sgf
2026-05-28 17:53:28,466 [INFO]   ✓ qid=77447 → output\5120\16446\77447.sgf
2026-05-28 17:53:33,943 [INFO]   ✓ qid=20011 → output\5120\16446\20011.sgf
2026-05-28 17:53:43,068 [INFO]   ✓ qid=153768 → output\5120\16446\153768.sgf
2026-05-28 17:53:53,942 [INFO]   ✓ qid=153773 → output\5120\16446\153773.sgf
2026-05-28 17:54:01,467 [INFO]   ✓ qid=150463 → output\5120\16446\150463.sgf
2026-05-28 17:54:10,300 [INFO]   ✓ qid=89771 → output\5120\16446\89771.sgf
2026-05-28 17:54:18,094 [INFO]   ✓ qid=12128 → output\5120\16446\12128.sgf
2026-05-28 17:54:24,429 [INFO]   ✓ qid=83493 → output\5120\16446\83493.sgf
2026-05-28 17:54:32,335 [INFO]   ✓ qid=77428 → output\5120\16446\77428.sgf
2026-05-28 17:54:42,438 [INFO]   ✓ qid=1720 → output\5120\16446\1720.sgf
2026-05-28 17:54:53,745 [INFO]   ✓ qid=145395 → output\5120\16446\145395.sgf
2026-05-28 17:55:03,035 [INFO]   ✓ qid=150464 → output\5120\16446\150464.sgf
2026-05-28 17:55:11,345 [INFO]   ✓ qid=145396 → output\5120\16446\145396.sgf
2026-05-28 17:55:19,531 [INFO]   ✓ qid=82057 → output\5120\16446\82057.sgf
2026-05-28 17:55:26,990 [INFO]   ✓ qid=83848 → output\5120\16446\83848.sgf
2026-05-28 17:55:37,699 [INFO]   ✓ qid=103505 → output\5120\16446\103505.sgf
2026-05-28 17:55:43,932 [INFO]   ✓ qid=22881 → output\5120\16446\22881.sgf
2026-05-28 17:55:54,703 [INFO]   ✓ qid=20008 → output\5120\16446\20008.sgf
2026-05-28 17:56:05,328 [INFO]   ✓ qid=108622 → output\5120\16446\108622.sgf
2026-05-28 17:56:17,361 [INFO]   ✓ qid=165568 → output\5120\16446\165568.sgf
2026-05-28 17:56:24,678 [INFO]   ✓ qid=165569 → output\5120\16446\165569.sgf
2026-05-28 17:56:34,503 [INFO]   ✓ qid=165570 → output\5120\16446\165570.sgf
2026-05-28 17:56:34,503 [INFO]   Capítulo 31760 '@棋子的控制点（从零到20天）'
2026-05-28 17:56:46,376 [INFO]   ✓ qid=79344 → output\5120\31760\79344.sgf
2026-05-28 17:56:55,019 [INFO]   ✓ qid=132585 → output\5120\31760\132585.sgf
2026-05-28 17:57:03,398 [INFO]   ✓ qid=82081 → output\5120\31760\82081.sgf
2026-05-28 17:57:10,158 [INFO]   ✓ qid=143904 → output\5120\31760\143904.sgf
2026-05-28 17:57:18,502 [INFO]   ✓ qid=9223 → output\5120\31760\9223.sgf
2026-05-28 17:57:29,204 [INFO]   ✓ qid=143172 → output\5120\31760\143172.sgf
2026-05-28 17:57:38,009 [INFO]   ✓ qid=83766 → output\5120\31760\83766.sgf
2026-05-28 17:57:43,693 [INFO]   ✓ qid=11331 → output\5120\31760\11331.sgf
2026-05-28 17:57:49,109 [INFO]   ✓ qid=77223 → output\5120\31760\77223.sgf
2026-05-28 17:57:55,735 [INFO]   ✓ qid=219482 → output\5120\31760\219482.sgf
2026-05-28 17:58:02,469 [INFO]   ✓ qid=8344 → output\5120\31760\8344.sgf
2026-05-28 17:58:08,285 [INFO]   ✓ qid=180537 → output\5120\31760\180537.sgf
2026-05-28 17:58:18,722 [INFO]   ✓ qid=55901 → output\5120\31760\55901.sgf
2026-05-28 17:58:25,366 [INFO]   ✓ qid=10109 → output\5120\31760\10109.sgf
2026-05-28 17:58:35,516 [INFO]   ✓ qid=75972 → output\5120\31760\75972.sgf
2026-05-28 17:58:46,469 [INFO]   ✓ qid=61976 → output\5120\31760\61976.sgf
2026-05-28 17:58:54,368 [INFO]   ✓ qid=109125 → output\5120\31760\109125.sgf
2026-05-28 17:59:05,242 [INFO]   ✓ qid=108890 → output\5120\31760\108890.sgf
2026-05-28 17:59:18,285 [INFO]   ✓ qid=81558 → output\5120\31760\81558.sgf
2026-05-28 17:59:24,711 [INFO]   ✓ qid=11540 → output\5120\31760\11540.sgf
2026-05-28 17:59:31,686 [INFO]   ✓ qid=51827 → output\5120\31760\51827.sgf
2026-05-28 17:59:37,198 [INFO]   ✓ qid=83431 → output\5120\31760\83431.sgf
2026-05-28 17:59:42,561 [INFO]   ✓ qid=11913 → output\5120\31760\11913.sgf
2026-05-28 17:59:49,369 [INFO]   ✓ qid=9830 → output\5120\31760\9830.sgf
2026-05-28 17:59:56,377 [INFO]   ✓ qid=10338 → output\5120\31760\10338.sgf
2026-05-28 18:00:05,863 [INFO]   ✓ qid=134181 → output\5120\31760\134181.sgf
2026-05-28 18:00:13,713 [INFO]   ✓ qid=80938 → output\5120\31760\80938.sgf
2026-05-28 18:00:24,639 [INFO]   ✓ qid=71013 → output\5120\31760\71013.sgf
2026-05-28 18:00:33,030 [INFO]   ✓ qid=68023 → output\5120\31760\68023.sgf
2026-05-28 18:00:41,488 [INFO]   ✓ qid=9733 → output\5120\31760\9733.sgf
2026-05-28 18:00:51,448 [WARNING]   Sin andata en qid=228240 (qtype=None) — skip
2026-05-28 18:00:59,443 [WARNING]   Sin andata en qid=228241 (qtype=None) — skip
2026-05-28 18:01:05,527 [WARNING]   Sin andata en qid=228242 (qtype=None) — skip
2026-05-28 18:01:05,529 [INFO]   Capítulo 8968 '一路吃子'
2026-05-28 18:01:24,973 [INFO]   ✓ qid=82030 → output\5120\8968\82030.sgf
2026-05-28 18:01:36,500 [INFO]   ✓ qid=82031 → output\5120\8968\82031.sgf
2026-05-28 18:01:44,671 [INFO]   ✓ qid=82032 → output\5120\8968\82032.sgf
2026-05-28 18:01:52,557 [INFO]   ✓ qid=82033 → output\5120\8968\82033.sgf
2026-05-28 18:02:00,133 [INFO]   ✓ qid=82034 → output\5120\8968\82034.sgf
2026-05-28 18:02:11,187 [INFO]   ✓ qid=82035 → output\5120\8968\82035.sgf
2026-05-28 18:02:22,074 [INFO]   ✓ qid=82036 → output\5120\8968\82036.sgf
2026-05-28 18:02:32,541 [INFO]   ✓ qid=82037 → output\5120\8968\82037.sgf
2026-05-28 18:02:43,362 [INFO]   ✓ qid=82038 → output\5120\8968\82038.sgf
2026-05-28 18:02:55,614 [INFO]   ✓ qid=82039 → output\5120\8968\82039.sgf
2026-05-28 18:03:06,890 [INFO]   ✓ qid=82040 → output\5120\8968\82040.sgf
2026-05-28 18:03:15,461 [INFO]   ✓ qid=82041 → output\5120\8968\82041.sgf
2026-05-28 18:03:24,367 [WARNING]   Posible throttling en qid=82042 — pausa 60-120s
2026-05-28 18:04:54,462 [INFO]   ✓ qid=82042 → output\5120\8968\82042.sgf
2026-05-28 18:05:04,343 [INFO]   ✓ qid=82043 → output\5120\8968\82043.sgf
2026-05-28 18:05:11,659 [INFO]   ✓ qid=82044 → output\5120\8968\82044.sgf
2026-05-28 18:05:22,726 [INFO]   ✓ qid=82045 → output\5120\8968\82045.sgf
2026-05-28 18:05:32,334 [INFO]   ✓ qid=82046 → output\5120\8968\82046.sgf
2026-05-28 18:05:40,361 [INFO]   ✓ qid=82047 → output\5120\8968\82047.sgf
2026-05-28 18:05:48,612 [INFO]   ✓ qid=82048 → output\5120\8968\82048.sgf
2026-05-28 18:05:57,114 [INFO]   ✓ qid=82049 → output\5120\8968\82049.sgf
2026-05-28 18:06:07,998 [INFO]   ✓ qid=82051 → output\5120\8968\82051.sgf
2026-05-28 18:06:15,237 [INFO]   ✓ qid=82052 → output\5120\8968\82052.sgf
2026-05-28 18:06:22,742 [INFO]   ✓ qid=82053 → output\5120\8968\82053.sgf
2026-05-28 18:06:32,968 [INFO]   ✓ qid=10808 → output\5120\8968\10808.sgf
2026-05-28 18:06:40,246 [INFO]   ✓ qid=9718 → output\5120\8968\9718.sgf
2026-05-28 18:06:50,012 [INFO]   ✓ qid=11500 → output\5120\8968\11500.sgf
2026-05-28 18:06:58,404 [INFO]   ✓ qid=60827 → output\5120\8968\60827.sgf
2026-05-28 18:07:07,711 [INFO]   ✓ qid=10051 → output\5120\8968\10051.sgf
2026-05-28 18:07:16,663 [INFO]   ✓ qid=8250 → output\5120\8968\8250.sgf
2026-05-28 18:07:24,197 [INFO]   ✓ qid=43663 → output\5120\8968\43663.sgf
2026-05-28 18:07:33,139 [INFO]   ✓ qid=11088 → output\5120\8968\11088.sgf
2026-05-28 18:07:41,478 [INFO]   ✓ qid=9956 → output\5120\8968\9956.sgf
2026-05-28 18:07:49,237 [INFO]   ✓ qid=9162 → output\5120\8968\9162.sgf
2026-05-28 18:07:56,516 [INFO]   ✓ qid=9645 → output\5120\8968\9645.sgf
2026-05-28 18:08:06,867 [INFO]   ✓ qid=20384 → output\5120\8968\20384.sgf
2026-05-28 18:08:16,253 [INFO]   ✓ qid=42818 → output\5120\8968\42818.sgf
2026-05-28 18:08:23,413 [INFO]   ✓ qid=8852 → output\5120\8968\8852.sgf
2026-05-28 18:08:31,902 [INFO]   ✓ qid=8748 → output\5120\8968\8748.sgf
2026-05-28 18:08:38,355 [INFO]   ✓ qid=153 → output\5120\8968\153.sgf
2026-05-28 18:08:48,481 [INFO]   ✓ qid=43414 → output\5120\8968\43414.sgf
2026-05-28 18:08:53,863 [INFO]   ✓ qid=9161 → output\5120\8968\9161.sgf
2026-05-28 18:09:04,901 [INFO]   ✓ qid=61921 → output\5120\8968\61921.sgf
2026-05-28 18:09:12,028 [INFO]   ✓ qid=54266 → output\5120\8968\54266.sgf
2026-05-28 18:09:22,124 [INFO]   ✓ qid=9276 → output\5120\8968\9276.sgf
2026-05-28 18:09:32,122 [INFO]   ✓ qid=11363 → output\5120\8968\11363.sgf
2026-05-28 18:09:40,914 [INFO]   ✓ qid=8651 → output\5120\8968\8651.sgf
2026-05-28 18:09:47,202 [INFO]   ✓ qid=9039 → output\5120\8968\9039.sgf
2026-05-28 18:09:55,149 [INFO]   ✓ qid=9794 → output\5120\8968\9794.sgf
2026-05-28 18:10:05,061 [INFO]   ✓ qid=11011 → output\5120\8968\11011.sgf
2026-05-28 18:10:05,061 [INFO]   Capítulo 8972 '（内部）共公地盘，官子（视频）'
2026-05-28 18:10:21,162 [INFO]   ✓ qid=128808 → output\5120\8972\128808.sgf
2026-05-28 18:10:27,591 [INFO]   ✓ qid=128809 → output\5120\8972\128809.sgf
2026-05-28 18:10:34,763 [INFO]   ✓ qid=171103 → output\5120\8972\171103.sgf
2026-05-28 18:10:43,568 [INFO]   ✓ qid=162260 → output\5120\8972\162260.sgf
2026-05-28 18:10:53,538 [INFO]   ✓ qid=20785 → output\5120\8972\20785.sgf
2026-05-28 18:11:01,431 [INFO]   ✓ qid=41995 → output\5120\8972\41995.sgf
2026-05-28 18:11:08,364 [INFO]   ✓ qid=28886 → output\5120\8972\28886.sgf
2026-05-28 18:11:17,582 [INFO]   ✓ qid=21363 → output\5120\8972\21363.sgf
2026-05-28 18:11:25,358 [INFO]   ✓ qid=43355 → output\5120\8972\43355.sgf
2026-05-28 18:11:33,428 [INFO]   ✓ qid=28887 → output\5120\8972\28887.sgf
2026-05-28 18:11:43,651 [INFO]   ✓ qid=41983 → output\5120\8972\41983.sgf
2026-05-28 18:11:50,867 [INFO]   ✓ qid=128429 → output\5120\8972\128429.sgf
2026-05-28 18:11:57,116 [WARNING]   Sin andata en qid=176281 (qtype=None) — skip
2026-05-28 18:12:04,806 [INFO]   ✓ qid=104390 → output\5120\8972\104390.sgf
2026-05-28 18:12:13,571 [INFO]   ✓ qid=129272 → output\5120\8972\129272.sgf
2026-05-28 18:12:20,238 [INFO]   ✓ qid=128228 → output\5120\8972\128228.sgf
2026-05-28 18:12:29,581 [INFO]   ✓ qid=150645 → output\5120\8972\150645.sgf
2026-05-28 18:12:39,168 [INFO]   ✓ qid=128231 → output\5120\8972\128231.sgf
2026-05-28 18:12:44,776 [INFO]   ✓ qid=80180 → output\5120\8972\80180.sgf
2026-05-28 18:12:55,347 [INFO]   ✓ qid=136444 → output\5120\8972\136444.sgf
2026-05-28 18:13:06,390 [INFO]   ✓ qid=89521 → output\5120\8972\89521.sgf
2026-05-28 18:13:15,849 [INFO]   ✓ qid=77862 → output\5120\8972\77862.sgf
2026-05-28 18:13:22,776 [INFO]   ✓ qid=41996 → output\5120\8972\41996.sgf
2026-05-28 18:13:31,092 [INFO]   ✓ qid=128289 → output\5120\8972\128289.sgf
2026-05-28 18:13:40,208 [INFO]   ✓ qid=141027 → output\5120\8972\141027.sgf
2026-05-28 18:13:49,733 [INFO]   ✓ qid=129253 → output\5120\8972\129253.sgf
2026-05-28 18:13:58,027 [INFO]   ✓ qid=129294 → output\5120\8972\129294.sgf
2026-05-28 18:14:04,206 [INFO]   ✓ qid=89522 → output\5120\8972\89522.sgf
2026-05-28 18:14:11,748 [INFO]   ✓ qid=104164 → output\5120\8972\104164.sgf
2026-05-28 18:14:20,532 [INFO]   ✓ qid=94846 → output\5120\8972\94846.sgf
2026-05-28 18:14:27,544 [INFO]   ✓ qid=129289 → output\5120\8972\129289.sgf
2026-05-28 18:14:33,260 [INFO]   ✓ qid=128409 → output\5120\8972\128409.sgf
2026-05-28 18:14:42,730 [INFO]   ✓ qid=128154 → output\5120\8972\128154.sgf
2026-05-28 18:14:53,991 [INFO]   ✓ qid=107581 → output\5120\8972\107581.sgf
2026-05-28 18:15:01,509 [INFO]   ✓ qid=20199 → output\5120\8972\20199.sgf
2026-05-28 18:15:09,576 [INFO]   ✓ qid=148920 → output\5120\8972\148920.sgf
2026-05-28 18:15:20,704 [INFO]   ✓ qid=92710 → output\5120\8972\92710.sgf
2026-05-28 18:15:27,143 [INFO]   ✓ qid=128202 → output\5120\8972\128202.sgf
2026-05-28 18:15:34,592 [INFO]   ✓ qid=129288 → output\5120\8972\129288.sgf
2026-05-28 18:15:42,904 [INFO]   ✓ qid=221380 → output\5120\8972\221380.sgf
2026-05-28 18:15:50,772 [INFO]   ✓ qid=77022 → output\5120\8972\77022.sgf
2026-05-28 18:15:57,005 [INFO]   ✓ qid=104389 → output\5120\8972\104389.sgf
2026-05-28 18:16:03,976 [INFO]   ✓ qid=128174 → output\5120\8972\128174.sgf
2026-05-28 18:16:12,493 [INFO]   ✓ qid=128162 → output\5120\8972\128162.sgf
2026-05-28 18:16:22,443 [INFO]   ✓ qid=128164 → output\5120\8972\128164.sgf
2026-05-28 18:16:34,290 [INFO]   ✓ qid=89490 → output\5120\8972\89490.sgf
2026-05-28 18:16:41,231 [INFO]   ✓ qid=104388 → output\5120\8972\104388.sgf
2026-05-28 18:16:49,548 [INFO]   ✓ qid=129264 → output\5120\8972\129264.sgf
2026-05-28 18:16:58,765 [INFO]   ✓ qid=128156 → output\5120\8972\128156.sgf
2026-05-28 18:17:05,104 [INFO]   ✓ qid=74401 → output\5120\8972\74401.sgf
2026-05-28 18:17:14,690 [INFO]   ✓ qid=244912 → output\5120\8972\244912.sgf
2026-05-28 18:17:24,020 [INFO]   ✓ qid=128159 → output\5120\8972\128159.sgf
2026-05-28 18:17:34,096 [INFO]   ✓ qid=129265 → output\5120\8972\129265.sgf
2026-05-28 18:17:40,816 [INFO]   ✓ qid=104434 → output\5120\8972\104434.sgf
2026-05-28 18:17:49,267 [INFO]   ✓ qid=104436 → output\5120\8972\104436.sgf
2026-05-28 18:17:59,308 [INFO]   ✓ qid=188631 → output\5120\8972\188631.sgf
2026-05-28 18:18:09,123 [INFO]   ✓ qid=104463 → output\5120\8972\104463.sgf
2026-05-28 18:18:16,840 [INFO]   ✓ qid=104156 → output\5120\8972\104156.sgf
2026-05-28 18:18:28,403 [INFO]   ✓ qid=138509 → output\5120\8972\138509.sgf
2026-05-28 18:18:28,404 [INFO]   Capítulo 12865 '@围地的效率'
2026-05-28 18:18:45,194 [INFO]   ✓ qid=11262 → output\5120\12865\11262.sgf
2026-05-28 18:18:51,234 [INFO]   ✓ qid=10296 → output\5120\12865\10296.sgf
2026-05-28 18:18:58,370 [INFO]   ✓ qid=84184 → output\5120\12865\84184.sgf
2026-05-28 18:19:07,538 [INFO]   ✓ qid=77259 → output\5120\12865\77259.sgf
2026-05-28 18:19:14,399 [INFO]   ✓ qid=61472 → output\5120\12865\61472.sgf
2026-05-28 18:19:21,314 [INFO]   ✓ qid=12686 → output\5120\12865\12686.sgf
2026-05-28 18:19:29,314 [INFO]   ✓ qid=10674 → output\5120\12865\10674.sgf
2026-05-28 18:19:36,670 [INFO]   ✓ qid=9964 → output\5120\12865\9964.sgf
2026-05-28 18:19:44,516 [INFO]   ✓ qid=96000 → output\5120\12865\96000.sgf
2026-05-28 18:19:54,432 [INFO]   ✓ qid=8769 → output\5120\12865\8769.sgf
2026-05-28 18:20:02,779 [INFO]   ✓ qid=81126 → output\5120\12865\81126.sgf
2026-05-28 18:20:12,796 [INFO]   ✓ qid=81809 → output\5120\12865\81809.sgf
2026-05-28 18:20:20,834 [INFO]   ✓ qid=107812 → output\5120\12865\107812.sgf
2026-05-28 18:20:27,311 [INFO]   ✓ qid=13231 → output\5120\12865\13231.sgf
2026-05-28 18:20:37,499 [INFO]   ✓ qid=8275 → output\5120\12865\8275.sgf
2026-05-28 18:20:44,784 [INFO]   ✓ qid=13162 → output\5120\12865\13162.sgf
2026-05-28 18:20:51,692 [INFO]   ✓ qid=117915 → output\5120\12865\117915.sgf
2026-05-28 18:20:59,041 [INFO]   ✓ qid=83950 → output\5120\12865\83950.sgf
2026-05-28 18:21:04,564 [INFO]   ✓ qid=10201 → output\5120\12865\10201.sgf
2026-05-28 18:21:10,287 [INFO]   ✓ qid=84234 → output\5120\12865\84234.sgf
2026-05-28 18:21:18,333 [INFO]   ✓ qid=168044 → output\5120\12865\168044.sgf
2026-05-28 18:21:24,866 [INFO]   ✓ qid=168047 → output\5120\12865\168047.sgf
2026-05-28 18:21:33,469 [INFO]   ✓ qid=168068 → output\5120\12865\168068.sgf
2026-05-28 18:21:40,895 [INFO]   ✓ qid=168069 → output\5120\12865\168069.sgf
2026-05-28 18:21:49,440 [INFO]   ✓ qid=168071 → output\5120\12865\168071.sgf
2026-05-28 18:21:59,652 [INFO]   ✓ qid=168072 → output\5120\12865\168072.sgf
2026-05-28 18:21:59,653 [INFO]   Capítulo 10329 '逃跑的方向'
2026-05-28 18:22:18,172 [INFO]   ✓ qid=9301 → output\5120\10329\9301.sgf
2026-05-28 18:22:26,593 [INFO]   ✓ qid=7677 → output\5120\10329\7677.sgf
2026-05-28 18:22:34,801 [INFO]   ✓ qid=22613 → output\5120\10329\22613.sgf
2026-05-28 18:22:45,835 [INFO]   ✓ qid=41986 → output\5120\10329\41986.sgf
2026-05-28 18:22:52,819 [INFO]   ✓ qid=8790 → output\5120\10329\8790.sgf
2026-05-28 18:23:01,842 [INFO]   ✓ qid=10205 → output\5120\10329\10205.sgf
2026-05-28 18:23:11,779 [INFO]   ✓ qid=10223 → output\5120\10329\10223.sgf
2026-05-28 18:23:22,111 [INFO]   ✓ qid=11819 → output\5120\10329\11819.sgf
2026-05-28 18:23:28,611 [INFO]   ✓ qid=12147 → output\5120\10329\12147.sgf
2026-05-28 18:23:37,296 [INFO]   ✓ qid=9191 → output\5120\10329\9191.sgf
2026-05-28 18:23:43,394 [INFO]   ✓ qid=8481 → output\5120\10329\8481.sgf
2026-05-28 18:23:50,138 [INFO]   ✓ qid=9748 → output\5120\10329\9748.sgf
2026-05-28 18:23:56,599 [INFO]   ✓ qid=9397 → output\5120\10329\9397.sgf
2026-05-28 18:24:02,659 [INFO]   ✓ qid=9910 → output\5120\10329\9910.sgf
2026-05-28 18:24:10,015 [INFO]   ✓ qid=43676 → output\5120\10329\43676.sgf
2026-05-28 18:24:18,927 [INFO]   ✓ qid=8771 → output\5120\10329\8771.sgf
2026-05-28 18:24:27,340 [INFO]   ✓ qid=8627 → output\5120\10329\8627.sgf
2026-05-28 18:24:34,812 [INFO]   ✓ qid=9247 → output\5120\10329\9247.sgf
2026-05-28 18:24:41,860 [INFO]   ✓ qid=9335 → output\5120\10329\9335.sgf
2026-05-28 18:24:48,588 [INFO]   ✓ qid=10000 → output\5120\10329\10000.sgf
2026-05-28 18:24:55,200 [INFO]   ✓ qid=9469 → output\5120\10329\9469.sgf
2026-05-28 18:25:06,098 [INFO]   ✓ qid=9111 → output\5120\10329\9111.sgf
2026-05-28 18:25:16,230 [INFO]   ✓ qid=8941 → output\5120\10329\8941.sgf
2026-05-28 18:25:24,576 [INFO]   ✓ qid=9238 → output\5120\10329\9238.sgf
2026-05-28 18:25:30,723 [INFO]   ✓ qid=9683 → output\5120\10329\9683.sgf
2026-05-28 18:25:30,724 [INFO]   Capítulo 12735 '吃子技巧'
2026-05-28 18:25:44,136 [INFO]   ✓ qid=9702 → output\5120\12735\9702.sgf
2026-05-28 18:25:53,700 [INFO]   ✓ qid=8263 → output\5120\12735\8263.sgf
2026-05-28 18:25:59,784 [INFO]   ✓ qid=8887 → output\5120\12735\8887.sgf
2026-05-28 18:26:05,834 [INFO]   ✓ qid=8505 → output\5120\12735\8505.sgf
2026-05-28 18:26:16,113 [INFO]   ✓ qid=5721 → output\5120\12735\5721.sgf
2026-05-28 18:26:25,243 [INFO]   ✓ qid=10238 → output\5120\12735\10238.sgf
2026-05-28 18:26:32,060 [INFO]   ✓ qid=19925 → output\5120\12735\19925.sgf
2026-05-28 18:26:41,939 [INFO]   ✓ qid=8510 → output\5120\12735\8510.sgf
2026-05-28 18:26:51,905 [INFO]   ✓ qid=8737 → output\5120\12735\8737.sgf
2026-05-28 18:26:58,172 [INFO]   ✓ qid=8697 → output\5120\12735\8697.sgf
2026-05-28 18:27:05,085 [INFO]   ✓ qid=27444 → output\5120\12735\27444.sgf
2026-05-28 18:27:12,682 [INFO]   ✓ qid=9310 → output\5120\12735\9310.sgf
2026-05-28 18:27:19,921 [INFO]   ✓ qid=27323 → output\5120\12735\27323.sgf
2026-05-28 18:27:26,929 [INFO]   ✓ qid=3439 → output\5120\12735\3439.sgf
2026-05-28 18:27:36,954 [INFO]   ✓ qid=8287 → output\5120\12735\8287.sgf
2026-05-28 18:27:46,964 [INFO]   ✓ qid=9843 → output\5120\12735\9843.sgf
2026-05-28 18:27:56,890 [INFO]   ✓ qid=8302 → output\5120\12735\8302.sgf
2026-05-28 18:28:03,190 [INFO]   ✓ qid=8696 → output\5120\12735\8696.sgf
2026-05-28 18:28:11,483 [INFO]   ✓ qid=11616 → output\5120\12735\11616.sgf
2026-05-28 18:28:20,416 [INFO]   ✓ qid=54267 → output\5120\12735\54267.sgf
2026-05-28 18:28:28,423 [INFO]   ✓ qid=8700 → output\5120\12735\8700.sgf
2026-05-28 18:28:35,751 [INFO]   ✓ qid=9144 → output\5120\12735\9144.sgf
2026-05-28 18:28:42,217 [INFO]   ✓ qid=19943 → output\5120\12735\19943.sgf
2026-05-28 18:28:51,448 [INFO]   ✓ qid=8458 → output\5120\12735\8458.sgf
2026-05-28 18:28:59,319 [INFO]   ✓ qid=9757 → output\5120\12735\9757.sgf
2026-05-28 18:29:06,317 [INFO]   ✓ qid=9009 → output\5120\12735\9009.sgf
2026-05-28 18:29:16,385 [INFO]   ✓ qid=8347 → output\5120\12735\8347.sgf
2026-05-28 18:29:24,451 [INFO]   ✓ qid=8319 → output\5120\12735\8319.sgf
2026-05-28 18:29:32,299 [INFO]   ✓ qid=5457 → output\5120\12735\5457.sgf
2026-05-28 18:29:41,358 [INFO]   ✓ qid=57310 → output\5120\12735\57310.sgf
2026-05-28 18:29:49,912 [INFO]   ✓ qid=77443 → output\5120\12735\77443.sgf
2026-05-28 18:29:55,461 [INFO]   ✓ qid=1129 → output\5120\12735\1129.sgf
2026-05-28 18:30:02,598 [INFO]   ✓ qid=63077 → output\5120\12735\63077.sgf
2026-05-28 18:30:08,086 [INFO]   ✓ qid=8545 → output\5120\12735\8545.sgf
2026-05-28 18:30:19,598 [INFO]   ✓ qid=61127 → output\5120\12735\61127.sgf
2026-05-28 18:30:28,326 [INFO]   ✓ qid=11687 → output\5120\12735\11687.sgf
2026-05-28 18:30:34,759 [INFO]   ✓ qid=43583 → output\5120\12735\43583.sgf
2026-05-28 18:30:40,413 [INFO]   ✓ qid=83341 → output\5120\12735\83341.sgf
2026-05-28 18:30:50,401 [INFO]   ✓ qid=9408 → output\5120\12735\9408.sgf
2026-05-28 18:30:57,342 [INFO]   ✓ qid=3298 → output\5120\12735\3298.sgf
2026-05-28 18:30:57,343 [INFO]   Capítulo 8967 '扩大眼位、抢占眼位'
2026-05-28 18:31:10,364 [INFO]   ✓ qid=21936 → output\5120\8967\21936.sgf
2026-05-28 18:31:21,216 [INFO]   ✓ qid=42746 → output\5120\8967\42746.sgf
2026-05-28 18:31:28,404 [INFO]   ✓ qid=21962 → output\5120\8967\21962.sgf
2026-05-28 18:31:34,000 [INFO]   ✓ qid=42227 → output\5120\8967\42227.sgf
2026-05-28 18:31:43,088 [INFO]   ✓ qid=22142 → output\5120\8967\22142.sgf
2026-05-28 18:31:53,159 [INFO]   ✓ qid=11071 → output\5120\8967\11071.sgf
2026-05-28 18:32:00,237 [INFO]   ✓ qid=10736 → output\5120\8967\10736.sgf
2026-05-28 18:32:07,547 [INFO]   ✓ qid=13446 → output\5120\8967\13446.sgf
2026-05-28 18:32:16,756 [INFO]   ✓ qid=10943 → output\5120\8967\10943.sgf
2026-05-28 18:32:22,631 [INFO]   ✓ qid=43276 → output\5120\8967\43276.sgf
2026-05-28 18:32:28,232 [INFO]   ✓ qid=44218 → output\5120\8967\44218.sgf
2026-05-28 18:32:35,567 [INFO]   ✓ qid=11311 → output\5120\8967\11311.sgf
2026-05-28 18:32:43,121 [INFO]   ✓ qid=21864 → output\5120\8967\21864.sgf
2026-05-28 18:32:48,858 [INFO]   ✓ qid=22174 → output\5120\8967\22174.sgf
2026-05-28 18:32:54,849 [INFO]   ✓ qid=11363 → output\5120\8967\11363.sgf
2026-05-28 18:33:04,041 [INFO]   ✓ qid=13130 → output\5120\8967\13130.sgf
2026-05-28 18:33:13,008 [INFO]   ✓ qid=20542 → output\5120\8967\20542.sgf
2026-05-28 18:33:18,842 [INFO]   ✓ qid=12312 → output\5120\8967\12312.sgf
2026-05-28 18:33:28,128 [INFO]   ✓ qid=22210 → output\5120\8967\22210.sgf
2026-05-28 18:33:36,120 [INFO]   ✓ qid=57179 → output\5120\8967\57179.sgf
2026-05-28 18:33:49,505 [INFO]   ✓ qid=15661 → output\5120\8967\15661.sgf
2026-05-28 18:33:57,315 [INFO]   ✓ qid=8554 → output\5120\8967\8554.sgf
2026-05-28 18:34:03,722 [INFO]   ✓ qid=8967 → output\5120\8967\8967.sgf
2026-05-28 18:34:03,723 [INFO]   Capítulo 8969 '二路吃子'
2026-05-28 18:34:22,997 [INFO]   ✓ qid=82054 → output\5120\8969\82054.sgf
2026-05-28 18:34:31,769 [INFO]   ✓ qid=82055 → output\5120\8969\82055.sgf
2026-05-28 18:34:41,363 [INFO]   ✓ qid=106831 → output\5120\8969\106831.sgf
2026-05-28 18:34:48,945 [INFO]   ✓ qid=82056 → output\5120\8969\82056.sgf
2026-05-28 18:34:55,139 [INFO]   ✓ qid=82057 → output\5120\8969\82057.sgf
2026-05-28 18:35:05,980 [INFO]   ✓ qid=43451 → output\5120\8969\43451.sgf
2026-05-28 18:35:15,043 [INFO]   ✓ qid=82058 → output\5120\8969\82058.sgf
2026-05-28 18:35:25,987 [INFO]   ✓ qid=82059 → output\5120\8969\82059.sgf
2026-05-28 18:35:37,910 [INFO]   ✓ qid=82060 → output\5120\8969\82060.sgf
2026-05-28 18:35:48,671 [INFO]   ✓ qid=82061 → output\5120\8969\82061.sgf
2026-05-28 18:35:58,484 [INFO]   ✓ qid=11759 → output\5120\8969\11759.sgf
2026-05-28 18:36:08,111 [INFO]   ✓ qid=82062 → output\5120\8969\82062.sgf
2026-05-28 18:36:19,505 [INFO]   ✓ qid=82063 → output\5120\8969\82063.sgf
2026-05-28 18:36:31,120 [INFO]   ✓ qid=82064 → output\5120\8969\82064.sgf
2026-05-28 18:36:36,919 [INFO]   ✓ qid=21292 → output\5120\8969\21292.sgf
2026-05-28 18:36:47,667 [INFO]   ✓ qid=82065 → output\5120\8969\82065.sgf
2026-05-28 18:36:54,117 [INFO]   ✓ qid=82066 → output\5120\8969\82066.sgf
2026-05-28 18:37:05,341 [INFO]   ✓ qid=82067 → output\5120\8969\82067.sgf
2026-05-28 18:37:12,583 [INFO]   ✓ qid=82068 → output\5120\8969\82068.sgf
2026-05-28 18:37:19,472 [INFO]   ✓ qid=82069 → output\5120\8969\82069.sgf
2026-05-28 18:37:26,772 [INFO]   ✓ qid=82070 → output\5120\8969\82070.sgf
2026-05-28 18:37:34,093 [INFO]   ✓ qid=82071 → output\5120\8969\82071.sgf
2026-05-28 18:37:41,925 [INFO]   ✓ qid=82072 → output\5120\8969\82072.sgf
2026-05-28 18:37:53,565 [INFO]   ✓ qid=82073 → output\5120\8969\82073.sgf
2026-05-28 18:38:03,046 [INFO]   ✓ qid=82074 → output\5120\8969\82074.sgf
2026-05-28 18:38:12,398 [INFO]   ✓ qid=82075 → output\5120\8969\82075.sgf
2026-05-28 18:38:19,470 [INFO]   ✓ qid=82076 → output\5120\8969\82076.sgf
2026-05-28 18:38:26,209 [INFO]   ✓ qid=82077 → output\5120\8969\82077.sgf
2026-05-28 18:38:34,316 [INFO]   ✓ qid=82078 → output\5120\8969\82078.sgf
2026-05-28 18:38:43,526 [INFO]   ✓ qid=82079 → output\5120\8969\82079.sgf
2026-05-28 18:38:53,825 [INFO]   ✓ qid=82080 → output\5120\8969\82080.sgf
2026-05-28 18:39:00,305 [INFO]   ✓ qid=82081 → output\5120\8969\82081.sgf
2026-05-28 18:39:08,539 [INFO]   ✓ qid=82082 → output\5120\8969\82082.sgf
2026-05-28 18:39:08,540 [INFO]   Capítulo 19378 '@好形与坏形'
2026-05-28 18:39:29,175 [WARNING]   Sin andata en qid=179272 (qtype=None) — skip
2026-05-28 18:39:34,951 [WARNING]   Sin andata en qid=179273 (qtype=None) — skip
2026-05-28 18:39:43,154 [WARNING]   Sin andata en qid=255085 (qtype=None) — skip
2026-05-28 18:39:48,800 [WARNING]   Sin andata en qid=255086 (qtype=None) — skip
2026-05-28 18:39:55,234 [WARNING]   Sin andata en qid=255333 (qtype=None) — skip
2026-05-28 18:40:04,686 [WARNING]   Sin andata en qid=255336 (qtype=None) — skip
2026-05-28 18:40:10,976 [WARNING]   Sin andata en qid=179274 (qtype=None) — skip
2026-05-28 18:40:21,108 [WARNING]   Sin andata en qid=179275 (qtype=None) — skip
2026-05-28 18:40:30,868 [WARNING]   Sin andata en qid=179276 (qtype=None) — skip
2026-05-28 18:40:37,950 [WARNING]   Sin andata en qid=179277 (qtype=None) — skip
2026-05-28 18:40:46,160 [WARNING]   Sin andata en qid=179278 (qtype=None) — skip
2026-05-28 18:40:54,879 [WARNING]   Sin andata en qid=179280 (qtype=None) — skip
2026-05-28 18:41:02,616 [WARNING]   Sin andata en qid=179282 (qtype=None) — skip
2026-05-28 18:41:10,156 [WARNING]   Sin andata en qid=179284 (qtype=None) — skip
2026-05-28 18:41:21,543 [WARNING]   Sin andata en qid=179285 (qtype=None) — skip
2026-05-28 18:41:30,136 [WARNING]   Sin andata en qid=179286 (qtype=None) — skip
2026-05-28 18:41:38,987 [WARNING]   Sin andata en qid=179287 (qtype=None) — skip
2026-05-28 18:41:48,109 [WARNING]   Sin andata en qid=179289 (qtype=None) — skip
2026-05-28 18:41:56,827 [INFO]   ✓ qid=9185 → output\5120\19378\9185.sgf
2026-05-28 18:42:03,264 [INFO]   ✓ qid=12778 → output\5120\19378\12778.sgf
2026-05-28 18:42:09,406 [INFO]   ✓ qid=9999 → output\5120\19378\9999.sgf
2026-05-28 18:42:19,026 [INFO]   ✓ qid=5721 → output\5120\19378\5721.sgf
2026-05-28 18:42:29,204 [INFO]   ✓ qid=54267 → output\5120\19378\54267.sgf
2026-05-28 18:42:37,088 [INFO]   ✓ qid=57310 → output\5120\19378\57310.sgf
2026-05-28 18:42:45,893 [INFO]   ✓ qid=27323 → output\5120\19378\27323.sgf
2026-05-28 18:42:55,569 [INFO]   ✓ qid=19955 → output\5120\19378\19955.sgf
2026-05-28 18:43:01,389 [INFO]   ✓ qid=9239 → output\5120\19378\9239.sgf
2026-05-28 18:43:10,490 [INFO]   ✓ qid=8746 → output\5120\19378\8746.sgf
2026-05-28 18:43:16,110 [INFO]   ✓ qid=8987 → output\5120\19378\8987.sgf
2026-05-28 18:43:24,108 [INFO]   ✓ qid=10196 → output\5120\19378\10196.sgf
2026-05-28 18:43:31,471 [INFO]   ✓ qid=10148 → output\5120\19378\10148.sgf
2026-05-28 18:43:41,731 [INFO]   ✓ qid=9028 → output\5120\19378\9028.sgf
2026-05-28 18:43:51,235 [INFO]   ✓ qid=19956 → output\5120\19378\19956.sgf
2026-05-28 18:44:01,222 [INFO]   ✓ qid=19953 → output\5120\19378\19953.sgf
2026-05-28 18:44:11,149 [INFO]   ✓ qid=9122 → output\5120\19378\9122.sgf
2026-05-28 18:44:19,357 [INFO]   ✓ qid=9702 → output\5120\19378\9702.sgf
2026-05-28 18:44:19,358 [INFO]   Capítulo 19380 '@见合（两者得其一）'
2026-05-28 18:44:36,797 [WARNING]   Sin andata en qid=179307 (qtype=None) — skip
2026-05-28 18:44:42,398 [WARNING]   Sin andata en qid=179308 (qtype=None) — skip
2026-05-28 18:44:49,768 [WARNING]   Sin andata en qid=179309 (qtype=None) — skip
2026-05-28 18:44:58,876 [WARNING]   Sin andata en qid=179310 (qtype=None) — skip
2026-05-28 18:45:09,472 [WARNING]   Sin andata en qid=179311 (qtype=None) — skip
2026-05-28 18:45:17,560 [WARNING]   Sin andata en qid=179312 (qtype=None) — skip
2026-05-28 18:45:24,591 [WARNING]   Sin andata en qid=179313 (qtype=None) — skip
2026-05-28 18:45:24,592 [INFO]   Capítulo 12736 '吃子技巧2'
2026-05-28 18:45:41,773 [INFO]   ✓ qid=9951 → output\5120\12736\9951.sgf
2026-05-28 18:45:49,776 [INFO]   ✓ qid=12200 → output\5120\12736\12200.sgf
2026-05-28 18:45:58,069 [INFO]   ✓ qid=22477 → output\5120\12736\22477.sgf
2026-05-28 18:46:06,790 [INFO]   ✓ qid=54248 → output\5120\12736\54248.sgf
2026-05-28 18:46:16,388 [INFO]   ✓ qid=9399 → output\5120\12736\9399.sgf
2026-05-28 18:46:23,363 [INFO]   ✓ qid=19990 → output\5120\12736\19990.sgf
2026-05-28 18:46:31,198 [INFO]   ✓ qid=20006 → output\5120\12736\20006.sgf
2026-05-28 18:46:36,890 [INFO]   ✓ qid=9850 → output\5120\12736\9850.sgf
2026-05-28 18:46:43,364 [INFO]   ✓ qid=7599 → output\5120\12736\7599.sgf
2026-05-28 18:46:51,465 [INFO]   ✓ qid=5717 → output\5120\12736\5717.sgf
2026-05-28 18:46:57,096 [INFO]   ✓ qid=186 → output\5120\12736\186.sgf
2026-05-28 18:47:05,459 [INFO]   ✓ qid=8652 → output\5120\12736\8652.sgf
2026-05-28 18:47:11,921 [INFO]   ✓ qid=42820 → output\5120\12736\42820.sgf
2026-05-28 18:47:18,907 [INFO]   ✓ qid=19982 → output\5120\12736\19982.sgf
2026-05-28 18:47:29,161 [WARNING]   Posible throttling en qid=5624 — pausa 60-120s
2026-05-28 18:49:28,057 [INFO]   ✓ qid=5624 → output\5120\12736\5624.sgf
2026-05-28 18:49:37,713 [INFO]   ✓ qid=19986 → output\5120\12736\19986.sgf
2026-05-28 18:49:45,245 [INFO]   ✓ qid=19966 → output\5120\12736\19966.sgf
2026-05-28 18:49:55,117 [INFO]   ✓ qid=9948 → output\5120\12736\9948.sgf
2026-05-28 18:50:04,965 [INFO]   ✓ qid=10594 → output\5120\12736\10594.sgf
2026-05-28 18:50:14,844 [INFO]   ✓ qid=170 → output\5120\12736\170.sgf
2026-05-28 18:50:22,861 [INFO]   ✓ qid=10516 → output\5120\12736\10516.sgf
2026-05-28 18:50:28,876 [INFO]   ✓ qid=115316 → output\5120\12736\115316.sgf
2026-05-28 18:50:38,380 [INFO]   ✓ qid=9705 → output\5120\12736\9705.sgf
2026-05-28 18:50:44,745 [INFO]   ✓ qid=3647 → output\5120\12736\3647.sgf
2026-05-28 18:50:50,969 [INFO]   ✓ qid=11940 → output\5120\12736\11940.sgf
2026-05-28 18:50:57,490 [INFO]   ✓ qid=12846 → output\5120\12736\12846.sgf
2026-05-28 18:51:06,082 [INFO]   ✓ qid=12073 → output\5120\12736\12073.sgf
2026-05-28 18:51:15,776 [INFO]   ✓ qid=173 → output\5120\12736\173.sgf
2026-05-28 18:51:24,087 [INFO]   ✓ qid=238 → output\5120\12736\238.sgf
2026-05-28 18:51:29,613 [INFO]   ✓ qid=9599 → output\5120\12736\9599.sgf
2026-05-28 18:51:29,613 [INFO]   Capítulo 47625 '扑与接不归'
2026-05-28 18:51:46,082 [INFO]   ✓ qid=9201 → output\5120\47625\9201.sgf
2026-05-28 18:51:55,778 [INFO]   ✓ qid=5624 → output\5120\47625\5624.sgf
2026-05-28 18:52:01,639 [INFO]   ✓ qid=42102 → output\5120\47625\42102.sgf
2026-05-28 18:52:11,277 [INFO]   ✓ qid=9947 → output\5120\47625\9947.sgf
2026-05-28 18:52:18,069 [INFO]   ✓ qid=10063 → output\5120\47625\10063.sgf
2026-05-28 18:52:26,022 [INFO]   ✓ qid=11439 → output\5120\47625\11439.sgf
2026-05-28 18:52:35,652 [INFO]   ✓ qid=22495 → output\5120\47625\22495.sgf
2026-05-28 18:52:42,415 [INFO]   ✓ qid=11120 → output\5120\47625\11120.sgf
2026-05-28 18:52:53,937 [INFO]   ✓ qid=8194 → output\5120\47625\8194.sgf
2026-05-28 18:53:02,313 [INFO]   ✓ qid=27504 → output\5120\47625\27504.sgf
2026-05-28 18:53:08,300 [INFO]   ✓ qid=27540 → output\5120\47625\27540.sgf
2026-05-28 18:53:14,700 [INFO]   ✓ qid=226 → output\5120\47625\226.sgf
2026-05-28 18:53:24,995 [INFO]   ✓ qid=9037 → output\5120\47625\9037.sgf
2026-05-28 18:53:32,932 [INFO]   ✓ qid=11364 → output\5120\47625\11364.sgf
2026-05-28 18:53:38,558 [INFO]   ✓ qid=13884 → output\5120\47625\13884.sgf
2026-05-28 18:53:44,012 [INFO]   ✓ qid=8533 → output\5120\47625\8533.sgf
2026-05-28 18:53:49,857 [INFO]   ✓ qid=41990 → output\5120\47625\41990.sgf
2026-05-28 18:53:58,205 [INFO]   ✓ qid=10308 → output\5120\47625\10308.sgf
2026-05-28 18:54:07,489 [INFO]   ✓ qid=129 → output\5120\47625\129.sgf
2026-05-28 18:54:13,904 [INFO]   ✓ qid=9725 → output\5120\47625\9725.sgf
2026-05-28 18:54:20,995 [INFO]   ✓ qid=8721 → output\5120\47625\8721.sgf
2026-05-28 18:54:28,055 [INFO]   ✓ qid=8326 → output\5120\47625\8326.sgf
2026-05-28 18:54:34,007 [INFO]   ✓ qid=27419 → output\5120\47625\27419.sgf
2026-05-28 18:54:44,697 [INFO]   ✓ qid=9982 → output\5120\47625\9982.sgf
2026-05-28 18:54:54,194 [INFO]   ✓ qid=9348 → output\5120\47625\9348.sgf
2026-05-28 18:55:01,366 [INFO]   ✓ qid=3615 → output\5120\47625\3615.sgf
2026-05-28 18:55:08,295 [INFO]   ✓ qid=8236 → output\5120\47625\8236.sgf
2026-05-28 18:55:15,892 [INFO]   ✓ qid=9760 → output\5120\47625\9760.sgf
2026-05-28 18:55:25,212 [INFO]   ✓ qid=10293 → output\5120\47625\10293.sgf
2026-05-28 18:55:33,926 [INFO]   ✓ qid=8610 → output\5120\47625\8610.sgf
2026-05-28 18:55:33,926 [INFO]   Capítulo 19383 '围棋术语'
2026-05-28 18:55:51,111 [WARNING]   Sin andata en qid=179346 (qtype=None) — skip
2026-05-28 18:55:59,338 [WARNING]   Sin andata en qid=179347 (qtype=None) — skip
2026-05-28 18:56:05,202 [WARNING]   Sin andata en qid=179348 (qtype=None) — skip
2026-05-28 18:56:14,553 [WARNING]   Sin andata en qid=179349 (qtype=None) — skip
2026-05-28 18:56:24,034 [WARNING]   Sin andata en qid=179350 (qtype=None) — skip
2026-05-28 18:56:30,420 [WARNING]   Sin andata en qid=179351 (qtype=None) — skip
2026-05-28 18:56:39,848 [WARNING]   Sin andata en qid=179352 (qtype=None) — skip
2026-05-28 18:56:39,849 [INFO]   Capítulo 19321 '金鸡独立'
2026-05-28 18:56:53,751 [INFO]   ✓ qid=11634 → output\5120\19321\11634.sgf
2026-05-28 18:57:00,135 [INFO]   ✓ qid=27430 → output\5120\19321\27430.sgf
2026-05-28 18:57:06,256 [INFO]   ✓ qid=65234 → output\5120\19321\65234.sgf
2026-05-28 18:57:15,107 [INFO]   ✓ qid=12789 → output\5120\19321\12789.sgf
2026-05-28 18:57:22,631 [INFO]   ✓ qid=9773 → output\5120\19321\9773.sgf
2026-05-28 18:57:28,655 [INFO]   ✓ qid=13520 → output\5120\19321\13520.sgf
2026-05-28 18:57:36,586 [INFO]   ✓ qid=42846 → output\5120\19321\42846.sgf
2026-05-28 18:57:46,213 [INFO]   ✓ qid=7677 → output\5120\19321\7677.sgf
2026-05-28 18:57:53,064 [INFO]   ✓ qid=20199 → output\5120\19321\20199.sgf
2026-05-28 18:57:58,501 [INFO]   ✓ qid=11585 → output\5120\19321\11585.sgf
2026-05-28 18:58:07,290 [INFO]   ✓ qid=142127 → output\5120\19321\142127.sgf
2026-05-28 18:58:17,241 [INFO]   ✓ qid=11917 → output\5120\19321\11917.sgf
2026-05-28 18:58:22,981 [INFO]   ✓ qid=5328 → output\5120\19321\5328.sgf
2026-05-28 18:58:34,853 [INFO]   ✓ qid=20823 → output\5120\19321\20823.sgf
2026-05-28 18:58:42,614 [INFO]   ✓ qid=61341 → output\5120\19321\61341.sgf
2026-05-28 18:58:51,411 [INFO]   ✓ qid=13035 → output\5120\19321\13035.sgf
2026-05-28 18:59:00,099 [INFO]   ✓ qid=3699 → output\5120\19321\3699.sgf
2026-05-28 18:59:10,664 [INFO]   ✓ qid=10012 → output\5120\19321\10012.sgf
2026-05-28 18:59:21,089 [INFO]   ✓ qid=9542 → output\5120\19321\9542.sgf
2026-05-28 18:59:27,036 [INFO]   ✓ qid=9612 → output\5120\19321\9612.sgf
2026-05-28 18:59:36,671 [INFO]   ✓ qid=10562 → output\5120\19321\10562.sgf
2026-05-28 18:59:45,606 [INFO]   ✓ qid=75197 → output\5120\19321\75197.sgf
2026-05-28 18:59:54,596 [INFO]   ✓ qid=42812 → output\5120\19321\42812.sgf
2026-05-28 18:59:54,597 [INFO]   Capítulo 33836 '@棋子的作用'
2026-05-28 19:00:10,467 [WARNING]   Sin andata en qid=228243 (qtype=None) — skip
2026-05-28 19:00:17,038 [WARNING]   Sin andata en qid=228244 (qtype=None) — skip
2026-05-28 19:00:22,521 [WARNING]   Sin andata en qid=228245 (qtype=None) — skip
2026-05-28 19:00:30,912 [WARNING]   Sin andata en qid=228246 (qtype=None) — skip
2026-05-28 19:00:37,892 [WARNING]   Sin andata en qid=228247 (qtype=None) — skip
2026-05-28 19:00:37,893 [INFO]   Capítulo 8971 '联络与切断'
2026-05-28 19:00:54,111 [INFO]   ✓ qid=20762 → output\5120\8971\20762.sgf
2026-05-28 19:01:02,424 [INFO]   ✓ qid=9234 → output\5120\8971\9234.sgf
2026-05-28 19:01:10,667 [INFO]   ✓ qid=10451 → output\5120\8971\10451.sgf
2026-05-28 19:01:20,749 [INFO]   ✓ qid=9304 → output\5120\8971\9304.sgf
2026-05-28 19:01:30,057 [INFO]   ✓ qid=12710 → output\5120\8971\12710.sgf
2026-05-28 19:01:39,005 [INFO]   ✓ qid=9960 → output\5120\8971\9960.sgf
2026-05-28 19:01:48,444 [INFO]   ✓ qid=10211 → output\5120\8971\10211.sgf
2026-05-28 19:01:56,624 [INFO]   ✓ qid=10037 → output\5120\8971\10037.sgf
2026-05-28 19:02:05,574 [INFO]   ✓ qid=10845 → output\5120\8971\10845.sgf
2026-05-28 19:02:13,508 [INFO]   ✓ qid=20764 → output\5120\8971\20764.sgf
2026-05-28 19:02:23,492 [INFO]   ✓ qid=8995 → output\5120\8971\8995.sgf
2026-05-28 19:02:32,345 [INFO]   ✓ qid=22709 → output\5120\8971\22709.sgf
2026-05-28 19:02:40,195 [INFO]   ✓ qid=9957 → output\5120\8971\9957.sgf
2026-05-28 19:02:49,810 [INFO]   ✓ qid=11822 → output\5120\8971\11822.sgf
2026-05-28 19:02:58,297 [INFO]   ✓ qid=8519 → output\5120\8971\8519.sgf
2026-05-28 19:03:05,361 [INFO]   ✓ qid=8755 → output\5120\8971\8755.sgf
2026-05-28 19:03:14,875 [INFO]   ✓ qid=6911 → output\5120\8971\6911.sgf
2026-05-28 19:03:20,468 [INFO]   ✓ qid=11590 → output\5120\8971\11590.sgf
2026-05-28 19:03:28,865 [INFO]   ✓ qid=10070 → output\5120\8971\10070.sgf
2026-05-28 19:03:39,011 [INFO]   ✓ qid=8485 → output\5120\8971\8485.sgf
2026-05-28 19:03:39,013 [INFO]   Capítulo 10204 '死活基础'
2026-05-28 19:03:55,151 [INFO]   ✓ qid=13769 → output\5120\10204\13769.sgf
2026-05-28 19:04:01,146 [INFO]   ✓ qid=27452 → output\5120\10204\27452.sgf
2026-05-28 19:04:10,322 [INFO]   ✓ qid=13249 → output\5120\10204\13249.sgf
2026-05-28 19:04:20,458 [INFO]   ✓ qid=7972 → output\5120\10204\7972.sgf
2026-05-28 19:04:30,905 [INFO]   ✓ qid=21985 → output\5120\10204\21985.sgf
2026-05-28 19:04:36,845 [INFO]   ✓ qid=12652 → output\5120\10204\12652.sgf
2026-05-28 19:04:47,042 [INFO]   ✓ qid=26363 → output\5120\10204\26363.sgf
2026-05-28 19:04:55,553 [INFO]   ✓ qid=13647 → output\5120\10204\13647.sgf
2026-05-28 19:05:03,777 [INFO]   ✓ qid=10227 → output\5120\10204\10227.sgf
2026-05-28 19:05:11,865 [INFO]   ✓ qid=6303 → output\5120\10204\6303.sgf
2026-05-28 19:05:21,638 [INFO]   ✓ qid=10584 → output\5120\10204\10584.sgf
2026-05-28 19:05:30,253 [INFO]   ✓ qid=43315 → output\5120\10204\43315.sgf
2026-05-28 19:05:40,298 [INFO]   ✓ qid=5309 → output\5120\10204\5309.sgf
2026-05-28 19:05:45,851 [INFO]   ✓ qid=11469 → output\5120\10204\11469.sgf
2026-05-28 19:05:56,018 [INFO]   ✓ qid=5818 → output\5120\10204\5818.sgf
2026-05-28 19:06:06,205 [INFO]   ✓ qid=22241 → output\5120\10204\22241.sgf
2026-05-28 19:06:13,829 [INFO]   ✓ qid=4140 → output\5120\10204\4140.sgf
2026-05-28 19:06:24,223 [INFO]   ✓ qid=13282 → output\5120\10204\13282.sgf
2026-05-28 19:06:32,915 [INFO]   ✓ qid=9094 → output\5120\10204\9094.sgf
2026-05-28 19:06:40,666 [INFO]   ✓ qid=42562 → output\5120\10204\42562.sgf
2026-05-28 19:06:40,667 [INFO]   Capítulo 10209 '综合复习......................................'
2026-05-28 19:06:58,206 [INFO]   ✓ qid=8485 → output\5120\10209\8485.sgf
2026-05-28 19:07:08,039 [INFO]   ✓ qid=4140 → output\5120\10209\4140.sgf
2026-05-28 19:07:13,853 [INFO]   ✓ qid=8627 → output\5120\10209\8627.sgf
2026-05-28 19:07:21,603 [INFO]   ✓ qid=22142 → output\5120\10209\22142.sgf
2026-05-28 19:07:29,374 [INFO]   ✓ qid=9919 → output\5120\10209\9919.sgf
2026-05-28 19:07:36,564 [INFO]   ✓ qid=70278 → output\5120\10209\70278.sgf
2026-05-28 19:07:46,061 [INFO]   ✓ qid=10223 → output\5120\10209\10223.sgf
2026-05-28 19:07:53,873 [INFO]   ✓ qid=9335 → output\5120\10209\9335.sgf
2026-05-28 19:08:03,815 [INFO]   ✓ qid=14563 → output\5120\10209\14563.sgf
2026-05-28 19:08:10,946 [INFO]   ✓ qid=10584 → output\5120\10209\10584.sgf
2026-05-28 19:08:18,435 [INFO]   ✓ qid=104461 → output\5120\10209\104461.sgf
2026-05-28 19:08:25,667 [INFO]   ✓ qid=9949 → output\5120\10209\9949.sgf
2026-05-28 19:08:33,862 [INFO]   ✓ qid=104425 → output\5120\10209\104425.sgf
2026-05-28 19:08:43,598 [INFO]   ✓ qid=82050 → output\5120\10209\82050.sgf
2026-05-28 19:08:53,397 [INFO]   ✓ qid=15661 → output\5120\10209\15661.sgf
2026-05-28 19:08:59,704 [INFO]   ✓ qid=27399 → output\5120\10209\27399.sgf
2026-05-28 19:09:06,088 [INFO]   ✓ qid=65188 → output\5120\10209\65188.sgf
2026-05-28 19:09:16,197 [INFO]   ✓ qid=10070 → output\5120\10209\10070.sgf
2026-05-28 19:09:24,939 [INFO]   ✓ qid=10134 → output\5120\10209\10134.sgf
2026-05-28 19:09:34,878 [INFO]   ✓ qid=62174 → output\5120\10209\62174.sgf
2026-05-28 19:09:43,828 [INFO]   ✓ qid=9013 → output\5120\10209\9013.sgf
2026-05-28 19:09:52,957 [INFO]   ✓ qid=17372 → output\5120\10209\17372.sgf
2026-05-28 19:10:03,197 [INFO]   ✓ qid=43605 → output\5120\10209\43605.sgf
2026-05-28 19:10:11,256 [INFO]   ✓ qid=55618 → output\5120\10209\55618.sgf
2026-05-28 19:10:20,985 [INFO]   ✓ qid=27524 → output\5120\10209\27524.sgf
2026-05-28 19:10:29,392 [INFO]   ✓ qid=3596 → output\5120\10209\3596.sgf
2026-05-28 19:10:38,858 [INFO]   ✓ qid=7592 → output\5120\10209\7592.sgf
2026-05-28 19:10:48,243 [INFO]   ✓ qid=9766 → output\5120\10209\9766.sgf
2026-05-28 19:10:58,539 [INFO]   ✓ qid=42562 → output\5120\10209\42562.sgf
2026-05-28 19:11:07,539 [INFO]   ✓ qid=10191 → output\5120\10209\10191.sgf
2026-05-28 19:11:15,647 [INFO]   ✓ qid=65382 → output\5120\10209\65382.sgf
2026-05-28 19:11:26,031 [INFO]   ✓ qid=11160 → output\5120\10209\11160.sgf
2026-05-28 19:11:35,790 [INFO]   ✓ qid=10960 → output\5120\10209\10960.sgf
2026-05-28 19:11:42,483 [INFO]   ✓ qid=10419 → output\5120\10209\10419.sgf
2026-05-28 19:11:50,260 [INFO]   ✓ qid=20199 → output\5120\10209\20199.sgf
2026-05-28 19:11:58,335 [INFO]   ✓ qid=20197 → output\5120\10209\20197.sgf
2026-05-28 19:12:05,703 [INFO]   ✓ qid=128204 → output\5120\10209\128204.sgf
2026-05-28 19:12:14,766 [INFO]   ✓ qid=11009 → output\5120\10209\11009.sgf
2026-05-28 19:12:23,618 [INFO]   ✓ qid=13915 → output\5120\10209\13915.sgf
2026-05-28 19:12:29,517 [INFO]   ✓ qid=6963 → output\5120\10209\6963.sgf
2026-05-28 19:12:36,994 [INFO]   ✓ qid=22174 → output\5120\10209\22174.sgf
2026-05-28 19:12:47,175 [INFO]   ✓ qid=20542 → output\5120\10209\20542.sgf
2026-05-28 19:12:54,151 [INFO]   ✓ qid=12024 → output\5120\10209\12024.sgf
2026-05-28 19:13:00,730 [INFO]   ✓ qid=12374 → output\5120\10209\12374.sgf
2026-05-28 19:13:09,683 [INFO]   ✓ qid=43451 → output\5120\10209\43451.sgf
2026-05-28 19:13:16,856 [INFO]   ✓ qid=50668 → output\5120\10209\50668.sgf
2026-05-28 19:13:22,855 [INFO]   ✓ qid=10919 → output\5120\10209\10919.sgf
2026-05-28 19:13:30,954 [INFO]   ✓ qid=82052 → output\5120\10209\82052.sgf
2026-05-28 19:13:41,101 [INFO]   ✓ qid=10736 → output\5120\10209\10736.sgf
2026-05-28 19:13:50,326 [INFO]   ✓ qid=82031 → output\5120\10209\82031.sgf
2026-05-28 19:13:50,327 [INFO]   Capítulo 45791 '作业'
2026-05-28 19:14:10,014 [INFO]   ✓ qid=104544 → output\5120\45791\104544.sgf
2026-05-28 19:14:18,245 [INFO]   ✓ qid=11777 → output\5120\45791\11777.sgf
2026-05-28 19:14:27,212 [INFO]   ✓ qid=233 → output\5120\45791\233.sgf
2026-05-28 19:14:33,264 [INFO]   ✓ qid=20988 → output\5120\45791\20988.sgf
2026-05-28 19:14:40,023 [INFO]   ✓ qid=21874 → output\5120\45791\21874.sgf
2026-05-28 19:14:50,132 [INFO]   ✓ qid=71677 → output\5120\45791\71677.sgf
2026-05-28 19:14:58,055 [INFO]   ✓ qid=25175 → output\5120\45791\25175.sgf
2026-05-28 19:15:07,477 [INFO]   ✓ qid=63805 → output\5120\45791\63805.sgf
2026-05-28 19:15:16,765 [INFO]   ✓ qid=318524 → output\5120\45791\318524.sgf
2026-05-28 19:15:25,961 [INFO]   ✓ qid=109718 → output\5120\45791\109718.sgf
2026-05-28 19:15:32,868 [INFO]   ✓ qid=104654 → output\5120\45791\104654.sgf
2026-05-28 19:15:59,206 [INFO]   ✓ qid=70415 → output\5120\45791\70415.sgf
2026-05-28 19:16:05,989 [INFO]   ✓ qid=43417 → output\5120\45791\43417.sgf
2026-05-28 19:16:15,678 [INFO]   ✓ qid=380028 → output\5120\45791\380028.sgf
2026-05-28 19:16:21,557 [INFO]   ✓ qid=28884 → output\5120\45791\28884.sgf
2026-05-28 19:16:30,068 [INFO]   ✓ qid=240273 → output\5120\45791\240273.sgf
2026-05-28 19:16:39,551 [INFO]   ✓ qid=67443 → output\5120\45791\67443.sgf
2026-05-28 19:16:46,834 [INFO]   ✓ qid=104550 → output\5120\45791\104550.sgf
2026-05-28 19:16:56,006 [INFO]   ✓ qid=252942 → output\5120\45791\252942.sgf
2026-05-28 19:17:05,382 [INFO]   ✓ qid=380018 → output\5120\45791\380018.sgf
2026-05-28 19:17:11,847 [INFO]   ✓ qid=14268 → output\5120\45791\14268.sgf
2026-05-28 19:17:17,465 [INFO]   ✓ qid=318478 → output\5120\45791\318478.sgf
2026-05-28 19:17:27,324 [INFO]   ✓ qid=218923 → output\5120\45791\218923.sgf
2026-05-28 19:17:33,070 [INFO]   ✓ qid=380460 → output\5120\45791\380460.sgf
2026-05-28 19:17:39,982 [INFO]   ✓ qid=57792 → output\5120\45791\57792.sgf
2026-05-28 19:17:47,265 [INFO]   ✓ qid=384862 → output\5120\45791\384862.sgf
2026-05-28 19:17:54,688 [INFO]   ✓ qid=68168 → output\5120\45791\68168.sgf
2026-05-28 19:18:04,675 [INFO]   ✓ qid=255741 → output\5120\45791\255741.sgf
2026-05-28 19:18:12,566 [INFO]   ✓ qid=241936 → output\5120\45791\241936.sgf
2026-05-28 19:18:20,922 [INFO]   ✓ qid=81570 → output\5120\45791\81570.sgf
2026-05-28 19:18:29,495 [INFO]   ✓ qid=298639 → output\5120\45791\298639.sgf
2026-05-28 19:18:36,197 [INFO]   ✓ qid=8821 → output\5120\45791\8821.sgf
2026-05-28 19:18:44,541 [INFO]   ✓ qid=62350 → output\5120\45791\62350.sgf
2026-05-28 19:18:53,540 [INFO]   ✓ qid=77634 → output\5120\45791\77634.sgf
2026-05-28 19:19:00,684 [INFO]   ✓ qid=65765 → output\5120\45791\65765.sgf
2026-05-28 19:19:06,939 [INFO]   ✓ qid=51956 → output\5120\45791\51956.sgf
2026-05-28 19:19:16,127 [INFO]   ✓ qid=63767 → output\5120\45791\63767.sgf
2026-05-28 19:19:25,609 [INFO]   ✓ qid=79531 → output\5120\45791\79531.sgf
2026-05-28 19:19:34,888 [INFO]   ✓ qid=8866 → output\5120\45791\8866.sgf
2026-05-28 19:19:34,889 [INFO]   Libro 5120 completado: 767 OK, 43 fallidos
2026-05-28 19:19:34,891 [INFO] Libro 5102 — https://www.101weiqi.com/book/5102/
2026-05-28 19:19:42,471 [INFO]   '叶老师围棋提高A' — 25 capítulos
2026-05-28 19:20:14,086 [INFO]   Capítulo 8907 '综合手筋题'
2026-05-28 19:20:28,002 [INFO]   ✓ qid=43344 → output\5102\8907\43344.sgf
2026-05-28 19:20:33,454 [INFO]   ✓ qid=76446 → output\5102\8907\76446.sgf
2026-05-28 19:20:39,115 [INFO]   ✓ qid=54327 → output\5102\8907\54327.sgf
2026-05-28 19:20:47,678 [INFO]   ✓ qid=82900 → output\5102\8907\82900.sgf
2026-05-28 19:20:56,108 [INFO]   ✓ qid=79334 → output\5102\8907\79334.sgf
2026-05-28 19:21:05,184 [INFO]   ✓ qid=11172 → output\5102\8907\11172.sgf
2026-05-28 19:21:12,775 [INFO]   ✓ qid=106807 → output\5102\8907\106807.sgf
2026-05-28 19:21:22,555 [INFO]   ✓ qid=10196 → output\5102\8907\10196.sgf
2026-05-28 19:21:31,772 [INFO]   ✓ qid=54302 → output\5102\8907\54302.sgf
2026-05-28 19:21:41,099 [INFO]   ✓ qid=59489 → output\5102\8907\59489.sgf
2026-05-28 19:21:49,310 [INFO]   ✓ qid=10699 → output\5102\8907\10699.sgf
2026-05-28 19:21:54,873 [INFO]   ✓ qid=19929 → output\5102\8907\19929.sgf
2026-05-28 19:22:05,009 [INFO]   ✓ qid=124413 → output\5102\8907\124413.sgf
2026-05-28 19:22:15,800 [INFO]   ✓ qid=108863 → output\5102\8907\108863.sgf
2026-05-28 19:22:23,890 [INFO]   ✓ qid=44361 → output\5102\8907\44361.sgf
2026-05-28 19:22:34,460 [INFO]   ✓ qid=108871 → output\5102\8907\108871.sgf
2026-05-28 19:22:44,040 [INFO]   ✓ qid=43131 → output\5102\8907\43131.sgf
2026-05-28 19:22:53,419 [INFO]   ✓ qid=45675 → output\5102\8907\45675.sgf
2026-05-28 19:23:02,578 [INFO]   ✓ qid=10060 → output\5102\8907\10060.sgf
2026-05-28 19:23:08,361 [INFO]   ✓ qid=46677 → output\5102\8907\46677.sgf
2026-05-28 19:23:08,363 [INFO]   Capítulo 8906 '二路死活，六死八活'
2026-05-28 19:23:26,150 [INFO]   ✓ qid=51905 → output\5102\8906\51905.sgf
2026-05-28 19:23:36,434 [INFO]   ✓ qid=25869 → output\5102\8906\25869.sgf
2026-05-28 19:23:46,293 [INFO]   ✓ qid=20085 → output\5102\8906\20085.sgf
2026-05-28 19:23:57,002 [INFO]   ✓ qid=26330 → output\5102\8906\26330.sgf
2026-05-28 19:24:05,610 [INFO]   ✓ qid=42550 → output\5102\8906\42550.sgf
2026-05-28 19:24:15,275 [INFO]   ✓ qid=12725 → output\5102\8906\12725.sgf
2026-05-28 19:24:23,928 [INFO]   ✓ qid=19938 → output\5102\8906\19938.sgf
2026-05-28 19:24:33,777 [INFO]   ✓ qid=43748 → output\5102\8906\43748.sgf
2026-05-28 19:24:42,549 [INFO]   ✓ qid=5840 → output\5102\8906\5840.sgf
2026-05-28 19:24:52,449 [INFO]   ✓ qid=43776 → output\5102\8906\43776.sgf
2026-05-28 19:24:58,377 [INFO]   ✓ qid=43769 → output\5102\8906\43769.sgf
2026-05-28 19:25:07,080 [INFO]   ✓ qid=11570 → output\5102\8906\11570.sgf
2026-05-28 19:25:14,044 [INFO]   ✓ qid=21010 → output\5102\8906\21010.sgf
2026-05-28 19:25:24,471 [INFO]   ✓ qid=6256 → output\5102\8906\6256.sgf
2026-05-28 19:25:34,705 [INFO]   ✓ qid=3381 → output\5102\8906\3381.sgf
2026-05-28 19:25:41,133 [INFO]   ✓ qid=12493 → output\5102\8906\12493.sgf
2026-05-28 19:25:49,727 [INFO]   ✓ qid=6911 → output\5102\8906\6911.sgf
2026-05-28 19:25:55,667 [INFO]   ✓ qid=11036 → output\5102\8906\11036.sgf
2026-05-28 19:26:05,231 [INFO]   ✓ qid=3753 → output\5102\8906\3753.sgf
2026-05-28 19:26:13,771 [INFO]   ✓ qid=246321 → output\5102\8906\246321.sgf
2026-05-28 19:26:19,272 [INFO]   ✓ qid=3023 → output\5102\8906\3023.sgf
2026-05-28 19:26:25,658 [INFO]   ✓ qid=54173 → output\5102\8906\54173.sgf
2026-05-28 19:26:32,206 [INFO]   ✓ qid=45371 → output\5102\8906\45371.sgf
2026-05-28 19:26:42,404 [INFO]   ✓ qid=3588 → output\5102\8906\3588.sgf
2026-05-28 19:26:50,218 [INFO]   ✓ qid=74173 → output\5102\8906\74173.sgf
2026-05-28 19:26:58,693 [INFO]   ✓ qid=3615 → output\5102\8906\3615.sgf
2026-05-28 19:27:07,577 [INFO]   ✓ qid=80958 → output\5102\8906\80958.sgf
2026-05-28 19:27:14,148 [INFO]   ✓ qid=270307 → output\5102\8906\270307.sgf
2026-05-28 19:27:22,656 [INFO]   ✓ qid=404 → output\5102\8906\404.sgf
2026-05-28 19:27:32,457 [INFO]   ✓ qid=245211 → output\5102\8906\245211.sgf
2026-05-28 19:27:41,663 [INFO]   ✓ qid=11855 → output\5102\8906\11855.sgf
2026-05-28 19:27:47,471 [INFO]   ✓ qid=39644 → output\5102\8906\39644.sgf
2026-05-28 19:27:55,396 [INFO]   ✓ qid=245442 → output\5102\8906\245442.sgf
2026-05-28 19:28:02,337 [INFO]   ✓ qid=3204 → output\5102\8906\3204.sgf
2026-05-28 19:28:09,473 [INFO]   ✓ qid=10320 → output\5102\8906\10320.sgf
2026-05-28 19:28:16,851 [INFO]   ✓ qid=4440 → output\5102\8906\4440.sgf
2026-05-28 19:28:23,254 [INFO]   ✓ qid=235961 → output\5102\8906\235961.sgf
2026-05-28 19:28:30,067 [INFO]   ✓ qid=178620 → output\5102\8906\178620.sgf
2026-05-28 19:28:38,192 [INFO]   ✓ qid=5791 → output\5102\8906\5791.sgf
2026-05-28 19:28:47,449 [INFO]   ✓ qid=44111 → output\5102\8906\44111.sgf
2026-05-28 19:28:58,481 [INFO]   ✓ qid=110211 → output\5102\8906\110211.sgf
2026-05-28 19:29:06,785 [INFO]   ✓ qid=8612 → output\5102\8906\8612.sgf
2026-05-28 19:29:15,961 [INFO]   ✓ qid=11228 → output\5102\8906\11228.sgf
2026-05-28 19:29:24,296 [INFO]   ✓ qid=11010 → output\5102\8906\11010.sgf
2026-05-28 19:29:24,296 [INFO]   Capítulo 8997 '延气'
2026-05-28 19:29:40,266 [INFO]   ✓ qid=49356 → output\5102\8997\49356.sgf
2026-05-28 19:29:48,362 [INFO]   ✓ qid=12792 → output\5102\8997\12792.sgf
2026-05-28 19:29:58,397 [INFO]   ✓ qid=61133 → output\5102\8997\61133.sgf
2026-05-28 19:30:07,504 [INFO]   ✓ qid=57426 → output\5102\8997\57426.sgf
2026-05-28 19:30:17,385 [INFO]   ✓ qid=20284 → output\5102\8997\20284.sgf
2026-05-28 19:30:24,702 [INFO]   ✓ qid=11185 → output\5102\8997\11185.sgf
2026-05-28 19:30:34,421 [INFO]   ✓ qid=13 → output\5102\8997\13.sgf
2026-05-28 19:30:39,997 [INFO]   ✓ qid=61125 → output\5102\8997\61125.sgf
2026-05-28 19:30:49,540 [INFO]   ✓ qid=43573 → output\5102\8997\43573.sgf
2026-05-28 19:31:00,030 [INFO]   ✓ qid=56216 → output\5102\8997\56216.sgf
2026-05-28 19:31:08,648 [INFO]   ✓ qid=12 → output\5102\8997\12.sgf
2026-05-28 19:31:17,044 [INFO]   ✓ qid=12978 → output\5102\8997\12978.sgf
2026-05-28 19:31:24,990 [INFO]   ✓ qid=12182 → output\5102\8997\12182.sgf
2026-05-28 19:31:32,675 [INFO]   ✓ qid=10945 → output\5102\8997\10945.sgf
2026-05-28 19:31:41,062 [INFO]   ✓ qid=10581 → output\5102\8997\10581.sgf
2026-05-28 19:31:48,448 [INFO]   ✓ qid=3786 → output\5102\8997\3786.sgf
2026-05-28 19:31:55,475 [INFO]   ✓ qid=44034 → output\5102\8997\44034.sgf
2026-05-28 19:32:05,611 [INFO]   ✓ qid=10217 → output\5102\8997\10217.sgf
2026-05-28 19:32:11,609 [INFO]   ✓ qid=3411 → output\5102\8997\3411.sgf
2026-05-28 19:32:17,907 [INFO]   ✓ qid=9334 → output\5102\8997\9334.sgf
2026-05-28 19:32:25,090 [INFO]   ✓ qid=10425 → output\5102\8997\10425.sgf
2026-05-28 19:32:35,296 [INFO]   ✓ qid=22631 → output\5102\8997\22631.sgf
2026-05-28 19:32:45,268 [INFO]   ✓ qid=10367 → output\5102\8997\10367.sgf
2026-05-28 19:32:57,232 [INFO]   ✓ qid=11428 → output\5102\8997\11428.sgf
2026-05-28 19:33:05,390 [INFO]   ✓ qid=22610 → output\5102\8997\22610.sgf
2026-05-28 19:33:12,346 [INFO]   ✓ qid=11141 → output\5102\8997\11141.sgf
2026-05-28 19:33:21,341 [WARNING]   Posible throttling en qid=11136 — pausa 60-120s
2026-05-28 19:35:11,036 [INFO]   ✓ qid=11136 → output\5102\8997\11136.sgf
2026-05-28 19:35:11,037 [INFO]   Capítulo 9329 '死活训练'
2026-05-28 19:35:29,268 [INFO]   ✓ qid=13021 → output\5102\9329\13021.sgf
2026-05-28 19:35:36,493 [INFO]   ✓ qid=21136 → output\5102\9329\21136.sgf
2026-05-28 19:35:45,052 [INFO]   ✓ qid=21922 → output\5102\9329\21922.sgf
2026-05-28 19:35:53,026 [INFO]   ✓ qid=53389 → output\5102\9329\53389.sgf
2026-05-28 19:36:00,092 [INFO]   ✓ qid=5791 → output\5102\9329\5791.sgf
2026-05-28 19:36:06,981 [INFO]   ✓ qid=43692 → output\5102\9329\43692.sgf
2026-05-28 19:36:16,971 [INFO]   ✓ qid=44047 → output\5102\9329\44047.sgf
2026-05-28 19:36:26,632 [INFO]   ✓ qid=3445 → output\5102\9329\3445.sgf
2026-05-28 19:36:33,014 [INFO]   ✓ qid=12739 → output\5102\9329\12739.sgf
2026-05-28 19:36:40,772 [INFO]   ✓ qid=28231 → output\5102\9329\28231.sgf
2026-05-28 19:36:49,953 [INFO]   ✓ qid=10670 → output\5102\9329\10670.sgf
2026-05-28 19:36:56,663 [INFO]   ✓ qid=12714 → output\5102\9329\12714.sgf
2026-05-28 19:37:05,191 [INFO]   ✓ qid=43310 → output\5102\9329\43310.sgf
2026-05-28 19:37:12,178 [INFO]   ✓ qid=12439 → output\5102\9329\12439.sgf
2026-05-28 19:37:21,815 [INFO]   ✓ qid=25429 → output\5102\9329\25429.sgf
2026-05-28 19:37:30,068 [INFO]   ✓ qid=13097 → output\5102\9329\13097.sgf
2026-05-28 19:37:39,748 [INFO]   ✓ qid=10255 → output\5102\9329\10255.sgf
2026-05-28 19:37:45,349 [INFO]   ✓ qid=3365 → output\5102\9329\3365.sgf
2026-05-28 19:37:53,904 [INFO]   ✓ qid=6252 → output\5102\9329\6252.sgf
2026-05-28 19:38:01,611 [INFO]   ✓ qid=11235 → output\5102\9329\11235.sgf
2026-05-28 19:38:01,612 [INFO]   Capítulo 13326 '@判断死活'
2026-05-28 19:38:19,275 [INFO]   ✓ qid=21981 → output\5102\13326\21981.sgf
2026-05-28 19:38:29,046 [INFO]   ✓ qid=43054 → output\5102\13326\43054.sgf
2026-05-28 19:38:36,884 [INFO]   ✓ qid=52901 → output\5102\13326\52901.sgf
2026-05-28 19:38:44,843 [INFO]   ✓ qid=22403 → output\5102\13326\22403.sgf
2026-05-28 19:38:53,468 [INFO]   ✓ qid=12454 → output\5102\13326\12454.sgf
2026-05-28 19:38:59,062 [INFO]   ✓ qid=12405 → output\5102\13326\12405.sgf
2026-05-28 19:39:05,011 [INFO]   ✓ qid=11168 → output\5102\13326\11168.sgf
2026-05-28 19:39:14,377 [INFO]   ✓ qid=3112 → output\5102\13326\3112.sgf
2026-05-28 19:39:24,208 [INFO]   ✓ qid=9047 → output\5102\13326\9047.sgf
2026-05-28 19:39:34,137 [INFO]   ✓ qid=13452 → output\5102\13326\13452.sgf
2026-05-28 19:39:44,381 [INFO]   ✓ qid=22027 → output\5102\13326\22027.sgf
2026-05-28 19:39:51,771 [INFO]   ✓ qid=11096 → output\5102\13326\11096.sgf
2026-05-28 19:39:58,072 [INFO]   ✓ qid=43789 → output\5102\13326\43789.sgf
2026-05-28 19:40:05,920 [INFO]   ✓ qid=10969 → output\5102\13326\10969.sgf
2026-05-28 19:40:14,889 [INFO]   ✓ qid=11126 → output\5102\13326\11126.sgf
2026-05-28 19:40:22,809 [INFO]   ✓ qid=11151 → output\5102\13326\11151.sgf
2026-05-28 19:40:32,687 [INFO]   ✓ qid=43949 → output\5102\13326\43949.sgf
2026-05-28 19:40:42,580 [INFO]   ✓ qid=12109 → output\5102\13326\12109.sgf
2026-05-28 19:40:52,492 [INFO]   ✓ qid=10703 → output\5102\13326\10703.sgf
2026-05-28 19:41:02,473 [INFO]   ✓ qid=39603 → output\5102\13326\39603.sgf
2026-05-28 19:41:11,150 [INFO]   ✓ qid=10227 → output\5102\13326\10227.sgf
2026-05-28 19:41:16,688 [INFO]   ✓ qid=5167 → output\5102\13326\5167.sgf
2026-05-28 19:41:22,647 [INFO]   ✓ qid=26149 → output\5102\13326\26149.sgf
2026-05-28 19:41:29,945 [INFO]   ✓ qid=39662 → output\5102\13326\39662.sgf
2026-05-28 19:41:39,929 [INFO]   ✓ qid=21978 → output\5102\13326\21978.sgf
2026-05-28 19:41:48,314 [INFO]   ✓ qid=12833 → output\5102\13326\12833.sgf
2026-05-28 19:41:53,861 [INFO]   ✓ qid=5724 → output\5102\13326\5724.sgf
2026-05-28 19:42:01,051 [INFO]   ✓ qid=13005 → output\5102\13326\13005.sgf
2026-05-28 19:42:14,060 [INFO]   ✓ qid=26604 → output\5102\13326\26604.sgf
2026-05-28 19:42:21,925 [INFO]   ✓ qid=11473 → output\5102\13326\11473.sgf
2026-05-28 19:42:32,397 [INFO]   ✓ qid=166491 → output\5102\13326\166491.sgf
2026-05-28 19:42:41,429 [INFO]   ✓ qid=166493 → output\5102\13326\166493.sgf
2026-05-28 19:42:50,711 [INFO]   ✓ qid=166494 → output\5102\13326\166494.sgf
2026-05-28 19:42:50,712 [INFO]   Capítulo 9018 '一路二路多妙手'
2026-05-28 19:43:03,481 [INFO]   ✓ qid=51956 → output\5102\9018\51956.sgf
2026-05-28 19:43:13,596 [INFO]   ✓ qid=11017 → output\5102\9018\11017.sgf
2026-05-28 19:43:20,918 [INFO]   ✓ qid=64376 → output\5102\9018\64376.sgf
2026-05-28 19:43:26,824 [INFO]   ✓ qid=379 → output\5102\9018\379.sgf
2026-05-28 19:43:33,891 [INFO]   ✓ qid=58375 → output\5102\9018\58375.sgf
2026-05-28 19:43:42,274 [INFO]   ✓ qid=56072 → output\5102\9018\56072.sgf
2026-05-28 19:43:51,741 [INFO]   ✓ qid=64489 → output\5102\9018\64489.sgf
2026-05-28 19:44:01,704 [INFO]   ✓ qid=15660 → output\5102\9018\15660.sgf
2026-05-28 19:44:07,325 [INFO]   ✓ qid=69124 → output\5102\9018\69124.sgf
2026-05-28 19:44:16,235 [INFO]   ✓ qid=43784 → output\5102\9018\43784.sgf
2026-05-28 19:44:23,493 [INFO]   ✓ qid=65195 → output\5102\9018\65195.sgf
2026-05-28 19:44:32,775 [INFO]   ✓ qid=56734 → output\5102\9018\56734.sgf
2026-05-28 19:44:39,224 [INFO]   ✓ qid=62955 → output\5102\9018\62955.sgf
2026-05-28 19:44:48,469 [INFO]   ✓ qid=65902 → output\5102\9018\65902.sgf
2026-05-28 19:44:55,929 [INFO]   ✓ qid=51098 → output\5102\9018\51098.sgf
2026-05-28 19:45:02,204 [INFO]   ✓ qid=61013 → output\5102\9018\61013.sgf
2026-05-28 19:45:08,547 [INFO]   ✓ qid=10343 → output\5102\9018\10343.sgf
2026-05-28 19:45:14,317 [INFO]   ✓ qid=8571 → output\5102\9018\8571.sgf
2026-05-28 19:45:20,642 [INFO]   ✓ qid=8469 → output\5102\9018\8469.sgf
2026-05-28 19:45:28,831 [INFO]   ✓ qid=51369 → output\5102\9018\51369.sgf
2026-05-28 19:45:28,832 [INFO]   Capítulo 9580 '手筋--跳夹顶'
2026-05-28 19:45:42,646 [INFO]   ✓ qid=65613 → output\5102\9580\65613.sgf
2026-05-28 19:45:50,061 [INFO]   ✓ qid=10796 → output\5102\9580\10796.sgf
2026-05-28 19:45:58,424 [INFO]   ✓ qid=56393 → output\5102\9580\56393.sgf
2026-05-28 19:46:06,551 [INFO]   ✓ qid=10501 → output\5102\9580\10501.sgf
2026-05-28 19:46:16,901 [INFO]   ✓ qid=3354 → output\5102\9580\3354.sgf
2026-05-28 19:46:25,828 [INFO]   ✓ qid=21348 → output\5102\9580\21348.sgf
2026-05-28 19:46:34,925 [INFO]   ✓ qid=43613 → output\5102\9580\43613.sgf
2026-05-28 19:46:40,786 [INFO]   ✓ qid=43377 → output\5102\9580\43377.sgf
2026-05-28 19:46:47,225 [INFO]   ✓ qid=10842 → output\5102\9580\10842.sgf
2026-05-28 19:46:52,905 [INFO]   ✓ qid=12888 → output\5102\9580\12888.sgf
2026-05-28 19:46:59,708 [INFO]   ✓ qid=206 → output\5102\9580\206.sgf
2026-05-28 19:47:08,136 [INFO]   ✓ qid=28869 → output\5102\9580\28869.sgf
2026-05-28 19:47:18,923 [INFO]   ✓ qid=7310 → output\5102\9580\7310.sgf
2026-05-28 19:47:24,510 [INFO]   ✓ qid=12080 → output\5102\9580\12080.sgf
2026-05-28 19:47:33,642 [INFO]   ✓ qid=52662 → output\5102\9580\52662.sgf
2026-05-28 19:47:43,962 [INFO]   ✓ qid=60283 → output\5102\9580\60283.sgf
2026-05-28 19:47:50,165 [INFO]   ✓ qid=4250 → output\5102\9580\4250.sgf
2026-05-28 19:47:50,166 [INFO]   Capítulo 9017 '倒脱靴'
2026-05-28 19:48:06,300 [INFO]   ✓ qid=57183 → output\5102\9017\57183.sgf
2026-05-28 19:48:14,700 [INFO]   ✓ qid=13992 → output\5102\9017\13992.sgf
2026-05-28 19:48:24,832 [INFO]   ✓ qid=65422 → output\5102\9017\65422.sgf
2026-05-28 19:48:32,299 [INFO]   ✓ qid=75194 → output\5102\9017\75194.sgf
2026-05-28 19:48:40,018 [INFO]   ✓ qid=21207 → output\5102\9017\21207.sgf
2026-05-28 19:48:49,630 [INFO]   ✓ qid=22481 → output\5102\9017\22481.sgf
2026-05-28 19:48:58,028 [INFO]   ✓ qid=13928 → output\5102\9017\13928.sgf
2026-05-28 19:49:07,102 [INFO]   ✓ qid=21201 → output\5102\9017\21201.sgf
2026-05-28 19:49:15,148 [INFO]   ✓ qid=34983 → output\5102\9017\34983.sgf
2026-05-28 19:49:22,949 [INFO]   ✓ qid=55618 → output\5102\9017\55618.sgf
2026-05-28 19:49:31,968 [INFO]   ✓ qid=21392 → output\5102\9017\21392.sgf
2026-05-28 19:49:40,570 [INFO]   ✓ qid=50394 → output\5102\9017\50394.sgf
2026-05-28 19:49:49,943 [INFO]   ✓ qid=10681 → output\5102\9017\10681.sgf
2026-05-28 19:49:55,960 [INFO]   ✓ qid=8754 → output\5102\9017\8754.sgf
2026-05-28 19:50:04,994 [INFO]   ✓ qid=43984 → output\5102\9017\43984.sgf
2026-05-28 19:50:13,987 [INFO]   ✓ qid=52433 → output\5102\9017\52433.sgf
2026-05-28 19:50:22,977 [INFO]   ✓ qid=150 → output\5102\9017\150.sgf
2026-05-28 19:50:30,399 [INFO]   ✓ qid=7210 → output\5102\9017\7210.sgf
2026-05-28 19:50:36,190 [INFO]   ✓ qid=27405 → output\5102\9017\27405.sgf
2026-05-28 19:50:46,493 [INFO]   ✓ qid=13105 → output\5102\9017\13105.sgf
2026-05-28 19:50:52,190 [INFO]   ✓ qid=106646 → output\5102\9017\106646.sgf
2026-05-28 19:50:59,172 [INFO]   ✓ qid=9007 → output\5102\9017\9007.sgf
2026-05-28 19:51:07,694 [INFO]   ✓ qid=11774 → output\5102\9017\11774.sgf
2026-05-28 19:51:13,418 [INFO]   ✓ qid=245067 → output\5102\9017\245067.sgf
2026-05-28 19:51:19,173 [INFO]   ✓ qid=42746 → output\5102\9017\42746.sgf
2026-05-28 19:51:27,619 [INFO]   ✓ qid=51090 → output\5102\9017\51090.sgf
2026-05-28 19:51:35,447 [INFO]   ✓ qid=82619 → output\5102\9017\82619.sgf
2026-05-28 19:51:42,241 [INFO]   ✓ qid=54168 → output\5102\9017\54168.sgf
2026-05-28 19:51:49,336 [INFO]   ✓ qid=51087 → output\5102\9017\51087.sgf
2026-05-28 19:51:56,488 [INFO]   ✓ qid=11363 → output\5102\9017\11363.sgf
2026-05-28 19:52:05,849 [INFO]   ✓ qid=13471 → output\5102\9017\13471.sgf
2026-05-28 19:52:14,879 [INFO]   ✓ qid=76784 → output\5102\9017\76784.sgf
2026-05-28 19:52:22,152 [INFO]   ✓ qid=12760 → output\5102\9017\12760.sgf
2026-05-28 19:52:33,061 [INFO]   ✓ qid=72576 → output\5102\9017\72576.sgf
2026-05-28 19:52:40,728 [INFO]   ✓ qid=248514 → output\5102\9017\248514.sgf
2026-05-28 19:52:51,121 [INFO]   ✓ qid=245220 → output\5102\9017\245220.sgf
2026-05-28 19:52:57,881 [INFO]   ✓ qid=246550 → output\5102\9017\246550.sgf
2026-05-28 19:53:07,106 [INFO]   ✓ qid=105701 → output\5102\9017\105701.sgf
2026-05-28 19:53:12,857 [INFO]   ✓ qid=13551 → output\5102\9017\13551.sgf
2026-05-28 19:53:19,874 [INFO]   ✓ qid=4678 → output\5102\9017\4678.sgf
2026-05-28 19:53:19,875 [INFO]   Capítulo 9027 '涨牯牛'
2026-05-28 19:53:35,975 [INFO]   ✓ qid=1237 → output\5102\9027\1237.sgf
2026-05-28 19:53:45,802 [INFO]   ✓ qid=1236 → output\5102\9027\1236.sgf
2026-05-28 19:53:54,222 [INFO]   ✓ qid=1139 → output\5102\9027\1139.sgf
2026-05-28 19:54:03,662 [INFO]   ✓ qid=22005 → output\5102\9027\22005.sgf
2026-05-28 19:54:11,309 [INFO]   ✓ qid=25490 → output\5102\9027\25490.sgf
2026-05-28 19:54:19,827 [INFO]   ✓ qid=59530 → output\5102\9027\59530.sgf
2026-05-28 19:54:29,416 [INFO]   ✓ qid=3440 → output\5102\9027\3440.sgf
2026-05-28 19:54:38,929 [INFO]   ✓ qid=26406 → output\5102\9027\26406.sgf
2026-05-28 19:54:44,555 [INFO]   ✓ qid=1233 → output\5102\9027\1233.sgf
2026-05-28 19:54:54,029 [INFO]   ✓ qid=11418 → output\5102\9027\11418.sgf
2026-05-28 19:55:01,361 [INFO]   ✓ qid=11407 → output\5102\9027\11407.sgf
2026-05-28 19:55:06,855 [INFO]   ✓ qid=42638 → output\5102\9027\42638.sgf
2026-05-28 19:55:15,486 [INFO]   ✓ qid=13862 → output\5102\9027\13862.sgf
2026-05-28 19:55:24,936 [INFO]   ✓ qid=13832 → output\5102\9027\13832.sgf
2026-05-28 19:55:32,420 [INFO]   ✓ qid=12763 → output\5102\9027\12763.sgf
2026-05-28 19:55:42,707 [INFO]   ✓ qid=50696 → output\5102\9027\50696.sgf
2026-05-28 19:55:50,259 [INFO]   ✓ qid=22112 → output\5102\9027\22112.sgf
2026-05-28 19:55:56,152 [INFO]   ✓ qid=21214 → output\5102\9027\21214.sgf
2026-05-28 19:55:56,153 [INFO]   Capítulo 9023 '棋形的好坏'
2026-05-28 19:56:11,619 [INFO]   ✓ qid=14562 → output\5102\9023\14562.sgf
2026-05-28 19:56:20,445 [INFO]   ✓ qid=43316 → output\5102\9023\43316.sgf
2026-05-28 19:56:28,881 [INFO]   ✓ qid=43718 → output\5102\9023\43718.sgf
2026-05-28 19:56:37,220 [INFO]   ✓ qid=43538 → output\5102\9023\43538.sgf
2026-05-28 19:56:45,733 [INFO]   ✓ qid=43715 → output\5102\9023\43715.sgf
2026-05-28 19:56:56,854 [INFO]   ✓ qid=43719 → output\5102\9023\43719.sgf
2026-05-28 19:57:02,908 [INFO]   ✓ qid=43722 → output\5102\9023\43722.sgf
2026-05-28 19:57:10,958 [INFO]   ✓ qid=43710 → output\5102\9023\43710.sgf
2026-05-28 19:57:19,859 [INFO]   ✓ qid=43724 → output\5102\9023\43724.sgf
2026-05-28 19:57:27,938 [INFO]   ✓ qid=43704 → output\5102\9023\43704.sgf
2026-05-28 19:57:33,476 [INFO]   ✓ qid=43717 → output\5102\9023\43717.sgf
2026-05-28 19:57:42,878 [INFO]   ✓ qid=41994 → output\5102\9023\41994.sgf
2026-05-28 19:57:49,232 [INFO]   ✓ qid=43352 → output\5102\9023\43352.sgf
2026-05-28 19:57:58,445 [INFO]   ✓ qid=7827 → output\5102\9023\7827.sgf
2026-05-28 19:58:07,713 [INFO]   ✓ qid=43702 → output\5102\9023\43702.sgf
2026-05-28 19:58:15,614 [INFO]   ✓ qid=148183 → output\5102\9023\148183.sgf
2026-05-28 19:58:21,931 [INFO]   ✓ qid=148184 → output\5102\9023\148184.sgf
2026-05-28 19:58:34,748 [INFO]   ✓ qid=148185 → output\5102\9023\148185.sgf
2026-05-28 19:58:41,908 [INFO]   ✓ qid=5005 → output\5102\9023\5005.sgf
2026-05-28 19:58:48,547 [INFO]   ✓ qid=21207 → output\5102\9023\21207.sgf
2026-05-28 19:58:58,506 [INFO]   ✓ qid=79425 → output\5102\9023\79425.sgf
2026-05-28 19:59:08,466 [INFO]   ✓ qid=43663 → output\5102\9023\43663.sgf
2026-05-28 19:59:16,614 [INFO]   ✓ qid=48847 → output\5102\9023\48847.sgf
2026-05-28 19:59:27,496 [INFO]   ✓ qid=21202 → output\5102\9023\21202.sgf
2026-05-28 19:59:37,199 [INFO]   ✓ qid=8885 → output\5102\9023\8885.sgf
2026-05-28 19:59:44,826 [INFO]   ✓ qid=8425 → output\5102\9023\8425.sgf
2026-05-28 19:59:54,152 [INFO]   ✓ qid=10012 → output\5102\9023\10012.sgf
2026-05-28 20:00:03,544 [INFO]   ✓ qid=81242 → output\5102\9023\81242.sgf
2026-05-28 20:00:12,751 [INFO]   ✓ qid=157246 → output\5102\9023\157246.sgf
2026-05-28 20:00:12,752 [INFO]   Capítulo 9040 '目与单官，收官大小（初B）'
2026-05-28 20:00:27,201 [INFO]   ✓ qid=77862 → output\5102\9040\77862.sgf
2026-05-28 20:00:33,470 [INFO]   ✓ qid=28886 → output\5102\9040\28886.sgf
2026-05-28 20:00:40,036 [INFO]   ✓ qid=136444 → output\5102\9040\136444.sgf
2026-05-28 20:00:48,993 [INFO]   ✓ qid=77979 → output\5102\9040\77979.sgf
2026-05-28 20:01:01,540 [INFO]   ✓ qid=89482 → output\5102\9040\89482.sgf
2026-05-28 20:01:10,988 [INFO]   ✓ qid=128168 → output\5102\9040\128168.sgf
2026-05-28 20:01:20,500 [INFO]   ✓ qid=105135 → output\5102\9040\105135.sgf
2026-05-28 20:01:27,302 [INFO]   ✓ qid=104165 → output\5102\9040\104165.sgf
2026-05-28 20:01:37,453 [INFO]   ✓ qid=162257 → output\5102\9040\162257.sgf
2026-05-28 20:01:43,869 [INFO]   ✓ qid=128202 → output\5102\9040\128202.sgf
2026-05-28 20:01:52,885 [INFO]   ✓ qid=104446 → output\5102\9040\104446.sgf
2026-05-28 20:02:02,511 [INFO]   ✓ qid=128211 → output\5102\9040\128211.sgf
2026-05-28 20:02:12,101 [INFO]   ✓ qid=129265 → output\5102\9040\129265.sgf
2026-05-28 20:02:21,163 [INFO]   ✓ qid=104426 → output\5102\9040\104426.sgf
2026-05-28 20:02:28,228 [INFO]   ✓ qid=104440 → output\5102\9040\104440.sgf
2026-05-28 20:02:40,499 [INFO]   ✓ qid=169485 → output\5102\9040\169485.sgf
2026-05-28 20:02:48,304 [INFO]   ✓ qid=105106 → output\5102\9040\105106.sgf
2026-05-28 20:02:55,840 [INFO]   ✓ qid=89485 → output\5102\9040\89485.sgf
2026-05-28 20:03:03,851 [INFO]   ✓ qid=104159 → output\5102\9040\104159.sgf
2026-05-28 20:03:12,453 [INFO]   ✓ qid=77867 → output\5102\9040\77867.sgf
2026-05-28 20:03:18,052 [INFO]   ✓ qid=148920 → output\5102\9040\148920.sgf
2026-05-28 20:03:28,060 [INFO]   ✓ qid=128227 → output\5102\9040\128227.sgf
2026-05-28 20:03:37,333 [INFO]   ✓ qid=128239 → output\5102\9040\128239.sgf
2026-05-28 20:03:46,640 [INFO]   ✓ qid=128212 → output\5102\9040\128212.sgf
2026-05-28 20:03:53,490 [INFO]   ✓ qid=104388 → output\5102\9040\104388.sgf
2026-05-28 20:04:03,463 [INFO]   ✓ qid=104410 → output\5102\9040\104410.sgf
2026-05-28 20:04:09,362 [INFO]   ✓ qid=128228 → output\5102\9040\128228.sgf
2026-05-28 20:04:15,747 [INFO]   ✓ qid=105369 → output\5102\9040\105369.sgf
2026-05-28 20:04:26,119 [INFO]   ✓ qid=150543 → output\5102\9040\150543.sgf
2026-05-28 20:04:32,846 [INFO]   ✓ qid=74415 → output\5102\9040\74415.sgf
2026-05-28 20:04:32,847 [INFO]   Capítulo 16662 '@地线与势线'
2026-05-28 20:04:52,541 [INFO]   ✓ qid=166497 → output\5102\16662\166497.sgf
2026-05-28 20:05:00,875 [INFO]   ✓ qid=166495 → output\5102\16662\166495.sgf
2026-05-28 20:05:06,848 [INFO]   ✓ qid=64480 → output\5102\16662\64480.sgf
2026-05-28 20:05:15,705 [INFO]   ✓ qid=10198 → output\5102\16662\10198.sgf
2026-05-28 20:05:22,801 [INFO]   ✓ qid=9891 → output\5102\16662\9891.sgf
2026-05-28 20:05:32,427 [INFO]   ✓ qid=20006 → output\5102\16662\20006.sgf
2026-05-28 20:05:38,827 [INFO]   ✓ qid=91691 → output\5102\16662\91691.sgf
2026-05-28 20:05:49,854 [INFO]   ✓ qid=167053 → output\5102\16662\167053.sgf
2026-05-28 20:05:59,767 [INFO]   ✓ qid=12033 → output\5102\16662\12033.sgf
2026-05-28 20:06:05,958 [INFO]   ✓ qid=80962 → output\5102\16662\80962.sgf
2026-05-28 20:06:14,541 [INFO]   ✓ qid=10650 → output\5102\16662\10650.sgf
2026-05-28 20:06:24,456 [INFO]   ✓ qid=27510 → output\5102\16662\27510.sgf
2026-05-28 20:06:33,663 [INFO]   ✓ qid=83476 → output\5102\16662\83476.sgf
2026-05-28 20:06:43,187 [INFO]   ✓ qid=82114 → output\5102\16662\82114.sgf
2026-05-28 20:06:51,461 [INFO]   ✓ qid=28921 → output\5102\16662\28921.sgf
2026-05-28 20:06:57,435 [INFO]   ✓ qid=74497 → output\5102\16662\74497.sgf
2026-05-28 20:07:03,751 [INFO]   ✓ qid=81133 → output\5102\16662\81133.sgf
2026-05-28 20:07:11,348 [INFO]   ✓ qid=83262 → output\5102\16662\83262.sgf
2026-05-28 20:07:17,346 [INFO]   ✓ qid=61780 → output\5102\16662\61780.sgf
2026-05-28 20:07:27,558 [INFO]   ✓ qid=154672 → output\5102\16662\154672.sgf
2026-05-28 20:07:37,964 [INFO]   ✓ qid=12344 → output\5102\16662\12344.sgf
2026-05-28 20:07:43,577 [INFO]   ✓ qid=9252 → output\5102\16662\9252.sgf
2026-05-28 20:07:52,823 [INFO]   ✓ qid=54301 → output\5102\16662\54301.sgf
2026-05-28 20:07:58,721 [INFO]   ✓ qid=1531 → output\5102\16662\1531.sgf
2026-05-28 20:08:07,500 [INFO]   ✓ qid=27353 → output\5102\16662\27353.sgf
2026-05-28 20:08:15,189 [INFO]   ✓ qid=74518 → output\5102\16662\74518.sgf
2026-05-28 20:08:24,980 [INFO]   ✓ qid=58510 → output\5102\16662\58510.sgf
2026-05-28 20:08:32,788 [INFO]   ✓ qid=8298 → output\5102\16662\8298.sgf
2026-05-28 20:08:39,669 [INFO]   ✓ qid=9026 → output\5102\16662\9026.sgf
2026-05-28 20:08:46,821 [INFO]   ✓ qid=11389 → output\5102\16662\11389.sgf
2026-05-28 20:08:52,802 [INFO]   ✓ qid=154617 → output\5102\16662\154617.sgf
2026-05-28 20:09:02,872 [INFO]   ✓ qid=50846 → output\5102\16662\50846.sgf
2026-05-28 20:09:02,873 [INFO]   Capítulo 17965 '中国数子法（上课讲解）'
2026-05-28 20:09:20,114 [INFO]   ✓ qid=171104 → output\5102\17965\171104.sgf
2026-05-28 20:09:29,875 [INFO]   ✓ qid=171105 → output\5102\17965\171105.sgf
2026-05-28 20:09:37,797 [INFO]   ✓ qid=171106 → output\5102\17965\171106.sgf
2026-05-28 20:09:46,714 [INFO]   ✓ qid=171108 → output\5102\17965\171108.sgf
2026-05-28 20:09:58,539 [INFO]   ✓ qid=171107 → output\5102\17965\171107.sgf
2026-05-28 20:10:07,418 [INFO]   ✓ qid=67814 → output\5102\17965\67814.sgf
2026-05-28 20:10:14,252 [INFO]   ✓ qid=10929 → output\5102\17965\10929.sgf
2026-05-28 20:10:23,622 [INFO]   ✓ qid=11665 → output\5102\17965\11665.sgf
2026-05-28 20:10:33,836 [INFO]   ✓ qid=165299 → output\5102\17965\165299.sgf
2026-05-28 20:10:42,722 [INFO]   ✓ qid=138407 → output\5102\17965\138407.sgf
2026-05-28 20:10:50,960 [INFO]   ✓ qid=103642 → output\5102\17965\103642.sgf
2026-05-28 20:10:59,299 [INFO]   ✓ qid=11560 → output\5102\17965\11560.sgf
2026-05-28 20:11:06,874 [INFO]   ✓ qid=105089 → output\5102\17965\105089.sgf
2026-05-28 20:11:16,783 [INFO]   ✓ qid=12739 → output\5102\17965\12739.sgf
2026-05-28 20:11:22,326 [INFO]   ✓ qid=13064 → output\5102\17965\13064.sgf
2026-05-28 20:11:28,552 [INFO]   ✓ qid=82873 → output\5102\17965\82873.sgf
2026-05-28 20:11:36,731 [INFO]   ✓ qid=141037 → output\5102\17965\141037.sgf
2026-05-28 20:11:45,947 [INFO]   ✓ qid=8351 → output\5102\17965\8351.sgf
2026-05-28 20:11:57,304 [INFO]   ✓ qid=57130 → output\5102\17965\57130.sgf
2026-05-28 20:12:04,476 [INFO]   ✓ qid=73415 → output\5102\17965\73415.sgf
2026-05-28 20:12:12,360 [INFO]   ✓ qid=8974 → output\5102\17965\8974.sgf
2026-05-28 20:12:20,100 [INFO]   ✓ qid=110093 → output\5102\17965\110093.sgf
2026-05-28 20:12:25,887 [INFO]   ✓ qid=58384 → output\5102\17965\58384.sgf
2026-05-28 20:12:35,278 [INFO]   ✓ qid=81653 → output\5102\17965\81653.sgf
2026-05-28 20:12:43,630 [INFO]   ✓ qid=95587 → output\5102\17965\95587.sgf
2026-05-28 20:12:51,593 [INFO]   ✓ qid=13490 → output\5102\17965\13490.sgf
2026-05-28 20:13:00,161 [INFO]   ✓ qid=61779 → output\5102\17965\61779.sgf
2026-05-28 20:13:08,224 [INFO]   ✓ qid=77633 → output\5102\17965\77633.sgf
2026-05-28 20:13:15,973 [INFO]   ✓ qid=54919 → output\5102\17965\54919.sgf
2026-05-28 20:13:26,099 [INFO]   ✓ qid=143009 → output\5102\17965\143009.sgf
2026-05-28 20:13:37,159 [INFO]   ✓ qid=141034 → output\5102\17965\141034.sgf
2026-05-28 20:13:45,745 [INFO]   ✓ qid=76857 → output\5102\17965\76857.sgf
2026-05-28 20:13:56,123 [INFO]   ✓ qid=51064 → output\5102\17965\51064.sgf
2026-05-28 20:14:03,794 [INFO]   ✓ qid=121896 → output\5102\17965\121896.sgf
2026-05-28 20:14:13,980 [INFO]   ✓ qid=62065 → output\5102\17965\62065.sgf
2026-05-28 20:14:23,596 [INFO]   ✓ qid=133343 → output\5102\17965\133343.sgf
2026-05-28 20:14:32,810 [INFO]   ✓ qid=81622 → output\5102\17965\81622.sgf
2026-05-28 20:14:42,389 [INFO]   ✓ qid=94118 → output\5102\17965\94118.sgf
2026-05-28 20:14:52,207 [INFO]   ✓ qid=76821 → output\5102\17965\76821.sgf
2026-05-28 20:15:01,863 [INFO]   ✓ qid=82221 → output\5102\17965\82221.sgf
2026-05-28 20:15:09,326 [INFO]   ✓ qid=103641 → output\5102\17965\103641.sgf
2026-05-28 20:15:19,472 [INFO]   ✓ qid=42968 → output\5102\17965\42968.sgf
2026-05-28 20:15:28,011 [INFO]   ✓ qid=54147 → output\5102\17965\54147.sgf
2026-05-28 20:15:35,721 [INFO]   ✓ qid=63685 → output\5102\17965\63685.sgf
2026-05-28 20:15:44,798 [INFO]   ✓ qid=22291 → output\5102\17965\22291.sgf
2026-05-28 20:15:44,799 [INFO]   Capítulo 9038 '靠单（入.手筋专项10-5）'
2026-05-28 20:15:58,388 [INFO]   ✓ qid=81378 → output\5102\9038\81378.sgf
2026-05-28 20:16:05,243 [INFO]   ✓ qid=81380 → output\5102\9038\81380.sgf
2026-05-28 20:16:13,422 [INFO]   ✓ qid=213 → output\5102\9038\213.sgf
2026-05-28 20:16:20,814 [INFO]   ✓ qid=44347 → output\5102\9038\44347.sgf
2026-05-28 20:16:29,734 [INFO]   ✓ qid=81382 → output\5102\9038\81382.sgf
2026-05-28 20:16:35,619 [INFO]   ✓ qid=81386 → output\5102\9038\81386.sgf
2026-05-28 20:16:44,928 [INFO]   ✓ qid=218 → output\5102\9038\218.sgf
2026-05-28 20:16:50,484 [INFO]   ✓ qid=220 → output\5102\9038\220.sgf
2026-05-28 20:17:00,392 [INFO]   ✓ qid=208 → output\5102\9038\208.sgf
2026-05-28 20:17:07,782 [INFO]   ✓ qid=81379 → output\5102\9038\81379.sgf
2026-05-28 20:17:14,832 [INFO]   ✓ qid=81383 → output\5102\9038\81383.sgf
2026-05-28 20:17:20,350 [INFO]   ✓ qid=81381 → output\5102\9038\81381.sgf
2026-05-28 20:17:27,242 [INFO]   ✓ qid=81385 → output\5102\9038\81385.sgf
2026-05-28 20:17:36,247 [INFO]   ✓ qid=79830 → output\5102\9038\79830.sgf
2026-05-28 20:17:44,837 [INFO]   ✓ qid=219 → output\5102\9038\219.sgf
2026-05-28 20:17:55,109 [WARNING]   Posible throttling en qid=81384 — pausa 60-120s
2026-05-28 20:19:37,163 [INFO]   ✓ qid=81384 → output\5102\9038\81384.sgf
2026-05-28 20:19:44,461 [INFO]   ✓ qid=211 → output\5102\9038\211.sgf
2026-05-28 20:19:52,440 [INFO]   ✓ qid=13071 → output\5102\9038\13071.sgf
2026-05-28 20:19:52,441 [INFO]   Capítulo 19324 '@守角与挂角'
2026-05-28 20:20:06,763 [WARNING]   Sin andata en qid=178929 (qtype=None) — skip
2026-05-28 20:20:15,906 [WARNING]   Sin andata en qid=178932 (qtype=None) — skip
2026-05-28 20:20:23,766 [WARNING]   Sin andata en qid=178935 (qtype=None) — skip
2026-05-28 20:20:32,290 [WARNING]   Sin andata en qid=178937 (qtype=None) — skip
2026-05-28 20:20:41,585 [WARNING]   Sin andata en qid=178938 (qtype=None) — skip
2026-05-28 20:20:51,786 [WARNING]   Sin andata en qid=178940 (qtype=None) — skip
2026-05-28 20:20:58,256 [WARNING]   Sin andata en qid=178941 (qtype=None) — skip
2026-05-28 20:21:07,084 [WARNING]   Sin andata en qid=178942 (qtype=None) — skip
2026-05-28 20:21:17,029 [WARNING]   Sin andata en qid=178943 (qtype=None) — skip
2026-05-28 20:21:26,799 [WARNING]   Sin andata en qid=178945 (qtype=None) — skip
2026-05-28 20:21:34,336 [WARNING]   Sin andata en qid=178946 (qtype=None) — skip
2026-05-28 20:21:44,483 [WARNING]   Sin andata en qid=178947 (qtype=None) — skip
2026-05-28 20:21:51,324 [WARNING]   Sin andata en qid=178948 (qtype=None) — skip
2026-05-28 20:22:01,075 [WARNING]   Sin andata en qid=178949 (qtype=None) — skip
2026-05-28 20:22:09,809 [WARNING]   Sin andata en qid=178950 (qtype=None) — skip
2026-05-28 20:22:19,121 [WARNING]   Sin andata en qid=178951 (qtype=None) — skip
2026-05-28 20:22:26,999 [WARNING]   Sin andata en qid=178952 (qtype=None) — skip
2026-05-28 20:22:36,064 [WARNING]   Sin andata en qid=178953 (qtype=None) — skip
2026-05-28 20:22:44,653 [WARNING]   Sin andata en qid=178954 (qtype=None) — skip
2026-05-28 20:22:51,078 [WARNING]   Sin andata en qid=178955 (qtype=None) — skip
2026-05-28 20:22:59,569 [WARNING]   Sin andata en qid=178956 (qtype=None) — skip
2026-05-28 20:23:07,791 [WARNING]   Sin andata en qid=178957 (qtype=None) — skip
2026-05-28 20:23:17,603 [WARNING]   Sin andata en qid=178958 (qtype=None) — skip
2026-05-28 20:23:23,176 [WARNING]   Sin andata en qid=178960 (qtype=None) — skip
2026-05-28 20:23:30,030 [WARNING]   Sin andata en qid=178962 (qtype=None) — skip
2026-05-28 20:23:40,219 [WARNING]   Sin andata en qid=178963 (qtype=None) — skip
2026-05-28 20:23:48,856 [WARNING]   Sin andata en qid=178964 (qtype=None) — skip
2026-05-28 20:23:48,857 [INFO]   Capítulo 9039 '宽征与引征'
2026-05-28 20:24:05,642 [INFO]   ✓ qid=81387 → output\5102\9039\81387.sgf
2026-05-28 20:24:13,401 [INFO]   ✓ qid=81388 → output\5102\9039\81388.sgf
2026-05-28 20:24:21,127 [INFO]   ✓ qid=81392 → output\5102\9039\81392.sgf
2026-05-28 20:24:28,439 [INFO]   ✓ qid=80920 → output\5102\9039\80920.sgf
2026-05-28 20:24:38,449 [INFO]   ✓ qid=81393 → output\5102\9039\81393.sgf
2026-05-28 20:24:47,007 [INFO]   ✓ qid=81398 → output\5102\9039\81398.sgf
2026-05-28 20:24:55,826 [INFO]   ✓ qid=81403 → output\5102\9039\81403.sgf
2026-05-28 20:25:04,707 [INFO]   ✓ qid=81410 → output\5102\9039\81410.sgf
2026-05-28 20:25:15,057 [INFO]   ✓ qid=81415 → output\5102\9039\81415.sgf
2026-05-28 20:25:23,094 [INFO]   ✓ qid=81417 → output\5102\9039\81417.sgf
2026-05-28 20:25:32,590 [INFO]   ✓ qid=81424 → output\5102\9039\81424.sgf
2026-05-28 20:25:40,771 [INFO]   ✓ qid=81436 → output\5102\9039\81436.sgf
2026-05-28 20:25:46,690 [INFO]   ✓ qid=81435 → output\5102\9039\81435.sgf
2026-05-28 20:25:52,924 [INFO]   ✓ qid=81437 → output\5102\9039\81437.sgf
2026-05-28 20:26:00,914 [INFO]   ✓ qid=81438 → output\5102\9039\81438.sgf
2026-05-28 20:26:10,033 [INFO]   ✓ qid=22881 → output\5102\9039\22881.sgf
2026-05-28 20:26:18,135 [INFO]   ✓ qid=12039 → output\5102\9039\12039.sgf
2026-05-28 20:26:27,734 [INFO]   ✓ qid=1664 → output\5102\9039\1664.sgf
2026-05-28 20:26:35,704 [INFO]   ✓ qid=11940 → output\5102\9039\11940.sgf
2026-05-28 20:26:45,876 [INFO]   ✓ qid=10665 → output\5102\9039\10665.sgf
2026-05-28 20:26:53,692 [INFO]   ✓ qid=11306 → output\5102\9039\11306.sgf
2026-05-28 20:27:03,210 [INFO]   ✓ qid=27311 → output\5102\9039\27311.sgf
2026-05-28 20:27:12,437 [INFO]   ✓ qid=20010 → output\5102\9039\20010.sgf
2026-05-28 20:27:20,640 [INFO]   ✓ qid=20004 → output\5102\9039\20004.sgf
2026-05-28 20:27:20,640 [INFO]   Capítulo 19381 '@妙手与恶手'
2026-05-28 20:27:38,596 [WARNING]   Sin andata en qid=179324 (qtype=None) — skip
2026-05-28 20:27:46,211 [WARNING]   Sin andata en qid=179325 (qtype=None) — skip
2026-05-28 20:27:56,283 [WARNING]   Sin andata en qid=179326 (qtype=None) — skip
2026-05-28 20:28:03,427 [WARNING]   Sin andata en qid=179327 (qtype=None) — skip
2026-05-28 20:28:12,509 [WARNING]   Sin andata en qid=179328 (qtype=None) — skip
2026-05-28 20:28:21,700 [WARNING]   Sin andata en qid=179329 (qtype=None) — skip
2026-05-28 20:28:29,958 [WARNING]   Sin andata en qid=179330 (qtype=None) — skip
2026-05-28 20:28:37,684 [WARNING]   Sin andata en qid=179331 (qtype=None) — skip
2026-05-28 20:28:44,499 [WARNING]   Sin andata en qid=179332 (qtype=None) — skip
2026-05-28 20:28:44,500 [INFO]   Capítulo 9048 '官子'
2026-05-28 20:29:01,429 [INFO]   ✓ qid=41983 → output\5102\9048\41983.sgf
2026-05-28 20:29:07,395 [INFO]   ✓ qid=51639 → output\5102\9048\51639.sgf
2026-05-28 20:29:16,693 [INFO]   ✓ qid=20225 → output\5102\9048\20225.sgf
2026-05-28 20:29:25,066 [INFO]   ✓ qid=4406 → output\5102\9048\4406.sgf
2026-05-28 20:29:36,421 [INFO]   ✓ qid=10032 → output\5102\9048\10032.sgf
2026-05-28 20:29:44,979 [INFO]   ✓ qid=21323 → output\5102\9048\21323.sgf
2026-05-28 20:29:52,547 [INFO]   ✓ qid=28886 → output\5102\9048\28886.sgf
2026-05-28 20:29:58,591 [INFO]   ✓ qid=20779 → output\5102\9048\20779.sgf
2026-05-28 20:30:05,430 [INFO]   ✓ qid=14649 → output\5102\9048\14649.sgf
2026-05-28 20:30:13,776 [INFO]   ✓ qid=20767 → output\5102\9048\20767.sgf
2026-05-28 20:30:20,921 [INFO]   ✓ qid=43046 → output\5102\9048\43046.sgf
2026-05-28 20:30:30,835 [INFO]   ✓ qid=22530 → output\5102\9048\22530.sgf
2026-05-28 20:30:38,111 [INFO]   ✓ qid=27949 → output\5102\9048\27949.sgf
2026-05-28 20:30:48,427 [INFO]   ✓ qid=21324 → output\5102\9048\21324.sgf
2026-05-28 20:30:57,115 [INFO]   ✓ qid=43273 → output\5102\9048\43273.sgf
2026-05-28 20:31:04,957 [INFO]   ✓ qid=20776 → output\5102\9048\20776.sgf
2026-05-28 20:31:14,750 [INFO]   ✓ qid=20771 → output\5102\9048\20771.sgf
2026-05-28 20:31:14,751 [INFO]   Capítulo 9894 '三气对杀'
2026-05-28 20:31:30,103 [INFO]   ✓ qid=80916 → output\5102\9894\80916.sgf
2026-05-28 20:31:37,342 [INFO]   ✓ qid=80988 → output\5102\9894\80988.sgf
2026-05-28 20:31:47,654 [INFO]   ✓ qid=80932 → output\5102\9894\80932.sgf
2026-05-28 20:31:53,754 [INFO]   ✓ qid=81008 → output\5102\9894\81008.sgf
2026-05-28 20:32:01,456 [INFO]   ✓ qid=81016 → output\5102\9894\81016.sgf
2026-05-28 20:32:11,082 [INFO]   ✓ qid=44032 → output\5102\9894\44032.sgf
2026-05-28 20:32:20,133 [INFO]   ✓ qid=80985 → output\5102\9894\80985.sgf
2026-05-28 20:32:27,555 [INFO]   ✓ qid=80966 → output\5102\9894\80966.sgf
2026-05-28 20:32:35,364 [INFO]   ✓ qid=81025 → output\5102\9894\81025.sgf
2026-05-28 20:32:42,570 [INFO]   ✓ qid=81020 → output\5102\9894\81020.sgf
2026-05-28 20:32:48,443 [INFO]   ✓ qid=81028 → output\5102\9894\81028.sgf
2026-05-28 20:32:56,688 [INFO]   ✓ qid=48728 → output\5102\9894\48728.sgf
2026-05-28 20:33:05,661 [INFO]   ✓ qid=80991 → output\5102\9894\80991.sgf
2026-05-28 20:33:12,719 [INFO]   ✓ qid=80926 → output\5102\9894\80926.sgf
2026-05-28 20:33:21,361 [INFO]   ✓ qid=80925 → output\5102\9894\80925.sgf
2026-05-28 20:33:29,642 [INFO]   ✓ qid=7151 → output\5102\9894\7151.sgf
2026-05-28 20:33:35,963 [INFO]   ✓ qid=81002 → output\5102\9894\81002.sgf
2026-05-28 20:33:42,207 [INFO]   ✓ qid=11840 → output\5102\9894\11840.sgf
2026-05-28 20:33:49,625 [INFO]   ✓ qid=80959 → output\5102\9894\80959.sgf
2026-05-28 20:33:56,548 [INFO]   ✓ qid=80931 → output\5102\9894\80931.sgf
2026-05-28 20:34:06,064 [INFO]   ✓ qid=81017 → output\5102\9894\81017.sgf
2026-05-28 20:34:14,144 [INFO]   ✓ qid=22453 → output\5102\9894\22453.sgf
2026-05-28 20:34:24,285 [INFO]   ✓ qid=81007 → output\5102\9894\81007.sgf
2026-05-28 20:34:34,033 [INFO]   ✓ qid=8 → output\5102\9894\8.sgf
2026-05-28 20:34:39,513 [INFO]   ✓ qid=9 → output\5102\9894\9.sgf
2026-05-28 20:34:39,514 [INFO]   Capítulo 10210 '反击应用'
2026-05-28 20:34:57,439 [INFO]   ✓ qid=72371 → output\5102\10210\72371.sgf
2026-05-28 20:35:08,937 [INFO]   ✓ qid=82115 → output\5102\10210\82115.sgf
2026-05-28 20:35:16,211 [INFO]   ✓ qid=82114 → output\5102\10210\82114.sgf
2026-05-28 20:35:22,854 [INFO]   ✓ qid=82116 → output\5102\10210\82116.sgf
2026-05-28 20:35:33,959 [INFO]   ✓ qid=82118 → output\5102\10210\82118.sgf
2026-05-28 20:35:42,459 [INFO]   ✓ qid=82119 → output\5102\10210\82119.sgf
2026-05-28 20:35:50,774 [INFO]   ✓ qid=82120 → output\5102\10210\82120.sgf
2026-05-28 20:35:57,571 [INFO]   ✓ qid=82121 → output\5102\10210\82121.sgf
2026-05-28 20:36:05,281 [INFO]   ✓ qid=82122 → output\5102\10210\82122.sgf
2026-05-28 20:36:12,671 [INFO]   ✓ qid=82124 → output\5102\10210\82124.sgf
2026-05-28 20:36:20,367 [INFO]   ✓ qid=82123 → output\5102\10210\82123.sgf
2026-05-28 20:36:28,626 [INFO]   ✓ qid=82125 → output\5102\10210\82125.sgf
2026-05-28 20:36:38,958 [INFO]   ✓ qid=82126 → output\5102\10210\82126.sgf
2026-05-28 20:36:46,074 [INFO]   ✓ qid=82127 → output\5102\10210\82127.sgf
2026-05-28 20:36:52,766 [INFO]   ✓ qid=82128 → output\5102\10210\82128.sgf
2026-05-28 20:37:02,469 [INFO]   ✓ qid=82129 → output\5102\10210\82129.sgf
2026-05-28 20:37:08,929 [INFO]   ✓ qid=82130 → output\5102\10210\82130.sgf
2026-05-28 20:37:18,824 [INFO]   ✓ qid=82131 → output\5102\10210\82131.sgf
2026-05-28 20:37:26,326 [INFO]   ✓ qid=82132 → output\5102\10210\82132.sgf
2026-05-28 20:37:34,489 [INFO]   ✓ qid=82133 → output\5102\10210\82133.sgf
2026-05-28 20:37:41,596 [INFO]   ✓ qid=82145 → output\5102\10210\82145.sgf
2026-05-28 20:37:50,369 [INFO]   ✓ qid=82146 → output\5102\10210\82146.sgf
2026-05-28 20:37:56,821 [INFO]   ✓ qid=82148 → output\5102\10210\82148.sgf
2026-05-28 20:38:06,376 [INFO]   ✓ qid=82179 → output\5102\10210\82179.sgf
2026-05-28 20:38:06,377 [INFO]   Capítulo 17188 '围地的效率'
2026-05-28 20:38:20,821 [INFO]   ✓ qid=168072 → output\5102\17188\168072.sgf
2026-05-28 20:38:29,864 [INFO]   ✓ qid=168071 → output\5102\17188\168071.sgf
2026-05-28 20:38:39,685 [INFO]   ✓ qid=168069 → output\5102\17188\168069.sgf
2026-05-28 20:38:48,716 [INFO]   ✓ qid=168068 → output\5102\17188\168068.sgf
2026-05-28 20:38:58,009 [INFO]   ✓ qid=168047 → output\5102\17188\168047.sgf
2026-05-28 20:39:07,156 [INFO]   ✓ qid=168044 → output\5102\17188\168044.sgf
2026-05-28 20:39:16,827 [INFO]   ✓ qid=168095 → output\5102\17188\168095.sgf
2026-05-28 20:39:22,882 [INFO]   ✓ qid=105706 → output\5102\17188\105706.sgf
2026-05-28 20:39:34,111 [INFO]   ✓ qid=55774 → output\5102\17188\55774.sgf
2026-05-28 20:39:39,616 [INFO]   ✓ qid=72569 → output\5102\17188\72569.sgf
2026-05-28 20:39:47,937 [INFO]   ✓ qid=12482 → output\5102\17188\12482.sgf
2026-05-28 20:39:54,955 [INFO]   ✓ qid=22257 → output\5102\17188\22257.sgf
2026-05-28 20:40:06,950 [INFO]   ✓ qid=154384 → output\5102\17188\154384.sgf
2026-05-28 20:40:13,837 [INFO]   ✓ qid=9609 → output\5102\17188\9609.sgf
2026-05-28 20:40:21,957 [INFO]   ✓ qid=13675 → output\5102\17188\13675.sgf
2026-05-28 20:40:31,139 [INFO]   ✓ qid=8026 → output\5102\17188\8026.sgf
2026-05-28 20:40:40,172 [INFO]   ✓ qid=89148 → output\5102\17188\89148.sgf
2026-05-28 20:40:47,082 [INFO]   ✓ qid=9477 → output\5102\17188\9477.sgf
2026-05-28 20:40:54,789 [INFO]   ✓ qid=12307 → output\5102\17188\12307.sgf
2026-05-28 20:41:00,941 [INFO]   ✓ qid=115842 → output\5102\17188\115842.sgf
2026-05-28 20:41:08,230 [INFO]   ✓ qid=122386 → output\5102\17188\122386.sgf
2026-05-28 20:41:17,641 [INFO]   ✓ qid=56704 → output\5102\17188\56704.sgf
2026-05-28 20:41:23,585 [INFO]   ✓ qid=94135 → output\5102\17188\94135.sgf
2026-05-28 20:41:30,306 [INFO]   ✓ qid=9856 → output\5102\17188\9856.sgf
2026-05-28 20:41:36,332 [INFO]   ✓ qid=114880 → output\5102\17188\114880.sgf
2026-05-28 20:41:45,574 [INFO]   ✓ qid=3615 → output\5102\17188\3615.sgf
2026-05-28 20:41:54,585 [INFO]   ✓ qid=26310 → output\5102\17188\26310.sgf
2026-05-28 20:42:04,112 [INFO]   ✓ qid=10408 → output\5102\17188\10408.sgf
2026-05-28 20:42:11,089 [INFO]   ✓ qid=82094 → output\5102\17188\82094.sgf
2026-05-28 20:42:18,894 [INFO]   ✓ qid=51222 → output\5102\17188\51222.sgf
2026-05-28 20:42:24,899 [INFO]   ✓ qid=131732 → output\5102\17188\131732.sgf
2026-05-28 20:42:32,452 [INFO]   ✓ qid=108797 → output\5102\17188\108797.sgf
2026-05-28 20:42:42,351 [INFO]   ✓ qid=81446 → output\5102\17188\81446.sgf
2026-05-28 20:42:50,277 [INFO]   ✓ qid=26111 → output\5102\17188\26111.sgf
2026-05-28 20:43:00,416 [INFO]   ✓ qid=65295 → output\5102\17188\65295.sgf
2026-05-28 20:43:09,255 [INFO]   ✓ qid=11263 → output\5102\17188\11263.sgf
2026-05-28 20:43:15,663 [INFO]   ✓ qid=11859 → output\5102\17188\11859.sgf
2026-05-28 20:43:15,664 [INFO]   Capítulo 10330 '先逃跑后做活'
2026-05-28 20:43:28,912 [INFO]   ✓ qid=9516 → output\5102\10330\9516.sgf
2026-05-28 20:43:38,278 [INFO]   ✓ qid=10396 → output\5102\10330\10396.sgf
2026-05-28 20:43:45,150 [INFO]   ✓ qid=3669 → output\5102\10330\3669.sgf
2026-05-28 20:43:54,278 [INFO]   ✓ qid=1133 → output\5102\10330\1133.sgf
2026-05-28 20:44:00,681 [INFO]   ✓ qid=8491 → output\5102\10330\8491.sgf
2026-05-28 20:44:12,490 [INFO]   ✓ qid=1208 → output\5102\10330\1208.sgf
2026-05-28 20:44:20,965 [INFO]   ✓ qid=20441 → output\5102\10330\20441.sgf
2026-05-28 20:44:27,552 [INFO]   ✓ qid=396 → output\5102\10330\396.sgf
2026-05-28 20:44:35,551 [INFO]   ✓ qid=11566 → output\5102\10330\11566.sgf
2026-05-28 20:44:44,027 [INFO]   ✓ qid=9179 → output\5102\10330\9179.sgf
2026-05-28 20:44:53,328 [INFO]   ✓ qid=14572 → output\5102\10330\14572.sgf
2026-05-28 20:45:03,244 [INFO]   ✓ qid=7109 → output\5102\10330\7109.sgf
2026-05-28 20:45:10,158 [INFO]   ✓ qid=1170 → output\5102\10330\1170.sgf
2026-05-28 20:45:20,271 [INFO]   ✓ qid=50368 → output\5102\10330\50368.sgf
2026-05-28 20:45:30,373 [INFO]   ✓ qid=9922 → output\5102\10330\9922.sgf
2026-05-28 20:45:38,369 [INFO]   ✓ qid=49469 → output\5102\10330\49469.sgf
2026-05-28 20:45:44,435 [INFO]   ✓ qid=1212 → output\5102\10330\1212.sgf
2026-05-28 20:45:51,519 [INFO]   ✓ qid=10070 → output\5102\10330\10070.sgf
2026-05-28 20:45:58,534 [INFO]   ✓ qid=14643 → output\5102\10330\14643.sgf
2026-05-28 20:46:03,959 [INFO]   ✓ qid=11020 → output\5102\10330\11020.sgf
2026-05-28 20:46:14,295 [INFO]   ✓ qid=4183 → output\5102\10330\4183.sgf
2026-05-28 20:46:24,167 [INFO]   ✓ qid=39622 → output\5102\10330\39622.sgf
2026-05-28 20:46:31,131 [INFO]   ✓ qid=11822 → output\5102\10330\11822.sgf
2026-05-28 20:46:41,097 [INFO]   ✓ qid=21326 → output\5102\10330\21326.sgf
2026-05-28 20:46:51,392 [INFO]   ✓ qid=43542 → output\5102\10330\43542.sgf
2026-05-28 20:47:00,643 [INFO]   ✓ qid=61778 → output\5102\10330\61778.sgf
2026-05-28 20:47:10,699 [INFO]   ✓ qid=49406 → output\5102\10330\49406.sgf
2026-05-28 20:47:10,699 [INFO]   Capítulo 19082 '@19路中盘与官子'
2026-05-28 20:47:26,829 [WARNING]   Sin andata en qid=177872 (qtype=None) — skip
2026-05-28 20:47:26,831 [INFO]   Capítulo 10378 '总复习'
2026-05-28 20:47:41,677 [INFO]   ✓ qid=25429 → output\5102\10378\25429.sgf
2026-05-28 20:47:48,946 [INFO]   ✓ qid=3043 → output\5102\10378\3043.sgf
2026-05-28 20:47:57,017 [INFO]   ✓ qid=43769 → output\5102\10378\43769.sgf
2026-05-28 20:48:05,948 [INFO]   ✓ qid=1130 → output\5102\10378\1130.sgf
2026-05-28 20:48:11,341 [INFO]   ✓ qid=81379 → output\5102\10378\81379.sgf
2026-05-28 20:48:20,336 [INFO]   ✓ qid=43718 → output\5102\10378\43718.sgf
2026-05-28 20:48:27,530 [INFO]   ✓ qid=82118 → output\5102\10378\82118.sgf
2026-05-28 20:48:37,837 [INFO]   ✓ qid=52662 → output\5102\10378\52662.sgf
2026-05-28 20:48:46,116 [INFO]   ✓ qid=21922 → output\5102\10378\21922.sgf
2026-05-28 20:48:52,496 [INFO]   ✓ qid=41983 → output\5102\10378\41983.sgf
2026-05-28 20:48:59,653 [INFO]   ✓ qid=82126 → output\5102\10378\82126.sgf
2026-05-28 20:49:05,997 [INFO]   ✓ qid=10670 → output\5102\10378\10670.sgf
2026-05-28 20:49:15,770 [INFO]   ✓ qid=56393 → output\5102\10378\56393.sgf
2026-05-28 20:49:24,551 [INFO]   ✓ qid=64376 → output\5102\10378\64376.sgf
2026-05-28 20:49:31,261 [INFO]   ✓ qid=80916 → output\5102\10378\80916.sgf
2026-05-28 20:49:41,599 [INFO]   ✓ qid=43704 → output\5102\10378\43704.sgf
2026-05-28 20:49:51,317 [INFO]   ✓ qid=20771 → output\5102\10378\20771.sgf
2026-05-28 20:49:58,731 [INFO]   ✓ qid=59530 → output\5102\10378\59530.sgf
2026-05-28 20:50:06,131 [INFO]   ✓ qid=208 → output\5102\10378\208.sgf
2026-05-28 20:50:13,631 [INFO]   ✓ qid=6256 → output\5102\10378\6256.sgf
2026-05-28 20:50:21,438 [INFO]   ✓ qid=21136 → output\5102\10378\21136.sgf
2026-05-28 20:50:31,374 [INFO]   ✓ qid=8 → output\5102\10378\8.sgf
2026-05-28 20:50:39,741 [INFO]   ✓ qid=65195 → output\5102\10378\65195.sgf
2026-05-28 20:50:47,961 [INFO]   ✓ qid=3411 → output\5102\10378\3411.sgf
2026-05-28 20:50:55,701 [INFO]   ✓ qid=12792 → output\5102\10378\12792.sgf
2026-05-28 20:51:04,343 [INFO]   ✓ qid=11185 → output\5102\10378\11185.sgf
2026-05-28 20:51:10,884 [INFO]   ✓ qid=39622 → output\5102\10378\39622.sgf
2026-05-28 20:51:18,237 [INFO]   ✓ qid=82127 → output\5102\10378\82127.sgf
2026-05-28 20:51:27,510 [INFO]   ✓ qid=12439 → output\5102\10378\12439.sgf
2026-05-28 20:51:35,654 [INFO]   ✓ qid=1170 → output\5102\10378\1170.sgf
2026-05-28 20:51:42,696 [INFO]   ✓ qid=81383 → output\5102\10378\81383.sgf
2026-05-28 20:51:48,630 [INFO]   ✓ qid=12978 → output\5102\10378\12978.sgf
2026-05-28 20:51:58,564 [INFO]   ✓ qid=56734 → output\5102\10378\56734.sgf
2026-05-28 20:52:05,829 [INFO]   ✓ qid=51639 → output\5102\10378\51639.sgf
2026-05-28 20:52:13,356 [INFO]   ✓ qid=82133 → output\5102\10378\82133.sgf
2026-05-28 20:52:22,056 [INFO]   ✓ qid=52433 → output\5102\10378\52433.sgf
2026-05-28 20:52:28,551 [INFO]   ✓ qid=51905 → output\5102\10378\51905.sgf
2026-05-28 20:52:35,979 [INFO]   ✓ qid=1236 → output\5102\10378\1236.sgf
2026-05-28 20:52:44,380 [INFO]   ✓ qid=6252 → output\5102\10378\6252.sgf
2026-05-28 20:52:51,612 [INFO]   ✓ qid=20779 → output\5102\10378\20779.sgf
2026-05-28 20:53:01,885 [INFO]   ✓ qid=10217 → output\5102\10378\10217.sgf
2026-05-28 20:53:09,167 [INFO]   ✓ qid=5840 → output\5102\10378\5840.sgf
2026-05-28 20:53:18,485 [INFO]   ✓ qid=43613 → output\5102\10378\43613.sgf
2026-05-28 20:53:28,183 [INFO]   ✓ qid=22490 → output\5102\10378\22490.sgf
2026-05-28 20:53:35,556 [INFO]   ✓ qid=11046 → output\5102\10378\11046.sgf
2026-05-28 20:53:45,178 [INFO]   ✓ qid=43573 → output\5102\10378\43573.sgf
2026-05-28 20:53:54,229 [INFO]   ✓ qid=53389 → output\5102\10378\53389.sgf
2026-05-28 20:54:01,873 [INFO]   ✓ qid=11020 → output\5102\10378\11020.sgf
2026-05-28 20:54:10,050 [INFO]   ✓ qid=54327 → output\5102\10378\54327.sgf
2026-05-28 20:54:18,675 [INFO]   ✓ qid=82116 → output\5102\10378\82116.sgf
2026-05-28 20:54:18,676 [INFO]   Capítulo 32970 '手筋题'
2026-05-28 20:54:33,718 [INFO]   ✓ qid=9772 → output\5102\32970\9772.sgf
2026-05-28 20:54:41,178 [INFO]   ✓ qid=132720 → output\5102\32970\132720.sgf
2026-05-28 20:54:51,403 [INFO]   ✓ qid=8458 → output\5102\32970\8458.sgf
2026-05-28 20:54:59,138 [INFO]   ✓ qid=155724 → output\5102\32970\155724.sgf
2026-05-28 20:55:07,413 [INFO]   ✓ qid=9572 → output\5102\32970\9572.sgf
2026-05-28 20:55:16,838 [INFO]   ✓ qid=21294 → output\5102\32970\21294.sgf
2026-05-28 20:55:23,467 [INFO]   ✓ qid=9584 → output\5102\32970\9584.sgf
2026-05-28 20:55:33,679 [INFO]   ✓ qid=9682 → output\5102\32970\9682.sgf
2026-05-28 20:55:39,400 [INFO]   ✓ qid=27406 → output\5102\32970\27406.sgf
2026-05-28 20:55:46,633 [INFO]   ✓ qid=216098 → output\5102\32970\216098.sgf
2026-05-28 20:55:53,735 [INFO]   ✓ qid=8941 → output\5102\32970\8941.sgf
2026-05-28 20:56:02,862 [INFO]   ✓ qid=83860 → output\5102\32970\83860.sgf
2026-05-28 20:56:11,817 [INFO]   ✓ qid=83432 → output\5102\32970\83432.sgf
2026-05-28 20:56:30,003 [INFO]   ✓ qid=170582 → output\5102\32970\170582.sgf
2026-05-28 20:56:37,603 [INFO]   ✓ qid=199426 → output\5102\32970\199426.sgf
2026-05-28 20:56:45,068 [INFO]   ✓ qid=48692 → output\5102\32970\48692.sgf
2026-05-28 20:56:55,841 [INFO]   ✓ qid=55860 → output\5102\32970\55860.sgf
2026-05-28 20:57:01,351 [INFO]   ✓ qid=8521 → output\5102\32970\8521.sgf
2026-05-28 20:57:11,721 [INFO]   ✓ qid=10419 → output\5102\32970\10419.sgf
2026-05-28 20:57:20,935 [INFO]   ✓ qid=80962 → output\5102\32970\80962.sgf
2026-05-28 20:57:27,902 [INFO]   ✓ qid=43118 → output\5102\32970\43118.sgf
2026-05-28 20:57:36,504 [INFO]   ✓ qid=76573 → output\5102\32970\76573.sgf
2026-05-28 20:57:46,042 [INFO]   ✓ qid=114303 → output\5102\32970\114303.sgf
2026-05-28 20:57:54,586 [INFO]   ✓ qid=84081 → output\5102\32970\84081.sgf
2026-05-28 20:58:03,051 [INFO]   ✓ qid=154070 → output\5102\32970\154070.sgf
2026-05-28 20:58:11,083 [INFO]   ✓ qid=81142 → output\5102\32970\81142.sgf
2026-05-28 20:58:20,807 [INFO]   ✓ qid=81340 → output\5102\32970\81340.sgf
2026-05-28 20:58:30,215 [INFO]   ✓ qid=12866 → output\5102\32970\12866.sgf
2026-05-28 20:58:38,129 [INFO]   ✓ qid=112512 → output\5102\32970\112512.sgf
2026-05-28 20:58:45,282 [INFO]   ✓ qid=10060 → output\5102\32970\10060.sgf
2026-05-28 20:58:45,282 [INFO]   Libro 5102 completado: 627 OK, 37 fallidos
2026-05-28 20:58:45,283 [INFO] Libro 5105 — https://www.101weiqi.com/book/5105/
2026-05-28 20:58:55,116 [INFO]   '叶老师围棋提高B' — 21 capítulos
2026-05-28 20:59:15,150 [INFO]   Capítulo 8910 '聚杀'
2026-05-28 20:59:29,724 [INFO]   ✓ qid=53876 → output\5105\8910\53876.sgf
2026-05-28 20:59:39,125 [INFO]   ✓ qid=53663 → output\5105\8910\53663.sgf
2026-05-28 20:59:48,487 [INFO]   ✓ qid=91439 → output\5105\8910\91439.sgf
2026-05-28 20:59:57,793 [INFO]   ✓ qid=20054 → output\5105\8910\20054.sgf
2026-05-28 21:00:03,756 [INFO]   ✓ qid=49900 → output\5105\8910\49900.sgf
2026-05-28 21:00:11,060 [INFO]   ✓ qid=10421 → output\5105\8910\10421.sgf
2026-05-28 21:00:22,500 [INFO]   ✓ qid=61298 → output\5105\8910\61298.sgf
2026-05-28 21:00:28,952 [INFO]   ✓ qid=11195 → output\5105\8910\11195.sgf
2026-05-28 21:00:41,323 [INFO]   ✓ qid=39620 → output\5105\8910\39620.sgf
2026-05-28 21:00:48,570 [INFO]   ✓ qid=68384 → output\5105\8910\68384.sgf
2026-05-28 21:00:55,180 [INFO]   ✓ qid=13087 → output\5105\8910\13087.sgf
2026-05-28 21:01:03,706 [INFO]   ✓ qid=13912 → output\5105\8910\13912.sgf
2026-05-28 21:01:13,935 [INFO]   ✓ qid=22261 → output\5105\8910\22261.sgf
2026-05-28 21:01:23,221 [INFO]   ✓ qid=11398 → output\5105\8910\11398.sgf
2026-05-28 21:01:29,730 [INFO]   ✓ qid=26316 → output\5105\8910\26316.sgf
2026-05-28 21:01:39,574 [INFO]   ✓ qid=12738 → output\5105\8910\12738.sgf
2026-05-28 21:01:45,634 [INFO]   ✓ qid=13521 → output\5105\8910\13521.sgf
2026-05-28 21:01:54,873 [INFO]   ✓ qid=11770 → output\5105\8910\11770.sgf
2026-05-28 21:01:54,875 [INFO]   Capítulo 9021 '@二路不爬四路不压'
2026-05-28 21:02:09,784 [INFO]   ✓ qid=78094 → output\5105\9021\78094.sgf
2026-05-28 21:02:17,791 [INFO]   ✓ qid=77248 → output\5105\9021\77248.sgf
2026-05-28 21:02:26,742 [INFO]   ✓ qid=9948 → output\5105\9021\9948.sgf
2026-05-28 21:02:32,269 [INFO]   ✓ qid=22605 → output\5105\9021\22605.sgf
2026-05-28 21:02:39,221 [INFO]   ✓ qid=1532 → output\5105\9021\1532.sgf
2026-05-28 21:02:47,005 [INFO]   ✓ qid=14572 → output\5105\9021\14572.sgf
2026-05-28 21:02:55,753 [INFO]   ✓ qid=106804 → output\5105\9021\106804.sgf
2026-05-28 21:03:02,978 [INFO]   ✓ qid=136477 → output\5105\9021\136477.sgf
2026-05-28 21:03:10,420 [WARNING]   Posible throttling en qid=77403 — pausa 60-120s
2026-05-28 21:04:17,082 [INFO]   ✓ qid=77403 → output\5105\9021\77403.sgf
2026-05-28 21:04:23,012 [INFO]   ✓ qid=22572 → output\5105\9021\22572.sgf
2026-05-28 21:04:31,603 [INFO]   ✓ qid=49467 → output\5105\9021\49467.sgf
2026-05-28 21:04:39,984 [INFO]   ✓ qid=20290 → output\5105\9021\20290.sgf
2026-05-28 21:04:48,426 [INFO]   ✓ qid=136479 → output\5105\9021\136479.sgf
2026-05-28 21:04:55,889 [INFO]   ✓ qid=12586 → output\5105\9021\12586.sgf
2026-05-28 21:05:06,482 [INFO]   ✓ qid=22453 → output\5105\9021\22453.sgf
2026-05-28 21:05:15,499 [INFO]   ✓ qid=21318 → output\5105\9021\21318.sgf
2026-05-28 21:05:21,607 [INFO]   ✓ qid=22458 → output\5105\9021\22458.sgf
2026-05-28 21:05:31,606 [INFO]   ✓ qid=51043 → output\5105\9021\51043.sgf
2026-05-28 21:05:38,843 [INFO]   ✓ qid=57 → output\5105\9021\57.sgf
2026-05-28 21:05:46,450 [INFO]   ✓ qid=4 → output\5105\9021\4.sgf
2026-05-28 21:05:56,637 [INFO]   ✓ qid=129345 → output\5105\9021\129345.sgf
2026-05-28 21:06:07,852 [INFO]   ✓ qid=129346 → output\5105\9021\129346.sgf
2026-05-28 21:06:07,853 [INFO]   Capítulo 9022 '做坏形（速成围棋.初上）'
2026-05-28 21:06:25,574 [INFO]   ✓ qid=43701 → output\5105\9022\43701.sgf
2026-05-28 21:06:33,333 [INFO]   ✓ qid=43702 → output\5105\9022\43702.sgf
2026-05-28 21:06:44,061 [INFO]   ✓ qid=43703 → output\5105\9022\43703.sgf
2026-05-28 21:06:51,138 [INFO]   ✓ qid=43704 → output\5105\9022\43704.sgf
2026-05-28 21:06:59,748 [INFO]   ✓ qid=43705 → output\5105\9022\43705.sgf
2026-05-28 21:07:08,663 [INFO]   ✓ qid=43706 → output\5105\9022\43706.sgf
2026-05-28 21:07:16,004 [INFO]   ✓ qid=43707 → output\5105\9022\43707.sgf
2026-05-28 21:07:26,800 [INFO]   ✓ qid=43708 → output\5105\9022\43708.sgf
2026-05-28 21:07:33,528 [INFO]   ✓ qid=43709 → output\5105\9022\43709.sgf
2026-05-28 21:07:40,270 [INFO]   ✓ qid=43710 → output\5105\9022\43710.sgf
2026-05-28 21:07:49,414 [INFO]   ✓ qid=43711 → output\5105\9022\43711.sgf
2026-05-28 21:07:57,453 [INFO]   ✓ qid=43712 → output\5105\9022\43712.sgf
2026-05-28 21:08:07,159 [INFO]   ✓ qid=43713 → output\5105\9022\43713.sgf
2026-05-28 21:08:14,865 [INFO]   ✓ qid=43714 → output\5105\9022\43714.sgf
2026-05-28 21:08:25,179 [INFO]   ✓ qid=43715 → output\5105\9022\43715.sgf
2026-05-28 21:08:32,495 [INFO]   ✓ qid=43716 → output\5105\9022\43716.sgf
2026-05-28 21:08:41,332 [INFO]   ✓ qid=43717 → output\5105\9022\43717.sgf
2026-05-28 21:08:51,441 [INFO]   ✓ qid=43718 → output\5105\9022\43718.sgf
2026-05-28 21:08:57,222 [INFO]   ✓ qid=43719 → output\5105\9022\43719.sgf
2026-05-28 21:09:05,072 [INFO]   ✓ qid=43720 → output\5105\9022\43720.sgf
2026-05-28 21:09:05,074 [INFO]   Capítulo 9024 '@劫争与劫材'
2026-05-28 21:09:20,930 [INFO]   ✓ qid=126729 → output\5105\9024\126729.sgf
2026-05-28 21:09:31,327 [INFO]   ✓ qid=9809 → output\5105\9024\9809.sgf
2026-05-28 21:09:38,328 [INFO]   ✓ qid=10352 → output\5105\9024\10352.sgf
2026-05-28 21:09:44,440 [INFO]   ✓ qid=10043 → output\5105\9024\10043.sgf
2026-05-28 21:09:52,739 [INFO]   ✓ qid=10261 → output\5105\9024\10261.sgf
2026-05-28 21:09:58,608 [INFO]   ✓ qid=148508 → output\5105\9024\148508.sgf
2026-05-28 21:10:05,799 [INFO]   ✓ qid=43119 → output\5105\9024\43119.sgf
2026-05-28 21:10:14,713 [INFO]   ✓ qid=94196 → output\5105\9024\94196.sgf
2026-05-28 21:10:23,819 [INFO]   ✓ qid=43135 → output\5105\9024\43135.sgf
2026-05-28 21:10:35,647 [INFO]   ✓ qid=143911 → output\5105\9024\143911.sgf
2026-05-28 21:10:41,986 [INFO]   ✓ qid=22221 → output\5105\9024\22221.sgf
2026-05-28 21:10:47,586 [INFO]   ✓ qid=12677 → output\5105\9024\12677.sgf
2026-05-28 21:10:55,753 [INFO]   ✓ qid=10390 → output\5105\9024\10390.sgf
2026-05-28 21:11:06,112 [INFO]   ✓ qid=12746 → output\5105\9024\12746.sgf
2026-05-28 21:11:16,519 [INFO]   ✓ qid=77854 → output\5105\9024\77854.sgf
2026-05-28 21:11:26,534 [INFO]   ✓ qid=48707 → output\5105\9024\48707.sgf
2026-05-28 21:11:34,617 [INFO]   ✓ qid=93146 → output\5105\9024\93146.sgf
2026-05-28 21:11:40,160 [INFO]   ✓ qid=8566 → output\5105\9024\8566.sgf
2026-05-28 21:11:50,255 [INFO]   ✓ qid=9468 → output\5105\9024\9468.sgf
2026-05-28 21:12:01,071 [INFO]   ✓ qid=53706 → output\5105\9024\53706.sgf
2026-05-28 21:12:09,083 [INFO]   ✓ qid=132947 → output\5105\9024\132947.sgf
2026-05-28 21:12:22,249 [INFO]   ✓ qid=128545 → output\5105\9024\128545.sgf
2026-05-28 21:12:29,904 [INFO]   ✓ qid=128548 → output\5105\9024\128548.sgf
2026-05-28 21:12:29,905 [INFO]   Capítulo 9025 '@点三三定式'
2026-05-28 21:12:45,907 [WARNING]   Sin andata en qid=179336 (qtype=None) — skip
2026-05-28 21:12:52,596 [WARNING]   Sin andata en qid=179335 (qtype=None) — skip
2026-05-28 21:13:02,709 [WARNING]   Sin andata en qid=179334 (qtype=None) — skip
2026-05-28 21:13:12,435 [WARNING]   Sin andata en qid=179333 (qtype=None) — skip
2026-05-28 21:13:22,660 [INFO]   ✓ qid=43632 → output\5105\9025\43632.sgf
2026-05-28 21:13:30,561 [INFO]   ✓ qid=10309 → output\5105\9025\10309.sgf
2026-05-28 21:13:40,726 [INFO]   ✓ qid=1538 → output\5105\9025\1538.sgf
2026-05-28 21:13:46,146 [INFO]   ✓ qid=11939 → output\5105\9025\11939.sgf
2026-05-28 21:13:55,979 [INFO]   ✓ qid=49758 → output\5105\9025\49758.sgf
2026-05-28 21:14:05,688 [INFO]   ✓ qid=44352 → output\5105\9025\44352.sgf
2026-05-28 21:14:14,982 [INFO]   ✓ qid=8932 → output\5105\9025\8932.sgf
2026-05-28 21:14:20,662 [INFO]   ✓ qid=59742 → output\5105\9025\59742.sgf
2026-05-28 21:14:27,046 [INFO]   ✓ qid=50968 → output\5105\9025\50968.sgf
2026-05-28 21:14:37,208 [INFO]   ✓ qid=27424 → output\5105\9025\27424.sgf
2026-05-28 21:14:42,995 [INFO]   ✓ qid=82234 → output\5105\9025\82234.sgf
2026-05-28 21:14:51,087 [INFO]   ✓ qid=14553 → output\5105\9025\14553.sgf
2026-05-28 21:14:59,405 [INFO]   ✓ qid=132688 → output\5105\9025\132688.sgf
2026-05-28 21:15:07,441 [INFO]   ✓ qid=43412 → output\5105\9025\43412.sgf
2026-05-28 21:15:16,728 [INFO]   ✓ qid=81155 → output\5105\9025\81155.sgf
2026-05-28 21:15:24,024 [INFO]   ✓ qid=143880 → output\5105\9025\143880.sgf
2026-05-28 21:15:33,459 [INFO]   ✓ qid=76573 → output\5105\9025\76573.sgf
2026-05-28 21:15:40,265 [INFO]   ✓ qid=11041 → output\5105\9025\11041.sgf
2026-05-28 21:15:46,786 [INFO]   ✓ qid=62983 → output\5105\9025\62983.sgf
2026-05-28 21:15:56,082 [INFO]   ✓ qid=49951 → output\5105\9025\49951.sgf
2026-05-28 21:16:04,662 [INFO]   ✓ qid=76428 → output\5105\9025\76428.sgf
2026-05-28 21:16:14,561 [INFO]   ✓ qid=10312 → output\5105\9025\10312.sgf
2026-05-28 21:16:22,780 [INFO]   ✓ qid=41989 → output\5105\9025\41989.sgf
2026-05-28 21:16:29,833 [INFO]   ✓ qid=135335 → output\5105\9025\135335.sgf
2026-05-28 21:16:38,903 [INFO]   ✓ qid=141792 → output\5105\9025\141792.sgf
2026-05-28 21:16:45,509 [INFO]   ✓ qid=49949 → output\5105\9025\49949.sgf
2026-05-28 21:16:52,236 [INFO]   ✓ qid=79830 → output\5105\9025\79830.sgf
2026-05-28 21:16:58,270 [INFO]   ✓ qid=77874 → output\5105\9025\77874.sgf
2026-05-28 21:17:05,818 [INFO]   ✓ qid=22604 → output\5105\9025\22604.sgf
2026-05-28 21:17:16,195 [INFO]   ✓ qid=154965 → output\5105\9025\154965.sgf
2026-05-28 21:17:16,196 [INFO]   Capítulo 9331 '死活训练'
2026-05-28 21:17:32,700 [INFO]   ✓ qid=9641 → output\5105\9331\9641.sgf
2026-05-28 21:17:39,150 [INFO]   ✓ qid=19901 → output\5105\9331\19901.sgf
2026-05-28 21:17:46,790 [INFO]   ✓ qid=11409 → output\5105\9331\11409.sgf
2026-05-28 21:17:52,742 [INFO]   ✓ qid=10547 → output\5105\9331\10547.sgf
2026-05-28 21:18:00,138 [INFO]   ✓ qid=8634 → output\5105\9331\8634.sgf
2026-05-28 21:18:06,678 [INFO]   ✓ qid=19823 → output\5105\9331\19823.sgf
2026-05-28 21:18:16,639 [INFO]   ✓ qid=10826 → output\5105\9331\10826.sgf
2026-05-28 21:18:26,466 [INFO]   ✓ qid=12719 → output\5105\9331\12719.sgf
2026-05-28 21:18:32,230 [INFO]   ✓ qid=4533 → output\5105\9331\4533.sgf
2026-05-28 21:18:37,750 [INFO]   ✓ qid=22173 → output\5105\9331\22173.sgf
2026-05-28 21:18:46,224 [INFO]   ✓ qid=11777 → output\5105\9331\11777.sgf
2026-05-28 21:18:51,841 [INFO]   ✓ qid=54163 → output\5105\9331\54163.sgf
2026-05-28 21:19:01,688 [INFO]   ✓ qid=21919 → output\5105\9331\21919.sgf
2026-05-28 21:19:07,522 [INFO]   ✓ qid=10792 → output\5105\9331\10792.sgf
2026-05-28 21:19:14,271 [INFO]   ✓ qid=11228 → output\5105\9331\11228.sgf
2026-05-28 21:19:22,726 [INFO]   ✓ qid=11870 → output\5105\9331\11870.sgf
2026-05-28 21:19:32,665 [INFO]   ✓ qid=20023 → output\5105\9331\20023.sgf
2026-05-28 21:19:38,161 [INFO]   ✓ qid=12049 → output\5105\9331\12049.sgf
2026-05-28 21:19:46,239 [INFO]   ✓ qid=396 → output\5105\9331\396.sgf
2026-05-28 21:19:52,578 [INFO]   ✓ qid=20544 → output\5105\9331\20544.sgf
2026-05-28 21:19:52,579 [INFO]   Capítulo 15578 '@遇强则退，遇弱则攻'
2026-05-28 21:20:09,694 [INFO]   ✓ qid=3209 → output\5105\15578\3209.sgf
2026-05-28 21:20:19,767 [INFO]   ✓ qid=51041 → output\5105\15578\51041.sgf
2026-05-28 21:20:28,758 [INFO]   ✓ qid=148494 → output\5105\15578\148494.sgf
2026-05-28 21:20:36,291 [INFO]   ✓ qid=46234 → output\5105\15578\46234.sgf
2026-05-28 21:20:45,686 [INFO]   ✓ qid=12202 → output\5105\15578\12202.sgf
2026-05-28 21:20:55,928 [INFO]   ✓ qid=74565 → output\5105\15578\74565.sgf
2026-05-28 21:21:04,754 [INFO]   ✓ qid=141607 → output\5105\15578\141607.sgf
2026-05-28 21:21:13,996 [INFO]   ✓ qid=3421 → output\5105\15578\3421.sgf
2026-05-28 21:21:22,402 [INFO]   ✓ qid=5313 → output\5105\15578\5313.sgf
2026-05-28 21:21:31,063 [INFO]   ✓ qid=76778 → output\5105\15578\76778.sgf
2026-05-28 21:21:37,248 [INFO]   ✓ qid=20433 → output\5105\15578\20433.sgf
2026-05-28 21:21:47,383 [INFO]   ✓ qid=3669 → output\5105\15578\3669.sgf
2026-05-28 21:21:53,503 [INFO]   ✓ qid=10847 → output\5105\15578\10847.sgf
2026-05-28 21:22:00,580 [INFO]   ✓ qid=27510 → output\5105\15578\27510.sgf
2026-05-28 21:22:06,656 [INFO]   ✓ qid=7045 → output\5105\15578\7045.sgf
2026-05-28 21:22:13,532 [INFO]   ✓ qid=9813 → output\5105\15578\9813.sgf
2026-05-28 21:22:21,958 [INFO]   ✓ qid=1534 → output\5105\15578\1534.sgf
2026-05-28 21:22:29,984 [INFO]   ✓ qid=10533 → output\5105\15578\10533.sgf
2026-05-28 21:22:39,703 [INFO]   ✓ qid=76442 → output\5105\15578\76442.sgf
2026-05-28 21:22:48,986 [INFO]   ✓ qid=43334 → output\5105\15578\43334.sgf
2026-05-28 21:22:56,261 [INFO]   ✓ qid=159673 → output\5105\15578\159673.sgf
2026-05-28 21:23:04,652 [INFO]   ✓ qid=159674 → output\5105\15578\159674.sgf
2026-05-28 21:23:12,759 [INFO]   ✓ qid=159695 → output\5105\15578\159695.sgf
2026-05-28 21:23:19,858 [INFO]   ✓ qid=159697 → output\5105\15578\159697.sgf
2026-05-28 21:23:28,383 [INFO]   ✓ qid=159699 → output\5105\15578\159699.sgf
2026-05-28 21:23:34,430 [INFO]   ✓ qid=159700 → output\5105\15578\159700.sgf
2026-05-28 21:23:34,430 [INFO]   Capítulo 9104 '应对'
2026-05-28 21:23:54,413 [INFO]   ✓ qid=74495 → output\5105\9104\74495.sgf
2026-05-28 21:24:00,715 [INFO]   ✓ qid=74497 → output\5105\9104\74497.sgf
2026-05-28 21:24:06,603 [INFO]   ✓ qid=74496 → output\5105\9104\74496.sgf
2026-05-28 21:24:12,617 [INFO]   ✓ qid=74499 → output\5105\9104\74499.sgf
2026-05-28 21:24:21,503 [INFO]   ✓ qid=74498 → output\5105\9104\74498.sgf
2026-05-28 21:24:30,385 [INFO]   ✓ qid=74500 → output\5105\9104\74500.sgf
2026-05-28 21:24:37,439 [INFO]   ✓ qid=74501 → output\5105\9104\74501.sgf
2026-05-28 21:24:47,536 [INFO]   ✓ qid=74502 → output\5105\9104\74502.sgf
2026-05-28 21:25:02,491 [INFO]   ✓ qid=74503 → output\5105\9104\74503.sgf
2026-05-28 21:25:09,065 [INFO]   ✓ qid=74504 → output\5105\9104\74504.sgf
2026-05-28 21:25:14,992 [INFO]   ✓ qid=74505 → output\5105\9104\74505.sgf
2026-05-28 21:25:22,821 [INFO]   ✓ qid=74506 → output\5105\9104\74506.sgf
2026-05-28 21:25:30,365 [INFO]   ✓ qid=74509 → output\5105\9104\74509.sgf
2026-05-28 21:25:36,252 [INFO]   ✓ qid=74507 → output\5105\9104\74507.sgf
2026-05-28 21:25:45,527 [INFO]   ✓ qid=74508 → output\5105\9104\74508.sgf
2026-05-28 21:25:54,100 [INFO]   ✓ qid=74511 → output\5105\9104\74511.sgf
2026-05-28 21:26:00,085 [INFO]   ✓ qid=74510 → output\5105\9104\74510.sgf
2026-05-28 21:26:06,580 [INFO]   ✓ qid=74512 → output\5105\9104\74512.sgf
2026-05-28 21:26:15,904 [INFO]   ✓ qid=74513 → output\5105\9104\74513.sgf
2026-05-28 21:26:22,481 [INFO]   ✓ qid=74515 → output\5105\9104\74515.sgf
2026-05-28 21:26:34,622 [INFO]   ✓ qid=74514 → output\5105\9104\74514.sgf
2026-05-28 21:26:44,548 [INFO]   ✓ qid=74516 → output\5105\9104\74516.sgf
2026-05-28 21:26:53,386 [INFO]   ✓ qid=74517 → output\5105\9104\74517.sgf
2026-05-28 21:27:00,748 [INFO]   ✓ qid=74518 → output\5105\9104\74518.sgf
2026-05-28 21:27:08,803 [INFO]   ✓ qid=74520 → output\5105\9104\74520.sgf
2026-05-28 21:27:15,018 [INFO]   ✓ qid=74519 → output\5105\9104\74519.sgf
2026-05-28 21:27:21,086 [INFO]   ✓ qid=74521 → output\5105\9104\74521.sgf
2026-05-28 21:27:28,271 [INFO]   ✓ qid=74523 → output\5105\9104\74523.sgf
2026-05-28 21:27:36,779 [INFO]   ✓ qid=74522 → output\5105\9104\74522.sgf
2026-05-28 21:27:45,449 [INFO]   ✓ qid=74524 → output\5105\9104\74524.sgf
2026-05-28 21:27:54,238 [INFO]   ✓ qid=74525 → output\5105\9104\74525.sgf
2026-05-28 21:28:00,608 [INFO]   ✓ qid=74526 → output\5105\9104\74526.sgf
2026-05-28 21:28:07,024 [INFO]   ✓ qid=74527 → output\5105\9104\74527.sgf
2026-05-28 21:28:16,157 [INFO]   ✓ qid=74528 → output\5105\9104\74528.sgf
2026-05-28 21:28:25,682 [INFO]   ✓ qid=74529 → output\5105\9104\74529.sgf
2026-05-28 21:28:32,073 [INFO]   ✓ qid=74530 → output\5105\9104\74530.sgf
2026-05-28 21:28:32,073 [INFO]   Capítulo 9026 '@双枪定式'
2026-05-28 21:28:49,099 [WARNING]   Sin andata en qid=179337 (qtype=None) — skip
2026-05-28 21:28:59,471 [INFO]   ✓ qid=49026 → output\5105\9026\49026.sgf
2026-05-28 21:29:06,925 [INFO]   ✓ qid=13570 → output\5105\9026\13570.sgf
2026-05-28 21:29:15,516 [INFO]   ✓ qid=82159 → output\5105\9026\82159.sgf
2026-05-28 21:29:25,268 [INFO]   ✓ qid=81261 → output\5105\9026\81261.sgf
2026-05-28 21:29:31,742 [INFO]   ✓ qid=143093 → output\5105\9026\143093.sgf
2026-05-28 21:29:39,602 [INFO]   ✓ qid=22181 → output\5105\9026\22181.sgf
2026-05-28 21:29:49,015 [INFO]   ✓ qid=80999 → output\5105\9026\80999.sgf
2026-05-28 21:29:58,323 [INFO]   ✓ qid=9374 → output\5105\9026\9374.sgf
2026-05-28 21:30:07,732 [INFO]   ✓ qid=157224 → output\5105\9026\157224.sgf
2026-05-28 21:30:18,781 [INFO]   ✓ qid=55295 → output\5105\9026\55295.sgf
2026-05-28 21:30:25,361 [INFO]   ✓ qid=9490 → output\5105\9026\9490.sgf
2026-05-28 21:30:31,140 [INFO]   ✓ qid=27576 → output\5105\9026\27576.sgf
2026-05-28 21:30:37,926 [INFO]   ✓ qid=43062 → output\5105\9026\43062.sgf
2026-05-28 21:30:44,118 [INFO]   ✓ qid=126 → output\5105\9026\126.sgf
2026-05-28 21:30:50,143 [INFO]   ✓ qid=86520 → output\5105\9026\86520.sgf
2026-05-28 21:30:56,282 [INFO]   ✓ qid=14052 → output\5105\9026\14052.sgf
2026-05-28 21:31:02,153 [INFO]   ✓ qid=11587 → output\5105\9026\11587.sgf
2026-05-28 21:31:12,007 [INFO]   ✓ qid=170 → output\5105\9026\170.sgf
2026-05-28 21:31:21,354 [INFO]   ✓ qid=108889 → output\5105\9026\108889.sgf
2026-05-28 21:31:30,390 [INFO]   ✓ qid=22454 → output\5105\9026\22454.sgf
2026-05-28 21:31:36,651 [INFO]   ✓ qid=74516 → output\5105\9026\74516.sgf
2026-05-28 21:31:36,652 [INFO]   Capítulo 9900 '盘角弯四与板六'
2026-05-28 21:31:53,364 [INFO]   ✓ qid=3250 → output\5105\9900\3250.sgf
2026-05-28 21:32:02,192 [INFO]   ✓ qid=53795 → output\5105\9900\53795.sgf
2026-05-28 21:32:12,212 [INFO]   ✓ qid=12186 → output\5105\9900\12186.sgf
2026-05-28 21:32:22,346 [INFO]   ✓ qid=63791 → output\5105\9900\63791.sgf
2026-05-28 21:32:34,019 [INFO]   ✓ qid=445 → output\5105\9900\445.sgf
2026-05-28 21:32:44,453 [INFO]   ✓ qid=69145 → output\5105\9900\69145.sgf
2026-05-28 21:32:54,834 [INFO]   ✓ qid=20193 → output\5105\9900\20193.sgf
2026-05-28 21:33:02,748 [INFO]   ✓ qid=136530 → output\5105\9900\136530.sgf
2026-05-28 21:33:09,679 [INFO]   ✓ qid=43752 → output\5105\9900\43752.sgf
2026-05-28 21:33:15,926 [INFO]   ✓ qid=24544 → output\5105\9900\24544.sgf
2026-05-28 21:33:21,989 [INFO]   ✓ qid=8456 → output\5105\9900\8456.sgf
2026-05-28 21:33:32,208 [INFO]   ✓ qid=10522 → output\5105\9900\10522.sgf
2026-05-28 21:33:40,343 [INFO]   ✓ qid=21891 → output\5105\9900\21891.sgf
2026-05-28 21:33:48,564 [INFO]   ✓ qid=10927 → output\5105\9900\10927.sgf
2026-05-28 21:33:58,057 [INFO]   ✓ qid=22319 → output\5105\9900\22319.sgf
2026-05-28 21:34:04,972 [INFO]   ✓ qid=3724 → output\5105\9900\3724.sgf
2026-05-28 21:34:12,958 [INFO]   ✓ qid=7224 → output\5105\9900\7224.sgf
2026-05-28 21:34:21,683 [INFO]   ✓ qid=42826 → output\5105\9900\42826.sgf
2026-05-28 21:34:27,954 [INFO]   ✓ qid=21746 → output\5105\9900\21746.sgf
2026-05-28 21:34:35,052 [INFO]   ✓ qid=22031 → output\5105\9900\22031.sgf
2026-05-28 21:34:41,280 [INFO]   ✓ qid=43751 → output\5105\9900\43751.sgf
2026-05-28 21:34:49,144 [INFO]   ✓ qid=21877 → output\5105\9900\21877.sgf
2026-05-28 21:34:49,145 [INFO]   Capítulo 17969 '10目数子法（TA）'
2026-05-28 21:34:58,521 [WARNING]   Sin problemas en capítulo 17969
2026-05-28 21:34:58,522 [INFO]   Capítulo 9581 '手筋--挖渡扑'
2026-05-28 21:35:10,901 [INFO]   ✓ qid=19968 → output\5105\9581\19968.sgf
2026-05-28 21:35:17,377 [INFO]   ✓ qid=55977 → output\5105\9581\55977.sgf
2026-05-28 21:35:27,169 [INFO]   ✓ qid=3689 → output\5105\9581\3689.sgf
2026-05-28 21:35:34,912 [INFO]   ✓ qid=5558 → output\5105\9581\5558.sgf
2026-05-28 21:35:42,661 [INFO]   ✓ qid=56425 → output\5105\9581\56425.sgf
2026-05-28 21:35:50,396 [INFO]   ✓ qid=10763 → output\5105\9581\10763.sgf
2026-05-28 21:35:55,993 [INFO]   ✓ qid=3155 → output\5105\9581\3155.sgf
2026-05-28 21:36:04,324 [INFO]   ✓ qid=9346 → output\5105\9581\9346.sgf
2026-05-28 21:36:14,185 [INFO]   ✓ qid=9192 → output\5105\9581\9192.sgf
2026-05-28 21:36:24,480 [INFO]   ✓ qid=25418 → output\5105\9581\25418.sgf
2026-05-28 21:36:30,240 [INFO]   ✓ qid=69558 → output\5105\9581\69558.sgf
2026-05-28 21:36:39,881 [INFO]   ✓ qid=13174 → output\5105\9581\13174.sgf
2026-05-28 21:36:48,929 [INFO]   ✓ qid=19984 → output\5105\9581\19984.sgf
2026-05-28 21:36:57,805 [INFO]   ✓ qid=3554 → output\5105\9581\3554.sgf
2026-05-28 21:37:08,003 [INFO]   ✓ qid=48303 → output\5105\9581\48303.sgf
2026-05-28 21:37:18,555 [INFO]   ✓ qid=10633 → output\5105\9581\10633.sgf
2026-05-28 21:37:33,247 [INFO]   ✓ qid=61061 → output\5105\9581\61061.sgf
2026-05-28 21:37:41,002 [INFO]   ✓ qid=51026 → output\5105\9581\51026.sgf
2026-05-28 21:37:46,478 [INFO]   ✓ qid=128 → output\5105\9581\128.sgf
2026-05-28 21:37:56,034 [INFO]   ✓ qid=22210 → output\5105\9581\22210.sgf
2026-05-28 21:37:56,035 [INFO]   Capítulo 9655 '尖顶定式与死活'
2026-05-28 21:38:10,556 [INFO]   ✓ qid=49085 → output\5105\9655\49085.sgf
2026-05-28 21:38:19,559 [INFO]   ✓ qid=21927 → output\5105\9655\21927.sgf
2026-05-28 21:38:28,391 [INFO]   ✓ qid=117178 → output\5105\9655\117178.sgf
2026-05-28 21:38:38,334 [INFO]   ✓ qid=11776 → output\5105\9655\11776.sgf
2026-05-28 21:38:46,679 [INFO]   ✓ qid=83326 → output\5105\9655\83326.sgf
2026-05-28 21:38:54,203 [INFO]   ✓ qid=12959 → output\5105\9655\12959.sgf
2026-05-28 21:39:01,665 [INFO]   ✓ qid=13108 → output\5105\9655\13108.sgf
2026-05-28 21:39:10,475 [INFO]   ✓ qid=53884 → output\5105\9655\53884.sgf
2026-05-28 21:39:19,385 [INFO]   ✓ qid=62656 → output\5105\9655\62656.sgf
2026-05-28 21:39:27,750 [INFO]   ✓ qid=103543 → output\5105\9655\103543.sgf
2026-05-28 21:39:36,639 [INFO]   ✓ qid=42971 → output\5105\9655\42971.sgf
2026-05-28 21:39:44,278 [INFO]   ✓ qid=48777 → output\5105\9655\48777.sgf
2026-05-28 21:39:54,433 [INFO]   ✓ qid=77907 → output\5105\9655\77907.sgf
2026-05-28 21:40:00,021 [INFO]   ✓ qid=4160 → output\5105\9655\4160.sgf
2026-05-28 21:40:06,674 [INFO]   ✓ qid=10256 → output\5105\9655\10256.sgf
2026-05-28 21:40:15,826 [INFO]   ✓ qid=43793 → output\5105\9655\43793.sgf
2026-05-28 21:40:25,793 [INFO]   ✓ qid=10092 → output\5105\9655\10092.sgf
2026-05-28 21:40:33,267 [INFO]   ✓ qid=81427 → output\5105\9655\81427.sgf
2026-05-28 21:40:43,263 [INFO]   ✓ qid=83798 → output\5105\9655\83798.sgf
2026-05-28 21:40:54,711 [INFO]   ✓ qid=84603 → output\5105\9655\84603.sgf
2026-05-28 21:41:00,935 [INFO]   ✓ qid=9415 → output\5105\9655\9415.sgf
2026-05-28 21:41:07,718 [WARNING]   Sin andata en qid=179338 (qtype=None) — skip
2026-05-28 21:41:16,195 [WARNING]   Sin andata en qid=179339 (qtype=None) — skip
2026-05-28 21:41:16,196 [INFO]   Capítulo 15586 '@打入看3路，闹事找断点'
2026-05-28 21:41:29,553 [INFO]   ✓ qid=138039 → output\5105\15586\138039.sgf
2026-05-28 21:41:38,903 [INFO]   ✓ qid=138038 → output\5105\15586\138038.sgf
2026-05-28 21:41:48,436 [INFO]   ✓ qid=138037 → output\5105\15586\138037.sgf
2026-05-28 21:41:57,939 [INFO]   ✓ qid=138036 → output\5105\15586\138036.sgf
2026-05-28 21:42:06,927 [INFO]   ✓ qid=138035 → output\5105\15586\138035.sgf
2026-05-28 21:42:12,610 [INFO]   ✓ qid=10563 → output\5105\15586\10563.sgf
2026-05-28 21:42:19,906 [INFO]   ✓ qid=70431 → output\5105\15586\70431.sgf
2026-05-28 21:42:28,255 [INFO]   ✓ qid=154612 → output\5105\15586\154612.sgf
2026-05-28 21:42:37,346 [INFO]   ✓ qid=108218 → output\5105\15586\108218.sgf
2026-05-28 21:42:43,688 [INFO]   ✓ qid=82360 → output\5105\15586\82360.sgf
2026-05-28 21:42:49,802 [INFO]   ✓ qid=12110 → output\5105\15586\12110.sgf
2026-05-28 21:42:55,451 [INFO]   ✓ qid=10293 → output\5105\15586\10293.sgf
2026-05-28 21:43:05,930 [INFO]   ✓ qid=3515 → output\5105\15586\3515.sgf
2026-05-28 21:43:17,679 [INFO]   ✓ qid=158587 → output\5105\15586\158587.sgf
2026-05-28 21:43:27,032 [INFO]   ✓ qid=47021 → output\5105\15586\47021.sgf
2026-05-28 21:43:36,189 [INFO]   ✓ qid=84353 → output\5105\15586\84353.sgf
2026-05-28 21:43:45,398 [INFO]   ✓ qid=9882 → output\5105\15586\9882.sgf
2026-05-28 21:43:53,714 [INFO]   ✓ qid=110548 → output\5105\15586\110548.sgf
2026-05-28 21:44:02,624 [INFO]   ✓ qid=103597 → output\5105\15586\103597.sgf
2026-05-28 21:44:12,793 [INFO]   ✓ qid=12026 → output\5105\15586\12026.sgf
2026-05-28 21:44:18,311 [INFO]   ✓ qid=8521 → output\5105\15586\8521.sgf
2026-05-28 21:44:25,563 [INFO]   ✓ qid=79791 → output\5105\15586\79791.sgf
2026-05-28 21:44:31,611 [INFO]   ✓ qid=11673 → output\5105\15586\11673.sgf
2026-05-28 21:44:37,207 [INFO]   ✓ qid=49494 → output\5105\15586\49494.sgf
2026-05-28 21:44:47,378 [INFO]   ✓ qid=64700 → output\5105\15586\64700.sgf
2026-05-28 21:44:47,380 [INFO]   Capítulo 17190 '布局'
2026-05-28 21:45:05,630 [INFO]   ✓ qid=78166 → output\5105\17190\78166.sgf
2026-05-28 21:45:11,271 [INFO]   ✓ qid=67615 → output\5105\17190\67615.sgf
2026-05-28 21:45:22,725 [INFO]   ✓ qid=137628 → output\5105\17190\137628.sgf
2026-05-28 21:45:32,318 [INFO]   ✓ qid=121340 → output\5105\17190\121340.sgf
2026-05-28 21:45:41,836 [INFO]   ✓ qid=76080 → output\5105\17190\76080.sgf
2026-05-28 21:45:53,943 [INFO]   ✓ qid=137743 → output\5105\17190\137743.sgf
2026-05-28 21:46:03,947 [INFO]   ✓ qid=60608 → output\5105\17190\60608.sgf
2026-05-28 21:46:13,097 [INFO]   ✓ qid=76050 → output\5105\17190\76050.sgf
2026-05-28 21:46:24,071 [INFO]   ✓ qid=76151 → output\5105\17190\76151.sgf
2026-05-28 21:46:31,889 [INFO]   ✓ qid=121348 → output\5105\17190\121348.sgf
2026-05-28 21:46:42,830 [INFO]   ✓ qid=137738 → output\5105\17190\137738.sgf
2026-05-28 21:46:50,958 [INFO]   ✓ qid=121349 → output\5105\17190\121349.sgf
2026-05-28 21:46:59,719 [INFO]   ✓ qid=76241 → output\5105\17190\76241.sgf
2026-05-28 21:47:09,470 [INFO]   ✓ qid=76071 → output\5105\17190\76071.sgf
2026-05-28 21:47:18,847 [INFO]   ✓ qid=137736 → output\5105\17190\137736.sgf
2026-05-28 21:47:26,318 [WARNING]   Posible throttling en qid=41504 — pausa 60-120s
2026-05-28 21:48:36,978 [INFO]   ✓ qid=41504 → output\5105\17190\41504.sgf
2026-05-28 21:48:44,224 [INFO]   ✓ qid=121334 → output\5105\17190\121334.sgf
2026-05-28 21:48:54,324 [INFO]   ✓ qid=76059 → output\5105\17190\76059.sgf
2026-05-28 21:49:01,456 [INFO]   ✓ qid=51520 → output\5105\17190\51520.sgf
2026-05-28 21:49:12,242 [INFO]   ✓ qid=54881 → output\5105\17190\54881.sgf
2026-05-28 21:49:19,447 [INFO]   ✓ qid=76073 → output\5105\17190\76073.sgf
2026-05-28 21:49:26,987 [INFO]   ✓ qid=137737 → output\5105\17190\137737.sgf
2026-05-28 21:49:36,769 [INFO]   ✓ qid=76078 → output\5105\17190\76078.sgf
2026-05-28 21:49:47,826 [INFO]   ✓ qid=137746 → output\5105\17190\137746.sgf
2026-05-28 21:49:55,522 [INFO]   ✓ qid=76083 → output\5105\17190\76083.sgf
2026-05-28 21:50:03,974 [INFO]   ✓ qid=76079 → output\5105\17190\76079.sgf
2026-05-28 21:50:10,621 [INFO]   ✓ qid=76054 → output\5105\17190\76054.sgf
2026-05-28 21:50:17,592 [INFO]   ✓ qid=76259 → output\5105\17190\76259.sgf
2026-05-28 21:50:24,585 [INFO]   ✓ qid=76066 → output\5105\17190\76066.sgf
2026-05-28 21:50:34,004 [INFO]   ✓ qid=76021 → output\5105\17190\76021.sgf
2026-05-28 21:50:34,005 [INFO]   Capítulo 9332 '综合手筋训练'
2026-05-28 21:50:46,214 [INFO]   ✓ qid=82838 → output\5105\9332\82838.sgf
2026-05-28 21:50:51,611 [INFO]   ✓ qid=20001 → output\5105\9332\20001.sgf
2026-05-28 21:50:59,280 [INFO]   ✓ qid=76557 → output\5105\9332\76557.sgf
2026-05-28 21:51:05,941 [INFO]   ✓ qid=12210 → output\5105\9332\12210.sgf
2026-05-28 21:51:12,347 [INFO]   ✓ qid=75958 → output\5105\9332\75958.sgf
2026-05-28 21:51:18,973 [INFO]   ✓ qid=19847 → output\5105\9332\19847.sgf
2026-05-28 21:51:27,675 [INFO]   ✓ qid=22490 → output\5105\9332\22490.sgf
2026-05-28 21:51:37,692 [INFO]   ✓ qid=48730 → output\5105\9332\48730.sgf
2026-05-28 21:51:47,481 [INFO]   ✓ qid=71430 → output\5105\9332\71430.sgf
2026-05-28 21:51:56,847 [INFO]   ✓ qid=9310 → output\5105\9332\9310.sgf
2026-05-28 21:52:05,884 [INFO]   ✓ qid=76447 → output\5105\9332\76447.sgf
2026-05-28 21:52:11,691 [INFO]   ✓ qid=14578 → output\5105\9332\14578.sgf
2026-05-28 21:52:20,346 [INFO]   ✓ qid=77400 → output\5105\9332\77400.sgf
2026-05-28 21:52:27,833 [INFO]   ✓ qid=75954 → output\5105\9332\75954.sgf
2026-05-28 21:52:35,774 [INFO]   ✓ qid=82227 → output\5105\9332\82227.sgf
2026-05-28 21:52:44,462 [INFO]   ✓ qid=20264 → output\5105\9332\20264.sgf
2026-05-28 21:52:53,868 [INFO]   ✓ qid=68024 → output\5105\9332\68024.sgf
2026-05-28 21:53:01,025 [INFO]   ✓ qid=79413 → output\5105\9332\79413.sgf
2026-05-28 21:53:10,862 [INFO]   ✓ qid=10828 → output\5105\9332\10828.sgf
2026-05-28 21:53:19,832 [INFO]   ✓ qid=9981 → output\5105\9332\9981.sgf
2026-05-28 21:53:29,963 [INFO]   ✓ qid=9308 → output\5105\9332\9308.sgf
2026-05-28 21:53:40,718 [INFO]   ✓ qid=64082 → output\5105\9332\64082.sgf
2026-05-28 21:53:48,554 [INFO]   ✓ qid=9923 → output\5105\9332\9923.sgf
2026-05-28 21:53:54,481 [INFO]   ✓ qid=43769 → output\5105\9332\43769.sgf
2026-05-28 21:54:00,290 [INFO]   ✓ qid=3187 → output\5105\9332\3187.sgf
2026-05-28 21:54:00,291 [INFO]   Capítulo 9895 '连与断'
2026-05-28 21:54:12,550 [INFO]   ✓ qid=12238 → output\5105\9895\12238.sgf
2026-05-28 21:54:20,442 [INFO]   ✓ qid=9730 → output\5105\9895\9730.sgf
2026-05-28 21:54:29,934 [INFO]   ✓ qid=61778 → output\5105\9895\61778.sgf
2026-05-28 21:54:38,507 [INFO]   ✓ qid=9707 → output\5105\9895\9707.sgf
2026-05-28 21:54:45,061 [INFO]   ✓ qid=8633 → output\5105\9895\8633.sgf
2026-05-28 21:54:55,326 [INFO]   ✓ qid=11540 → output\5105\9895\11540.sgf
2026-05-28 21:55:02,680 [INFO]   ✓ qid=10458 → output\5105\9895\10458.sgf
2026-05-28 21:55:08,707 [INFO]   ✓ qid=49463 → output\5105\9895\49463.sgf
2026-05-28 21:55:16,421 [INFO]   ✓ qid=11759 → output\5105\9895\11759.sgf
2026-05-28 21:55:24,896 [INFO]   ✓ qid=8941 → output\5105\9895\8941.sgf
2026-05-28 21:55:32,423 [INFO]   ✓ qid=11006 → output\5105\9895\11006.sgf
2026-05-28 21:55:38,263 [INFO]   ✓ qid=12843 → output\5105\9895\12843.sgf
2026-05-28 21:55:45,674 [INFO]   ✓ qid=9471 → output\5105\9895\9471.sgf
2026-05-28 21:55:54,659 [INFO]   ✓ qid=9516 → output\5105\9895\9516.sgf
2026-05-28 21:56:04,699 [INFO]   ✓ qid=10373 → output\5105\9895\10373.sgf
2026-05-28 21:56:11,387 [INFO]   ✓ qid=10214 → output\5105\9895\10214.sgf
2026-05-28 21:56:20,918 [INFO]   ✓ qid=10597 → output\5105\9895\10597.sgf
2026-05-28 21:56:35,006 [INFO]   ✓ qid=43444 → output\5105\9895\43444.sgf
2026-05-28 21:56:42,860 [INFO]   ✓ qid=9373 → output\5105\9895\9373.sgf
2026-05-28 21:56:52,757 [INFO]   ✓ qid=10200 → output\5105\9895\10200.sgf
2026-05-28 21:57:00,192 [INFO]   ✓ qid=10014 → output\5105\9895\10014.sgf
2026-05-28 21:57:06,080 [INFO]   ✓ qid=9673 → output\5105\9895\9673.sgf
2026-05-28 21:57:13,892 [INFO]   ✓ qid=7193 → output\5105\9895\7193.sgf
2026-05-28 21:57:20,072 [INFO]   ✓ qid=8055 → output\5105\9895\8055.sgf
2026-05-28 21:57:27,683 [INFO]   ✓ qid=8598 → output\5105\9895\8598.sgf
2026-05-28 21:57:35,701 [INFO]   ✓ qid=10461 → output\5105\9895\10461.sgf
2026-05-28 21:57:42,195 [INFO]   ✓ qid=11707 → output\5105\9895\11707.sgf
2026-05-28 21:57:51,450 [INFO]   ✓ qid=56261 → output\5105\9895\56261.sgf
2026-05-28 21:58:01,543 [INFO]   ✓ qid=10122 → output\5105\9895\10122.sgf
2026-05-28 21:58:11,114 [INFO]   ✓ qid=22680 → output\5105\9895\22680.sgf
2026-05-28 21:58:11,115 [INFO]   Capítulo 10211 '反击应用'
2026-05-28 21:58:24,329 [INFO]   ✓ qid=72371 → output\5105\10211\72371.sgf
2026-05-28 21:58:32,328 [INFO]   ✓ qid=82144 → output\5105\10211\82144.sgf
2026-05-28 21:58:39,836 [INFO]   ✓ qid=82147 → output\5105\10211\82147.sgf
2026-05-28 21:58:46,727 [INFO]   ✓ qid=82150 → output\5105\10211\82150.sgf
2026-05-28 21:58:55,316 [INFO]   ✓ qid=82156 → output\5105\10211\82156.sgf
2026-05-28 21:59:04,899 [INFO]   ✓ qid=82157 → output\5105\10211\82157.sgf
2026-05-28 21:59:15,612 [INFO]   ✓ qid=82158 → output\5105\10211\82158.sgf
2026-05-28 21:59:25,976 [INFO]   ✓ qid=82159 → output\5105\10211\82159.sgf
2026-05-28 21:59:33,993 [INFO]   ✓ qid=82162 → output\5105\10211\82162.sgf
2026-05-28 21:59:44,276 [INFO]   ✓ qid=82163 → output\5105\10211\82163.sgf
2026-05-28 21:59:51,851 [INFO]   ✓ qid=82164 → output\5105\10211\82164.sgf
2026-05-28 21:59:58,181 [INFO]   ✓ qid=82165 → output\5105\10211\82165.sgf
2026-05-28 22:00:08,505 [INFO]   ✓ qid=82167 → output\5105\10211\82167.sgf
2026-05-28 22:00:15,060 [INFO]   ✓ qid=82170 → output\5105\10211\82170.sgf
2026-05-28 22:00:21,867 [INFO]   ✓ qid=82171 → output\5105\10211\82171.sgf
2026-05-28 22:00:31,597 [INFO]   ✓ qid=82172 → output\5105\10211\82172.sgf
2026-05-28 22:00:39,099 [INFO]   ✓ qid=82173 → output\5105\10211\82173.sgf
2026-05-28 22:00:48,305 [INFO]   ✓ qid=82174 → output\5105\10211\82174.sgf
2026-05-28 22:00:58,192 [INFO]   ✓ qid=82175 → output\5105\10211\82175.sgf
2026-05-28 22:01:08,144 [INFO]   ✓ qid=82176 → output\5105\10211\82176.sgf
2026-05-28 22:01:17,668 [INFO]   ✓ qid=82179 → output\5105\10211\82179.sgf
2026-05-28 22:01:28,900 [INFO]   ✓ qid=82178 → output\5105\10211\82178.sgf
2026-05-28 22:01:37,377 [INFO]   ✓ qid=82180 → output\5105\10211\82180.sgf
2026-05-28 22:01:47,200 [INFO]   ✓ qid=82182 → output\5105\10211\82182.sgf
2026-05-28 22:01:56,813 [INFO]   ✓ qid=82183 → output\5105\10211\82183.sgf
2026-05-28 22:02:05,146 [INFO]   ✓ qid=82184 → output\5105\10211\82184.sgf
2026-05-28 22:02:05,147 [INFO]   Capítulo 10379 '总复习'
2026-05-28 22:02:22,540 [INFO]   ✓ qid=12186 → output\5105\10379\12186.sgf
2026-05-28 22:02:30,990 [INFO]   ✓ qid=64082 → output\5105\10379\64082.sgf
2026-05-28 22:02:40,155 [INFO]   ✓ qid=43539 → output\5105\10379\43539.sgf
2026-05-28 22:02:50,436 [INFO]   ✓ qid=43536 → output\5105\10379\43536.sgf
2026-05-28 22:02:59,326 [INFO]   ✓ qid=11770 → output\5105\10379\11770.sgf
2026-05-28 22:03:09,631 [INFO]   ✓ qid=82184 → output\5105\10379\82184.sgf
2026-05-28 22:03:18,188 [INFO]   ✓ qid=43544 → output\5105\10379\43544.sgf
2026-05-28 22:03:26,577 [INFO]   ✓ qid=5588 → output\5105\10379\5588.sgf
2026-05-28 22:03:32,554 [INFO]   ✓ qid=22490 → output\5105\10379\22490.sgf
2026-05-28 22:03:42,511 [INFO]   ✓ qid=132947 → output\5105\10379\132947.sgf
2026-05-28 22:03:48,777 [INFO]   ✓ qid=43769 → output\5105\10379\43769.sgf
2026-05-28 22:03:54,982 [INFO]   ✓ qid=43443 → output\5105\10379\43443.sgf
2026-05-28 22:04:02,203 [INFO]   ✓ qid=43546 → output\5105\10379\43546.sgf
2026-05-28 22:04:11,128 [INFO]   ✓ qid=79573 → output\5105\10379\79573.sgf
2026-05-28 22:04:18,414 [INFO]   ✓ qid=89843 → output\5105\10379\89843.sgf
2026-05-28 22:04:25,576 [INFO]   ✓ qid=10828 → output\5105\10379\10828.sgf
2026-05-28 22:04:35,635 [INFO]   ✓ qid=3689 → output\5105\10379\3689.sgf
2026-05-28 22:04:43,342 [INFO]   ✓ qid=13912 → output\5105\10379\13912.sgf
2026-05-28 22:04:51,225 [INFO]   ✓ qid=104450 → output\5105\10379\104450.sgf
2026-05-28 22:04:59,801 [INFO]   ✓ qid=396 → output\5105\10379\396.sgf
2026-05-28 22:05:10,233 [INFO]   ✓ qid=43568 → output\5105\10379\43568.sgf
2026-05-28 22:05:15,935 [INFO]   ✓ qid=4497 → output\5105\10379\4497.sgf
2026-05-28 22:05:25,188 [INFO]   ✓ qid=13108 → output\5105\10379\13108.sgf
2026-05-28 22:05:36,001 [INFO]   ✓ qid=89533 → output\5105\10379\89533.sgf
2026-05-28 22:05:46,370 [INFO]   ✓ qid=19901 → output\5105\10379\19901.sgf
2026-05-28 22:05:52,963 [INFO]   ✓ qid=22210 → output\5105\10379\22210.sgf
2026-05-28 22:05:59,190 [INFO]   ✓ qid=9308 → output\5105\10379\9308.sgf
2026-05-28 22:06:06,272 [INFO]   ✓ qid=82172 → output\5105\10379\82172.sgf
2026-05-28 22:06:14,414 [INFO]   ✓ qid=81427 → output\5105\10379\81427.sgf
2026-05-28 22:06:20,149 [INFO]   ✓ qid=11776 → output\5105\10379\11776.sgf
2026-05-28 22:06:30,448 [INFO]   ✓ qid=43549 → output\5105\10379\43549.sgf
2026-05-28 22:06:40,003 [INFO]   ✓ qid=20054 → output\5105\10379\20054.sgf
2026-05-28 22:06:52,450 [INFO]   ✓ qid=43540 → output\5105\10379\43540.sgf
2026-05-28 22:07:03,475 [INFO]   ✓ qid=43557 → output\5105\10379\43557.sgf
2026-05-28 22:07:11,026 [INFO]   ✓ qid=86520 → output\5105\10379\86520.sgf
2026-05-28 22:07:18,870 [INFO]   ✓ qid=43449 → output\5105\10379\43449.sgf
2026-05-28 22:07:28,473 [INFO]   ✓ qid=10256 → output\5105\10379\10256.sgf
2026-05-28 22:07:34,977 [INFO]   ✓ qid=82174 → output\5105\10379\82174.sgf
2026-05-28 22:07:41,564 [INFO]   ✓ qid=43701 → output\5105\10379\43701.sgf
2026-05-28 22:07:51,835 [INFO]   ✓ qid=445 → output\5105\10379\445.sgf
2026-05-28 22:08:01,132 [INFO]   ✓ qid=43550 → output\5105\10379\43550.sgf
2026-05-28 22:08:10,764 [INFO]   ✓ qid=59407 → output\5105\10379\59407.sgf
2026-05-28 22:08:18,017 [INFO]   ✓ qid=43751 → output\5105\10379\43751.sgf
2026-05-28 22:08:23,486 [INFO]   ✓ qid=43704 → output\5105\10379\43704.sgf
2026-05-28 22:08:33,040 [INFO]   ✓ qid=82156 → output\5105\10379\82156.sgf
2026-05-28 22:08:41,322 [INFO]   ✓ qid=61061 → output\5105\10379\61061.sgf
2026-05-28 22:08:50,110 [INFO]   ✓ qid=10633 → output\5105\10379\10633.sgf
2026-05-28 22:08:58,766 [INFO]   ✓ qid=136530 → output\5105\10379\136530.sgf
2026-05-28 22:09:09,417 [INFO]   ✓ qid=43554 → output\5105\10379\43554.sgf
2026-05-28 22:09:20,208 [INFO]   ✓ qid=43543 → output\5105\10379\43543.sgf
2026-05-28 22:09:20,208 [INFO]   Capítulo 27860 '作业1（死活题）'
2026-05-28 22:09:34,740 [INFO]   ✓ qid=148370 → output\5105\27860\148370.sgf
2026-05-28 22:09:44,184 [INFO]   ✓ qid=12140 → output\5105\27860\12140.sgf
2026-05-28 22:09:51,231 [INFO]   ✓ qid=53853 → output\5105\27860\53853.sgf
2026-05-28 22:09:57,957 [INFO]   ✓ qid=8552 → output\5105\27860\8552.sgf
2026-05-28 22:10:06,425 [INFO]   ✓ qid=53817 → output\5105\27860\53817.sgf
2026-05-28 22:10:15,643 [INFO]   ✓ qid=155316 → output\5105\27860\155316.sgf
2026-05-28 22:10:25,847 [INFO]   ✓ qid=22140 → output\5105\27860\22140.sgf
2026-05-28 22:10:34,152 [INFO]   ✓ qid=201289 → output\5105\27860\201289.sgf
2026-05-28 22:10:41,153 [INFO]   ✓ qid=148970 → output\5105\27860\148970.sgf
2026-05-28 22:10:51,556 [INFO]   ✓ qid=170636 → output\5105\27860\170636.sgf
2026-05-28 22:10:57,431 [INFO]   ✓ qid=29003 → output\5105\27860\29003.sgf
2026-05-28 22:11:05,853 [INFO]   ✓ qid=118097 → output\5105\27860\118097.sgf
2026-05-28 22:11:12,713 [INFO]   ✓ qid=133179 → output\5105\27860\133179.sgf
2026-05-28 22:11:19,791 [INFO]   ✓ qid=72253 → output\5105\27860\72253.sgf
2026-05-28 22:11:27,362 [INFO]   ✓ qid=129 → output\5105\27860\129.sgf
2026-05-28 22:11:36,956 [INFO]   ✓ qid=122390 → output\5105\27860\122390.sgf
2026-05-28 22:11:45,186 [INFO]   ✓ qid=192583 → output\5105\27860\192583.sgf
2026-05-28 22:11:56,099 [INFO]   ✓ qid=211060 → output\5105\27860\211060.sgf
2026-05-28 22:12:04,298 [INFO]   ✓ qid=83033 → output\5105\27860\83033.sgf
2026-05-28 22:12:14,660 [INFO]   ✓ qid=149622 → output\5105\27860\149622.sgf
2026-05-28 22:12:24,602 [INFO]   ✓ qid=63133 → output\5105\27860\63133.sgf
2026-05-28 22:12:30,182 [INFO]   ✓ qid=45053 → output\5105\27860\45053.sgf
2026-05-28 22:12:35,622 [INFO]   ✓ qid=19846 → output\5105\27860\19846.sgf
2026-05-28 22:12:42,238 [INFO]   ✓ qid=22276 → output\5105\27860\22276.sgf
2026-05-28 22:12:50,553 [INFO]   ✓ qid=21930 → output\5105\27860\21930.sgf
2026-05-28 22:12:58,181 [INFO]   ✓ qid=71946 → output\5105\27860\71946.sgf
2026-05-28 22:13:07,396 [INFO]   ✓ qid=75163 → output\5105\27860\75163.sgf
2026-05-28 22:13:15,312 [INFO]   ✓ qid=9481 → output\5105\27860\9481.sgf
2026-05-28 22:13:24,022 [INFO]   ✓ qid=11032 → output\5105\27860\11032.sgf
2026-05-28 22:13:32,583 [INFO]   ✓ qid=148509 → output\5105\27860\148509.sgf
2026-05-28 22:13:32,583 [INFO]   Capítulo 27982 '中盘处理'
2026-05-28 22:13:49,927 [WARNING]   Sin andata en qid=211185 (qtype=None) — skip
2026-05-28 22:13:55,821 [WARNING]   Sin andata en qid=211187 (qtype=None) — skip
2026-05-28 22:14:01,418 [WARNING]   Sin andata en qid=211192 (qtype=None) — skip
2026-05-28 22:14:08,536 [INFO]   ✓ qid=55494 → output\5105\27982\55494.sgf
2026-05-28 22:14:18,070 [INFO]   ✓ qid=91445 → output\5105\27982\91445.sgf
2026-05-28 22:14:24,685 [INFO]   ✓ qid=51477 → output\5105\27982\51477.sgf
2026-05-28 22:14:31,848 [INFO]   ✓ qid=49877 → output\5105\27982\49877.sgf
2026-05-28 22:14:37,614 [INFO]   ✓ qid=81599 → output\5105\27982\81599.sgf
2026-05-28 22:14:46,679 [INFO]   ✓ qid=8483 → output\5105\27982\8483.sgf
2026-05-28 22:14:54,301 [INFO]   ✓ qid=56595 → output\5105\27982\56595.sgf
2026-05-28 22:15:02,681 [INFO]   ✓ qid=77677 → output\5105\27982\77677.sgf
2026-05-28 22:15:11,054 [INFO]   ✓ qid=148715 → output\5105\27982\148715.sgf
2026-05-28 22:15:18,197 [INFO]   ✓ qid=48956 → output\5105\27982\48956.sgf
2026-05-28 22:15:26,115 [INFO]   ✓ qid=144247 → output\5105\27982\144247.sgf
2026-05-28 22:15:35,639 [INFO]   ✓ qid=109274 → output\5105\27982\109274.sgf
2026-05-28 22:15:42,059 [INFO]   ✓ qid=81549 → output\5105\27982\81549.sgf
2026-05-28 22:15:48,951 [INFO]   ✓ qid=9672 → output\5105\27982\9672.sgf
2026-05-28 22:15:59,617 [INFO]   ✓ qid=154011 → output\5105\27982\154011.sgf
2026-05-28 22:16:05,563 [INFO]   ✓ qid=68087 → output\5105\27982\68087.sgf
2026-05-28 22:16:14,210 [INFO]   ✓ qid=108791 → output\5105\27982\108791.sgf
2026-05-28 22:16:19,657 [INFO]   ✓ qid=83426 → output\5105\27982\83426.sgf
2026-05-28 22:16:26,521 [INFO]   ✓ qid=99428 → output\5105\27982\99428.sgf
2026-05-28 22:16:33,414 [INFO]   ✓ qid=55904 → output\5105\27982\55904.sgf
2026-05-28 22:16:41,269 [INFO]   ✓ qid=53883 → output\5105\27982\53883.sgf
2026-05-28 22:16:50,211 [INFO]   ✓ qid=145469 → output\5105\27982\145469.sgf
2026-05-28 22:17:00,575 [INFO]   ✓ qid=74700 → output\5105\27982\74700.sgf
2026-05-28 22:17:06,609 [INFO]   ✓ qid=182873 → output\5105\27982\182873.sgf
2026-05-28 22:17:12,666 [INFO]   ✓ qid=22028 → output\5105\27982\22028.sgf
2026-05-28 22:17:21,144 [INFO]   ✓ qid=129 → output\5105\27982\129.sgf
2026-05-28 22:17:27,647 [INFO]   ✓ qid=51107 → output\5105\27982\51107.sgf
2026-05-28 22:17:34,753 [INFO]   ✓ qid=3724 → output\5105\27982\3724.sgf
2026-05-28 22:17:41,650 [INFO]   ✓ qid=141990 → output\5105\27982\141990.sgf
2026-05-28 22:17:50,998 [INFO]   ✓ qid=81169 → output\5105\27982\81169.sgf
2026-05-28 22:17:50,998 [INFO]   Libro 5105 completado: 525 OK, 10 fallidos
2026-05-28 22:17:51,000 [INFO] Libro 3322 — https://www.101weiqi.com/book/3322/
2026-05-28 22:17:57,939 [INFO]   '《星星围棋学校》吃子方向题' — 2 capítulos
2026-05-28 22:18:01,781 [INFO]   Capítulo 5583 '《星星围棋学校》吃子方向题'
2026-05-28 22:18:16,997 [INFO]   ✓ qid=9802 → output\3322\5583\9802.sgf
2026-05-28 22:18:25,990 [INFO]   ✓ qid=8535 → output\3322\5583\8535.sgf
2026-05-28 22:18:35,264 [INFO]   ✓ qid=8396 → output\3322\5583\8396.sgf
2026-05-28 22:18:46,498 [INFO]   ✓ qid=9751 → output\3322\5583\9751.sgf
2026-05-28 22:18:54,099 [INFO]   ✓ qid=9109 → output\3322\5583\9109.sgf
2026-05-28 22:19:04,455 [INFO]   ✓ qid=9852 → output\3322\5583\9852.sgf
2026-05-28 22:19:14,687 [INFO]   ✓ qid=8813 → output\3322\5583\8813.sgf
2026-05-28 22:19:23,546 [INFO]   ✓ qid=8437 → output\3322\5583\8437.sgf
2026-05-28 22:19:33,729 [INFO]   ✓ qid=8735 → output\3322\5583\8735.sgf
2026-05-28 22:19:39,715 [INFO]   ✓ qid=9333 → output\3322\5583\9333.sgf
2026-05-28 22:19:49,099 [INFO]   ✓ qid=8998 → output\3322\5583\8998.sgf
2026-05-28 22:19:59,401 [INFO]   ✓ qid=8749 → output\3322\5583\8749.sgf
2026-05-28 22:20:08,313 [INFO]   ✓ qid=8724 → output\3322\5583\8724.sgf
2026-05-28 22:20:14,961 [INFO]   ✓ qid=8719 → output\3322\5583\8719.sgf
2026-05-28 22:20:20,376 [INFO]   ✓ qid=10844 → output\3322\5583\10844.sgf
2026-05-28 22:20:27,931 [INFO]   ✓ qid=10137 → output\3322\5583\10137.sgf
2026-05-28 22:20:37,537 [INFO]   ✓ qid=8508 → output\3322\5583\8508.sgf
2026-05-28 22:20:47,527 [INFO]   ✓ qid=9261 → output\3322\5583\9261.sgf
2026-05-28 22:20:55,864 [INFO]   ✓ qid=9593 → output\3322\5583\9593.sgf
2026-05-28 22:21:05,558 [INFO]   ✓ qid=9108 → output\3322\5583\9108.sgf
2026-05-28 22:21:13,779 [INFO]   ✓ qid=9157 → output\3322\5583\9157.sgf
2026-05-28 22:21:20,807 [INFO]   ✓ qid=9125 → output\3322\5583\9125.sgf
2026-05-28 22:21:31,137 [INFO]   ✓ qid=8715 → output\3322\5583\8715.sgf
2026-05-28 22:21:41,094 [INFO]   ✓ qid=9227 → output\3322\5583\9227.sgf
2026-05-28 22:21:47,602 [INFO]   ✓ qid=8494 → output\3322\5583\8494.sgf
2026-05-28 22:21:55,963 [INFO]   ✓ qid=20610 → output\3322\5583\20610.sgf
2026-05-28 22:22:01,989 [INFO]   ✓ qid=8222 → output\3322\5583\8222.sgf
2026-05-28 22:22:10,929 [INFO]   ✓ qid=9027 → output\3322\5583\9027.sgf
2026-05-28 22:22:20,421 [INFO]   ✓ qid=9102 → output\3322\5583\9102.sgf
2026-05-28 22:22:30,594 [INFO]   ✓ qid=9273 → output\3322\5583\9273.sgf
2026-05-28 22:22:39,185 [INFO]   ✓ qid=10190 → output\3322\5583\10190.sgf
2026-05-28 22:22:45,879 [INFO]   ✓ qid=10003 → output\3322\5583\10003.sgf
2026-05-28 22:22:53,215 [INFO]   ✓ qid=8515 → output\3322\5583\8515.sgf
2026-05-28 22:23:02,733 [INFO]   ✓ qid=10549 → output\3322\5583\10549.sgf
2026-05-28 22:23:08,672 [INFO]   ✓ qid=9658 → output\3322\5583\9658.sgf
2026-05-28 22:23:15,810 [INFO]   ✓ qid=11283 → output\3322\5583\11283.sgf
2026-05-28 22:23:25,141 [INFO]   ✓ qid=9510 → output\3322\5583\9510.sgf
2026-05-28 22:23:35,433 [INFO]   ✓ qid=8961 → output\3322\5583\8961.sgf
2026-05-28 22:23:44,485 [INFO]   ✓ qid=8544 → output\3322\5583\8544.sgf
2026-05-28 22:23:53,756 [INFO]   ✓ qid=8539 → output\3322\5583\8539.sgf
2026-05-28 22:24:02,049 [INFO]   ✓ qid=10156 → output\3322\5583\10156.sgf
2026-05-28 22:24:09,067 [INFO]   ✓ qid=8468 → output\3322\5583\8468.sgf
2026-05-28 22:24:15,722 [INFO]   ✓ qid=9873 → output\3322\5583\9873.sgf
2026-05-28 22:24:22,433 [INFO]   ✓ qid=10086 → output\3322\5583\10086.sgf
2026-05-28 22:24:27,912 [INFO]   ✓ qid=9509 → output\3322\5583\9509.sgf
2026-05-28 22:24:37,940 [INFO]   ✓ qid=9696 → output\3322\5583\9696.sgf
2026-05-28 22:24:47,821 [INFO]   ✓ qid=10623 → output\3322\5583\10623.sgf
2026-05-28 22:24:55,489 [INFO]   ✓ qid=8972 → output\3322\5583\8972.sgf
2026-05-28 22:25:01,646 [INFO]   ✓ qid=8911 → output\3322\5583\8911.sgf
2026-05-28 22:25:11,960 [INFO]   ✓ qid=8594 → output\3322\5583\8594.sgf
2026-05-28 22:25:18,668 [INFO]   ✓ qid=8406 → output\3322\5583\8406.sgf
2026-05-28 22:25:28,205 [INFO]   ✓ qid=9994 → output\3322\5583\9994.sgf
2026-05-28 22:25:34,085 [INFO]   ✓ qid=9605 → output\3322\5583\9605.sgf
2026-05-28 22:25:44,469 [INFO]   ✓ qid=9814 → output\3322\5583\9814.sgf
2026-05-28 22:25:53,413 [INFO]   ✓ qid=8480 → output\3322\5583\8480.sgf
2026-05-28 22:26:01,432 [INFO]   ✓ qid=9681 → output\3322\5583\9681.sgf
2026-05-28 22:26:07,350 [INFO]   ✓ qid=21995 → output\3322\5583\21995.sgf
2026-05-28 22:26:17,727 [INFO]   ✓ qid=8313 → output\3322\5583\8313.sgf
2026-05-28 22:26:25,048 [INFO]   ✓ qid=8694 → output\3322\5583\8694.sgf
2026-05-28 22:26:34,283 [INFO]   ✓ qid=9687 → output\3322\5583\9687.sgf
2026-05-28 22:26:34,283 [INFO]   Capítulo 139296 '根目录'
2026-05-28 22:26:42,702 [WARNING]   Sin problemas en capítulo 139296
2026-05-28 22:26:42,703 [INFO]   Libro 3322 completado: 60 OK, 0 fallidos
2026-05-28 22:26:42,704 [INFO] Libro 3271 — https://www.101weiqi.com/book/3271/
2026-05-28 22:26:50,284 [INFO]   '《星星围棋学校》吃子题' — 2 capítulos
2026-05-28 22:26:54,651 [INFO]   Capítulo 5542 '《星星围棋学校》吃子题15042368880'
2026-05-28 22:27:11,992 [INFO]   ✓ qid=43295 → output\3271\5542\43295.sgf
2026-05-28 22:27:17,953 [INFO]   ✓ qid=54092 → output\3271\5542\54092.sgf
2026-05-28 22:27:27,712 [INFO]   ✓ qid=9036 → output\3271\5542\9036.sgf
2026-05-28 22:27:35,017 [INFO]   ✓ qid=8951 → output\3271\5542\8951.sgf
2026-05-28 22:27:40,568 [INFO]   ✓ qid=8912 → output\3271\5542\8912.sgf
2026-05-28 22:27:47,401 [INFO]   ✓ qid=51931 → output\3271\5542\51931.sgf
2026-05-28 22:27:55,691 [INFO]   ✓ qid=8660 → output\3271\5542\8660.sgf
2026-05-28 22:28:03,096 [INFO]   ✓ qid=9110 → output\3271\5542\9110.sgf
2026-05-28 22:28:08,701 [INFO]   ✓ qid=20974 → output\3271\5542\20974.sgf
2026-05-28 22:28:18,096 [INFO]   ✓ qid=8490 → output\3271\5542\8490.sgf
2026-05-28 22:28:27,549 [INFO]   ✓ qid=8401 → output\3271\5542\8401.sgf
2026-05-28 22:28:34,006 [INFO]   ✓ qid=8559 → output\3271\5542\8559.sgf
2026-05-28 22:28:42,559 [INFO]   ✓ qid=9062 → output\3271\5542\9062.sgf
2026-05-28 22:28:52,719 [INFO]   ✓ qid=21727 → output\3271\5542\21727.sgf
2026-05-28 22:29:02,337 [INFO]   ✓ qid=8174 → output\3271\5542\8174.sgf
2026-05-28 22:29:10,774 [INFO]   ✓ qid=8959 → output\3271\5542\8959.sgf
2026-05-28 22:29:19,160 [INFO]   ✓ qid=8831 → output\3271\5542\8831.sgf
2026-05-28 22:29:24,834 [INFO]   ✓ qid=8553 → output\3271\5542\8553.sgf
2026-05-28 22:29:32,919 [INFO]   ✓ qid=8802 → output\3271\5542\8802.sgf
2026-05-28 22:29:38,628 [INFO]   ✓ qid=8330 → output\3271\5542\8330.sgf
2026-05-28 22:29:46,166 [INFO]   ✓ qid=8277 → output\3271\5542\8277.sgf
2026-05-28 22:29:51,854 [INFO]   ✓ qid=8708 → output\3271\5542\8708.sgf
2026-05-28 22:29:58,082 [INFO]   ✓ qid=8293 → output\3271\5542\8293.sgf
2026-05-28 22:30:07,282 [INFO]   ✓ qid=8955 → output\3271\5542\8955.sgf
2026-05-28 22:30:13,781 [INFO]   ✓ qid=9016 → output\3271\5542\9016.sgf
2026-05-28 22:30:20,669 [INFO]   ✓ qid=9124 → output\3271\5542\9124.sgf
2026-05-28 22:30:30,349 [INFO]   ✓ qid=8346 → output\3271\5542\8346.sgf
2026-05-28 22:30:37,309 [INFO]   ✓ qid=8891 → output\3271\5542\8891.sgf
2026-05-28 22:30:43,007 [INFO]   ✓ qid=8241 → output\3271\5542\8241.sgf
2026-05-28 22:30:50,564 [INFO]   ✓ qid=43322 → output\3271\5542\43322.sgf
2026-05-28 22:30:58,284 [INFO]   ✓ qid=8605 → output\3271\5542\8605.sgf
2026-05-28 22:31:07,210 [WARNING]   Posible throttling en qid=42257 — pausa 60-120s
2026-05-28 22:32:17,585 [INFO]   ✓ qid=42257 → output\3271\5542\42257.sgf
2026-05-28 22:32:25,823 [INFO]   ✓ qid=8812 → output\3271\5542\8812.sgf
2026-05-28 22:32:35,117 [INFO]   ✓ qid=8954 → output\3271\5542\8954.sgf
2026-05-28 22:32:44,803 [INFO]   ✓ qid=8206 → output\3271\5542\8206.sgf
2026-05-28 22:32:54,199 [INFO]   ✓ qid=9092 → output\3271\5542\9092.sgf
2026-05-28 22:33:04,593 [INFO]   ✓ qid=43321 → output\3271\5542\43321.sgf
2026-05-28 22:33:13,761 [INFO]   ✓ qid=8564 → output\3271\5542\8564.sgf
2026-05-28 22:33:22,029 [INFO]   ✓ qid=8548 → output\3271\5542\8548.sgf
2026-05-28 22:33:31,660 [INFO]   ✓ qid=8683 → output\3271\5542\8683.sgf
2026-05-28 22:33:39,362 [INFO]   ✓ qid=9155 → output\3271\5542\9155.sgf
2026-05-28 22:33:47,249 [INFO]   ✓ qid=8757 → output\3271\5542\8757.sgf
2026-05-28 22:33:57,113 [INFO]   ✓ qid=21714 → output\3271\5542\21714.sgf
2026-05-28 22:34:04,982 [INFO]   ✓ qid=9132 → output\3271\5542\9132.sgf
2026-05-28 22:34:14,130 [INFO]   ✓ qid=8255 → output\3271\5542\8255.sgf
2026-05-28 22:34:19,514 [INFO]   ✓ qid=8945 → output\3271\5542\8945.sgf
2026-05-28 22:34:26,285 [INFO]   ✓ qid=8819 → output\3271\5542\8819.sgf
2026-05-28 22:34:31,811 [INFO]   ✓ qid=8379 → output\3271\5542\8379.sgf
2026-05-28 22:34:41,949 [INFO]   ✓ qid=43320 → output\3271\5542\43320.sgf
2026-05-28 22:34:49,726 [INFO]   ✓ qid=8509 → output\3271\5542\8509.sgf
2026-05-28 22:34:58,541 [INFO]   ✓ qid=28288 → output\3271\5542\28288.sgf
2026-05-28 22:35:05,751 [INFO]   ✓ qid=9000 → output\3271\5542\9000.sgf
2026-05-28 22:35:11,116 [INFO]   ✓ qid=9169 → output\3271\5542\9169.sgf
2026-05-28 22:35:16,761 [INFO]   ✓ qid=9914 → output\3271\5542\9914.sgf
2026-05-28 22:35:23,175 [INFO]   ✓ qid=8345 → output\3271\5542\8345.sgf
2026-05-28 22:35:29,542 [INFO]   ✓ qid=8772 → output\3271\5542\8772.sgf
2026-05-28 22:35:39,514 [INFO]   ✓ qid=9050 → output\3271\5542\9050.sgf
2026-05-28 22:35:45,673 [INFO]   ✓ qid=28957 → output\3271\5542\28957.sgf
2026-05-28 22:35:51,539 [INFO]   ✓ qid=8836 → output\3271\5542\8836.sgf
2026-05-28 22:36:01,222 [INFO]   ✓ qid=8473 → output\3271\5542\8473.sgf
2026-05-28 22:36:01,223 [INFO]   Capítulo 139786 '根目录'
2026-05-28 22:36:07,773 [WARNING]   Sin problemas en capítulo 139786
2026-05-28 22:36:07,774 [INFO]   Libro 3271 completado: 60 OK, 0 fallidos
2026-05-28 22:36:07,775 [INFO] Libro 3423 — https://www.101weiqi.com/book/3423/
2026-05-28 22:36:16,654 [INFO]   '《星星围棋学校》基础死活题15042368880' — 1 capítulos
2026-05-28 22:36:18,691 [INFO]   Capítulo 138855 '根目录'
2026-05-28 22:36:35,486 [INFO]   ✓ qid=20999 → output\3423\138855\20999.sgf
2026-05-28 22:36:42,293 [INFO]   ✓ qid=22228 → output\3423\138855\22228.sgf
2026-05-28 22:36:51,452 [INFO]   ✓ qid=11928 → output\3423\138855\11928.sgf
2026-05-28 22:36:57,026 [INFO]   ✓ qid=28958 → output\3423\138855\28958.sgf
2026-05-28 22:37:07,147 [INFO]   ✓ qid=3702 → output\3423\138855\3702.sgf
2026-05-28 22:37:17,456 [INFO]   ✓ qid=7975 → output\3423\138855\7975.sgf
2026-05-28 22:37:23,541 [INFO]   ✓ qid=9121 → output\3423\138855\9121.sgf
2026-05-28 22:37:30,544 [INFO]   ✓ qid=28956 → output\3423\138855\28956.sgf
2026-05-28 22:37:40,488 [INFO]   ✓ qid=8806 → output\3423\138855\8806.sgf
2026-05-28 22:37:49,451 [INFO]   ✓ qid=8296 → output\3423\138855\8296.sgf
2026-05-28 22:37:56,240 [INFO]   ✓ qid=29005 → output\3423\138855\29005.sgf
2026-05-28 22:38:05,881 [INFO]   ✓ qid=53375 → output\3423\138855\53375.sgf
2026-05-28 22:38:11,990 [INFO]   ✓ qid=3558 → output\3423\138855\3558.sgf
2026-05-28 22:38:20,482 [INFO]   ✓ qid=10038 → output\3423\138855\10038.sgf
2026-05-28 22:38:26,670 [INFO]   ✓ qid=10410 → output\3423\138855\10410.sgf
2026-05-28 22:38:34,451 [INFO]   ✓ qid=19901 → output\3423\138855\19901.sgf
2026-05-28 22:38:43,056 [INFO]   ✓ qid=9094 → output\3423\138855\9094.sgf
2026-05-28 22:38:50,554 [INFO]   ✓ qid=43976 → output\3423\138855\43976.sgf
2026-05-28 22:38:58,055 [INFO]   ✓ qid=10908 → output\3423\138855\10908.sgf
2026-05-28 22:39:07,017 [INFO]   ✓ qid=8554 → output\3423\138855\8554.sgf
2026-05-28 22:39:27,034 [WARNING] Error de red en https://www.101weiqi.com/book/3423/138855/28290/: HTTPSConnectionPool(host='www.101weiqi.com', port=443): Read timed out. (read timeout=20) — espera 2.0s (intento 1/5)
2026-05-28 22:39:37,950 [INFO]   ✓ qid=28290 → output\3423\138855\28290.sgf
2026-05-28 22:39:47,329 [INFO]   ✓ qid=28384 → output\3423\138855\28384.sgf
2026-05-28 22:39:53,352 [INFO]   ✓ qid=40690 → output\3423\138855\40690.sgf
2026-05-28 22:39:59,407 [INFO]   ✓ qid=10679 → output\3423\138855\10679.sgf
2026-05-28 22:40:08,740 [INFO]   ✓ qid=9312 → output\3423\138855\9312.sgf
2026-05-28 22:40:15,606 [INFO]   ✓ qid=7149 → output\3423\138855\7149.sgf
2026-05-28 22:40:23,343 [INFO]   ✓ qid=48267 → output\3423\138855\48267.sgf
2026-05-28 22:40:29,402 [INFO]   ✓ qid=9650 → output\3423\138855\9650.sgf
2026-05-28 22:40:37,405 [INFO]   ✓ qid=9047 → output\3423\138855\9047.sgf
2026-05-28 22:40:47,173 [INFO]   ✓ qid=8766 → output\3423\138855\8766.sgf
2026-05-28 22:40:57,127 [INFO]   ✓ qid=39376 → output\3423\138855\39376.sgf
2026-05-28 22:41:04,036 [INFO]   ✓ qid=9041 → output\3423\138855\9041.sgf
2026-05-28 22:41:11,965 [INFO]   ✓ qid=9489 → output\3423\138855\9489.sgf
2026-05-28 22:41:18,810 [INFO]   ✓ qid=11191 → output\3423\138855\11191.sgf
2026-05-28 22:41:28,300 [INFO]   ✓ qid=11322 → output\3423\138855\11322.sgf
2026-05-28 22:41:35,850 [INFO]   ✓ qid=10316 → output\3423\138855\10316.sgf
2026-05-28 22:41:43,261 [INFO]   ✓ qid=41993 → output\3423\138855\41993.sgf
2026-05-28 22:41:49,231 [INFO]   ✓ qid=10553 → output\3423\138855\10553.sgf
2026-05-28 22:41:55,132 [INFO]   ✓ qid=53389 → output\3423\138855\53389.sgf
2026-05-28 22:42:02,495 [INFO]   ✓ qid=8497 → output\3423\138855\8497.sgf
2026-05-28 22:42:09,606 [INFO]   ✓ qid=19852 → output\3423\138855\19852.sgf
2026-05-28 22:42:17,992 [INFO]   ✓ qid=10321 → output\3423\138855\10321.sgf
2026-05-28 22:42:23,477 [INFO]   ✓ qid=10372 → output\3423\138855\10372.sgf
2026-05-28 22:42:30,402 [INFO]   ✓ qid=53657 → output\3423\138855\53657.sgf
2026-05-28 22:42:36,060 [INFO]   ✓ qid=12286 → output\3423\138855\12286.sgf
2026-05-28 22:42:44,408 [INFO]   ✓ qid=11338 → output\3423\138855\11338.sgf
2026-05-28 22:42:51,356 [INFO]   ✓ qid=8733 → output\3423\138855\8733.sgf
2026-05-28 22:42:59,248 [INFO]   ✓ qid=28421 → output\3423\138855\28421.sgf
2026-05-28 22:43:07,219 [INFO]   ✓ qid=28487 → output\3423\138855\28487.sgf
2026-05-28 22:43:13,727 [INFO]   ✓ qid=8212 → output\3423\138855\8212.sgf
2026-05-28 22:43:21,079 [INFO]   ✓ qid=20052 → output\3423\138855\20052.sgf
2026-05-28 22:43:29,448 [INFO]   ✓ qid=11955 → output\3423\138855\11955.sgf
2026-05-28 22:43:36,837 [INFO]   ✓ qid=64809 → output\3423\138855\64809.sgf
2026-05-28 22:43:44,999 [INFO]   ✓ qid=21042 → output\3423\138855\21042.sgf
2026-05-28 22:43:51,143 [INFO]   ✓ qid=11168 → output\3423\138855\11168.sgf
2026-05-28 22:43:56,892 [INFO]   ✓ qid=5832 → output\3423\138855\5832.sgf
2026-05-28 22:44:08,133 [INFO]   ✓ qid=39646 → output\3423\138855\39646.sgf
2026-05-28 22:44:14,224 [INFO]   ✓ qid=43310 → output\3423\138855\43310.sgf
2026-05-28 22:44:20,074 [INFO]   ✓ qid=12596 → output\3423\138855\12596.sgf
2026-05-28 22:44:29,436 [INFO]   ✓ qid=8527 → output\3423\138855\8527.sgf
2026-05-28 22:44:29,437 [INFO]   Libro 3423 completado: 60 OK, 0 fallidos
2026-05-28 22:44:29,438 [INFO] Libro 3421 — https://www.101weiqi.com/book/3421/
2026-05-28 22:44:38,198 [INFO]   '《星星围棋学校》一点死棋型15042368880' — 1 capítulos
2026-05-28 22:44:41,019 [INFO]   Capítulo 139327 '根目录'
2026-05-28 22:44:56,834 [INFO]   ✓ qid=8362 → output\3421\139327\8362.sgf
2026-05-28 22:45:05,355 [INFO]   ✓ qid=43417 → output\3421\139327\43417.sgf
2026-05-28 22:45:16,722 [INFO]   ✓ qid=43341 → output\3421\139327\43341.sgf
2026-05-28 22:45:23,110 [INFO]   ✓ qid=19831 → output\3421\139327\19831.sgf
2026-05-28 22:45:32,815 [INFO]   ✓ qid=21351 → output\3421\139327\21351.sgf
2026-05-28 22:45:41,365 [INFO]   ✓ qid=8729 → output\3421\139327\8729.sgf
2026-05-28 22:45:50,543 [INFO]   ✓ qid=8926 → output\3421\139327\8926.sgf
2026-05-28 22:45:56,312 [INFO]   ✓ qid=7065 → output\3421\139327\7065.sgf
2026-05-28 22:46:04,899 [INFO]   ✓ qid=3640 → output\3421\139327\3640.sgf
2026-05-28 22:46:13,013 [INFO]   ✓ qid=8623 → output\3421\139327\8623.sgf
2026-05-28 22:46:20,337 [INFO]   ✓ qid=39656 → output\3421\139327\39656.sgf
2026-05-28 22:46:30,363 [INFO]   ✓ qid=9075 → output\3421\139327\9075.sgf
2026-05-28 22:46:38,942 [INFO]   ✓ qid=10843 → output\3421\139327\10843.sgf
2026-05-28 22:46:49,229 [INFO]   ✓ qid=8795 → output\3421\139327\8795.sgf
2026-05-28 22:46:57,509 [INFO]   ✓ qid=43311 → output\3421\139327\43311.sgf
2026-05-28 22:47:06,889 [INFO]   ✓ qid=29054 → output\3421\139327\29054.sgf
2026-05-28 22:47:16,208 [INFO]   ✓ qid=5304 → output\3421\139327\5304.sgf
2026-05-28 22:47:23,128 [INFO]   ✓ qid=8336 → output\3421\139327\8336.sgf
2026-05-28 22:47:32,767 [INFO]   ✓ qid=21139 → output\3421\139327\21139.sgf
2026-05-28 22:47:40,387 [INFO]   ✓ qid=21746 → output\3421\139327\21746.sgf
2026-05-28 22:47:47,094 [INFO]   ✓ qid=12041 → output\3421\139327\12041.sgf
2026-05-28 22:47:54,454 [INFO]   ✓ qid=28422 → output\3421\139327\28422.sgf
2026-05-28 22:47:59,987 [INFO]   ✓ qid=10522 → output\3421\139327\10522.sgf
2026-05-28 22:48:06,772 [INFO]   ✓ qid=7224 → output\3421\139327\7224.sgf
2026-05-28 22:48:19,232 [INFO]   ✓ qid=24874 → output\3421\139327\24874.sgf
2026-05-28 22:48:26,185 [INFO]   ✓ qid=8957 → output\3421\139327\8957.sgf
2026-05-28 22:48:34,701 [INFO]   ✓ qid=8894 → output\3421\139327\8894.sgf
2026-05-28 22:48:42,915 [INFO]   ✓ qid=28884 → output\3421\139327\28884.sgf
2026-05-28 22:48:50,921 [INFO]   ✓ qid=4427 → output\3421\139327\4427.sgf
2026-05-28 22:48:56,549 [INFO]   ✓ qid=5474 → output\3421\139327\5474.sgf
2026-05-28 22:49:03,190 [INFO]   ✓ qid=11487 → output\3421\139327\11487.sgf
2026-05-28 22:49:12,782 [INFO]   ✓ qid=21729 → output\3421\139327\21729.sgf
2026-05-28 22:49:22,035 [INFO]   ✓ qid=8195 → output\3421\139327\8195.sgf
2026-05-28 22:49:30,358 [INFO]   ✓ qid=10734 → output\3421\139327\10734.sgf
2026-05-28 22:49:36,537 [INFO]   ✓ qid=21137 → output\3421\139327\21137.sgf
2026-05-28 22:49:43,734 [INFO]   ✓ qid=26281 → output\3421\139327\26281.sgf
2026-05-28 22:49:53,274 [INFO]   ✓ qid=11889 → output\3421\139327\11889.sgf
2026-05-28 22:49:59,807 [INFO]   ✓ qid=23061 → output\3421\139327\23061.sgf
2026-05-28 22:50:05,399 [INFO]   ✓ qid=8606 → output\3421\139327\8606.sgf
2026-05-28 22:50:11,089 [INFO]   ✓ qid=26325 → output\3421\139327\26325.sgf
2026-05-28 22:50:18,317 [INFO]   ✓ qid=7940 → output\3421\139327\7940.sgf
2026-05-28 22:50:26,282 [INFO]   ✓ qid=8883 → output\3421\139327\8883.sgf
2026-05-28 22:50:35,944 [INFO]   ✓ qid=10752 → output\3421\139327\10752.sgf
2026-05-28 22:50:42,033 [INFO]   ✓ qid=20247 → output\3421\139327\20247.sgf
2026-05-28 22:50:51,742 [INFO]   ✓ qid=21718 → output\3421\139327\21718.sgf
2026-05-28 22:50:59,071 [INFO]   ✓ qid=12316 → output\3421\139327\12316.sgf
2026-05-28 22:51:05,694 [INFO]   ✓ qid=28420 → output\3421\139327\28420.sgf
2026-05-28 22:51:12,246 [INFO]   ✓ qid=9091 → output\3421\139327\9091.sgf
2026-05-28 22:51:18,112 [INFO]   ✓ qid=8761 → output\3421\139327\8761.sgf
2026-05-28 22:51:24,177 [INFO]   ✓ qid=20407 → output\3421\139327\20407.sgf
2026-05-28 22:51:31,404 [INFO]   ✓ qid=13649 → output\3421\139327\13649.sgf
2026-05-28 22:51:37,531 [INFO]   ✓ qid=9099 → output\3421\139327\9099.sgf
2026-05-28 22:51:45,839 [INFO]   ✓ qid=8301 → output\3421\139327\8301.sgf
2026-05-28 22:51:54,322 [INFO]   ✓ qid=8989 → output\3421\139327\8989.sgf
2026-05-28 22:52:00,040 [INFO]   ✓ qid=20188 → output\3421\139327\20188.sgf
2026-05-28 22:52:06,949 [INFO]   ✓ qid=8685 → output\3421\139327\8685.sgf
2026-05-28 22:52:14,216 [INFO]   ✓ qid=12678 → output\3421\139327\12678.sgf
2026-05-28 22:52:23,257 [INFO]   ✓ qid=13042 → output\3421\139327\13042.sgf
2026-05-28 22:52:33,036 [INFO]   ✓ qid=8588 → output\3421\139327\8588.sgf
2026-05-28 22:52:39,206 [INFO]   ✓ qid=28865 → output\3421\139327\28865.sgf
2026-05-28 22:52:39,207 [INFO]   Libro 3421 completado: 60 OK, 0 fallidos
2026-05-28 22:52:39,207 [INFO] Libro 3320 — https://www.101weiqi.com/book/3320/
2026-05-28 22:52:48,379 [INFO]   '《星星围棋学校》枷吃题' — 1 capítulos
2026-05-28 22:52:51,159 [INFO]   Capítulo 5581 '《星星围棋学校》枷吃题'
2026-05-28 22:53:07,296 [INFO]   ✓ qid=166 → output\3320\5581\166.sgf
2026-05-28 22:53:18,381 [INFO]   ✓ qid=21275 → output\3320\5581\21275.sgf
2026-05-28 22:53:27,039 [INFO]   ✓ qid=20244 → output\3320\5581\20244.sgf
2026-05-28 22:53:37,428 [INFO]   ✓ qid=169 → output\3320\5581\169.sgf
2026-05-28 22:53:44,377 [INFO]   ✓ qid=10697 → output\3320\5581\10697.sgf
2026-05-28 22:53:54,577 [INFO]   ✓ qid=154 → output\3320\5581\154.sgf
2026-05-28 22:54:04,759 [INFO]   ✓ qid=20002 → output\3320\5581\20002.sgf
2026-05-28 22:54:11,521 [INFO]   ✓ qid=186 → output\3320\5581\186.sgf
2026-05-28 22:54:17,433 [INFO]   ✓ qid=188 → output\3320\5581\188.sgf
2026-05-28 22:54:29,590 [INFO]   ✓ qid=22515 → output\3320\5581\22515.sgf
2026-05-28 22:54:36,137 [INFO]   ✓ qid=5251 → output\3320\5581\5251.sgf
2026-05-28 22:54:45,907 [INFO]   ✓ qid=54262 → output\3320\5581\54262.sgf
2026-05-28 22:54:54,663 [INFO]   ✓ qid=19916 → output\3320\5581\19916.sgf
2026-05-28 22:55:01,147 [INFO]   ✓ qid=28396 → output\3320\5581\28396.sgf
2026-05-28 22:55:07,289 [INFO]   ✓ qid=172 → output\3320\5581\172.sgf
2026-05-28 22:55:16,171 [INFO]   ✓ qid=155 → output\3320\5581\155.sgf
2026-05-28 22:55:23,445 [INFO]   ✓ qid=6891 → output\3320\5581\6891.sgf
2026-05-28 22:55:29,579 [INFO]   ✓ qid=27524 → output\3320\5581\27524.sgf
2026-05-28 22:55:39,033 [INFO]   ✓ qid=43307 → output\3320\5581\43307.sgf
2026-05-28 22:55:47,628 [INFO]   ✓ qid=19987 → output\3320\5581\19987.sgf
2026-05-28 22:55:57,446 [INFO]   ✓ qid=9675 → output\3320\5581\9675.sgf
2026-05-28 22:56:08,115 [INFO]   ✓ qid=41974 → output\3320\5581\41974.sgf
2026-05-28 22:56:17,725 [INFO]   ✓ qid=43126 → output\3320\5581\43126.sgf
2026-05-28 22:56:25,350 [INFO]   ✓ qid=152 → output\3320\5581\152.sgf
2026-05-28 22:56:32,598 [INFO]   ✓ qid=60829 → output\3320\5581\60829.sgf
2026-05-28 22:56:42,036 [INFO]   ✓ qid=147 → output\3320\5581\147.sgf
2026-05-28 22:56:48,800 [INFO]   ✓ qid=180 → output\3320\5581\180.sgf
2026-05-28 22:56:55,876 [INFO]   ✓ qid=173 → output\3320\5581\173.sgf
2026-05-28 22:57:05,364 [INFO]   ✓ qid=22519 → output\3320\5581\22519.sgf
2026-05-28 22:57:13,380 [INFO]   ✓ qid=19985 → output\3320\5581\19985.sgf
2026-05-28 22:57:19,380 [INFO]   ✓ qid=43335 → output\3320\5581\43335.sgf
2026-05-28 22:57:28,408 [INFO]   ✓ qid=184 → output\3320\5581\184.sgf
2026-05-28 22:57:34,216 [INFO]   ✓ qid=51039 → output\3320\5581\51039.sgf
2026-05-28 22:57:40,196 [INFO]   ✓ qid=3647 → output\3320\5581\3647.sgf
2026-05-28 22:57:47,685 [INFO]   ✓ qid=60830 → output\3320\5581\60830.sgf
2026-05-28 22:57:53,527 [INFO]   ✓ qid=5710 → output\3320\5581\5710.sgf
2026-05-28 22:57:59,144 [INFO]   ✓ qid=136 → output\3320\5581\136.sgf
2026-05-28 22:58:08,454 [INFO]   ✓ qid=3733 → output\3320\5581\3733.sgf
2026-05-28 22:58:17,532 [INFO]   ✓ qid=9268 → output\3320\5581\9268.sgf
2026-05-28 22:58:23,172 [INFO]   ✓ qid=19986 → output\3320\5581\19986.sgf
2026-05-28 22:58:29,666 [INFO]   ✓ qid=19990 → output\3320\5581\19990.sgf
2026-05-28 22:58:35,557 [INFO]   ✓ qid=11674 → output\3320\5581\11674.sgf
2026-05-28 22:58:42,316 [INFO]   ✓ qid=11053 → output\3320\5581\11053.sgf
2026-05-28 22:58:52,299 [INFO]   ✓ qid=168 → output\3320\5581\168.sgf
2026-05-28 22:58:57,749 [INFO]   ✓ qid=5285 → output\3320\5581\5285.sgf
2026-05-28 22:59:06,886 [INFO]   ✓ qid=175 → output\3320\5581\175.sgf
2026-05-28 22:59:15,305 [INFO]   ✓ qid=4171 → output\3320\5581\4171.sgf
2026-05-28 22:59:21,380 [INFO]   ✓ qid=195 → output\3320\5581\195.sgf
2026-05-28 22:59:30,264 [INFO]   ✓ qid=174 → output\3320\5581\174.sgf
2026-05-28 22:59:36,332 [INFO]   ✓ qid=236 → output\3320\5581\236.sgf
2026-05-28 22:59:44,842 [INFO]   ✓ qid=185 → output\3320\5581\185.sgf
2026-05-28 22:59:52,207 [INFO]   ✓ qid=8314 → output\3320\5581\8314.sgf
2026-05-28 22:59:58,104 [INFO]   ✓ qid=27360 → output\3320\5581\27360.sgf
2026-05-28 23:00:03,934 [INFO]   ✓ qid=4164 → output\3320\5581\4164.sgf
2026-05-28 23:00:14,230 [INFO]   ✓ qid=9211 → output\3320\5581\9211.sgf
2026-05-28 23:00:22,608 [INFO]   ✓ qid=3421 → output\3320\5581\3421.sgf
2026-05-28 23:00:29,093 [INFO]   ✓ qid=10575 → output\3320\5581\10575.sgf
2026-05-28 23:00:37,232 [INFO]   ✓ qid=43410 → output\3320\5581\43410.sgf
2026-05-28 23:00:47,525 [INFO]   ✓ qid=13138 → output\3320\5581\13138.sgf
2026-05-28 23:00:56,247 [INFO]   ✓ qid=22474 → output\3320\5581\22474.sgf
2026-05-28 23:00:56,249 [INFO]   Libro 3320 completado: 60 OK, 0 fallidos
2026-05-28 23:00:56,250 [INFO] Libro 3323 — https://www.101weiqi.com/book/3323/
2026-05-28 23:01:04,057 [INFO]   '《星星围棋学校》接不归题' — 1 capítulos
2026-05-28 23:01:06,607 [INFO]   Capítulo 5584 '《星星围棋学校》接不归题'
2026-05-28 23:01:23,410 [INFO]   ✓ qid=8181 → output\3323\5584\8181.sgf
2026-05-28 23:01:32,957 [INFO]   ✓ qid=8231 → output\3323\5584\8231.sgf
2026-05-28 23:01:41,691 [INFO]   ✓ qid=8236 → output\3323\5584\8236.sgf
2026-05-28 23:01:50,247 [INFO]   ✓ qid=8263 → output\3323\5584\8263.sgf
2026-05-28 23:01:56,212 [INFO]   ✓ qid=8294 → output\3323\5584\8294.sgf
2026-05-28 23:02:02,469 [INFO]   ✓ qid=8295 → output\3323\5584\8295.sgf
2026-05-28 23:02:10,115 [INFO]   ✓ qid=8302 → output\3323\5584\8302.sgf
2026-05-28 23:02:17,985 [INFO]   ✓ qid=8304 → output\3323\5584\8304.sgf
2026-05-28 23:02:23,442 [INFO]   ✓ qid=8319 → output\3323\5584\8319.sgf
2026-05-28 23:02:30,506 [INFO]   ✓ qid=8323 → output\3323\5584\8323.sgf
2026-05-28 23:02:37,098 [INFO]   ✓ qid=8326 → output\3323\5584\8326.sgf
2026-05-28 23:02:43,309 [INFO]   ✓ qid=8531 → output\3323\5584\8531.sgf
2026-05-28 23:02:50,217 [INFO]   ✓ qid=8684 → output\3323\5584\8684.sgf
2026-05-28 23:02:59,165 [INFO]   ✓ qid=8696 → output\3323\5584\8696.sgf
2026-05-28 23:03:09,258 [INFO]   ✓ qid=8717 → output\3323\5584\8717.sgf
2026-05-28 23:03:17,474 [INFO]   ✓ qid=9427 → output\3323\5584\9427.sgf
2026-05-28 23:03:25,380 [INFO]   ✓ qid=9643 → output\3323\5584\9643.sgf
2026-05-28 23:03:32,131 [INFO]   ✓ qid=10189 → output\3323\5584\10189.sgf
2026-05-28 23:03:41,905 [INFO]   ✓ qid=11853 → output\3323\5584\11853.sgf
2026-05-28 23:03:48,733 [INFO]   ✓ qid=42102 → output\3323\5584\42102.sgf
2026-05-28 23:03:56,618 [INFO]   ✓ qid=61582 → output\3323\5584\61582.sgf
2026-05-28 23:04:03,308 [INFO]   ✓ qid=11953 → output\3323\5584\11953.sgf
2026-05-28 23:04:09,938 [INFO]   ✓ qid=20390 → output\3323\5584\20390.sgf
2026-05-28 23:04:16,596 [INFO]   ✓ qid=5877 → output\3323\5584\5877.sgf
2026-05-28 23:04:22,906 [INFO]   ✓ qid=12060 → output\3323\5584\12060.sgf
2026-05-28 23:04:33,158 [INFO]   ✓ qid=9563 → output\3323\5584\9563.sgf
2026-05-28 23:04:42,152 [INFO]   ✓ qid=13064 → output\3323\5584\13064.sgf
2026-05-28 23:04:51,311 [INFO]   ✓ qid=12110 → output\3323\5584\12110.sgf
2026-05-28 23:04:57,102 [INFO]   ✓ qid=3615 → output\3323\5584\3615.sgf
2026-05-28 23:05:03,514 [INFO]   ✓ qid=10699 → output\3323\5584\10699.sgf
2026-05-28 23:05:09,558 [INFO]   ✓ qid=11836 → output\3323\5584\11836.sgf
2026-05-28 23:05:19,689 [INFO]   ✓ qid=11021 → output\3323\5584\11021.sgf
2026-05-28 23:05:28,714 [INFO]   ✓ qid=10063 → output\3323\5584\10063.sgf
2026-05-28 23:05:36,361 [INFO]   ✓ qid=5777 → output\3323\5584\5777.sgf
2026-05-28 23:05:45,257 [INFO]   ✓ qid=10974 → output\3323\5584\10974.sgf
2026-05-28 23:05:52,013 [INFO]   ✓ qid=9821 → output\3323\5584\9821.sgf
2026-05-28 23:05:59,557 [INFO]   ✓ qid=10831 → output\3323\5584\10831.sgf
2026-05-28 23:06:08,049 [INFO]   ✓ qid=9622 → output\3323\5584\9622.sgf
2026-05-28 23:06:15,188 [INFO]   ✓ qid=9201 → output\3323\5584\9201.sgf
2026-05-28 23:06:23,976 [INFO]   ✓ qid=11543 → output\3323\5584\11543.sgf
2026-05-28 23:06:29,765 [INFO]   ✓ qid=10797 → output\3323\5584\10797.sgf
2026-05-28 23:06:39,575 [INFO]   ✓ qid=11616 → output\3323\5584\11616.sgf
2026-05-28 23:06:46,908 [INFO]   ✓ qid=9757 → output\3323\5584\9757.sgf
2026-05-28 23:06:57,201 [INFO]   ✓ qid=11503 → output\3323\5584\11503.sgf
2026-05-28 23:07:07,269 [INFO]   ✓ qid=3439 → output\3323\5584\3439.sgf
2026-05-28 23:07:14,027 [INFO]   ✓ qid=4804 → output\3323\5584\4804.sgf
2026-05-28 23:07:22,985 [INFO]   ✓ qid=8100 → output\3323\5584\8100.sgf
2026-05-28 23:07:30,661 [INFO]   ✓ qid=8194 → output\3323\5584\8194.sgf
2026-05-28 23:07:39,519 [INFO]   ✓ qid=8318 → output\3323\5584\8318.sgf
2026-05-28 23:07:47,584 [INFO]   ✓ qid=8458 → output\3323\5584\8458.sgf
2026-05-28 23:07:55,033 [INFO]   ✓ qid=8505 → output\3323\5584\8505.sgf
2026-05-28 23:08:02,565 [INFO]   ✓ qid=8740 → output\3323\5584\8740.sgf
2026-05-28 23:08:12,036 [INFO]   ✓ qid=9241 → output\3323\5584\9241.sgf
2026-05-28 23:08:21,288 [INFO]   ✓ qid=9305 → output\3323\5584\9305.sgf
2026-05-28 23:08:28,918 [INFO]   ✓ qid=9670 → output\3323\5584\9670.sgf
2026-05-28 23:08:34,328 [INFO]   ✓ qid=9759 → output\3323\5584\9759.sgf
2026-05-28 23:08:43,967 [INFO]   ✓ qid=9846 → output\3323\5584\9846.sgf
2026-05-28 23:08:51,619 [INFO]   ✓ qid=10238 → output\3323\5584\10238.sgf
2026-05-28 23:08:57,594 [INFO]   ✓ qid=10504 → output\3323\5584\10504.sgf
2026-05-28 23:09:03,847 [INFO]   ✓ qid=10813 → output\3323\5584\10813.sgf
2026-05-28 23:09:03,848 [INFO]   Libro 3323 completado: 60 OK, 0 fallidos
2026-05-28 23:09:03,849 [INFO] Libro 3319 — https://www.101weiqi.com/book/3319/
2026-05-28 23:09:11,042 [INFO]   '《星星围棋学校》门吃题' — 1 capítulos
2026-05-28 23:09:12,782 [INFO]   Capítulo 5580 '《星星围棋学校》门吃题'
2026-05-28 23:09:30,619 [INFO]   ✓ qid=19929 → output\3319\5580\19929.sgf
2026-05-28 23:09:37,569 [INFO]   ✓ qid=9069 → output\3319\5580\9069.sgf
2026-05-28 23:09:45,089 [INFO]   ✓ qid=8467 → output\3319\5580\8467.sgf
2026-05-28 23:09:54,722 [INFO]   ✓ qid=8862 → output\3319\5580\8862.sgf
2026-05-28 23:10:01,149 [INFO]   ✓ qid=8403 → output\3319\5580\8403.sgf
2026-05-28 23:10:10,272 [INFO]   ✓ qid=9144 → output\3319\5580\9144.sgf
2026-05-28 23:10:19,448 [INFO]   ✓ qid=6359 → output\3319\5580\6359.sgf
2026-05-28 23:10:29,735 [INFO]   ✓ qid=8507 → output\3319\5580\8507.sgf
2026-05-28 23:10:40,398 [INFO]   ✓ qid=19925 → output\3319\5580\19925.sgf
2026-05-28 23:10:48,359 [INFO]   ✓ qid=9855 → output\3319\5580\9855.sgf
2026-05-28 23:10:55,451 [INFO]   ✓ qid=8875 → output\3319\5580\8875.sgf
2026-05-28 23:11:01,975 [INFO]   ✓ qid=8917 → output\3319\5580\8917.sgf
2026-05-28 23:11:10,789 [INFO]   ✓ qid=9497 → output\3319\5580\9497.sgf
2026-05-28 23:11:17,962 [INFO]   ✓ qid=9679 → output\3319\5580\9679.sgf
2026-05-28 23:11:28,255 [INFO]   ✓ qid=8629 → output\3319\5580\8629.sgf
2026-05-28 23:11:34,969 [INFO]   ✓ qid=9746 → output\3319\5580\9746.sgf
2026-05-28 23:11:45,286 [INFO]   ✓ qid=19943 → output\3319\5580\19943.sgf
2026-05-28 23:11:52,798 [INFO]   ✓ qid=9184 → output\3319\5580\9184.sgf
2026-05-28 23:12:00,135 [INFO]   ✓ qid=9225 → output\3319\5580\9225.sgf
2026-05-28 23:12:07,470 [INFO]   ✓ qid=12055 → output\3319\5580\12055.sgf
2026-05-28 23:12:16,989 [INFO]   ✓ qid=8586 → output\3319\5580\8586.sgf
2026-05-28 23:12:25,354 [INFO]   ✓ qid=8697 → output\3319\5580\8697.sgf
2026-05-28 23:12:33,561 [INFO]   ✓ qid=8347 → output\3319\5580\8347.sgf
2026-05-28 23:12:40,495 [INFO]   ✓ qid=8297 → output\3319\5580\8297.sgf
2026-05-28 23:12:47,324 [INFO]   ✓ qid=8439 → output\3319\5580\8439.sgf
2026-05-28 23:12:52,941 [INFO]   ✓ qid=61377 → output\3319\5580\61377.sgf
2026-05-28 23:13:01,871 [INFO]   ✓ qid=19928 → output\3319\5580\19928.sgf
2026-05-28 23:13:08,019 [INFO]   ✓ qid=8984 → output\3319\5580\8984.sgf
2026-05-28 23:13:13,893 [INFO]   ✓ qid=9183 → output\3319\5580\9183.sgf
2026-05-28 23:13:21,623 [INFO]   ✓ qid=6935 → output\3319\5580\6935.sgf
2026-05-28 23:13:30,960 [WARNING]   Posible throttling en qid=8889 — pausa 60-120s
2026-05-28 23:15:06,862 [INFO]   ✓ qid=8889 → output\3319\5580\8889.sgf
2026-05-28 23:15:12,968 [INFO]   ✓ qid=10988 → output\3319\5580\10988.sgf
2026-05-28 23:15:19,409 [INFO]   ✓ qid=8363 → output\3319\5580\8363.sgf
2026-05-28 23:15:28,760 [INFO]   ✓ qid=8228 → output\3319\5580\8228.sgf
2026-05-28 23:15:35,375 [INFO]   ✓ qid=8970 → output\3319\5580\8970.sgf
2026-05-28 23:15:43,315 [INFO]   ✓ qid=10029 → output\3319\5580\10029.sgf
2026-05-28 23:15:49,762 [INFO]   ✓ qid=8312 → output\3319\5580\8312.sgf
2026-05-28 23:15:55,913 [INFO]   ✓ qid=10073 → output\3319\5580\10073.sgf
2026-05-28 23:16:06,269 [INFO]   ✓ qid=8648 → output\3319\5580\8648.sgf
2026-05-28 23:16:13,852 [INFO]   ✓ qid=9187 → output\3319\5580\9187.sgf
2026-05-28 23:16:19,386 [INFO]   ✓ qid=9310 → output\3319\5580\9310.sgf
2026-05-28 23:16:26,952 [INFO]   ✓ qid=5692 → output\3319\5580\5692.sgf
2026-05-28 23:16:34,468 [INFO]   ✓ qid=8887 → output\3319\5580\8887.sgf
2026-05-28 23:16:42,154 [INFO]   ✓ qid=8510 → output\3319\5580\8510.sgf
2026-05-28 23:16:51,448 [INFO]   ✓ qid=8247 → output\3319\5580\8247.sgf
2026-05-28 23:16:58,796 [INFO]   ✓ qid=9857 → output\3319\5580\9857.sgf
2026-05-28 23:16:58,796 [INFO]   Libro 3319 completado: 46 OK, 0 fallidos
2026-05-28 23:16:58,797 [INFO] Libro 3321 — https://www.101weiqi.com/book/3321/
2026-05-28 23:17:05,425 [INFO]   '《星星围棋学校》征吃题' — 1 capítulos
2026-05-28 23:17:07,728 [INFO]   Capítulo 5582 '《星星围棋学校》征吃题'
2026-05-28 23:17:27,174 [INFO]   ✓ qid=19839 → output\3321\5582\19839.sgf
2026-05-28 23:17:37,291 [INFO]   ✓ qid=10665 → output\3321\5582\10665.sgf
2026-05-28 23:17:47,388 [INFO]   ✓ qid=14337 → output\3321\5582\14337.sgf
2026-05-28 23:17:56,139 [INFO]   ✓ qid=20009 → output\3321\5582\20009.sgf
2026-05-28 23:18:01,652 [INFO]   ✓ qid=8874 → output\3321\5582\8874.sgf
2026-05-28 23:18:10,442 [INFO]   ✓ qid=6075 → output\3321\5582\6075.sgf
2026-05-28 23:18:16,691 [INFO]   ✓ qid=20553 → output\3321\5582\20553.sgf
2026-05-28 23:18:24,845 [INFO]   ✓ qid=9438 → output\3321\5582\9438.sgf
2026-05-28 23:18:33,689 [INFO]   ✓ qid=8415 → output\3321\5582\8415.sgf
2026-05-28 23:18:44,013 [INFO]   ✓ qid=9159 → output\3321\5582\9159.sgf
2026-05-28 23:18:54,401 [INFO]   ✓ qid=8595 → output\3321\5582\8595.sgf
2026-05-28 23:19:03,929 [INFO]   ✓ qid=43409 → output\3321\5582\43409.sgf
2026-05-28 23:19:13,424 [INFO]   ✓ qid=61921 → output\3321\5582\61921.sgf
2026-05-28 23:19:20,267 [INFO]   ✓ qid=8716 → output\3321\5582\8716.sgf
2026-05-28 23:19:29,460 [INFO]   ✓ qid=8397 → output\3321\5582\8397.sgf
2026-05-28 23:19:36,404 [INFO]   ✓ qid=28349 → output\3321\5582\28349.sgf
2026-05-28 23:19:42,124 [INFO]   ✓ qid=50983 → output\3321\5582\50983.sgf
2026-05-28 23:19:51,869 [INFO]   ✓ qid=1665 → output\3321\5582\1665.sgf
2026-05-28 23:20:00,997 [INFO]   ✓ qid=22881 → output\3321\5582\22881.sgf
2026-05-28 23:20:07,158 [INFO]   ✓ qid=8216 → output\3321\5582\8216.sgf
2026-05-28 23:20:17,425 [INFO]   ✓ qid=52701 → output\3321\5582\52701.sgf
2026-05-28 23:20:24,505 [INFO]   ✓ qid=9149 → output\3321\5582\9149.sgf
2026-05-28 23:20:30,198 [INFO]   ✓ qid=61932 → output\3321\5582\61932.sgf
2026-05-28 23:20:37,895 [INFO]   ✓ qid=12039 → output\3321\5582\12039.sgf
2026-05-28 23:20:43,882 [INFO]   ✓ qid=43336 → output\3321\5582\43336.sgf
2026-05-28 23:20:50,060 [INFO]   ✓ qid=20007 → output\3321\5582\20007.sgf
2026-05-28 23:20:58,178 [INFO]   ✓ qid=50536 → output\3321\5582\50536.sgf
2026-05-28 23:21:07,624 [INFO]   ✓ qid=9039 → output\3321\5582\9039.sgf
2026-05-28 23:21:16,735 [INFO]   ✓ qid=5125 → output\3321\5582\5125.sgf
2026-05-28 23:21:24,905 [INFO]   ✓ qid=8356 → output\3321\5582\8356.sgf
2026-05-28 23:21:31,796 [INFO]   ✓ qid=8202 → output\3321\5582\8202.sgf
2026-05-28 23:21:37,263 [INFO]   ✓ qid=60827 → output\3321\5582\60827.sgf
2026-05-28 23:21:44,968 [INFO]   ✓ qid=42818 → output\3321\5582\42818.sgf
2026-05-28 23:21:53,125 [INFO]   ✓ qid=8748 → output\3321\5582\8748.sgf
2026-05-28 23:21:59,679 [INFO]   ✓ qid=21266 → output\3321\5582\21266.sgf
2026-05-28 23:22:11,002 [INFO]   ✓ qid=27311 → output\3321\5582\27311.sgf
2026-05-28 23:22:27,067 [INFO]   ✓ qid=9631 → output\3321\5582\9631.sgf
2026-05-28 23:22:36,671 [INFO]   ✓ qid=20003 → output\3321\5582\20003.sgf
2026-05-28 23:22:36,672 [INFO]   Libro 3321 completado: 38 OK, 0 fallidos
2026-05-28 23:22:36,672 [INFO] Libro 3318 — https://www.101weiqi.com/book/3318/
2026-05-28 23:22:43,998 [INFO]   '《星星围棋学校》双吃题' — 1 capítulos
2026-05-28 23:22:46,610 [INFO]   Capítulo 5579 '《星星围棋学校》双吃题'
2026-05-28 23:22:59,437 [INFO]   ✓ qid=8987 → output\3318\5579\8987.sgf
2026-05-28 23:23:08,667 [INFO]   ✓ qid=20401 → output\3318\5579\20401.sgf
2026-05-28 23:23:16,025 [INFO]   ✓ qid=9185 → output\3318\5579\9185.sgf
2026-05-28 23:23:25,446 [INFO]   ✓ qid=7008 → output\3318\5579\7008.sgf
2026-05-28 23:23:31,198 [INFO]   ✓ qid=19955 → output\3318\5579\19955.sgf
2026-05-28 23:23:40,054 [INFO]   ✓ qid=19954 → output\3318\5579\19954.sgf
2026-05-28 23:23:48,919 [INFO]   ✓ qid=9122 → output\3318\5579\9122.sgf
2026-05-28 23:23:58,899 [INFO]   ✓ qid=5721 → output\3318\5579\5721.sgf
2026-05-28 23:24:07,671 [INFO]   ✓ qid=6474 → output\3318\5579\6474.sgf
2026-05-28 23:24:16,869 [INFO]   ✓ qid=28115 → output\3318\5579\28115.sgf
2026-05-28 23:24:25,733 [INFO]   ✓ qid=9999 → output\3318\5579\9999.sgf
2026-05-28 23:24:31,605 [INFO]   ✓ qid=12969 → output\3318\5579\12969.sgf
2026-05-28 23:24:41,405 [INFO]   ✓ qid=9239 → output\3318\5579\9239.sgf
2026-05-28 23:24:46,863 [INFO]   ✓ qid=9702 → output\3318\5579\9702.sgf
2026-05-28 23:24:55,941 [INFO]   ✓ qid=4847 → output\3318\5579\4847.sgf
2026-05-28 23:25:03,760 [INFO]   ✓ qid=5168 → output\3318\5579\5168.sgf
2026-05-28 23:25:13,757 [INFO]   ✓ qid=19953 → output\3318\5579\19953.sgf
2026-05-28 23:25:21,454 [INFO]   ✓ qid=57310 → output\3318\5579\57310.sgf
2026-05-28 23:25:28,416 [INFO]   ✓ qid=43415 → output\3318\5579\43415.sgf
2026-05-28 23:25:35,839 [INFO]   ✓ qid=12903 → output\3318\5579\12903.sgf
2026-05-28 23:25:44,192 [INFO]   ✓ qid=19950 → output\3318\5579\19950.sgf
2026-05-28 23:25:54,214 [INFO]   ✓ qid=14583 → output\3318\5579\14583.sgf
2026-05-28 23:26:00,941 [INFO]   ✓ qid=9028 → output\3318\5579\9028.sgf
2026-05-28 23:26:06,793 [INFO]   ✓ qid=54267 → output\3318\5579\54267.sgf
2026-05-28 23:26:13,099 [INFO]   ✓ qid=19956 → output\3318\5579\19956.sgf
2026-05-28 23:26:18,851 [INFO]   ✓ qid=8287 → output\3318\5579\8287.sgf
2026-05-28 23:26:26,738 [INFO]   ✓ qid=10148 → output\3318\5579\10148.sgf
2026-05-28 23:26:32,463 [INFO]   ✓ qid=12778 → output\3318\5579\12778.sgf
2026-05-28 23:26:38,414 [INFO]   ✓ qid=8369 → output\3318\5579\8369.sgf
2026-05-28 23:26:47,569 [INFO]   ✓ qid=27323 → output\3318\5579\27323.sgf
2026-05-28 23:26:47,569 [INFO]   Libro 3318 completado: 30 OK, 0 fallidos
2026-05-28 23:26:47,570 [INFO] Libro 3324 — https://www.101weiqi.com/book/3324/
2026-05-28 23:26:55,081 [INFO]   '《星星围棋学校》倒扑题' — 1 capítulos
2026-05-28 23:26:58,651 [INFO]   Capítulo 5585 '《星星围棋学校》倒扑题'
2026-05-28 23:27:11,234 [INFO]   ✓ qid=62184 → output\3324\5585\62184.sgf
2026-05-28 23:27:21,599 [INFO]   ✓ qid=52443 → output\3324\5585\52443.sgf
2026-05-28 23:27:31,865 [INFO]   ✓ qid=54113 → output\3324\5585\54113.sgf
2026-05-28 23:27:37,959 [INFO]   ✓ qid=65346 → output\3324\5585\65346.sgf
2026-05-28 23:27:47,469 [INFO]   ✓ qid=62129 → output\3324\5585\62129.sgf
2026-05-28 23:27:54,366 [INFO]   ✓ qid=9990 → output\3324\5585\9990.sgf
2026-05-28 23:28:04,313 [INFO]   ✓ qid=25175 → output\3324\5585\25175.sgf
2026-05-28 23:28:14,554 [INFO]   ✓ qid=54235 → output\3324\5585\54235.sgf
2026-05-28 23:28:23,695 [INFO]   ✓ qid=61126 → output\3324\5585\61126.sgf
2026-05-28 23:28:30,866 [INFO]   ✓ qid=64793 → output\3324\5585\64793.sgf
2026-05-28 23:28:41,642 [INFO]   ✓ qid=61504 → output\3324\5585\61504.sgf
2026-05-28 23:28:49,060 [INFO]   ✓ qid=63249 → output\3324\5585\63249.sgf
2026-05-28 23:28:54,852 [INFO]   ✓ qid=56269 → output\3324\5585\56269.sgf
2026-05-28 23:29:04,280 [INFO]   ✓ qid=52896 → output\3324\5585\52896.sgf
2026-05-28 23:29:11,265 [INFO]   ✓ qid=77138 → output\3324\5585\77138.sgf
2026-05-28 23:29:19,785 [INFO]   ✓ qid=55780 → output\3324\5585\55780.sgf
2026-05-28 23:29:28,676 [INFO]   ✓ qid=64745 → output\3324\5585\64745.sgf
2026-05-28 23:29:38,713 [INFO]   ✓ qid=50545 → output\3324\5585\50545.sgf
2026-05-28 23:29:44,514 [INFO]   ✓ qid=62186 → output\3324\5585\62186.sgf
2026-05-28 23:29:52,558 [INFO]   ✓ qid=67494 → output\3324\5585\67494.sgf
2026-05-28 23:30:01,551 [INFO]   ✓ qid=63231 → output\3324\5585\63231.sgf
2026-05-28 23:30:10,787 [INFO]   ✓ qid=9523 → output\3324\5585\9523.sgf
2026-05-28 23:30:20,771 [INFO]   ✓ qid=8838 → output\3324\5585\8838.sgf
2026-05-28 23:30:30,495 [INFO]   ✓ qid=62183 → output\3324\5585\62183.sgf
2026-05-28 23:30:37,992 [INFO]   ✓ qid=77156 → output\3324\5585\77156.sgf
2026-05-28 23:30:47,815 [INFO]   ✓ qid=43148 → output\3324\5585\43148.sgf
2026-05-28 23:30:55,327 [INFO]   ✓ qid=68434 → output\3324\5585\68434.sgf
2026-05-28 23:31:02,758 [INFO]   ✓ qid=25026 → output\3324\5585\25026.sgf
2026-05-28 23:31:11,011 [INFO]   ✓ qid=9771 → output\3324\5585\9771.sgf
2026-05-28 23:31:16,716 [INFO]   ✓ qid=12199 → output\3324\5585\12199.sgf
2026-05-28 23:31:23,590 [INFO]   ✓ qid=8365 → output\3324\5585\8365.sgf
2026-05-28 23:31:29,465 [INFO]   ✓ qid=13966 → output\3324\5585\13966.sgf
2026-05-28 23:31:40,312 [INFO]   ✓ qid=54969 → output\3324\5585\54969.sgf
2026-05-28 23:31:51,931 [INFO]   ✓ qid=55698 → output\3324\5585\55698.sgf
2026-05-28 23:31:57,791 [INFO]   ✓ qid=62128 → output\3324\5585\62128.sgf
2026-05-28 23:32:04,573 [INFO]   ✓ qid=62174 → output\3324\5585\62174.sgf
2026-05-28 23:32:11,548 [INFO]   ✓ qid=62991 → output\3324\5585\62991.sgf
2026-05-28 23:32:21,560 [INFO]   ✓ qid=63020 → output\3324\5585\63020.sgf
2026-05-28 23:32:27,365 [INFO]   ✓ qid=67747 → output\3324\5585\67747.sgf
2026-05-28 23:32:36,083 [INFO]   ✓ qid=68410 → output\3324\5585\68410.sgf
2026-05-28 23:32:44,251 [INFO]   ✓ qid=68428 → output\3324\5585\68428.sgf
2026-05-28 23:32:50,217 [INFO]   ✓ qid=19972 → output\3324\5585\19972.sgf
2026-05-28 23:32:58,724 [INFO]   ✓ qid=53707 → output\3324\5585\53707.sgf
2026-05-28 23:33:04,955 [INFO]   ✓ qid=68411 → output\3324\5585\68411.sgf
2026-05-28 23:33:15,129 [INFO]   ✓ qid=55932 → output\3324\5585\55932.sgf
2026-05-28 23:33:20,546 [INFO]   ✓ qid=10681 → output\3324\5585\10681.sgf
2026-05-28 23:33:29,591 [INFO]   ✓ qid=12474 → output\3324\5585\12474.sgf
2026-05-28 23:33:37,980 [INFO]   ✓ qid=8754 → output\3324\5585\8754.sgf
2026-05-28 23:33:43,821 [INFO]   ✓ qid=4992 → output\3324\5585\4992.sgf
2026-05-28 23:33:57,469 [INFO]   ✓ qid=57384 → output\3324\5585\57384.sgf
2026-05-28 23:34:06,735 [INFO]   ✓ qid=64851 → output\3324\5585\64851.sgf
2026-05-28 23:34:16,102 [INFO]   ✓ qid=22481 → output\3324\5585\22481.sgf
2026-05-28 23:34:24,887 [INFO]   ✓ qid=235 → output\3324\5585\235.sgf
2026-05-28 23:34:30,973 [INFO]   ✓ qid=65512 → output\3324\5585\65512.sgf
2026-05-28 23:34:39,834 [INFO]   ✓ qid=13251 → output\3324\5585\13251.sgf
2026-05-28 23:34:49,160 [INFO]   ✓ qid=56003 → output\3324\5585\56003.sgf
2026-05-28 23:34:59,000 [INFO]   ✓ qid=49610 → output\3324\5585\49610.sgf
2026-05-28 23:35:08,008 [INFO]   ✓ qid=233 → output\3324\5585\233.sgf
2026-05-28 23:35:14,454 [INFO]   ✓ qid=63006 → output\3324\5585\63006.sgf
2026-05-28 23:35:20,272 [INFO]   ✓ qid=13105 → output\3324\5585\13105.sgf
2026-05-28 23:35:20,273 [INFO]   Libro 3324 completado: 60 OK, 0 fallidos
2026-05-28 23:35:20,274 [INFO] Libro 3234 — https://www.101weiqi.com/book/3234/
2026-05-28 23:35:26,296 [INFO]   '《星星围棋学校》抱吃题' — 1 capítulos
2026-05-28 23:35:28,687 [INFO]   Capítulo 5509 '《星星围棋学校》抱吃题'
2026-05-28 23:35:43,012 [INFO]   ✓ qid=9229 → output\3234\5509\9229.sgf
2026-05-28 23:35:50,446 [INFO]   ✓ qid=8810 → output\3234\5509\8810.sgf
2026-05-28 23:36:00,311 [INFO]   ✓ qid=9126 → output\3234\5509\9126.sgf
2026-05-28 23:36:05,734 [INFO]   ✓ qid=8298 → output\3234\5509\8298.sgf
2026-05-28 23:36:13,767 [INFO]   ✓ qid=10002 → output\3234\5509\10002.sgf
2026-05-28 23:36:23,961 [INFO]   ✓ qid=54307 → output\3234\5509\54307.sgf
2026-05-28 23:36:33,626 [INFO]   ✓ qid=8189 → output\3234\5509\8189.sgf
2026-05-28 23:36:41,794 [INFO]   ✓ qid=9419 → output\3234\5509\9419.sgf
2026-05-28 23:36:49,499 [INFO]   ✓ qid=9029 → output\3234\5509\9029.sgf
2026-05-28 23:36:56,615 [INFO]   ✓ qid=153 → output\3234\5509\153.sgf
2026-05-28 23:37:05,819 [INFO]   ✓ qid=19947 → output\3234\5509\19947.sgf
2026-05-28 23:37:15,692 [INFO]   ✓ qid=8265 → output\3234\5509\8265.sgf
2026-05-28 23:37:22,163 [INFO]   ✓ qid=8528 → output\3234\5509\8528.sgf
2026-05-28 23:37:27,958 [INFO]   ✓ qid=9243 → output\3234\5509\9243.sgf
2026-05-28 23:37:38,298 [INFO]   ✓ qid=9282 → output\3234\5509\9282.sgf
2026-05-28 23:37:47,492 [INFO]   ✓ qid=9653 → output\3234\5509\9653.sgf
2026-05-28 23:37:56,646 [INFO]   ✓ qid=9268 → output\3234\5509\9268.sgf
2026-05-28 23:38:06,693 [INFO]   ✓ qid=19945 → output\3234\5509\19945.sgf
2026-05-28 23:38:16,000 [INFO]   ✓ qid=10185 → output\3234\5509\10185.sgf
2026-05-28 23:38:22,483 [INFO]   ✓ qid=9390 → output\3234\5509\9390.sgf
2026-05-28 23:38:27,993 [INFO]   ✓ qid=19946 → output\3234\5509\19946.sgf
2026-05-28 23:38:33,711 [INFO]   ✓ qid=10066 → output\3234\5509\10066.sgf
2026-05-28 23:38:41,250 [INFO]   ✓ qid=43615 → output\3234\5509\43615.sgf
2026-05-28 23:38:49,779 [INFO]   ✓ qid=8551 → output\3234\5509\8551.sgf
2026-05-28 23:38:59,815 [INFO]   ✓ qid=8852 → output\3234\5509\8852.sgf
2026-05-28 23:39:09,819 [INFO]   ✓ qid=8349 → output\3234\5509\8349.sgf
2026-05-28 23:39:16,820 [INFO]   ✓ qid=12669 → output\3234\5509\12669.sgf
2026-05-28 23:39:25,404 [INFO]   ✓ qid=9058 → output\3234\5509\9058.sgf
2026-05-28 23:39:31,144 [INFO]   ✓ qid=8225 → output\3234\5509\8225.sgf
2026-05-28 23:39:38,627 [INFO]   ✓ qid=9674 → output\3234\5509\9674.sgf
2026-05-28 23:39:44,127 [INFO]   ✓ qid=157 → output\3234\5509\157.sgf
2026-05-28 23:39:50,744 [INFO]   ✓ qid=8423 → output\3234\5509\8423.sgf
2026-05-28 23:39:59,792 [INFO]   ✓ qid=9072 → output\3234\5509\9072.sgf
2026-05-28 23:40:07,190 [INFO]   ✓ qid=9886 → output\3234\5509\9886.sgf
2026-05-28 23:40:13,639 [INFO]   ✓ qid=9083 → output\3234\5509\9083.sgf
2026-05-28 23:40:19,695 [INFO]   ✓ qid=8522 → output\3234\5509\8522.sgf
2026-05-28 23:40:25,338 [INFO]   ✓ qid=10187 → output\3234\5509\10187.sgf
2026-05-28 23:40:33,785 [INFO]   ✓ qid=11500 → output\3234\5509\11500.sgf
2026-05-28 23:40:43,080 [INFO]   ✓ qid=9316 → output\3234\5509\9316.sgf
2026-05-28 23:40:50,154 [INFO]   ✓ qid=9019 → output\3234\5509\9019.sgf
2026-05-28 23:40:55,941 [INFO]   ✓ qid=8430 → output\3234\5509\8430.sgf
2026-05-28 23:41:03,429 [INFO]   ✓ qid=9150 → output\3234\5509\9150.sgf
2026-05-28 23:41:11,102 [INFO]   ✓ qid=8361 → output\3234\5509\8361.sgf
2026-05-28 23:41:18,392 [INFO]   ✓ qid=3656 → output\3234\5509\3656.sgf
2026-05-28 23:41:28,759 [INFO]   ✓ qid=9727 → output\3234\5509\9727.sgf
2026-05-28 23:41:34,396 [INFO]   ✓ qid=9480 → output\3234\5509\9480.sgf
2026-05-28 23:41:44,685 [INFO]   ✓ qid=8250 → output\3234\5509\8250.sgf
2026-05-28 23:41:50,537 [INFO]   ✓ qid=10052 → output\3234\5509\10052.sgf
2026-05-28 23:41:58,611 [INFO]   ✓ qid=9794 → output\3234\5509\9794.sgf
2026-05-28 23:42:05,903 [INFO]   ✓ qid=22595 → output\3234\5509\22595.sgf
2026-05-28 23:42:13,129 [INFO]   ✓ qid=8517 → output\3234\5509\8517.sgf
2026-05-28 23:42:22,483 [INFO]   ✓ qid=10785 → output\3234\5509\10785.sgf
2026-05-28 23:42:30,350 [INFO]   ✓ qid=9755 → output\3234\5509\9755.sgf
2026-05-28 23:42:35,919 [INFO]   ✓ qid=19948 → output\3234\5509\19948.sgf
2026-05-28 23:42:45,934 [INFO]   ✓ qid=43656 → output\3234\5509\43656.sgf
2026-05-28 23:42:52,957 [INFO]   ✓ qid=10322 → output\3234\5509\10322.sgf
2026-05-28 23:43:02,806 [INFO]   ✓ qid=9463 → output\3234\5509\9463.sgf
2026-05-28 23:43:12,834 [INFO]   ✓ qid=43610 → output\3234\5509\43610.sgf
2026-05-28 23:43:18,448 [INFO]   ✓ qid=5596 → output\3234\5509\5596.sgf
2026-05-28 23:43:18,449 [INFO]   Libro 3234 completado: 59 OK, 0 fallidos
2026-05-28 23:43:18,450 [INFO] Libro 1054 — https://www.101weiqi.com/book/1054/
2026-05-28 23:43:26,268 [INFO]   '圍棋死活入門' — 5 capítulos
2026-05-28 23:43:32,644 [INFO]   Capítulo 2391 '死活入門(1)'
2026-05-28 23:43:50,081 [INFO]   ✓ qid=53641 → output\1054\2391\53641.sgf
2026-05-28 23:43:55,513 [INFO]   ✓ qid=53642 → output\1054\2391\53642.sgf
2026-05-28 23:44:05,011 [INFO]   ✓ qid=53643 → output\1054\2391\53643.sgf
2026-05-28 23:44:15,270 [INFO]   ✓ qid=53644 → output\1054\2391\53644.sgf
2026-05-28 23:44:21,861 [INFO]   ✓ qid=9538 → output\1054\2391\9538.sgf
2026-05-28 23:44:28,409 [INFO]   ✓ qid=9391 → output\1054\2391\9391.sgf
2026-05-28 23:44:36,980 [INFO]   ✓ qid=19982 → output\1054\2391\19982.sgf
2026-05-28 23:44:44,838 [INFO]   ✓ qid=23061 → output\1054\2391\23061.sgf
2026-05-28 23:44:54,663 [INFO]   ✓ qid=12084 → output\1054\2391\12084.sgf
2026-05-28 23:45:03,541 [INFO]   ✓ qid=8514 → output\1054\2391\8514.sgf
2026-05-28 23:45:08,986 [INFO]   ✓ qid=11526 → output\1054\2391\11526.sgf
2026-05-28 23:45:19,209 [INFO]   ✓ qid=9127 → output\1054\2391\9127.sgf
2026-05-28 23:45:26,968 [INFO]   ✓ qid=9671 → output\1054\2391\9671.sgf
2026-05-28 23:45:33,535 [INFO]   ✓ qid=10251 → output\1054\2391\10251.sgf
2026-05-28 23:45:39,764 [INFO]   ✓ qid=7440 → output\1054\2391\7440.sgf
2026-05-28 23:45:49,800 [INFO]   ✓ qid=12697 → output\1054\2391\12697.sgf
2026-05-28 23:45:56,747 [INFO]   ✓ qid=4174 → output\1054\2391\4174.sgf
2026-05-28 23:46:04,220 [INFO]   ✓ qid=6911 → output\1054\2391\6911.sgf
2026-05-28 23:46:13,559 [INFO]   ✓ qid=8219 → output\1054\2391\8219.sgf
2026-05-28 23:46:20,715 [INFO]   ✓ qid=9724 → output\1054\2391\9724.sgf
2026-05-28 23:46:28,040 [INFO]   ✓ qid=9345 → output\1054\2391\9345.sgf
2026-05-28 23:46:34,888 [INFO]   ✓ qid=9763 → output\1054\2391\9763.sgf
2026-05-28 23:46:44,957 [INFO]   ✓ qid=4860 → output\1054\2391\4860.sgf
2026-05-28 23:46:52,211 [INFO]   ✓ qid=22014 → output\1054\2391\22014.sgf
2026-05-28 23:47:05,614 [INFO]   ✓ qid=22128 → output\1054\2391\22128.sgf
2026-05-28 23:47:15,155 [INFO]   ✓ qid=51477 → output\1054\2391\51477.sgf
2026-05-28 23:47:21,568 [INFO]   ✓ qid=9410 → output\1054\2391\9410.sgf
2026-05-28 23:47:31,917 [INFO]   ✓ qid=10017 → output\1054\2391\10017.sgf
2026-05-28 23:47:39,683 [INFO]   ✓ qid=9521 → output\1054\2391\9521.sgf
2026-05-28 23:47:49,869 [INFO]   ✓ qid=9647 → output\1054\2391\9647.sgf
2026-05-28 23:48:01,860 [INFO]   ✓ qid=10403 → output\1054\2391\10403.sgf
2026-05-28 23:48:07,971 [INFO]   ✓ qid=9552 → output\1054\2391\9552.sgf
2026-05-28 23:48:17,937 [INFO]   ✓ qid=9214 → output\1054\2391\9214.sgf
2026-05-28 23:48:26,877 [INFO]   ✓ qid=9867 → output\1054\2391\9867.sgf
2026-05-28 23:48:34,498 [INFO]   ✓ qid=8903 → output\1054\2391\8903.sgf
2026-05-28 23:48:43,770 [INFO]   ✓ qid=21869 → output\1054\2391\21869.sgf
2026-05-28 23:48:53,642 [INFO]   ✓ qid=6912 → output\1054\2391\6912.sgf
2026-05-28 23:49:01,762 [INFO]   ✓ qid=11599 → output\1054\2391\11599.sgf
2026-05-28 23:49:07,541 [INFO]   ✓ qid=28419 → output\1054\2391\28419.sgf
2026-05-28 23:49:17,393 [INFO]   ✓ qid=11588 → output\1054\2391\11588.sgf
2026-05-28 23:49:25,693 [INFO]   ✓ qid=39636 → output\1054\2391\39636.sgf
2026-05-28 23:49:34,563 [INFO]   ✓ qid=20855 → output\1054\2391\20855.sgf
2026-05-28 23:49:41,136 [INFO]   ✓ qid=8699 → output\1054\2391\8699.sgf
2026-05-28 23:49:46,628 [INFO]   ✓ qid=11453 → output\1054\2391\11453.sgf
2026-05-28 23:49:54,664 [INFO]   ✓ qid=51369 → output\1054\2391\51369.sgf
2026-05-28 23:50:03,568 [INFO]   ✓ qid=51098 → output\1054\2391\51098.sgf
2026-05-28 23:50:10,971 [INFO]   ✓ qid=9321 → output\1054\2391\9321.sgf
2026-05-28 23:50:20,838 [INFO]   ✓ qid=9070 → output\1054\2391\9070.sgf
2026-05-28 23:50:27,226 [INFO]   ✓ qid=10478 → output\1054\2391\10478.sgf
2026-05-28 23:50:37,023 [INFO]   ✓ qid=9010 → output\1054\2391\9010.sgf
2026-05-28 23:50:44,721 [INFO]   ✓ qid=22228 → output\1054\2391\22228.sgf
2026-05-28 23:50:53,323 [INFO]   ✓ qid=4425 → output\1054\2391\4425.sgf
2026-05-28 23:51:01,329 [INFO]   ✓ qid=11942 → output\1054\2391\11942.sgf
2026-05-28 23:51:11,458 [INFO]   ✓ qid=9192 → output\1054\2391\9192.sgf
2026-05-28 23:51:16,927 [INFO]   ✓ qid=9375 → output\1054\2391\9375.sgf
2026-05-28 23:51:22,350 [INFO]   ✓ qid=11287 → output\1054\2391\11287.sgf
2026-05-28 23:51:31,182 [INFO]   ✓ qid=20156 → output\1054\2391\20156.sgf
2026-05-28 23:51:37,691 [INFO]   ✓ qid=9810 → output\1054\2391\9810.sgf
2026-05-28 23:51:47,395 [INFO]   ✓ qid=4703 → output\1054\2391\4703.sgf
2026-05-28 23:51:55,948 [INFO]   ✓ qid=8659 → output\1054\2391\8659.sgf
2026-05-28 23:51:55,949 [INFO]   Capítulo 2392 '死活入門(2)'
2026-05-28 23:52:13,557 [INFO]   ✓ qid=53645 → output\1054\2392\53645.sgf
2026-05-28 23:52:22,059 [INFO]   ✓ qid=53646 → output\1054\2392\53646.sgf
2026-05-28 23:52:27,593 [INFO]   ✓ qid=53648 → output\1054\2392\53648.sgf
2026-05-28 23:52:35,190 [INFO]   ✓ qid=53649 → output\1054\2392\53649.sgf
2026-05-28 23:52:45,129 [INFO]   ✓ qid=53650 → output\1054\2392\53650.sgf
2026-05-28 23:52:51,901 [INFO]   ✓ qid=53651 → output\1054\2392\53651.sgf
2026-05-28 23:53:01,556 [INFO]   ✓ qid=53652 → output\1054\2392\53652.sgf
2026-05-28 23:53:10,660 [INFO]   ✓ qid=53653 → output\1054\2392\53653.sgf
2026-05-28 23:53:16,423 [INFO]   ✓ qid=53654 → output\1054\2392\53654.sgf
2026-05-28 23:53:26,493 [INFO]   ✓ qid=53655 → output\1054\2392\53655.sgf
2026-05-28 23:53:36,647 [INFO]   ✓ qid=53656 → output\1054\2392\53656.sgf
2026-05-28 23:53:46,593 [INFO]   ✓ qid=53657 → output\1054\2392\53657.sgf
2026-05-28 23:53:54,893 [INFO]   ✓ qid=53658 → output\1054\2392\53658.sgf
2026-05-28 23:54:01,330 [INFO]   ✓ qid=53659 → output\1054\2392\53659.sgf
2026-05-28 23:54:09,738 [INFO]   ✓ qid=53660 → output\1054\2392\53660.sgf
2026-05-28 23:54:15,496 [INFO]   ✓ qid=53661 → output\1054\2392\53661.sgf
2026-05-28 23:54:23,921 [INFO]   ✓ qid=53662 → output\1054\2392\53662.sgf
2026-05-28 23:54:30,457 [INFO]   ✓ qid=53663 → output\1054\2392\53663.sgf
2026-05-28 23:54:39,948 [INFO]   ✓ qid=53664 → output\1054\2392\53664.sgf
2026-05-28 23:54:49,343 [INFO]   ✓ qid=53665 → output\1054\2392\53665.sgf
2026-05-28 23:54:54,966 [INFO]   ✓ qid=53666 → output\1054\2392\53666.sgf
2026-05-28 23:55:01,624 [INFO]   ✓ qid=53667 → output\1054\2392\53667.sgf
2026-05-28 23:55:07,481 [INFO]   ✓ qid=53669 → output\1054\2392\53669.sgf
2026-05-28 23:55:16,072 [INFO]   ✓ qid=53670 → output\1054\2392\53670.sgf
2026-05-28 23:55:23,804 [INFO]   ✓ qid=53671 → output\1054\2392\53671.sgf
2026-05-28 23:55:30,908 [INFO]   ✓ qid=53672 → output\1054\2392\53672.sgf
2026-05-28 23:55:37,606 [INFO]   ✓ qid=53673 → output\1054\2392\53673.sgf
2026-05-28 23:55:44,166 [INFO]   ✓ qid=53674 → output\1054\2392\53674.sgf
2026-05-28 23:55:52,745 [INFO]   ✓ qid=53676 → output\1054\2392\53676.sgf
2026-05-28 23:56:02,126 [INFO]   ✓ qid=53096 → output\1054\2392\53096.sgf
2026-05-28 23:56:08,249 [INFO]   ✓ qid=53700 → output\1054\2392\53700.sgf
2026-05-28 23:56:16,536 [INFO]   ✓ qid=53701 → output\1054\2392\53701.sgf
2026-05-28 23:56:24,093 [INFO]   ✓ qid=53702 → output\1054\2392\53702.sgf
2026-05-28 23:56:32,079 [INFO]   ✓ qid=53703 → output\1054\2392\53703.sgf
2026-05-28 23:56:37,765 [INFO]   ✓ qid=53704 → output\1054\2392\53704.sgf
2026-05-28 23:56:46,480 [INFO]   ✓ qid=53706 → output\1054\2392\53706.sgf
2026-05-28 23:56:56,638 [INFO]   ✓ qid=53707 → output\1054\2392\53707.sgf
2026-05-28 23:57:06,499 [WARNING]   Posible throttling en qid=53708 — pausa 60-120s
2026-05-28 23:58:09,905 [INFO]   ✓ qid=53708 → output\1054\2392\53708.sgf
2026-05-28 23:58:18,949 [INFO]   ✓ qid=5112 → output\1054\2392\5112.sgf
2026-05-28 23:58:28,992 [INFO]   ✓ qid=53709 → output\1054\2392\53709.sgf
2026-05-28 23:58:35,729 [INFO]   ✓ qid=53710 → output\1054\2392\53710.sgf
2026-05-28 23:58:44,292 [INFO]   ✓ qid=53711 → output\1054\2392\53711.sgf
2026-05-28 23:58:53,193 [INFO]   ✓ qid=53712 → output\1054\2392\53712.sgf
2026-05-28 23:58:58,816 [INFO]   ✓ qid=53713 → output\1054\2392\53713.sgf
2026-05-28 23:59:07,745 [INFO]   ✓ qid=53714 → output\1054\2392\53714.sgf
2026-05-28 23:59:17,588 [INFO]   ✓ qid=53715 → output\1054\2392\53715.sgf
2026-05-28 23:59:23,032 [INFO]   ✓ qid=53716 → output\1054\2392\53716.sgf
2026-05-28 23:59:32,834 [INFO]   ✓ qid=53717 → output\1054\2392\53717.sgf
2026-05-28 23:59:40,322 [INFO]   ✓ qid=53719 → output\1054\2392\53719.sgf
2026-05-28 23:59:46,552 [INFO]   ✓ qid=53782 → output\1054\2392\53782.sgf
2026-05-28 23:59:54,416 [INFO]   ✓ qid=53783 → output\1054\2392\53783.sgf
2026-05-29 00:00:02,535 [INFO]   ✓ qid=53784 → output\1054\2392\53784.sgf
2026-05-29 00:00:08,828 [INFO]   ✓ qid=53785 → output\1054\2392\53785.sgf
2026-05-29 00:00:16,099 [INFO]   ✓ qid=53786 → output\1054\2392\53786.sgf
2026-05-29 00:00:23,255 [INFO]   ✓ qid=53787 → output\1054\2392\53787.sgf
2026-05-29 00:00:29,236 [INFO]   ✓ qid=53788 → output\1054\2392\53788.sgf
2026-05-29 00:00:36,627 [INFO]   ✓ qid=53789 → output\1054\2392\53789.sgf
2026-05-29 00:00:44,815 [INFO]   ✓ qid=53790 → output\1054\2392\53790.sgf
2026-05-29 00:00:52,830 [INFO]   ✓ qid=53791 → output\1054\2392\53791.sgf
2026-05-29 00:01:00,891 [INFO]   ✓ qid=53792 → output\1054\2392\53792.sgf
2026-05-29 00:01:00,892 [INFO]   Capítulo 2393 '死活入門(3)'
2026-05-29 00:01:19,105 [INFO]   ✓ qid=9081 → output\1054\2393\9081.sgf
2026-05-29 00:01:25,100 [INFO]   ✓ qid=28421 → output\1054\2393\28421.sgf
2026-05-29 00:01:30,869 [INFO]   ✓ qid=48761 → output\1054\2393\48761.sgf
2026-05-29 00:01:38,460 [INFO]   ✓ qid=8864 → output\1054\2393\8864.sgf
2026-05-29 00:01:46,764 [INFO]   ✓ qid=3724 → output\1054\2393\3724.sgf
2026-05-29 00:01:53,805 [INFO]   ✓ qid=10063 → output\1054\2393\10063.sgf
2026-05-29 00:02:03,997 [INFO]   ✓ qid=42847 → output\1054\2393\42847.sgf
2026-05-29 00:02:09,922 [INFO]   ✓ qid=11870 → output\1054\2393\11870.sgf
2026-05-29 00:02:15,990 [INFO]   ✓ qid=11171 → output\1054\2393\11171.sgf
2026-05-29 00:02:24,220 [INFO]   ✓ qid=9039 → output\1054\2393\9039.sgf
2026-05-29 00:02:31,339 [INFO]   ✓ qid=10649 → output\1054\2393\10649.sgf
2026-05-29 00:02:41,270 [INFO]   ✓ qid=21964 → output\1054\2393\21964.sgf
2026-05-29 00:02:48,215 [INFO]   ✓ qid=10814 → output\1054\2393\10814.sgf
2026-05-29 00:02:56,278 [INFO]   ✓ qid=8222 → output\1054\2393\8222.sgf
2026-05-29 00:03:03,513 [INFO]   ✓ qid=9208 → output\1054\2393\9208.sgf
2026-05-29 00:03:11,391 [INFO]   ✓ qid=42974 → output\1054\2393\42974.sgf
2026-05-29 00:03:17,063 [INFO]   ✓ qid=8806 → output\1054\2393\8806.sgf
2026-05-29 00:03:26,790 [INFO]   ✓ qid=42620 → output\1054\2393\42620.sgf
2026-05-29 00:03:37,080 [INFO]   ✓ qid=45147 → output\1054\2393\45147.sgf
2026-05-29 00:03:46,839 [INFO]   ✓ qid=51081 → output\1054\2393\51081.sgf
2026-05-29 00:03:52,785 [INFO]   ✓ qid=8406 → output\1054\2393\8406.sgf
2026-05-29 00:04:02,527 [INFO]   ✓ qid=51067 → output\1054\2393\51067.sgf
2026-05-29 00:04:08,292 [INFO]   ✓ qid=566 → output\1054\2393\566.sgf
2026-05-29 00:04:14,386 [INFO]   ✓ qid=20991 → output\1054\2393\20991.sgf
2026-05-29 00:04:22,927 [INFO]   ✓ qid=8205 → output\1054\2393\8205.sgf
2026-05-29 00:04:33,287 [INFO]   ✓ qid=8674 → output\1054\2393\8674.sgf
2026-05-29 00:04:39,124 [INFO]   ✓ qid=22134 → output\1054\2393\22134.sgf
2026-05-29 00:04:48,216 [INFO]   ✓ qid=1119 → output\1054\2393\1119.sgf
2026-05-29 00:04:55,301 [INFO]   ✓ qid=6189 → output\1054\2393\6189.sgf
2026-05-29 00:05:04,830 [INFO]   ✓ qid=9191 → output\1054\2393\9191.sgf
2026-05-29 00:05:12,688 [INFO]   ✓ qid=11860 → output\1054\2393\11860.sgf
2026-05-29 00:05:21,882 [INFO]   ✓ qid=10849 → output\1054\2393\10849.sgf
2026-05-29 00:05:30,300 [INFO]   ✓ qid=12115 → output\1054\2393\12115.sgf
2026-05-29 00:05:37,744 [INFO]   ✓ qid=9385 → output\1054\2393\9385.sgf
2026-05-29 00:05:45,457 [INFO]   ✓ qid=6317 → output\1054\2393\6317.sgf
2026-05-29 00:05:50,853 [INFO]   ✓ qid=51083 → output\1054\2393\51083.sgf
2026-05-29 00:05:59,781 [INFO]   ✓ qid=20262 → output\1054\2393\20262.sgf
2026-05-29 00:06:11,816 [INFO]   ✓ qid=10523 → output\1054\2393\10523.sgf
2026-05-29 00:06:21,843 [INFO]   ✓ qid=11808 → output\1054\2393\11808.sgf
2026-05-29 00:06:29,975 [INFO]   ✓ qid=21892 → output\1054\2393\21892.sgf
2026-05-29 00:06:38,422 [INFO]   ✓ qid=5246 → output\1054\2393\5246.sgf
2026-05-29 00:06:47,510 [INFO]   ✓ qid=8431 → output\1054\2393\8431.sgf
2026-05-29 00:06:56,000 [INFO]   ✓ qid=13035 → output\1054\2393\13035.sgf
2026-05-29 00:07:06,093 [INFO]   ✓ qid=9850 → output\1054\2393\9850.sgf
2026-05-29 00:07:15,016 [INFO]   ✓ qid=25168 → output\1054\2393\25168.sgf
2026-05-29 00:07:21,830 [INFO]   ✓ qid=22535 → output\1054\2393\22535.sgf
2026-05-29 00:07:31,599 [INFO]   ✓ qid=13012 → output\1054\2393\13012.sgf
2026-05-29 00:07:41,318 [INFO]   ✓ qid=9543 → output\1054\2393\9543.sgf
2026-05-29 00:07:50,259 [INFO]   ✓ qid=49374 → output\1054\2393\49374.sgf
2026-05-29 00:07:57,711 [INFO]   ✓ qid=9888 → output\1054\2393\9888.sgf
2026-05-29 00:08:03,235 [INFO]   ✓ qid=51378 → output\1054\2393\51378.sgf
2026-05-29 00:08:11,503 [INFO]   ✓ qid=50695 → output\1054\2393\50695.sgf
2026-05-29 00:08:20,140 [INFO]   ✓ qid=20096 → output\1054\2393\20096.sgf
2026-05-29 00:08:27,357 [INFO]   ✓ qid=21868 → output\1054\2393\21868.sgf
2026-05-29 00:08:35,571 [INFO]   ✓ qid=8477 → output\1054\2393\8477.sgf
2026-05-29 00:08:45,648 [INFO]   ✓ qid=5508 → output\1054\2393\5508.sgf
2026-05-29 00:08:56,844 [INFO]   ✓ qid=10756 → output\1054\2393\10756.sgf
2026-05-29 00:09:05,840 [INFO]   ✓ qid=1298 → output\1054\2393\1298.sgf
2026-05-29 00:09:14,226 [INFO]   ✓ qid=51099 → output\1054\2393\51099.sgf
2026-05-29 00:09:24,322 [INFO]   ✓ qid=12151 → output\1054\2393\12151.sgf
2026-05-29 00:09:24,324 [INFO]   Capítulo 2413 '死活入門(4)'
2026-05-29 00:09:40,161 [INFO]   ✓ qid=53847 → output\1054\2413\53847.sgf
2026-05-29 00:09:46,601 [INFO]   ✓ qid=53848 → output\1054\2413\53848.sgf
2026-05-29 00:09:55,917 [INFO]   ✓ qid=53849 → output\1054\2413\53849.sgf
2026-05-29 00:10:01,657 [INFO]   ✓ qid=53850 → output\1054\2413\53850.sgf
2026-05-29 00:10:10,549 [INFO]   ✓ qid=21139 → output\1054\2413\21139.sgf
2026-05-29 00:10:20,726 [INFO]   ✓ qid=53851 → output\1054\2413\53851.sgf
2026-05-29 00:10:28,280 [INFO]   ✓ qid=25451 → output\1054\2413\25451.sgf
2026-05-29 00:10:35,588 [INFO]   ✓ qid=53853 → output\1054\2413\53853.sgf
2026-05-29 00:10:43,004 [INFO]   ✓ qid=53855 → output\1054\2413\53855.sgf
2026-05-29 00:10:53,363 [INFO]   ✓ qid=53861 → output\1054\2413\53861.sgf
2026-05-29 00:11:02,847 [INFO]   ✓ qid=53862 → output\1054\2413\53862.sgf
2026-05-29 00:11:12,024 [INFO]   ✓ qid=53863 → output\1054\2413\53863.sgf
2026-05-29 00:11:21,254 [INFO]   ✓ qid=53865 → output\1054\2413\53865.sgf
2026-05-29 00:11:27,106 [INFO]   ✓ qid=53867 → output\1054\2413\53867.sgf
2026-05-29 00:11:35,204 [INFO]   ✓ qid=53868 → output\1054\2413\53868.sgf
2026-05-29 00:11:45,137 [INFO]   ✓ qid=53869 → output\1054\2413\53869.sgf
2026-05-29 00:11:51,231 [INFO]   ✓ qid=9822 → output\1054\2413\9822.sgf
2026-05-29 00:12:01,280 [INFO]   ✓ qid=21744 → output\1054\2413\21744.sgf
2026-05-29 00:12:09,903 [INFO]   ✓ qid=43684 → output\1054\2413\43684.sgf
2026-05-29 00:12:20,344 [INFO]   ✓ qid=28904 → output\1054\2413\28904.sgf
2026-05-29 00:12:25,995 [INFO]   ✓ qid=22156 → output\1054\2413\22156.sgf
2026-05-29 00:12:31,531 [INFO]   ✓ qid=53872 → output\1054\2413\53872.sgf
2026-05-29 00:12:37,045 [INFO]   ✓ qid=53873 → output\1054\2413\53873.sgf
2026-05-29 00:12:42,456 [INFO]   ✓ qid=44008 → output\1054\2413\44008.sgf
2026-05-29 00:12:48,717 [INFO]   ✓ qid=3357 → output\1054\2413\3357.sgf
2026-05-29 00:12:58,304 [INFO]   ✓ qid=8485 → output\1054\2413\8485.sgf
2026-05-29 00:13:04,284 [INFO]   ✓ qid=12475 → output\1054\2413\12475.sgf
2026-05-29 00:13:12,911 [INFO]   ✓ qid=9278 → output\1054\2413\9278.sgf
2026-05-29 00:13:19,372 [INFO]   ✓ qid=11105 → output\1054\2413\11105.sgf
2026-05-29 00:13:26,100 [INFO]   ✓ qid=8628 → output\1054\2413\8628.sgf
2026-05-29 00:13:34,695 [INFO]   ✓ qid=20974 → output\1054\2413\20974.sgf
2026-05-29 00:13:44,730 [INFO]   ✓ qid=10791 → output\1054\2413\10791.sgf
2026-05-29 00:13:51,265 [INFO]   ✓ qid=9048 → output\1054\2413\9048.sgf
2026-05-29 00:14:00,210 [INFO]   ✓ qid=53874 → output\1054\2413\53874.sgf
2026-05-29 00:14:08,519 [INFO]   ✓ qid=53875 → output\1054\2413\53875.sgf
2026-05-29 00:14:16,675 [INFO]   ✓ qid=53876 → output\1054\2413\53876.sgf
2026-05-29 00:14:23,371 [INFO]   ✓ qid=53877 → output\1054\2413\53877.sgf
2026-05-29 00:14:32,582 [INFO]   ✓ qid=53882 → output\1054\2413\53882.sgf
2026-05-29 00:14:42,799 [INFO]   ✓ qid=53883 → output\1054\2413\53883.sgf
2026-05-29 00:14:51,929 [INFO]   ✓ qid=53884 → output\1054\2413\53884.sgf
2026-05-29 00:14:59,361 [INFO]   ✓ qid=53885 → output\1054\2413\53885.sgf
2026-05-29 00:15:08,138 [INFO]   ✓ qid=53886 → output\1054\2413\53886.sgf
2026-05-29 00:15:17,950 [INFO]   ✓ qid=13736 → output\1054\2413\13736.sgf
2026-05-29 00:15:27,758 [INFO]   ✓ qid=53887 → output\1054\2413\53887.sgf
2026-05-29 00:15:33,764 [INFO]   ✓ qid=53888 → output\1054\2413\53888.sgf
2026-05-29 00:15:41,326 [INFO]   ✓ qid=53889 → output\1054\2413\53889.sgf
2026-05-29 00:15:47,737 [INFO]   ✓ qid=53890 → output\1054\2413\53890.sgf
2026-05-29 00:15:55,470 [INFO]   ✓ qid=53891 → output\1054\2413\53891.sgf
2026-05-29 00:16:02,823 [INFO]   ✓ qid=53892 → output\1054\2413\53892.sgf
2026-05-29 00:16:11,412 [INFO]   ✓ qid=53893 → output\1054\2413\53893.sgf
2026-05-29 00:16:17,838 [INFO]   ✓ qid=53894 → output\1054\2413\53894.sgf
2026-05-29 00:16:24,761 [INFO]   ✓ qid=53895 → output\1054\2413\53895.sgf
2026-05-29 00:16:32,764 [INFO]   ✓ qid=53923 → output\1054\2413\53923.sgf
2026-05-29 00:16:38,927 [INFO]   ✓ qid=53924 → output\1054\2413\53924.sgf
2026-05-29 00:16:45,068 [INFO]   ✓ qid=53925 → output\1054\2413\53925.sgf
2026-05-29 00:16:54,555 [INFO]   ✓ qid=53926 → output\1054\2413\53926.sgf
2026-05-29 00:17:04,604 [INFO]   ✓ qid=53927 → output\1054\2413\53927.sgf
2026-05-29 00:17:10,275 [INFO]   ✓ qid=20023 → output\1054\2413\20023.sgf
2026-05-29 00:17:16,396 [INFO]   ✓ qid=10752 → output\1054\2413\10752.sgf
2026-05-29 00:17:22,867 [INFO]   ✓ qid=3058 → output\1054\2413\3058.sgf
2026-05-29 00:17:22,868 [INFO]   Capítulo 2414 '死活入門(5)'
2026-05-29 00:17:41,100 [INFO]   ✓ qid=10589 → output\1054\2414\10589.sgf
2026-05-29 00:17:47,238 [INFO]   ✓ qid=12419 → output\1054\2414\12419.sgf
2026-05-29 00:17:54,941 [INFO]   ✓ qid=9517 → output\1054\2414\9517.sgf
2026-05-29 00:18:03,708 [INFO]   ✓ qid=26330 → output\1054\2414\26330.sgf
2026-05-29 00:18:12,446 [INFO]   ✓ qid=12621 → output\1054\2414\12621.sgf
2026-05-29 00:18:21,553 [INFO]   ✓ qid=26604 → output\1054\2414\26604.sgf
2026-05-29 00:18:29,582 [INFO]   ✓ qid=8856 → output\1054\2414\8856.sgf
2026-05-29 00:18:38,461 [INFO]   ✓ qid=11833 → output\1054\2414\11833.sgf
2026-05-29 00:18:45,869 [INFO]   ✓ qid=8647 → output\1054\2414\8647.sgf
2026-05-29 00:18:53,040 [INFO]   ✓ qid=10090 → output\1054\2414\10090.sgf
2026-05-29 00:19:02,917 [INFO]   ✓ qid=10384 → output\1054\2414\10384.sgf
2026-05-29 00:19:12,188 [INFO]   ✓ qid=48649 → output\1054\2414\48649.sgf
2026-05-29 00:19:20,458 [INFO]   ✓ qid=8650 → output\1054\2414\8650.sgf
2026-05-29 00:19:30,473 [INFO]   ✓ qid=8416 → output\1054\2414\8416.sgf
2026-05-29 00:19:37,873 [INFO]   ✓ qid=12338 → output\1054\2414\12338.sgf
2026-05-29 00:19:44,885 [INFO]   ✓ qid=9175 → output\1054\2414\9175.sgf
2026-05-29 00:19:50,711 [INFO]   ✓ qid=9554 → output\1054\2414\9554.sgf
2026-05-29 00:19:57,761 [INFO]   ✓ qid=12360 → output\1054\2414\12360.sgf
2026-05-29 00:20:06,768 [INFO]   ✓ qid=9423 → output\1054\2414\9423.sgf
2026-05-29 00:20:14,085 [INFO]   ✓ qid=22157 → output\1054\2414\22157.sgf
2026-05-29 00:20:22,547 [INFO]   ✓ qid=21905 → output\1054\2414\21905.sgf
2026-05-29 00:20:31,969 [INFO]   ✓ qid=8396 → output\1054\2414\8396.sgf
2026-05-29 00:20:40,891 [INFO]   ✓ qid=20611 → output\1054\2414\20611.sgf
2026-05-29 00:20:47,817 [INFO]   ✓ qid=48780 → output\1054\2414\48780.sgf
2026-05-29 00:20:54,233 [INFO]   ✓ qid=49880 → output\1054\2414\49880.sgf
2026-05-29 00:21:02,687 [INFO]   ✓ qid=11177 → output\1054\2414\11177.sgf
2026-05-29 00:21:12,313 [INFO]   ✓ qid=22237 → output\1054\2414\22237.sgf
2026-05-29 00:21:22,524 [INFO]   ✓ qid=409 → output\1054\2414\409.sgf
2026-05-29 00:21:32,226 [INFO]   ✓ qid=12295 → output\1054\2414\12295.sgf
2026-05-29 00:21:41,069 [INFO]   ✓ qid=8884 → output\1054\2414\8884.sgf
2026-05-29 00:21:46,497 [INFO]   ✓ qid=9679 → output\1054\2414\9679.sgf
2026-05-29 00:21:54,906 [INFO]   ✓ qid=12312 → output\1054\2414\12312.sgf
2026-05-29 00:22:03,526 [INFO]   ✓ qid=10149 → output\1054\2414\10149.sgf
2026-05-29 00:22:11,959 [INFO]   ✓ qid=43749 → output\1054\2414\43749.sgf
2026-05-29 00:22:18,328 [INFO]   ✓ qid=8331 → output\1054\2414\8331.sgf
2026-05-29 00:22:27,753 [INFO]   ✓ qid=21912 → output\1054\2414\21912.sgf
2026-05-29 00:22:37,700 [INFO]   ✓ qid=8443 → output\1054\2414\8443.sgf
2026-05-29 00:22:45,897 [INFO]   ✓ qid=10072 → output\1054\2414\10072.sgf
2026-05-29 00:22:52,798 [INFO]   ✓ qid=13855 → output\1054\2414\13855.sgf
2026-05-29 00:23:00,591 [INFO]   ✓ qid=22210 → output\1054\2414\22210.sgf
2026-05-29 00:23:08,400 [INFO]   ✓ qid=10422 → output\1054\2414\10422.sgf
2026-05-29 00:23:15,856 [INFO]   ✓ qid=8968 → output\1054\2414\8968.sgf
2026-05-29 00:23:24,377 [INFO]   ✓ qid=11097 → output\1054\2414\11097.sgf
2026-05-29 00:23:32,929 [INFO]   ✓ qid=9433 → output\1054\2414\9433.sgf
2026-05-29 00:23:38,374 [INFO]   ✓ qid=48313 → output\1054\2414\48313.sgf
2026-05-29 00:23:43,947 [INFO]   ✓ qid=9333 → output\1054\2414\9333.sgf
2026-05-29 00:23:51,511 [INFO]   ✓ qid=8657 → output\1054\2414\8657.sgf
2026-05-29 00:23:59,472 [INFO]   ✓ qid=9591 → output\1054\2414\9591.sgf
2026-05-29 00:24:06,474 [INFO]   ✓ qid=13339 → output\1054\2414\13339.sgf
2026-05-29 00:24:14,890 [INFO]   ✓ qid=12663 → output\1054\2414\12663.sgf
2026-05-29 00:24:23,453 [INFO]   ✓ qid=25443 → output\1054\2414\25443.sgf
2026-05-29 00:24:28,996 [INFO]   ✓ qid=3395 → output\1054\2414\3395.sgf
2026-05-29 00:24:34,697 [INFO]   ✓ qid=8607 → output\1054\2414\8607.sgf
2026-05-29 00:24:43,521 [INFO]   ✓ qid=10259 → output\1054\2414\10259.sgf
2026-05-29 00:24:50,978 [INFO]   ✓ qid=3267 → output\1054\2414\3267.sgf
2026-05-29 00:25:01,168 [INFO]   ✓ qid=4966 → output\1054\2414\4966.sgf
2026-05-29 00:25:10,020 [INFO]   ✓ qid=11982 → output\1054\2414\11982.sgf
2026-05-29 00:25:19,979 [INFO]   ✓ qid=13352 → output\1054\2414\13352.sgf
2026-05-29 00:25:28,111 [INFO]   ✓ qid=6832 → output\1054\2414\6832.sgf
2026-05-29 00:25:36,863 [INFO]   ✓ qid=21925 → output\1054\2414\21925.sgf
2026-05-29 00:25:36,863 [INFO]   Libro 1054 completado: 300 OK, 0 fallidos
2026-05-29 00:25:36,864 [INFO] Libro 5103 — https://www.101weiqi.com/book/5103/
2026-05-29 00:25:45,191 [INFO]   '叶老师围棋初级B' — 26 capítulos
2026-05-29 00:26:06,255 [INFO]   Capítulo 8908 '打二还一。。。。。。。。。。。。'
2026-05-29 00:26:26,634 [INFO]   ✓ qid=25431 → output\5103\8908\25431.sgf
2026-05-29 00:26:34,534 [INFO]   ✓ qid=21876 → output\5103\8908\21876.sgf
2026-05-29 00:26:43,814 [INFO]   ✓ qid=12259 → output\5103\8908\12259.sgf
2026-05-29 00:26:53,268 [INFO]   ✓ qid=10803 → output\5103\8908\10803.sgf
2026-05-29 00:26:59,634 [INFO]   ✓ qid=13015 → output\5103\8908\13015.sgf
2026-05-29 00:27:07,728 [INFO]   ✓ qid=13427 → output\5103\8908\13427.sgf
2026-05-29 00:27:16,430 [INFO]   ✓ qid=61776 → output\5103\8908\61776.sgf
2026-05-29 00:27:22,015 [INFO]   ✓ qid=68087 → output\5103\8908\68087.sgf
2026-05-29 00:27:31,779 [INFO]   ✓ qid=3551 → output\5103\8908\3551.sgf
2026-05-29 00:27:42,899 [INFO]   ✓ qid=67845 → output\5103\8908\67845.sgf
2026-05-29 00:27:49,507 [INFO]   ✓ qid=5860 → output\5103\8908\5860.sgf
2026-05-29 00:27:58,059 [INFO]   ✓ qid=10712 → output\5103\8908\10712.sgf
2026-05-29 00:28:08,008 [INFO]   ✓ qid=64437 → output\5103\8908\64437.sgf
2026-05-29 00:28:17,509 [INFO]   ✓ qid=66400 → output\5103\8908\66400.sgf
2026-05-29 00:28:28,820 [INFO]   ✓ qid=65405 → output\5103\8908\65405.sgf
2026-05-29 00:28:37,769 [INFO]   ✓ qid=10603 → output\5103\8908\10603.sgf
2026-05-29 00:28:47,810 [INFO]   ✓ qid=51378 → output\5103\8908\51378.sgf
2026-05-29 00:28:56,673 [INFO]   ✓ qid=65940 → output\5103\8908\65940.sgf
2026-05-29 00:29:06,987 [INFO]   ✓ qid=1225 → output\5103\8908\1225.sgf
2026-05-29 00:29:15,489 [INFO]   ✓ qid=13855 → output\5103\8908\13855.sgf
2026-05-29 00:29:21,091 [INFO]   ✓ qid=12554 → output\5103\8908\12554.sgf
2026-05-29 00:29:31,137 [INFO]   ✓ qid=25430 → output\5103\8908\25430.sgf
2026-05-29 00:29:38,848 [INFO]   ✓ qid=1230 → output\5103\8908\1230.sgf
2026-05-29 00:29:38,849 [INFO]   Capítulo 9007 '滚打包'
2026-05-29 00:29:55,519 [INFO]   ✓ qid=3426 → output\5103\9007\3426.sgf
2026-05-29 00:30:03,554 [INFO]   ✓ qid=43586 → output\5103\9007\43586.sgf
2026-05-29 00:30:10,091 [INFO]   ✓ qid=1531 → output\5103\9007\1531.sgf
2026-05-29 00:30:20,085 [INFO]   ✓ qid=10644 → output\5103\9007\10644.sgf
2026-05-29 00:30:27,835 [INFO]   ✓ qid=14124 → output\5103\9007\14124.sgf
2026-05-29 00:30:35,100 [INFO]   ✓ qid=43084 → output\5103\9007\43084.sgf
2026-05-29 00:30:41,075 [INFO]   ✓ qid=11969 → output\5103\9007\11969.sgf
2026-05-29 00:30:48,150 [INFO]   ✓ qid=43607 → output\5103\9007\43607.sgf
2026-05-29 00:30:56,778 [INFO]   ✓ qid=10027 → output\5103\9007\10027.sgf
2026-05-29 00:31:02,308 [INFO]   ✓ qid=43618 → output\5103\9007\43618.sgf
2026-05-29 00:31:08,807 [INFO]   ✓ qid=27422 → output\5103\9007\27422.sgf
2026-05-29 00:31:18,295 [INFO]   ✓ qid=9540 → output\5103\9007\9540.sgf
2026-05-29 00:31:26,159 [INFO]   ✓ qid=11652 → output\5103\9007\11652.sgf
2026-05-29 00:31:34,971 [INFO]   ✓ qid=11319 → output\5103\9007\11319.sgf
2026-05-29 00:31:43,316 [INFO]   ✓ qid=9298 → output\5103\9007\9298.sgf
2026-05-29 00:31:51,991 [INFO]   ✓ qid=9732 → output\5103\9007\9732.sgf
2026-05-29 00:32:00,540 [INFO]   ✓ qid=14578 → output\5103\9007\14578.sgf
2026-05-29 00:32:09,892 [INFO]   ✓ qid=43626 → output\5103\9007\43626.sgf
2026-05-29 00:32:17,530 [INFO]   ✓ qid=12027 → output\5103\9007\12027.sgf
2026-05-29 00:32:27,488 [INFO]   ✓ qid=10901 → output\5103\9007\10901.sgf
2026-05-29 00:32:35,758 [INFO]   ✓ qid=11263 → output\5103\9007\11263.sgf
2026-05-29 00:32:45,748 [INFO]   ✓ qid=3525 → output\5103\9007\3525.sgf
2026-05-29 00:32:51,504 [INFO]   ✓ qid=12210 → output\5103\9007\12210.sgf
2026-05-29 00:32:59,207 [INFO]   ✓ qid=3210 → output\5103\9007\3210.sgf
2026-05-29 00:33:09,302 [INFO]   ✓ qid=11525 → output\5103\9007\11525.sgf
2026-05-29 00:33:15,295 [INFO]   ✓ qid=14662 → output\5103\9007\14662.sgf
2026-05-29 00:33:21,733 [INFO]   ✓ qid=3780 → output\5103\9007\3780.sgf
2026-05-29 00:33:30,111 [INFO]   ✓ qid=22493 → output\5103\9007\22493.sgf
2026-05-29 00:33:35,964 [INFO]   ✓ qid=11415 → output\5103\9007\11415.sgf
2026-05-29 00:33:35,965 [INFO]   Capítulo 9006 '断与挖吃'
2026-05-29 00:33:50,029 [INFO]   ✓ qid=66358 → output\5103\9006\66358.sgf
2026-05-29 00:33:56,967 [INFO]   ✓ qid=27542 → output\5103\9006\27542.sgf
2026-05-29 00:34:06,398 [INFO]   ✓ qid=13311 → output\5103\9006\13311.sgf
2026-05-29 00:34:12,289 [INFO]   ✓ qid=64837 → output\5103\9006\64837.sgf
2026-05-29 00:34:18,602 [INFO]   ✓ qid=62994 → output\5103\9006\62994.sgf
2026-05-29 00:34:27,869 [INFO]   ✓ qid=61068 → output\5103\9006\61068.sgf
2026-05-29 00:34:37,831 [INFO]   ✓ qid=27527 → output\5103\9006\27527.sgf
2026-05-29 00:34:47,094 [INFO]   ✓ qid=11229 → output\5103\9006\11229.sgf
2026-05-29 00:34:55,321 [INFO]   ✓ qid=4029 → output\5103\9006\4029.sgf
2026-05-29 00:35:02,284 [INFO]   ✓ qid=22491 → output\5103\9006\22491.sgf
2026-05-29 00:35:12,628 [INFO]   ✓ qid=11277 → output\5103\9006\11277.sgf
2026-05-29 00:35:21,637 [INFO]   ✓ qid=22452 → output\5103\9006\22452.sgf
2026-05-29 00:35:29,438 [INFO]   ✓ qid=10708 → output\5103\9006\10708.sgf
2026-05-29 00:35:38,404 [INFO]   ✓ qid=43034 → output\5103\9006\43034.sgf
2026-05-29 00:35:48,638 [INFO]   ✓ qid=9342 → output\5103\9006\9342.sgf
2026-05-29 00:35:56,561 [INFO]   ✓ qid=75960 → output\5103\9006\75960.sgf
2026-05-29 00:36:06,420 [INFO]   ✓ qid=9798 → output\5103\9006\9798.sgf
2026-05-29 00:36:16,690 [INFO]   ✓ qid=11347 → output\5103\9006\11347.sgf
2026-05-29 00:36:28,100 [INFO]   ✓ qid=27306 → output\5103\9006\27306.sgf
2026-05-29 00:36:34,702 [INFO]   ✓ qid=145438 → output\5103\9006\145438.sgf
2026-05-29 00:36:42,956 [INFO]   ✓ qid=220880 → output\5103\9006\220880.sgf
2026-05-29 00:36:50,803 [INFO]   ✓ qid=95587 → output\5103\9006\95587.sgf
2026-05-29 00:36:57,121 [INFO]   ✓ qid=49788 → output\5103\9006\49788.sgf
2026-05-29 00:37:06,146 [INFO]   ✓ qid=302635 → output\5103\9006\302635.sgf
2026-05-29 00:37:13,558 [INFO]   ✓ qid=296820 → output\5103\9006\296820.sgf
2026-05-29 00:37:23,006 [INFO]   ✓ qid=219459 → output\5103\9006\219459.sgf
2026-05-29 00:37:31,292 [INFO]   ✓ qid=218099 → output\5103\9006\218099.sgf
2026-05-29 00:37:40,221 [INFO]   ✓ qid=56021 → output\5103\9006\56021.sgf
2026-05-29 00:37:52,681 [INFO]   ✓ qid=140668 → output\5103\9006\140668.sgf
2026-05-29 00:38:01,743 [INFO]   ✓ qid=9503 → output\5103\9006\9503.sgf
2026-05-29 00:38:11,314 [INFO]   ✓ qid=8801 → output\5103\9006\8801.sgf
2026-05-29 00:38:19,271 [INFO]   ✓ qid=296711 → output\5103\9006\296711.sgf
2026-05-29 00:38:27,188 [INFO]   ✓ qid=296728 → output\5103\9006\296728.sgf
2026-05-29 00:38:34,775 [INFO]   ✓ qid=294907 → output\5103\9006\294907.sgf
2026-05-29 00:38:42,549 [INFO]   ✓ qid=77919 → output\5103\9006\77919.sgf
2026-05-29 00:38:51,758 [INFO]   ✓ qid=74803 → output\5103\9006\74803.sgf
2026-05-29 00:38:58,340 [INFO]   ✓ qid=304560 → output\5103\9006\304560.sgf
2026-05-29 00:39:03,934 [INFO]   ✓ qid=294472 → output\5103\9006\294472.sgf
2026-05-29 00:39:13,909 [INFO]   ✓ qid=173669 → output\5103\9006\173669.sgf
2026-05-29 00:39:13,909 [INFO]   Capítulo 9008 '龟不出头'
2026-05-29 00:39:32,839 [INFO]   ✓ qid=57490 → output\5103\9008\57490.sgf
2026-05-29 00:39:40,133 [INFO]   ✓ qid=142814 → output\5103\9008\142814.sgf
2026-05-29 00:39:47,457 [INFO]   ✓ qid=74497 → output\5103\9008\74497.sgf
2026-05-29 00:39:54,339 [INFO]   ✓ qid=9706 → output\5103\9008\9706.sgf
2026-05-29 00:40:03,957 [INFO]   ✓ qid=8591 → output\5103\9008\8591.sgf
2026-05-29 00:40:14,310 [INFO]   ✓ qid=25429 → output\5103\9008\25429.sgf
2026-05-29 00:40:24,214 [WARNING]   Posible throttling en qid=11072 — pausa 60-120s
2026-05-29 00:41:48,988 [INFO]   ✓ qid=11072 → output\5103\9008\11072.sgf
2026-05-29 00:41:58,755 [INFO]   ✓ qid=105209 → output\5103\9008\105209.sgf
2026-05-29 00:42:04,908 [INFO]   ✓ qid=51390 → output\5103\9008\51390.sgf
2026-05-29 00:42:10,328 [INFO]   ✓ qid=14115 → output\5103\9008\14115.sgf
2026-05-29 00:42:20,732 [INFO]   ✓ qid=21234 → output\5103\9008\21234.sgf
2026-05-29 00:42:30,551 [INFO]   ✓ qid=61190 → output\5103\9008\61190.sgf
2026-05-29 00:42:40,326 [INFO]   ✓ qid=8334 → output\5103\9008\8334.sgf
2026-05-29 00:42:49,776 [INFO]   ✓ qid=27429 → output\5103\9008\27429.sgf
2026-05-29 00:42:58,723 [INFO]   ✓ qid=52439 → output\5103\9008\52439.sgf
2026-05-29 00:43:04,315 [INFO]   ✓ qid=12099 → output\5103\9008\12099.sgf
2026-05-29 00:43:11,804 [INFO]   ✓ qid=22490 → output\5103\9008\22490.sgf
2026-05-29 00:43:18,468 [INFO]   ✓ qid=8266 → output\5103\9008\8266.sgf
2026-05-29 00:43:24,881 [INFO]   ✓ qid=9137 → output\5103\9008\9137.sgf
2026-05-29 00:43:34,976 [INFO]   ✓ qid=10633 → output\5103\9008\10633.sgf
2026-05-29 00:43:41,396 [INFO]   ✓ qid=11588 → output\5103\9008\11588.sgf
2026-05-29 00:43:48,004 [INFO]   ✓ qid=8861 → output\5103\9008\8861.sgf
2026-05-29 00:43:55,703 [INFO]   ✓ qid=61582 → output\5103\9008\61582.sgf
2026-05-29 00:44:04,737 [INFO]   ✓ qid=8304 → output\5103\9008\8304.sgf
2026-05-29 00:44:11,258 [INFO]   ✓ qid=14032 → output\5103\9008\14032.sgf
2026-05-29 00:44:20,478 [INFO]   ✓ qid=9237 → output\5103\9008\9237.sgf
2026-05-29 00:44:27,762 [INFO]   ✓ qid=9201 → output\5103\9008\9201.sgf
2026-05-29 00:44:33,450 [INFO]   ✓ qid=14612 → output\5103\9008\14612.sgf
2026-05-29 00:44:40,530 [INFO]   ✓ qid=4174 → output\5103\9008\4174.sgf
2026-05-29 00:44:47,502 [INFO]   ✓ qid=27523 → output\5103\9008\27523.sgf
2026-05-29 00:44:47,503 [INFO]   Capítulo 12025 '@提子开花30目'
2026-05-29 00:45:05,426 [WARNING]   Sin andata en qid=228236 (qtype=None) — skip
2026-05-29 00:45:11,940 [WARNING]   Sin andata en qid=228238 (qtype=None) — skip
2026-05-29 00:45:19,436 [WARNING]   Sin andata en qid=228234 (qtype=None) — skip
2026-05-29 00:45:28,571 [WARNING]   Sin andata en qid=228235 (qtype=None) — skip
2026-05-29 00:45:34,259 [WARNING]   Sin andata en qid=228237 (qtype=None) — skip
2026-05-29 00:45:34,260 [INFO]   Capítulo 9009 '盘渡与联络'
2026-05-29 00:45:51,524 [INFO]   ✓ qid=10237 → output\5103\9009\10237.sgf
2026-05-29 00:45:58,677 [INFO]   ✓ qid=10760 → output\5103\9009\10760.sgf
2026-05-29 00:46:06,510 [INFO]   ✓ qid=13536 → output\5103\9009\13536.sgf
2026-05-29 00:46:12,512 [INFO]   ✓ qid=9730 → output\5103\9009\9730.sgf
2026-05-29 00:46:19,121 [INFO]   ✓ qid=9044 → output\5103\9009\9044.sgf
2026-05-29 00:46:25,441 [INFO]   ✓ qid=9586 → output\5103\9009\9586.sgf
2026-05-29 00:46:33,511 [INFO]   ✓ qid=8633 → output\5103\9009\8633.sgf
2026-05-29 00:46:41,742 [INFO]   ✓ qid=9263 → output\5103\9009\9263.sgf
2026-05-29 00:46:49,684 [INFO]   ✓ qid=20379 → output\5103\9009\20379.sgf
2026-05-29 00:47:01,930 [INFO]   ✓ qid=9573 → output\5103\9009\9573.sgf
2026-05-29 00:47:08,838 [INFO]   ✓ qid=9960 → output\5103\9009\9960.sgf
2026-05-29 00:47:18,883 [INFO]   ✓ qid=7310 → output\5103\9009\7310.sgf
2026-05-29 00:47:27,223 [INFO]   ✓ qid=8938 → output\5103\9009\8938.sgf
2026-05-29 00:47:37,405 [INFO]   ✓ qid=11860 → output\5103\9009\11860.sgf
2026-05-29 00:47:43,945 [INFO]   ✓ qid=11459 → output\5103\9009\11459.sgf
2026-05-29 00:47:51,680 [INFO]   ✓ qid=22704 → output\5103\9009\22704.sgf
2026-05-29 00:48:01,220 [INFO]   ✓ qid=9351 → output\5103\9009\9351.sgf
2026-05-29 00:48:09,522 [INFO]   ✓ qid=9352 → output\5103\9009\9352.sgf
2026-05-29 00:48:16,380 [INFO]   ✓ qid=10213 → output\5103\9009\10213.sgf
2026-05-29 00:48:23,894 [INFO]   ✓ qid=9693 → output\5103\9009\9693.sgf
2026-05-29 00:48:33,512 [INFO]   ✓ qid=9789 → output\5103\9009\9789.sgf
2026-05-29 00:48:43,218 [INFO]   ✓ qid=10037 → output\5103\9009\10037.sgf
2026-05-29 00:48:52,690 [INFO]   ✓ qid=8699 → output\5103\9009\8699.sgf
2026-05-29 00:49:01,595 [INFO]   ✓ qid=56354 → output\5103\9009\56354.sgf
2026-05-29 00:49:11,370 [INFO]   ✓ qid=11122 → output\5103\9009\11122.sgf
2026-05-29 00:49:20,412 [INFO]   ✓ qid=9609 → output\5103\9009\9609.sgf
2026-05-29 00:49:27,251 [INFO]   ✓ qid=8645 → output\5103\9009\8645.sgf
2026-05-29 00:49:35,766 [INFO]   ✓ qid=10435 → output\5103\9009\10435.sgf
2026-05-29 00:49:35,767 [INFO]   Capítulo 9016 '@扭十字，靠扳长'
2026-05-29 00:49:52,548 [INFO]   ✓ qid=144909 → output\5103\9016\144909.sgf
2026-05-29 00:50:00,528 [INFO]   ✓ qid=134385 → output\5103\9016\134385.sgf
2026-05-29 00:50:09,536 [INFO]   ✓ qid=134386 → output\5103\9016\134386.sgf
2026-05-29 00:50:15,586 [INFO]   ✓ qid=134387 → output\5103\9016\134387.sgf
2026-05-29 00:50:25,555 [INFO]   ✓ qid=134388 → output\5103\9016\134388.sgf
2026-05-29 00:50:32,854 [INFO]   ✓ qid=129449 → output\5103\9016\129449.sgf
2026-05-29 00:50:40,471 [INFO]   ✓ qid=41990 → output\5103\9016\41990.sgf
2026-05-29 00:50:48,334 [INFO]   ✓ qid=22707 → output\5103\9016\22707.sgf
2026-05-29 00:50:57,169 [INFO]   ✓ qid=79435 → output\5103\9016\79435.sgf
2026-05-29 00:51:03,825 [INFO]   ✓ qid=10309 → output\5103\9016\10309.sgf
2026-05-29 00:51:12,745 [INFO]   ✓ qid=51044 → output\5103\9016\51044.sgf
2026-05-29 00:51:21,961 [INFO]   ✓ qid=65555 → output\5103\9016\65555.sgf
2026-05-29 00:51:30,248 [INFO]   ✓ qid=45666 → output\5103\9016\45666.sgf
2026-05-29 00:51:41,817 [INFO]   ✓ qid=109928 → output\5103\9016\109928.sgf
2026-05-29 00:51:57,254 [INFO]   ✓ qid=70700 → output\5103\9016\70700.sgf
2026-05-29 00:52:05,052 [INFO]   ✓ qid=64412 → output\5103\9016\64412.sgf
2026-05-29 00:52:12,250 [INFO]   ✓ qid=43309 → output\5103\9016\43309.sgf
2026-05-29 00:52:19,793 [INFO]   ✓ qid=108562 → output\5103\9016\108562.sgf
2026-05-29 00:52:29,837 [INFO]   ✓ qid=27436 → output\5103\9016\27436.sgf
2026-05-29 00:52:36,287 [INFO]   ✓ qid=54313 → output\5103\9016\54313.sgf
2026-05-29 00:52:45,141 [INFO]   ✓ qid=57200 → output\5103\9016\57200.sgf
2026-05-29 00:52:52,972 [INFO]   ✓ qid=9332 → output\5103\9016\9332.sgf
2026-05-29 00:52:58,376 [INFO]   ✓ qid=52105 → output\5103\9016\52105.sgf
2026-05-29 00:53:08,978 [INFO]   ✓ qid=59000 → output\5103\9016\59000.sgf
2026-05-29 00:53:14,785 [INFO]   ✓ qid=50845 → output\5103\9016\50845.sgf
2026-05-29 00:53:14,786 [INFO]   Capítulo 19329 '守角与挂角'
2026-05-29 00:53:28,381 [WARNING]   Sin andata en qid=179299 (qtype=None) — skip
2026-05-29 00:53:35,681 [WARNING]   Sin andata en qid=179300 (qtype=None) — skip
2026-05-29 00:53:43,143 [WARNING]   Sin andata en qid=179302 (qtype=None) — skip
2026-05-29 00:53:49,663 [WARNING]   Sin andata en qid=179303 (qtype=None) — skip
2026-05-29 00:53:58,640 [WARNING]   Sin andata en qid=179304 (qtype=None) — skip
2026-05-29 00:54:08,755 [WARNING]   Sin andata en qid=179305 (qtype=None) — skip
2026-05-29 00:54:14,682 [WARNING]   Sin andata en qid=178929 (qtype=None) — skip
2026-05-29 00:54:22,149 [WARNING]   Sin andata en qid=178932 (qtype=None) — skip
2026-05-29 00:54:29,047 [WARNING]   Sin andata en qid=178935 (qtype=None) — skip
2026-05-29 00:54:38,799 [WARNING]   Sin andata en qid=178937 (qtype=None) — skip
2026-05-29 00:54:44,460 [WARNING]   Sin andata en qid=178938 (qtype=None) — skip
2026-05-29 00:54:54,243 [WARNING]   Sin andata en qid=178940 (qtype=None) — skip
2026-05-29 00:55:02,108 [WARNING]   Sin andata en qid=178941 (qtype=None) — skip
2026-05-29 00:55:08,567 [WARNING]   Sin andata en qid=178942 (qtype=None) — skip
2026-05-29 00:55:18,177 [WARNING]   Sin andata en qid=178943 (qtype=None) — skip
2026-05-29 00:55:27,013 [WARNING]   Sin andata en qid=178945 (qtype=None) — skip
2026-05-29 00:55:33,582 [WARNING]   Sin andata en qid=178946 (qtype=None) — skip
2026-05-29 00:55:41,865 [WARNING]   Sin andata en qid=178947 (qtype=None) — skip
2026-05-29 00:55:49,659 [WARNING]   Sin andata en qid=178948 (qtype=None) — skip
2026-05-29 00:55:56,525 [WARNING]   Sin andata en qid=178949 (qtype=None) — skip
2026-05-29 00:56:04,414 [WARNING]   Sin andata en qid=178950 (qtype=None) — skip
2026-05-29 00:56:10,310 [WARNING]   Sin andata en qid=178951 (qtype=None) — skip
2026-05-29 00:56:18,634 [WARNING]   Sin andata en qid=178952 (qtype=None) — skip
2026-05-29 00:56:26,103 [WARNING]   Sin andata en qid=178953 (qtype=None) — skip
2026-05-29 00:56:36,429 [WARNING]   Sin andata en qid=178954 (qtype=None) — skip
2026-05-29 00:56:43,096 [WARNING]   Sin andata en qid=178955 (qtype=None) — skip
2026-05-29 00:56:50,266 [WARNING]   Sin andata en qid=178956 (qtype=None) — skip
2026-05-29 00:56:57,584 [WARNING]   Sin andata en qid=178957 (qtype=None) — skip
2026-05-29 00:57:07,527 [WARNING]   Sin andata en qid=178958 (qtype=None) — skip
2026-05-29 00:57:17,135 [WARNING]   Sin andata en qid=178960 (qtype=None) — skip
2026-05-29 00:57:26,478 [WARNING]   Sin andata en qid=178962 (qtype=None) — skip
2026-05-29 00:57:33,772 [WARNING]   Sin andata en qid=178963 (qtype=None) — skip
2026-05-29 00:57:39,894 [WARNING]   Sin andata en qid=178964 (qtype=None) — skip
2026-05-29 00:57:39,895 [INFO]   Capítulo 9013 '金鸡独立'
2026-05-29 00:57:57,315 [INFO]   ✓ qid=12789 → output\5103\9013\12789.sgf
2026-05-29 00:58:06,847 [INFO]   ✓ qid=11636 → output\5103\9013\11636.sgf
2026-05-29 00:58:12,670 [INFO]   ✓ qid=42812 → output\5103\9013\42812.sgf
2026-05-29 00:58:20,853 [INFO]   ✓ qid=13035 → output\5103\9013\13035.sgf
2026-05-29 00:58:28,287 [INFO]   ✓ qid=5024 → output\5103\9013\5024.sgf
2026-05-29 00:58:35,808 [INFO]   ✓ qid=9773 → output\5103\9013\9773.sgf
2026-05-29 00:58:42,353 [INFO]   ✓ qid=65234 → output\5103\9013\65234.sgf
2026-05-29 00:58:50,722 [INFO]   ✓ qid=12928 → output\5103\9013\12928.sgf
2026-05-29 00:58:59,124 [INFO]   ✓ qid=5328 → output\5103\9013\5328.sgf
2026-05-29 00:59:05,304 [INFO]   ✓ qid=20199 → output\5103\9013\20199.sgf
2026-05-29 00:59:14,210 [INFO]   ✓ qid=9542 → output\5103\9013\9542.sgf
2026-05-29 00:59:23,092 [INFO]   ✓ qid=13253 → output\5103\9013\13253.sgf
2026-05-29 00:59:30,468 [INFO]   ✓ qid=12196 → output\5103\9013\12196.sgf
2026-05-29 00:59:40,292 [INFO]   ✓ qid=11406 → output\5103\9013\11406.sgf
2026-05-29 00:59:48,731 [INFO]   ✓ qid=11917 → output\5103\9013\11917.sgf
2026-05-29 00:59:56,751 [INFO]   ✓ qid=21114 → output\5103\9013\21114.sgf
2026-05-29 01:00:05,248 [INFO]   ✓ qid=51139 → output\5103\9013\51139.sgf
2026-05-29 01:00:12,325 [INFO]   ✓ qid=43044 → output\5103\9013\43044.sgf
2026-05-29 01:00:22,485 [INFO]   ✓ qid=9612 → output\5103\9013\9612.sgf
2026-05-29 01:00:30,560 [INFO]   ✓ qid=118 → output\5103\9013\118.sgf
2026-05-29 01:00:39,468 [INFO]   ✓ qid=6340 → output\5103\9013\6340.sgf
2026-05-29 01:00:46,835 [INFO]   ✓ qid=20823 → output\5103\9013\20823.sgf
2026-05-29 01:00:54,980 [INFO]   ✓ qid=8078 → output\5103\9013\8078.sgf
2026-05-29 01:01:00,519 [INFO]   ✓ qid=3699 → output\5103\9013\3699.sgf
2026-05-29 01:01:07,268 [INFO]   ✓ qid=27416 → output\5103\9013\27416.sgf
2026-05-29 01:01:13,506 [INFO]   ✓ qid=10012 → output\5103\9013\10012.sgf
2026-05-29 01:01:23,422 [INFO]   ✓ qid=12289 → output\5103\9013\12289.sgf
2026-05-29 01:01:33,485 [INFO]   ✓ qid=27430 → output\5103\9013\27430.sgf
2026-05-29 01:01:43,172 [INFO]   ✓ qid=7677 → output\5103\9013\7677.sgf
2026-05-29 01:01:53,292 [INFO]   ✓ qid=11585 → output\5103\9013\11585.sgf
2026-05-29 01:02:03,465 [INFO]   ✓ qid=12171 → output\5103\9013\12171.sgf
2026-05-29 01:02:09,946 [INFO]   ✓ qid=142127 → output\5103\9013\142127.sgf
2026-05-29 01:02:19,912 [INFO]   ✓ qid=75197 → output\5103\9013\75197.sgf
2026-05-29 01:02:26,457 [INFO]   ✓ qid=11978 → output\5103\9013\11978.sgf
2026-05-29 01:02:36,246 [INFO]   ✓ qid=61341 → output\5103\9013\61341.sgf
2026-05-29 01:02:42,993 [INFO]   ✓ qid=13520 → output\5103\9013\13520.sgf
2026-05-29 01:02:51,972 [INFO]   ✓ qid=10562 → output\5103\9013\10562.sgf
2026-05-29 01:02:58,841 [INFO]   ✓ qid=218888 → output\5103\9013\218888.sgf
2026-05-29 01:03:05,627 [INFO]   ✓ qid=82148 → output\5103\9013\82148.sgf
2026-05-29 01:03:13,594 [INFO]   ✓ qid=51056 → output\5103\9013\51056.sgf
2026-05-29 01:03:22,675 [INFO]   ✓ qid=155712 → output\5103\9013\155712.sgf
2026-05-29 01:03:32,387 [INFO]   ✓ qid=79876 → output\5103\9013\79876.sgf
2026-05-29 01:03:42,164 [INFO]   ✓ qid=132742 → output\5103\9013\132742.sgf
2026-05-29 01:03:52,464 [INFO]   ✓ qid=84229 → output\5103\9013\84229.sgf
2026-05-29 01:04:00,110 [INFO]   ✓ qid=83698 → output\5103\9013\83698.sgf
2026-05-29 01:04:07,234 [INFO]   ✓ qid=157218 → output\5103\9013\157218.sgf
2026-05-29 01:04:17,429 [INFO]   ✓ qid=61812 → output\5103\9013\61812.sgf
2026-05-29 01:04:17,430 [INFO]   Capítulo 9015 '左右同形走中间'
2026-05-29 01:04:31,229 [INFO]   ✓ qid=50676 → output\5103\9015\50676.sgf
2026-05-29 01:04:41,427 [INFO]   ✓ qid=11307 → output\5103\9015\11307.sgf
2026-05-29 01:04:51,467 [INFO]   ✓ qid=10850 → output\5103\9015\10850.sgf
2026-05-29 01:04:56,863 [INFO]   ✓ qid=11170 → output\5103\9015\11170.sgf
2026-05-29 01:05:04,608 [INFO]   ✓ qid=1235 → output\5103\9015\1235.sgf
2026-05-29 01:05:10,344 [INFO]   ✓ qid=19842 → output\5103\9015\19842.sgf
2026-05-29 01:05:16,790 [INFO]   ✓ qid=12115 → output\5103\9015\12115.sgf
2026-05-29 01:05:24,910 [INFO]   ✓ qid=4032 → output\5103\9015\4032.sgf
2026-05-29 01:05:31,691 [INFO]   ✓ qid=43784 → output\5103\9015\43784.sgf
2026-05-29 01:05:38,960 [INFO]   ✓ qid=4961 → output\5103\9015\4961.sgf
2026-05-29 01:05:47,244 [INFO]   ✓ qid=20951 → output\5103\9015\20951.sgf
2026-05-29 01:05:52,921 [INFO]   ✓ qid=10495 → output\5103\9015\10495.sgf
2026-05-29 01:06:00,553 [INFO]   ✓ qid=11134 → output\5103\9015\11134.sgf
2026-05-29 01:06:10,976 [INFO]   ✓ qid=20643 → output\5103\9015\20643.sgf
2026-05-29 01:06:18,733 [INFO]   ✓ qid=34978 → output\5103\9015\34978.sgf
2026-05-29 01:06:28,362 [INFO]   ✓ qid=6279 → output\5103\9015\6279.sgf
2026-05-29 01:06:35,097 [INFO]   ✓ qid=25430 → output\5103\9015\25430.sgf
2026-05-29 01:06:45,037 [INFO]   ✓ qid=66267 → output\5103\9015\66267.sgf
2026-05-29 01:06:53,265 [INFO]   ✓ qid=14227 → output\5103\9015\14227.sgf
2026-05-29 01:06:58,802 [INFO]   ✓ qid=12929 → output\5103\9015\12929.sgf
2026-05-29 01:07:06,418 [INFO]   ✓ qid=43055 → output\5103\9015\43055.sgf
2026-05-29 01:07:06,418 [INFO]   Capítulo 9014 '手筋--点尖虎'
2026-05-29 01:07:18,661 [INFO]   ✓ qid=11922 → output\5103\9014\11922.sgf
2026-05-29 01:07:28,456 [INFO]   ✓ qid=74861 → output\5103\9014\74861.sgf
2026-05-29 01:07:37,538 [INFO]   ✓ qid=69015 → output\5103\9014\69015.sgf
2026-05-29 01:07:44,224 [INFO]   ✓ qid=52572 → output\5103\9014\52572.sgf
2026-05-29 01:07:53,559 [INFO]   ✓ qid=10891 → output\5103\9014\10891.sgf
2026-05-29 01:08:01,685 [INFO]   ✓ qid=27515 → output\5103\9014\27515.sgf
2026-05-29 01:08:07,173 [INFO]   ✓ qid=33745 → output\5103\9014\33745.sgf
2026-05-29 01:08:13,568 [INFO]   ✓ qid=53712 → output\5103\9014\53712.sgf
2026-05-29 01:08:20,922 [INFO]   ✓ qid=3446 → output\5103\9014\3446.sgf
2026-05-29 01:08:29,688 [INFO]   ✓ qid=10618 → output\5103\9014\10618.sgf
2026-05-29 01:08:37,019 [INFO]   ✓ qid=5400 → output\5103\9014\5400.sgf
2026-05-29 01:08:51,113 [INFO]   ✓ qid=22575 → output\5103\9014\22575.sgf
2026-05-29 01:08:58,993 [INFO]   ✓ qid=43597 → output\5103\9014\43597.sgf
2026-05-29 01:09:07,896 [INFO]   ✓ qid=20508 → output\5103\9014\20508.sgf
2026-05-29 01:09:17,433 [INFO]   ✓ qid=27407 → output\5103\9014\27407.sgf
2026-05-29 01:09:23,661 [INFO]   ✓ qid=43450 → output\5103\9014\43450.sgf
2026-05-29 01:09:31,241 [INFO]   ✓ qid=63854 → output\5103\9014\63854.sgf
2026-05-29 01:09:41,525 [INFO]   ✓ qid=10900 → output\5103\9014\10900.sgf
2026-05-29 01:09:49,821 [INFO]   ✓ qid=66401 → output\5103\9014\66401.sgf
2026-05-29 01:09:59,594 [INFO]   ✓ qid=3040 → output\5103\9014\3040.sgf
2026-05-29 01:10:07,434 [INFO]   ✓ qid=10270 → output\5103\9014\10270.sgf
2026-05-29 01:10:15,601 [INFO]   ✓ qid=21294 → output\5103\9014\21294.sgf
2026-05-29 01:10:23,497 [INFO]   ✓ qid=71 → output\5103\9014\71.sgf
2026-05-29 01:10:32,405 [INFO]   ✓ qid=3454 → output\5103\9014\3454.sgf
2026-05-29 01:10:42,784 [INFO]   ✓ qid=58 → output\5103\9014\58.sgf
2026-05-29 01:10:49,108 [INFO]   ✓ qid=61127 → output\5103\9014\61127.sgf
2026-05-29 01:10:57,293 [INFO]   ✓ qid=61777 → output\5103\9014\61777.sgf
2026-05-29 01:11:06,312 [INFO]   ✓ qid=13112 → output\5103\9014\13112.sgf
2026-05-29 01:11:12,802 [INFO]   ✓ qid=14653 → output\5103\9014\14653.sgf
2026-05-29 01:11:19,277 [INFO]   ✓ qid=8981 → output\5103\9014\8981.sgf
2026-05-29 01:11:25,958 [INFO]   ✓ qid=22591 → output\5103\9014\22591.sgf
2026-05-29 01:11:33,408 [INFO]   ✓ qid=398 → output\5103\9014\398.sgf
2026-05-29 01:11:40,321 [INFO]   ✓ qid=22500 → output\5103\9014\22500.sgf
2026-05-29 01:11:46,334 [INFO]   ✓ qid=43161 → output\5103\9014\43161.sgf
2026-05-29 01:11:55,597 [INFO]   ✓ qid=68 → output\5103\9014\68.sgf
2026-05-29 01:12:02,829 [INFO]   ✓ qid=27386 → output\5103\9014\27386.sgf
2026-05-29 01:12:10,270 [INFO]   ✓ qid=27442 → output\5103\9014\27442.sgf
2026-05-29 01:12:10,271 [INFO]   Capítulo 9751 '@布局--角'
2026-05-29 01:12:25,323 [INFO]   ✓ qid=134711 → output\5103\9751\134711.sgf
2026-05-29 01:12:34,851 [INFO]   ✓ qid=134712 → output\5103\9751\134712.sgf
2026-05-29 01:12:45,507 [INFO]   ✓ qid=134713 → output\5103\9751\134713.sgf
2026-05-29 01:12:55,362 [INFO]   ✓ qid=134714 → output\5103\9751\134714.sgf
2026-05-29 01:13:03,654 [INFO]   ✓ qid=134715 → output\5103\9751\134715.sgf
2026-05-29 01:13:11,909 [INFO]   ✓ qid=134716 → output\5103\9751\134716.sgf
2026-05-29 01:13:23,526 [INFO]   ✓ qid=134717 → output\5103\9751\134717.sgf
2026-05-29 01:13:31,129 [INFO]   ✓ qid=134718 → output\5103\9751\134718.sgf
2026-05-29 01:13:40,473 [INFO]   ✓ qid=134719 → output\5103\9751\134719.sgf
2026-05-29 01:13:47,633 [INFO]   ✓ qid=134720 → output\5103\9751\134720.sgf
2026-05-29 01:13:55,267 [INFO]   ✓ qid=134721 → output\5103\9751\134721.sgf
2026-05-29 01:14:03,830 [INFO]   ✓ qid=134722 → output\5103\9751\134722.sgf
2026-05-29 01:14:11,554 [INFO]   ✓ qid=134723 → output\5103\9751\134723.sgf
2026-05-29 01:14:21,383 [INFO]   ✓ qid=134724 → output\5103\9751\134724.sgf
2026-05-29 01:14:30,117 [INFO]   ✓ qid=134726 → output\5103\9751\134726.sgf
2026-05-29 01:14:39,400 [INFO]   ✓ qid=134729 → output\5103\9751\134729.sgf
2026-05-29 01:14:45,520 [INFO]   ✓ qid=134730 → output\5103\9751\134730.sgf
2026-05-29 01:14:51,282 [INFO]   ✓ qid=134731 → output\5103\9751\134731.sgf
2026-05-29 01:14:58,024 [INFO]   ✓ qid=134732 → output\5103\9751\134732.sgf
2026-05-29 01:15:05,187 [INFO]   ✓ qid=134733 → output\5103\9751\134733.sgf
2026-05-29 01:15:14,632 [INFO]   ✓ qid=134734 → output\5103\9751\134734.sgf
2026-05-29 01:15:20,781 [INFO]   ✓ qid=134735 → output\5103\9751\134735.sgf
2026-05-29 01:15:26,617 [INFO]   ✓ qid=134736 → output\5103\9751\134736.sgf
2026-05-29 01:15:35,678 [INFO]   ✓ qid=134737 → output\5103\9751\134737.sgf
2026-05-29 01:15:42,039 [INFO]   ✓ qid=134738 → output\5103\9751\134738.sgf
2026-05-29 01:15:51,333 [INFO]   ✓ qid=134740 → output\5103\9751\134740.sgf
2026-05-29 01:15:57,143 [INFO]   ✓ qid=134741 → output\5103\9751\134741.sgf
2026-05-29 01:16:04,064 [INFO]   ✓ qid=134742 → output\5103\9751\134742.sgf
2026-05-29 01:16:04,065 [INFO]   Capítulo 59532 '辩别真假眼'
2026-05-29 01:16:19,483 [INFO]   ✓ qid=68080 → output\5103\59532\68080.sgf
2026-05-29 01:16:28,779 [INFO]   ✓ qid=3170 → output\5103\59532\3170.sgf
2026-05-29 01:16:37,788 [INFO]   ✓ qid=20042 → output\5103\59532\20042.sgf
2026-05-29 01:16:45,456 [INFO]   ✓ qid=298154 → output\5103\59532\298154.sgf
2026-05-29 01:16:51,518 [INFO]   ✓ qid=21936 → output\5103\59532\21936.sgf
2026-05-29 01:16:59,025 [INFO]   ✓ qid=64702 → output\5103\59532\64702.sgf
2026-05-29 01:17:08,644 [INFO]   ✓ qid=21894 → output\5103\59532\21894.sgf
2026-05-29 01:17:18,054 [INFO]   ✓ qid=1150 → output\5103\59532\1150.sgf
2026-05-29 01:17:27,967 [INFO]   ✓ qid=115828 → output\5103\59532\115828.sgf
2026-05-29 01:17:36,472 [INFO]   ✓ qid=74725 → output\5103\59532\74725.sgf
2026-05-29 01:17:43,620 [INFO]   ✓ qid=66052 → output\5103\59532\66052.sgf
2026-05-29 01:17:53,162 [INFO]   ✓ qid=77817 → output\5103\59532\77817.sgf
2026-05-29 01:18:01,135 [INFO]   ✓ qid=22094 → output\5103\59532\22094.sgf
2026-05-29 01:18:11,159 [INFO]   ✓ qid=105102 → output\5103\59532\105102.sgf
2026-05-29 01:18:17,789 [INFO]   ✓ qid=21864 → output\5103\59532\21864.sgf
2026-05-29 01:18:25,757 [INFO]   ✓ qid=51067 → output\5103\59532\51067.sgf
2026-05-29 01:18:33,930 [INFO]   ✓ qid=104583 → output\5103\59532\104583.sgf
2026-05-29 01:18:42,167 [INFO]   ✓ qid=78016 → output\5103\59532\78016.sgf
2026-05-29 01:18:49,598 [INFO]   ✓ qid=5042 → output\5103\59532\5042.sgf
2026-05-29 01:19:01,143 [INFO]   ✓ qid=74745 → output\5103\59532\74745.sgf
2026-05-29 01:19:06,771 [INFO]   ✓ qid=8935 → output\5103\59532\8935.sgf
2026-05-29 01:19:14,482 [INFO]   ✓ qid=70415 → output\5103\59532\70415.sgf
2026-05-29 01:19:24,432 [INFO]   ✓ qid=65832 → output\5103\59532\65832.sgf
2026-05-29 01:19:31,101 [INFO]   ✓ qid=55858 → output\5103\59532\55858.sgf
2026-05-29 01:19:36,949 [INFO]   ✓ qid=27353 → output\5103\59532\27353.sgf
2026-05-29 01:19:44,775 [INFO]   ✓ qid=105698 → output\5103\59532\105698.sgf
2026-05-29 01:19:52,544 [INFO]   ✓ qid=80865 → output\5103\59532\80865.sgf
2026-05-29 01:20:00,194 [INFO]   ✓ qid=68462 → output\5103\59532\68462.sgf
2026-05-29 01:20:06,911 [INFO]   ✓ qid=21985 → output\5103\59532\21985.sgf
2026-05-29 01:20:06,912 [INFO]   Capítulo 31762 '判断大小（从0到20天）'
2026-05-29 01:20:14,446 [WARNING]   Sin problemas en capítulo 31762
2026-05-29 01:20:14,447 [INFO]   Capítulo 9036 '宽征'
2026-05-29 01:20:31,617 [INFO]   ✓ qid=81413 → output\5103\9036\81413.sgf
2026-05-29 01:20:38,990 [INFO]   ✓ qid=81422 → output\5103\9036\81422.sgf
2026-05-29 01:20:44,790 [INFO]   ✓ qid=81409 → output\5103\9036\81409.sgf
2026-05-29 01:20:52,894 [INFO]   ✓ qid=81403 → output\5103\9036\81403.sgf
2026-05-29 01:20:58,475 [INFO]   ✓ qid=81395 → output\5103\9036\81395.sgf
2026-05-29 01:21:07,187 [INFO]   ✓ qid=81420 → output\5103\9036\81420.sgf
2026-05-29 01:21:16,693 [INFO]   ✓ qid=81405 → output\5103\9036\81405.sgf
2026-05-29 01:21:24,820 [INFO]   ✓ qid=81393 → output\5103\9036\81393.sgf
2026-05-29 01:21:31,865 [INFO]   ✓ qid=81411 → output\5103\9036\81411.sgf
2026-05-29 01:21:38,566 [INFO]   ✓ qid=81432 → output\5103\9036\81432.sgf
2026-05-29 01:21:43,967 [INFO]   ✓ qid=81438 → output\5103\9036\81438.sgf
2026-05-29 01:21:52,420 [INFO]   ✓ qid=81388 → output\5103\9036\81388.sgf
2026-05-29 01:22:05,091 [INFO]   ✓ qid=81408 → output\5103\9036\81408.sgf
2026-05-29 01:22:15,182 [INFO]   ✓ qid=81389 → output\5103\9036\81389.sgf
2026-05-29 01:22:21,022 [INFO]   ✓ qid=81400 → output\5103\9036\81400.sgf
2026-05-29 01:22:31,281 [INFO]   ✓ qid=81410 → output\5103\9036\81410.sgf
2026-05-29 01:22:39,994 [INFO]   ✓ qid=81387 → output\5103\9036\81387.sgf
2026-05-29 01:22:47,141 [INFO]   ✓ qid=81401 → output\5103\9036\81401.sgf
2026-05-29 01:22:53,939 [INFO]   ✓ qid=81436 → output\5103\9036\81436.sgf
2026-05-29 01:23:00,283 [INFO]   ✓ qid=81415 → output\5103\9036\81415.sgf
2026-05-29 01:23:08,912 [INFO]   ✓ qid=81396 → output\5103\9036\81396.sgf
2026-05-29 01:23:17,962 [INFO]   ✓ qid=81404 → output\5103\9036\81404.sgf
2026-05-29 01:23:24,332 [INFO]   ✓ qid=81394 → output\5103\9036\81394.sgf
2026-05-29 01:23:32,119 [WARNING]   Posible throttling en qid=81427 — pausa 60-120s
2026-05-29 01:25:11,999 [INFO]   ✓ qid=81427 → output\5103\9036\81427.sgf
2026-05-29 01:25:19,608 [INFO]   ✓ qid=81429 → output\5103\9036\81429.sgf
2026-05-29 01:25:26,577 [INFO]   ✓ qid=81391 → output\5103\9036\81391.sgf
2026-05-29 01:25:34,799 [INFO]   ✓ qid=81425 → output\5103\9036\81425.sgf
2026-05-29 01:25:42,658 [INFO]   ✓ qid=80920 → output\5103\9036\80920.sgf
2026-05-29 01:25:53,675 [INFO]   ✓ qid=80974 → output\5103\9036\80974.sgf
2026-05-29 01:25:59,755 [INFO]   ✓ qid=81430 → output\5103\9036\81430.sgf
2026-05-29 01:25:59,756 [INFO]   Capítulo 9037 '目与单官（从零到20天）'
2026-05-29 01:26:17,085 [INFO]   ✓ qid=129797 → output\5103\9037\129797.sgf
2026-05-29 01:26:26,325 [INFO]   ✓ qid=129796 → output\5103\9037\129796.sgf
2026-05-29 01:26:32,436 [WARNING]   Sin andata en qid=179290 (qtype=None) — skip
2026-05-29 01:26:39,818 [WARNING]   Sin andata en qid=179291 (qtype=None) — skip
2026-05-29 01:26:45,224 [WARNING]   Sin andata en qid=179292 (qtype=None) — skip
2026-05-29 01:26:54,773 [WARNING]   Sin andata en qid=179293 (qtype=None) — skip
2026-05-29 01:27:01,793 [WARNING]   Sin andata en qid=179294 (qtype=None) — skip
2026-05-29 01:27:08,324 [WARNING]   Sin andata en qid=179295 (qtype=None) — skip
2026-05-29 01:27:14,269 [WARNING]   Sin andata en qid=179296 (qtype=None) — skip
2026-05-29 01:27:19,910 [WARNING]   Sin andata en qid=179297 (qtype=None) — skip
2026-05-29 01:27:28,207 [WARNING]   Sin andata en qid=179298 (qtype=None) — skip
2026-05-29 01:27:33,969 [WARNING]   Sin andata en qid=179301 (qtype=None) — skip
2026-05-29 01:27:33,970 [INFO]   Capítulo 15588 '@敌强自保，不得贪吃'
2026-05-29 01:27:47,801 [INFO]   ✓ qid=12060 → output\5103\15588\12060.sgf
2026-05-29 01:27:53,723 [INFO]   ✓ qid=8326 → output\5103\15588\8326.sgf
2026-05-29 01:28:00,173 [INFO]   ✓ qid=21284 → output\5103\15588\21284.sgf
2026-05-29 01:28:07,022 [INFO]   ✓ qid=9427 → output\5103\15588\9427.sgf
2026-05-29 01:28:17,217 [INFO]   ✓ qid=12929 → output\5103\15588\12929.sgf
2026-05-29 01:28:22,708 [INFO]   ✓ qid=9039 → output\5103\15588\9039.sgf
2026-05-29 01:28:30,730 [INFO]   ✓ qid=43336 → output\5103\15588\43336.sgf
2026-05-29 01:28:40,081 [INFO]   ✓ qid=12110 → output\5103\15588\12110.sgf
2026-05-29 01:28:46,580 [INFO]   ✓ qid=3752 → output\5103\15588\3752.sgf
2026-05-29 01:28:54,812 [INFO]   ✓ qid=55698 → output\5103\15588\55698.sgf
2026-05-29 01:29:04,236 [INFO]   ✓ qid=5791 → output\5103\15588\5791.sgf
2026-05-29 01:29:11,906 [INFO]   ✓ qid=9586 → output\5103\15588\9586.sgf
2026-05-29 01:29:21,148 [INFO]   ✓ qid=11601 → output\5103\15588\11601.sgf
2026-05-29 01:29:27,346 [INFO]   ✓ qid=27415 → output\5103\15588\27415.sgf
2026-05-29 01:29:34,600 [INFO]   ✓ qid=10288 → output\5103\15588\10288.sgf
2026-05-29 01:29:42,793 [INFO]   ✓ qid=12350 → output\5103\15588\12350.sgf
2026-05-29 01:29:50,530 [INFO]   ✓ qid=22008 → output\5103\15588\22008.sgf
2026-05-29 01:29:57,027 [INFO]   ✓ qid=12447 → output\5103\15588\12447.sgf
2026-05-29 01:30:06,762 [INFO]   ✓ qid=9299 → output\5103\15588\9299.sgf
2026-05-29 01:30:14,674 [INFO]   ✓ qid=10975 → output\5103\15588\10975.sgf
2026-05-29 01:30:23,948 [INFO]   ✓ qid=9746 → output\5103\15588\9746.sgf
2026-05-29 01:30:33,644 [INFO]   ✓ qid=12497 → output\5103\15588\12497.sgf
2026-05-29 01:30:40,566 [INFO]   ✓ qid=9670 → output\5103\15588\9670.sgf
2026-05-29 01:30:48,201 [INFO]   ✓ qid=6359 → output\5103\15588\6359.sgf
2026-05-29 01:30:54,595 [INFO]   ✓ qid=11439 → output\5103\15588\11439.sgf
2026-05-29 01:31:02,844 [INFO]   ✓ qid=22556 → output\5103\15588\22556.sgf
2026-05-29 01:31:12,548 [INFO]   ✓ qid=9636 → output\5103\15588\9636.sgf
2026-05-29 01:31:22,462 [INFO]   ✓ qid=27323 → output\5103\15588\27323.sgf
2026-05-29 01:31:29,720 [INFO]   ✓ qid=25398 → output\5103\15588\25398.sgf
2026-05-29 01:31:38,186 [INFO]   ✓ qid=14115 → output\5103\15588\14115.sgf
2026-05-29 01:31:45,332 [INFO]   ✓ qid=159817 → output\5103\15588\159817.sgf
2026-05-29 01:31:54,378 [INFO]   ✓ qid=159818 → output\5103\15588\159818.sgf
2026-05-29 01:32:03,072 [INFO]   ✓ qid=159819 → output\5103\15588\159819.sgf
2026-05-29 01:32:12,366 [INFO]   ✓ qid=159820 → output\5103\15588\159820.sgf
2026-05-29 01:32:20,927 [INFO]   ✓ qid=159827 → output\5103\15588\159827.sgf
2026-05-29 01:32:20,929 [INFO]   Capítulo 9035 '要子轻子与废子'
2026-05-29 01:32:34,836 [WARNING]   Sin andata en qid=179314 (qtype=None) — skip
2026-05-29 01:32:44,774 [WARNING]   Sin andata en qid=179315 (qtype=None) — skip
2026-05-29 01:32:53,738 [WARNING]   Sin andata en qid=179316 (qtype=None) — skip
2026-05-29 01:33:03,610 [WARNING]   Sin andata en qid=179317 (qtype=None) — skip
2026-05-29 01:33:12,706 [WARNING]   Sin andata en qid=179318 (qtype=None) — skip
2026-05-29 01:33:18,726 [WARNING]   Sin andata en qid=179319 (qtype=None) — skip
2026-05-29 01:33:28,341 [WARNING]   Sin andata en qid=179320 (qtype=None) — skip
2026-05-29 01:33:37,719 [WARNING]   Sin andata en qid=179321 (qtype=None) — skip
2026-05-29 01:33:46,910 [WARNING]   Sin andata en qid=179322 (qtype=None) — skip
2026-05-29 01:33:55,480 [WARNING]   Sin andata en qid=179323 (qtype=None) — skip
2026-05-29 01:33:55,481 [INFO]   Capítulo 31764 '棋子的作用（从零到20天）'
2026-05-29 01:34:04,402 [WARNING]   Sin problemas en capítulo 31764
2026-05-29 01:34:04,403 [INFO]   Capítulo 17964 '13路官子'
2026-05-29 01:34:10,902 [WARNING]   Sin problemas en capítulo 17964
2026-05-29 01:34:10,903 [INFO]   Capítulo 9893 '少气杀多气、抢气'
2026-05-29 01:34:26,708 [INFO]   ✓ qid=80892 → output\5103\9893\80892.sgf
2026-05-29 01:34:34,856 [INFO]   ✓ qid=80891 → output\5103\9893\80891.sgf
2026-05-29 01:34:45,238 [INFO]   ✓ qid=80893 → output\5103\9893\80893.sgf
2026-05-29 01:34:54,954 [INFO]   ✓ qid=80894 → output\5103\9893\80894.sgf
2026-05-29 01:35:01,659 [INFO]   ✓ qid=80895 → output\5103\9893\80895.sgf
2026-05-29 01:35:11,769 [INFO]   ✓ qid=43582 → output\5103\9893\43582.sgf
2026-05-29 01:35:21,943 [INFO]   ✓ qid=80896 → output\5103\9893\80896.sgf
2026-05-29 01:35:27,973 [INFO]   ✓ qid=80897 → output\5103\9893\80897.sgf
2026-05-29 01:35:36,059 [INFO]   ✓ qid=80898 → output\5103\9893\80898.sgf
2026-05-29 01:35:43,439 [INFO]   ✓ qid=80899 → output\5103\9893\80899.sgf
2026-05-29 01:35:51,088 [INFO]   ✓ qid=80900 → output\5103\9893\80900.sgf
2026-05-29 01:35:58,952 [INFO]   ✓ qid=80901 → output\5103\9893\80901.sgf
2026-05-29 01:36:08,007 [INFO]   ✓ qid=80902 → output\5103\9893\80902.sgf
2026-05-29 01:36:14,462 [INFO]   ✓ qid=80903 → output\5103\9893\80903.sgf
2026-05-29 01:36:19,937 [INFO]   ✓ qid=80904 → output\5103\9893\80904.sgf
2026-05-29 01:36:25,419 [INFO]   ✓ qid=80906 → output\5103\9893\80906.sgf
2026-05-29 01:36:33,194 [INFO]   ✓ qid=20251 → output\5103\9893\20251.sgf
2026-05-29 01:36:41,861 [INFO]   ✓ qid=80905 → output\5103\9893\80905.sgf
2026-05-29 01:36:50,044 [INFO]   ✓ qid=80907 → output\5103\9893\80907.sgf
2026-05-29 01:36:55,903 [INFO]   ✓ qid=80908 → output\5103\9893\80908.sgf
2026-05-29 01:37:04,871 [INFO]   ✓ qid=80909 → output\5103\9893\80909.sgf
2026-05-29 01:37:11,331 [INFO]   ✓ qid=80910 → output\5103\9893\80910.sgf
2026-05-29 01:37:19,884 [INFO]   ✓ qid=80911 → output\5103\9893\80911.sgf
2026-05-29 01:37:27,890 [INFO]   ✓ qid=80912 → output\5103\9893\80912.sgf
2026-05-29 01:37:27,891 [INFO]   Capítulo 10110 '逃跑的方向'
2026-05-29 01:37:41,329 [INFO]   ✓ qid=9464 → output\5103\10110\9464.sgf
2026-05-29 01:37:48,985 [INFO]   ✓ qid=11698 → output\5103\10110\11698.sgf
2026-05-29 01:37:57,503 [INFO]   ✓ qid=13044 → output\5103\10110\13044.sgf
2026-05-29 01:38:06,069 [INFO]   ✓ qid=9956 → output\5103\10110\9956.sgf
2026-05-29 01:38:14,489 [INFO]   ✓ qid=22439 → output\5103\10110\22439.sgf
2026-05-29 01:38:20,461 [INFO]   ✓ qid=8607 → output\5103\10110\8607.sgf
2026-05-29 01:38:28,109 [INFO]   ✓ qid=11290 → output\5103\10110\11290.sgf
2026-05-29 01:38:37,468 [INFO]   ✓ qid=10632 → output\5103\10110\10632.sgf
2026-05-29 01:38:45,506 [INFO]   ✓ qid=43663 → output\5103\10110\43663.sgf
2026-05-29 01:38:52,057 [INFO]   ✓ qid=7846 → output\5103\10110\7846.sgf
2026-05-29 01:38:58,240 [INFO]   ✓ qid=9591 → output\5103\10110\9591.sgf
2026-05-29 01:39:07,623 [INFO]   ✓ qid=43635 → output\5103\10110\43635.sgf
2026-05-29 01:39:17,201 [INFO]   ✓ qid=10808 → output\5103\10110\10808.sgf
2026-05-29 01:39:26,870 [INFO]   ✓ qid=8743 → output\5103\10110\8743.sgf
2026-05-29 01:39:32,668 [INFO]   ✓ qid=10183 → output\5103\10110\10183.sgf
2026-05-29 01:39:39,653 [INFO]   ✓ qid=10776 → output\5103\10110\10776.sgf
2026-05-29 01:39:49,551 [INFO]   ✓ qid=8893 → output\5103\10110\8893.sgf
2026-05-29 01:39:55,651 [INFO]   ✓ qid=9880 → output\5103\10110\9880.sgf
2026-05-29 01:40:03,909 [INFO]   ✓ qid=6775 → output\5103\10110\6775.sgf
2026-05-29 01:40:10,956 [INFO]   ✓ qid=11819 → output\5103\10110\11819.sgf
2026-05-29 01:40:10,957 [INFO]   Capítulo 10205 '死活'
2026-05-29 01:40:27,348 [INFO]   ✓ qid=28097 → output\5103\10205\28097.sgf
2026-05-29 01:40:35,473 [INFO]   ✓ qid=55561 → output\5103\10205\55561.sgf
2026-05-29 01:40:43,250 [INFO]   ✓ qid=56697 → output\5103\10205\56697.sgf
2026-05-29 01:40:50,889 [INFO]   ✓ qid=3120 → output\5103\10205\3120.sgf
2026-05-29 01:40:57,115 [INFO]   ✓ qid=44009 → output\5103\10205\44009.sgf
2026-05-29 01:41:03,460 [INFO]   ✓ qid=11990 → output\5103\10205\11990.sgf
2026-05-29 01:41:11,081 [INFO]   ✓ qid=14032 → output\5103\10205\14032.sgf
2026-05-29 01:41:17,650 [INFO]   ✓ qid=55795 → output\5103\10205\55795.sgf
2026-05-29 01:41:25,062 [INFO]   ✓ qid=115851 → output\5103\10205\115851.sgf
2026-05-29 01:41:30,587 [INFO]   ✓ qid=84249 → output\5103\10205\84249.sgf
2026-05-29 01:41:40,242 [INFO]   ✓ qid=79368 → output\5103\10205\79368.sgf
2026-05-29 01:41:47,079 [INFO]   ✓ qid=108671 → output\5103\10205\108671.sgf
2026-05-29 01:41:54,319 [INFO]   ✓ qid=90323 → output\5103\10205\90323.sgf
2026-05-29 01:42:02,677 [INFO]   ✓ qid=21940 → output\5103\10205\21940.sgf
2026-05-29 01:42:08,551 [INFO]   ✓ qid=10993 → output\5103\10205\10993.sgf
2026-05-29 01:42:14,865 [INFO]   ✓ qid=3587 → output\5103\10205\3587.sgf
2026-05-29 01:42:26,031 [INFO]   ✓ qid=408 → output\5103\10205\408.sgf
2026-05-29 01:42:31,525 [INFO]   ✓ qid=48309 → output\5103\10205\48309.sgf
2026-05-29 01:42:40,988 [INFO]   ✓ qid=11883 → output\5103\10205\11883.sgf
2026-05-29 01:42:48,290 [INFO]   ✓ qid=60534 → output\5103\10205\60534.sgf
2026-05-29 01:42:48,291 [INFO]   Capítulo 16661 '@判断死活'
2026-05-29 01:43:03,060 [INFO]   ✓ qid=166482 → output\5103\16661\166482.sgf
2026-05-29 01:43:08,930 [INFO]   ✓ qid=166485 → output\5103\16661\166485.sgf
2026-05-29 01:43:17,503 [INFO]   ✓ qid=166487 → output\5103\16661\166487.sgf
2026-05-29 01:43:23,674 [INFO]   ✓ qid=166489 → output\5103\16661\166489.sgf
2026-05-29 01:43:23,675 [INFO]   Capítulo 10377 '总复习'
2026-05-29 01:43:39,735 [INFO]   ✓ qid=11860 → output\5103\10377\11860.sgf
2026-05-29 01:43:47,677 [INFO]   ✓ qid=1225 → output\5103\10377\1225.sgf
2026-05-29 01:43:53,584 [INFO]   ✓ qid=52572 → output\5103\10377\52572.sgf
2026-05-29 01:44:01,715 [INFO]   ✓ qid=12928 → output\5103\10377\12928.sgf
2026-05-29 01:44:08,807 [INFO]   ✓ qid=20199 → output\5103\10377\20199.sgf
2026-05-29 01:44:16,024 [INFO]   ✓ qid=27407 → output\5103\10377\27407.sgf
2026-05-29 01:44:23,806 [INFO]   ✓ qid=14612 → output\5103\10377\14612.sgf
2026-05-29 01:44:29,979 [INFO]   ✓ qid=55795 → output\5103\10377\55795.sgf
2026-05-29 01:44:37,575 [INFO]   ✓ qid=80892 → output\5103\10377\80892.sgf
2026-05-29 01:44:44,927 [INFO]   ✓ qid=20508 → output\5103\10377\20508.sgf
2026-05-29 01:44:52,088 [INFO]   ✓ qid=3120 → output\5103\10377\3120.sgf
2026-05-29 01:44:59,256 [INFO]   ✓ qid=81401 → output\5103\10377\81401.sgf
2026-05-29 01:45:09,280 [INFO]   ✓ qid=7310 → output\5103\10377\7310.sgf
2026-05-29 01:45:15,803 [INFO]   ✓ qid=25430 → output\5103\10377\25430.sgf
2026-05-29 01:45:25,131 [INFO]   ✓ qid=81425 → output\5103\10377\81425.sgf
2026-05-29 01:45:33,759 [INFO]   ✓ qid=2256 → output\5103\10377\2256.sgf
2026-05-29 01:45:42,384 [INFO]   ✓ qid=10708 → output\5103\10377\10708.sgf
2026-05-29 01:45:50,123 [INFO]   ✓ qid=49914 → output\5103\10377\49914.sgf
2026-05-29 01:45:59,334 [INFO]   ✓ qid=134385 → output\5103\10377\134385.sgf
2026-05-29 01:46:08,154 [INFO]   ✓ qid=134721 → output\5103\10377\134721.sgf
2026-05-29 01:46:16,372 [INFO]   ✓ qid=14032 → output\5103\10377\14032.sgf
2026-05-29 01:46:25,025 [INFO]   ✓ qid=52105 → output\5103\10377\52105.sgf
2026-05-29 01:46:30,919 [INFO]   ✓ qid=21876 → output\5103\10377\21876.sgf
2026-05-29 01:46:38,622 [INFO]   ✓ qid=9542 → output\5103\10377\9542.sgf
2026-05-29 01:46:45,934 [INFO]   ✓ qid=64437 → output\5103\10377\64437.sgf
2026-05-29 01:46:54,906 [INFO]   ✓ qid=65940 → output\5103\10377\65940.sgf
2026-05-29 01:47:01,861 [INFO]   ✓ qid=11229 → output\5103\10377\11229.sgf
2026-05-29 01:47:10,715 [INFO]   ✓ qid=9237 → output\5103\10377\9237.sgf
2026-05-29 01:47:18,443 [INFO]   ✓ qid=20951 → output\5103\10377\20951.sgf
2026-05-29 01:47:25,812 [INFO]   ✓ qid=52439 → output\5103\10377\52439.sgf
2026-05-29 01:47:35,146 [INFO]   ✓ qid=65405 → output\5103\10377\65405.sgf
2026-05-29 01:47:40,948 [INFO]   ✓ qid=80905 → output\5103\10377\80905.sgf
2026-05-29 01:47:50,719 [INFO]   ✓ qid=27436 → output\5103\10377\27436.sgf
2026-05-29 01:47:57,328 [INFO]   ✓ qid=408 → output\5103\10377\408.sgf
2026-05-29 01:48:05,005 [INFO]   ✓ qid=134734 → output\5103\10377\134734.sgf
2026-05-29 01:48:10,870 [INFO]   ✓ qid=44009 → output\5103\10377\44009.sgf
2026-05-29 01:48:20,396 [INFO]   ✓ qid=80900 → output\5103\10377\80900.sgf
2026-05-29 01:48:27,226 [INFO]   ✓ qid=134720 → output\5103\10377\134720.sgf
2026-05-29 01:48:36,708 [INFO]   ✓ qid=9773 → output\5103\10377\9773.sgf
2026-05-29 01:48:44,607 [INFO]   ✓ qid=134738 → output\5103\10377\134738.sgf
2026-05-29 01:48:52,191 [INFO]   ✓ qid=21234 → output\5103\10377\21234.sgf
2026-05-29 01:48:59,769 [INFO]   ✓ qid=80920 → output\5103\10377\80920.sgf
2026-05-29 01:49:07,934 [INFO]   ✓ qid=10712 → output\5103\10377\10712.sgf
2026-05-29 01:49:17,553 [INFO]   ✓ qid=64412 → output\5103\10377\64412.sgf
2026-05-29 01:49:26,213 [INFO]   ✓ qid=3587 → output\5103\10377\3587.sgf
2026-05-29 01:49:36,311 [INFO]   ✓ qid=134716 → output\5103\10377\134716.sgf
2026-05-29 01:49:42,434 [INFO]   ✓ qid=8938 → output\5103\10377\8938.sgf
2026-05-29 01:49:47,897 [INFO]   ✓ qid=12115 → output\5103\10377\12115.sgf
2026-05-29 01:49:54,942 [INFO]   ✓ qid=28097 → output\5103\10377\28097.sgf
2026-05-29 01:49:54,943 [INFO]   Capítulo 90868 '周末作业'
2026-05-29 01:50:10,772 [INFO]   ✓ qid=80030 → output\5103\90868\80030.sgf
2026-05-29 01:50:18,442 [INFO]   ✓ qid=78146 → output\5103\90868\78146.sgf
2026-05-29 01:50:25,175 [INFO]   ✓ qid=3615 → output\5103\90868\3615.sgf
2026-05-29 01:50:32,659 [INFO]   ✓ qid=59523 → output\5103\90868\59523.sgf
2026-05-29 01:50:41,192 [INFO]   ✓ qid=104564 → output\5103\90868\104564.sgf
2026-05-29 01:50:46,693 [INFO]   ✓ qid=54091 → output\5103\90868\54091.sgf
2026-05-29 01:50:53,064 [INFO]   ✓ qid=6657 → output\5103\90868\6657.sgf
2026-05-29 01:50:59,422 [INFO]   ✓ qid=62312 → output\5103\90868\62312.sgf
2026-05-29 01:51:06,082 [INFO]   ✓ qid=380034 → output\5103\90868\380034.sgf
2026-05-29 01:51:11,750 [INFO]   ✓ qid=3254 → output\5103\90868\3254.sgf
2026-05-29 01:51:17,495 [INFO]   ✓ qid=81210 → output\5103\90868\81210.sgf
2026-05-29 01:51:24,109 [INFO]   ✓ qid=58303 → output\5103\90868\58303.sgf
2026-05-29 01:51:34,212 [INFO]   ✓ qid=296585 → output\5103\90868\296585.sgf
2026-05-29 01:51:40,990 [INFO]   ✓ qid=103437 → output\5103\90868\103437.sgf
2026-05-29 01:51:49,908 [INFO]   ✓ qid=103615 → output\5103\90868\103615.sgf
2026-05-29 01:51:57,781 [INFO]   ✓ qid=54269 → output\5103\90868\54269.sgf
2026-05-29 01:52:05,422 [INFO]   ✓ qid=141616 → output\5103\90868\141616.sgf
2026-05-29 01:52:15,075 [INFO]   ✓ qid=373104 → output\5103\90868\373104.sgf
2026-05-29 01:52:20,536 [INFO]   ✓ qid=10302 → output\5103\90868\10302.sgf
2026-05-29 01:52:30,350 [INFO]   ✓ qid=44331 → output\5103\90868\44331.sgf
2026-05-29 01:52:35,940 [INFO]   ✓ qid=66721 → output\5103\90868\66721.sgf
2026-05-29 01:52:42,885 [INFO]   ✓ qid=81975 → output\5103\90868\81975.sgf
2026-05-29 01:52:49,149 [INFO]   ✓ qid=296516 → output\5103\90868\296516.sgf
2026-05-29 01:52:57,962 [INFO]   ✓ qid=10004 → output\5103\90868\10004.sgf
2026-05-29 01:53:09,125 [INFO]   ✓ qid=109911 → output\5103\90868\109911.sgf
2026-05-29 01:53:15,545 [INFO]   ✓ qid=81442 → output\5103\90868\81442.sgf
2026-05-29 01:53:24,077 [INFO]   ✓ qid=50538 → output\5103\90868\50538.sgf
2026-05-29 01:53:33,167 [INFO]   ✓ qid=82839 → output\5103\90868\82839.sgf
2026-05-29 01:53:42,484 [INFO]   ✓ qid=74522 → output\5103\90868\74522.sgf
2026-05-29 01:53:51,633 [INFO]   ✓ qid=10067 → output\5103\90868\10067.sgf
2026-05-29 01:54:01,637 [INFO]   ✓ qid=54148 → output\5103\90868\54148.sgf
2026-05-29 01:54:07,919 [INFO]   ✓ qid=28290 → output\5103\90868\28290.sgf
2026-05-29 01:54:13,535 [INFO]   ✓ qid=379934 → output\5103\90868\379934.sgf
2026-05-29 01:54:23,116 [INFO]   ✓ qid=245703 → output\5103\90868\245703.sgf
2026-05-29 01:54:32,547 [INFO]   ✓ qid=51386 → output\5103\90868\51386.sgf
2026-05-29 01:54:39,282 [INFO]   ✓ qid=11943 → output\5103\90868\11943.sgf
2026-05-29 01:54:47,946 [INFO]   ✓ qid=235302 → output\5103\90868\235302.sgf
2026-05-29 01:54:56,668 [INFO]   ✓ qid=21214 → output\5103\90868\21214.sgf
2026-05-29 01:55:04,243 [INFO]   ✓ qid=8554 → output\5103\90868\8554.sgf
2026-05-29 01:55:11,867 [INFO]   ✓ qid=120246 → output\5103\90868\120246.sgf
2026-05-29 01:55:11,868 [INFO]   Libro 5103 completado: 560 OK, 58 fallidos
2026-05-29 01:55:11,871 [INFO] Libro 30115 — https://www.101weiqi.com/book/30115/
2026-05-29 01:55:21,075 [INFO]   '寒假网课内容' — 20 capítulos
2026-05-29 01:55:44,159 [INFO]   Capítulo 21813 '第1课  对杀（1）基础对杀'
2026-05-29 01:56:01,533 [INFO]   ✓ qid=10864 → output\30115\21813\10864.sgf
2026-05-29 01:56:11,774 [INFO]   ✓ qid=11050 → output\30115\21813\11050.sgf
2026-05-29 01:56:19,028 [INFO]   ✓ qid=10714 → output\30115\21813\10714.sgf
2026-05-29 01:56:24,844 [INFO]   ✓ qid=50357 → output\30115\21813\50357.sgf
2026-05-29 01:56:32,036 [INFO]   ✓ qid=11128 → output\30115\21813\11128.sgf
2026-05-29 01:56:42,345 [INFO]   ✓ qid=43138 → output\30115\21813\43138.sgf
2026-05-29 01:56:51,684 [INFO]   ✓ qid=10612 → output\30115\21813\10612.sgf
2026-05-29 01:57:01,020 [INFO]   ✓ qid=11013 → output\30115\21813\11013.sgf
2026-05-29 01:57:09,871 [INFO]   ✓ qid=5611 → output\30115\21813\5611.sgf
2026-05-29 01:57:16,535 [INFO]   ✓ qid=10766 → output\30115\21813\10766.sgf
2026-05-29 01:57:16,535 [INFO]   Capítulo 21866 '第2课 对杀（2）有眼杀无眼'
2026-05-29 01:57:30,990 [INFO]   ✓ qid=10513 → output\30115\21866\10513.sgf
2026-05-29 01:57:36,772 [INFO]   ✓ qid=9287 → output\30115\21866\9287.sgf
2026-05-29 01:57:44,071 [INFO]   ✓ qid=7 → output\30115\21866\7.sgf
2026-05-29 01:57:52,858 [INFO]   ✓ qid=9203 → output\30115\21866\9203.sgf
2026-05-29 01:58:01,498 [INFO]   ✓ qid=11040 → output\30115\21866\11040.sgf
2026-05-29 01:58:11,617 [INFO]   ✓ qid=35 → output\30115\21866\35.sgf
2026-05-29 01:58:19,833 [INFO]   ✓ qid=10305 → output\30115\21866\10305.sgf
2026-05-29 01:58:26,212 [INFO]   ✓ qid=49338 → output\30115\21866\49338.sgf
2026-05-29 01:58:35,695 [INFO]   ✓ qid=22604 → output\30115\21866\22604.sgf
2026-05-29 01:58:45,586 [INFO]   ✓ qid=21 → output\30115\21866\21.sgf
2026-05-29 01:58:53,885 [INFO]   ✓ qid=20267 → output\30115\21866\20267.sgf
2026-05-29 01:59:03,816 [INFO]   ✓ qid=11027 → output\30115\21866\11027.sgf
2026-05-29 01:59:03,817 [INFO]   Capítulo 21867 '第3课 做眼和破眼'
2026-05-29 01:59:20,745 [INFO]   ✓ qid=48651 → output\30115\21867\48651.sgf
2026-05-29 01:59:29,842 [INFO]   ✓ qid=48640 → output\30115\21867\48640.sgf
2026-05-29 01:59:37,393 [INFO]   ✓ qid=50372 → output\30115\21867\50372.sgf
2026-05-29 01:59:45,402 [INFO]   ✓ qid=50373 → output\30115\21867\50373.sgf
2026-05-29 01:59:53,714 [INFO]   ✓ qid=48639 → output\30115\21867\48639.sgf
2026-05-29 02:00:03,707 [INFO]   ✓ qid=48642 → output\30115\21867\48642.sgf
2026-05-29 02:00:11,607 [INFO]   ✓ qid=48643 → output\30115\21867\48643.sgf
2026-05-29 02:00:17,366 [INFO]   ✓ qid=48644 → output\30115\21867\48644.sgf
2026-05-29 02:00:24,517 [INFO]   ✓ qid=48647 → output\30115\21867\48647.sgf
2026-05-29 02:00:34,717 [INFO]   ✓ qid=48648 → output\30115\21867\48648.sgf
2026-05-29 02:00:44,695 [INFO]   ✓ qid=50375 → output\30115\21867\50375.sgf
2026-05-29 02:00:54,607 [INFO]   ✓ qid=50376 → output\30115\21867\50376.sgf
2026-05-29 02:01:01,513 [INFO]   ✓ qid=50455 → output\30115\21867\50455.sgf
2026-05-29 02:01:09,648 [INFO]   ✓ qid=50380 → output\30115\21867\50380.sgf
2026-05-29 02:01:17,984 [INFO]   ✓ qid=50381 → output\30115\21867\50381.sgf
2026-05-29 02:01:17,985 [INFO]   Capítulo 22252 '第4课 眼形死活'
2026-05-29 02:01:30,599 [INFO]   ✓ qid=50457 → output\30115\22252\50457.sgf
2026-05-29 02:01:38,393 [INFO]   ✓ qid=21927 → output\30115\22252\21927.sgf
2026-05-29 02:01:48,338 [INFO]   ✓ qid=48767 → output\30115\22252\48767.sgf
2026-05-29 02:01:58,563 [INFO]   ✓ qid=50458 → output\30115\22252\50458.sgf
2026-05-29 02:02:06,197 [INFO]   ✓ qid=50459 → output\30115\22252\50459.sgf
2026-05-29 02:02:12,324 [INFO]   ✓ qid=50460 → output\30115\22252\50460.sgf
2026-05-29 02:02:20,423 [INFO]   ✓ qid=50461 → output\30115\22252\50461.sgf
2026-05-29 02:02:30,437 [INFO]   ✓ qid=50462 → output\30115\22252\50462.sgf
2026-05-29 02:02:38,874 [INFO]   ✓ qid=50463 → output\30115\22252\50463.sgf
2026-05-29 02:02:45,165 [INFO]   ✓ qid=50464 → output\30115\22252\50464.sgf
2026-05-29 02:02:51,008 [INFO]   ✓ qid=50465 → output\30115\22252\50465.sgf
2026-05-29 02:02:57,134 [INFO]   ✓ qid=50466 → output\30115\22252\50466.sgf
2026-05-29 02:02:57,135 [INFO]   Capítulo 22502 '第5课 死活-做眼急所'
2026-05-29 02:03:09,786 [INFO]   ✓ qid=50480 → output\30115\22502\50480.sgf
2026-05-29 02:03:17,121 [INFO]   ✓ qid=50481 → output\30115\22502\50481.sgf
2026-05-29 02:03:26,121 [INFO]   ✓ qid=50484 → output\30115\22502\50484.sgf
2026-05-29 02:03:34,868 [INFO]   ✓ qid=50485 → output\30115\22502\50485.sgf
2026-05-29 02:03:41,228 [INFO]   ✓ qid=50486 → output\30115\22502\50486.sgf
2026-05-29 02:03:50,509 [INFO]   ✓ qid=50487 → output\30115\22502\50487.sgf
2026-05-29 02:03:55,971 [INFO]   ✓ qid=50488 → output\30115\22502\50488.sgf
2026-05-29 02:04:02,837 [INFO]   ✓ qid=50492 → output\30115\22502\50492.sgf
2026-05-29 02:04:10,088 [INFO]   ✓ qid=50493 → output\30115\22502\50493.sgf
2026-05-29 02:04:20,071 [INFO]   ✓ qid=50496 → output\30115\22502\50496.sgf
2026-05-29 02:04:28,550 [INFO]   ✓ qid=50497 → output\30115\22502\50497.sgf
2026-05-29 02:04:38,879 [INFO]   ✓ qid=50498 → output\30115\22502\50498.sgf
2026-05-29 02:04:45,474 [INFO]   ✓ qid=50500 → output\30115\22502\50500.sgf
2026-05-29 02:04:51,443 [INFO]   ✓ qid=50502 → output\30115\22502\50502.sgf
2026-05-29 02:05:01,372 [INFO]   ✓ qid=50503 → output\30115\22502\50503.sgf
2026-05-29 02:05:01,373 [INFO]   Capítulo 22503 '第6课 死活-利用倒扑'
2026-05-29 02:05:19,535 [INFO]   ✓ qid=50504 → output\30115\22503\50504.sgf
2026-05-29 02:05:28,341 [INFO]   ✓ qid=50505 → output\30115\22503\50505.sgf
2026-05-29 02:05:35,382 [INFO]   ✓ qid=50508 → output\30115\22503\50508.sgf
2026-05-29 02:05:42,447 [INFO]   ✓ qid=50509 → output\30115\22503\50509.sgf
2026-05-29 02:05:50,477 [INFO]   ✓ qid=50510 → output\30115\22503\50510.sgf
2026-05-29 02:05:57,703 [INFO]   ✓ qid=50511 → output\30115\22503\50511.sgf
2026-05-29 02:06:06,464 [INFO]   ✓ qid=50512 → output\30115\22503\50512.sgf
2026-05-29 02:06:12,968 [INFO]   ✓ qid=50513 → output\30115\22503\50513.sgf
2026-05-29 02:06:21,835 [INFO]   ✓ qid=50644 → output\30115\22503\50644.sgf
2026-05-29 02:06:31,249 [INFO]   ✓ qid=50646 → output\30115\22503\50646.sgf
2026-05-29 02:06:40,385 [INFO]   ✓ qid=50647 → output\30115\22503\50647.sgf
2026-05-29 02:06:47,986 [INFO]   ✓ qid=50648 → output\30115\22503\50648.sgf
2026-05-29 02:06:55,690 [INFO]   ✓ qid=50649 → output\30115\22503\50649.sgf
2026-05-29 02:07:01,302 [INFO]   ✓ qid=50652 → output\30115\22503\50652.sgf
2026-05-29 02:07:08,399 [INFO]   ✓ qid=50653 → output\30115\22503\50653.sgf
2026-05-29 02:07:08,400 [INFO]   Capítulo 22772 '第7课 死活-利用接不归'
2026-05-29 02:07:21,004 [WARNING]   Posible throttling en qid=50666 — pausa 60-120s
2026-05-29 02:09:02,685 [INFO]   ✓ qid=50666 → output\30115\22772\50666.sgf
2026-05-29 02:09:12,588 [INFO]   ✓ qid=50667 → output\30115\22772\50667.sgf
2026-05-29 02:09:20,945 [INFO]   ✓ qid=50668 → output\30115\22772\50668.sgf
2026-05-29 02:09:28,662 [INFO]   ✓ qid=3738 → output\30115\22772\3738.sgf
2026-05-29 02:09:36,882 [INFO]   ✓ qid=50672 → output\30115\22772\50672.sgf
2026-05-29 02:09:47,759 [INFO]   ✓ qid=50673 → output\30115\22772\50673.sgf
2026-05-29 02:09:57,312 [INFO]   ✓ qid=50674 → output\30115\22772\50674.sgf
2026-05-29 02:10:05,379 [INFO]   ✓ qid=50675 → output\30115\22772\50675.sgf
2026-05-29 02:10:15,469 [INFO]   ✓ qid=50676 → output\30115\22772\50676.sgf
2026-05-29 02:10:24,536 [INFO]   ✓ qid=50677 → output\30115\22772\50677.sgf
2026-05-29 02:10:30,320 [INFO]   ✓ qid=50679 → output\30115\22772\50679.sgf
2026-05-29 02:10:39,241 [INFO]   ✓ qid=50680 → output\30115\22772\50680.sgf
2026-05-29 02:10:48,249 [INFO]   ✓ qid=50682 → output\30115\22772\50682.sgf
2026-05-29 02:10:53,872 [INFO]   ✓ qid=50683 → output\30115\22772\50683.sgf
2026-05-29 02:11:00,376 [INFO]   ✓ qid=50684 → output\30115\22772\50684.sgf
2026-05-29 02:11:00,377 [INFO]   Capítulo 22773 '第8课 死活-利用禁入点'
2026-05-29 02:11:13,352 [INFO]   ✓ qid=50690 → output\30115\22773\50690.sgf
2026-05-29 02:11:20,282 [INFO]   ✓ qid=50691 → output\30115\22773\50691.sgf
2026-05-29 02:11:30,081 [INFO]   ✓ qid=50692 → output\30115\22773\50692.sgf
2026-05-29 02:11:38,611 [INFO]   ✓ qid=50693 → output\30115\22773\50693.sgf
2026-05-29 02:11:46,903 [INFO]   ✓ qid=50694 → output\30115\22773\50694.sgf
2026-05-29 02:11:56,516 [INFO]   ✓ qid=50696 → output\30115\22773\50696.sgf
2026-05-29 02:12:04,610 [INFO]   ✓ qid=50697 → output\30115\22773\50697.sgf
2026-05-29 02:12:10,375 [INFO]   ✓ qid=50698 → output\30115\22773\50698.sgf
2026-05-29 02:12:19,788 [INFO]   ✓ qid=50699 → output\30115\22773\50699.sgf
2026-05-29 02:12:26,360 [INFO]   ✓ qid=50700 → output\30115\22773\50700.sgf
2026-05-29 02:12:35,162 [INFO]   ✓ qid=50701 → output\30115\22773\50701.sgf
2026-05-29 02:12:43,485 [INFO]   ✓ qid=50702 → output\30115\22773\50702.sgf
2026-05-29 02:12:50,300 [INFO]   ✓ qid=50703 → output\30115\22773\50703.sgf
2026-05-29 02:12:55,796 [INFO]   ✓ qid=50704 → output\30115\22773\50704.sgf
2026-05-29 02:13:03,946 [INFO]   ✓ qid=50706 → output\30115\22773\50706.sgf
2026-05-29 02:13:03,946 [INFO]   Capítulo 23098 '第9课 死活-打劫'
2026-05-29 02:13:22,826 [INFO]   ✓ qid=50723 → output\30115\23098\50723.sgf
2026-05-29 02:13:29,321 [INFO]   ✓ qid=50724 → output\30115\23098\50724.sgf
2026-05-29 02:13:35,423 [INFO]   ✓ qid=50725 → output\30115\23098\50725.sgf
2026-05-29 02:13:44,969 [INFO]   ✓ qid=50726 → output\30115\23098\50726.sgf
2026-05-29 02:13:53,733 [INFO]   ✓ qid=50727 → output\30115\23098\50727.sgf
2026-05-29 02:13:59,453 [INFO]   ✓ qid=50728 → output\30115\23098\50728.sgf
2026-05-29 02:14:05,229 [INFO]   ✓ qid=50729 → output\30115\23098\50729.sgf
2026-05-29 02:14:12,605 [INFO]   ✓ qid=50730 → output\30115\23098\50730.sgf
2026-05-29 02:14:20,840 [INFO]   ✓ qid=50731 → output\30115\23098\50731.sgf
2026-05-29 02:14:29,172 [INFO]   ✓ qid=50734 → output\30115\23098\50734.sgf
2026-05-29 02:14:38,781 [INFO]   ✓ qid=44204 → output\30115\23098\44204.sgf
2026-05-29 02:14:46,404 [INFO]   ✓ qid=50735 → output\30115\23098\50735.sgf
2026-05-29 02:14:55,279 [INFO]   ✓ qid=50736 → output\30115\23098\50736.sgf
2026-05-29 02:15:03,979 [INFO]   ✓ qid=50738 → output\30115\23098\50738.sgf
2026-05-29 02:15:10,936 [INFO]   ✓ qid=50740 → output\30115\23098\50740.sgf
2026-05-29 02:15:10,937 [INFO]   Capítulo 23099 '第10课 死活-利用扑'
2026-05-29 02:15:24,393 [INFO]   ✓ qid=51024 → output\30115\23099\51024.sgf
2026-05-29 02:15:31,615 [INFO]   ✓ qid=44605 → output\30115\23099\44605.sgf
2026-05-29 02:15:40,547 [INFO]   ✓ qid=51025 → output\30115\23099\51025.sgf
2026-05-29 02:15:50,234 [INFO]   ✓ qid=51026 → output\30115\23099\51026.sgf
2026-05-29 02:15:56,020 [INFO]   ✓ qid=51027 → output\30115\23099\51027.sgf
2026-05-29 02:16:03,255 [INFO]   ✓ qid=51028 → output\30115\23099\51028.sgf
2026-05-29 02:16:11,202 [INFO]   ✓ qid=51029 → output\30115\23099\51029.sgf
2026-05-29 02:16:20,204 [INFO]   ✓ qid=51030 → output\30115\23099\51030.sgf
2026-05-29 02:16:27,566 [INFO]   ✓ qid=51031 → output\30115\23099\51031.sgf
2026-05-29 02:16:33,398 [INFO]   ✓ qid=51032 → output\30115\23099\51032.sgf
2026-05-29 02:16:41,108 [INFO]   ✓ qid=51033 → output\30115\23099\51033.sgf
2026-05-29 02:16:46,763 [INFO]   ✓ qid=51034 → output\30115\23099\51034.sgf
2026-05-29 02:16:55,099 [INFO]   ✓ qid=6565 → output\30115\23099\6565.sgf
2026-05-29 02:17:03,428 [INFO]   ✓ qid=51294 → output\30115\23099\51294.sgf
2026-05-29 02:17:12,747 [INFO]   ✓ qid=51296 → output\30115\23099\51296.sgf
2026-05-29 02:17:12,748 [INFO]   Capítulo 23427 '第11课 死活-双活'
2026-05-29 02:17:27,946 [INFO]   ✓ qid=51297 → output\30115\23427\51297.sgf
2026-05-29 02:17:33,698 [INFO]   ✓ qid=51298 → output\30115\23427\51298.sgf
2026-05-29 02:17:41,025 [INFO]   ✓ qid=51299 → output\30115\23427\51299.sgf
2026-05-29 02:17:48,299 [INFO]   ✓ qid=51300 → output\30115\23427\51300.sgf
2026-05-29 02:17:54,441 [INFO]   ✓ qid=51301 → output\30115\23427\51301.sgf
2026-05-29 02:17:59,831 [INFO]   ✓ qid=51302 → output\30115\23427\51302.sgf
2026-05-29 02:18:08,606 [INFO]   ✓ qid=51303 → output\30115\23427\51303.sgf
2026-05-29 02:18:15,265 [INFO]   ✓ qid=51304 → output\30115\23427\51304.sgf
2026-05-29 02:18:24,787 [INFO]   ✓ qid=51305 → output\30115\23427\51305.sgf
2026-05-29 02:18:31,006 [INFO]   ✓ qid=51306 → output\30115\23427\51306.sgf
2026-05-29 02:18:40,252 [INFO]   ✓ qid=51308 → output\30115\23427\51308.sgf
2026-05-29 02:18:50,416 [INFO]   ✓ qid=51309 → output\30115\23427\51309.sgf
2026-05-29 02:18:57,221 [INFO]   ✓ qid=51310 → output\30115\23427\51310.sgf
2026-05-29 02:19:03,751 [INFO]   ✓ qid=44072 → output\30115\23427\44072.sgf
2026-05-29 02:19:11,073 [INFO]   ✓ qid=51312 → output\30115\23427\51312.sgf
2026-05-29 02:19:11,074 [INFO]   Capítulo 23428 '第12课 做坏形'
2026-05-29 02:19:28,939 [INFO]   ✓ qid=43701 → output\30115\23428\43701.sgf
2026-05-29 02:19:36,723 [INFO]   ✓ qid=43702 → output\30115\23428\43702.sgf
2026-05-29 02:19:45,008 [INFO]   ✓ qid=43703 → output\30115\23428\43703.sgf
2026-05-29 02:19:53,722 [INFO]   ✓ qid=43705 → output\30115\23428\43705.sgf
2026-05-29 02:20:02,075 [INFO]   ✓ qid=43706 → output\30115\23428\43706.sgf
2026-05-29 02:20:12,382 [INFO]   ✓ qid=43707 → output\30115\23428\43707.sgf
2026-05-29 02:20:21,945 [INFO]   ✓ qid=43708 → output\30115\23428\43708.sgf
2026-05-29 02:20:30,388 [INFO]   ✓ qid=43709 → output\30115\23428\43709.sgf
2026-05-29 02:20:36,879 [INFO]   ✓ qid=43712 → output\30115\23428\43712.sgf
2026-05-29 02:20:42,905 [INFO]   ✓ qid=43713 → output\30115\23428\43713.sgf
2026-05-29 02:20:52,937 [INFO]   ✓ qid=43714 → output\30115\23428\43714.sgf
2026-05-29 02:21:00,527 [INFO]   ✓ qid=43715 → output\30115\23428\43715.sgf
2026-05-29 02:21:06,619 [INFO]   ✓ qid=43716 → output\30115\23428\43716.sgf
2026-05-29 02:21:12,981 [INFO]   ✓ qid=43717 → output\30115\23428\43717.sgf
2026-05-29 02:21:21,386 [INFO]   ✓ qid=43718 → output\30115\23428\43718.sgf
2026-05-29 02:21:29,360 [INFO]   ✓ qid=43719 → output\30115\23428\43719.sgf
2026-05-29 02:21:35,323 [INFO]   ✓ qid=43720 → output\30115\23428\43720.sgf
2026-05-29 02:21:44,006 [INFO]   ✓ qid=43722 → output\30115\23428\43722.sgf
2026-05-29 02:21:50,601 [INFO]   ✓ qid=43723 → output\30115\23428\43723.sgf
2026-05-29 02:21:57,274 [INFO]   ✓ qid=43724 → output\30115\23428\43724.sgf
2026-05-29 02:21:57,275 [INFO]   Capítulo 23776 '第13课 角是四死六活'
2026-05-29 02:22:09,600 [INFO]   ✓ qid=43748 → output\30115\23776\43748.sgf
2026-05-29 02:22:18,844 [INFO]   ✓ qid=43749 → output\30115\23776\43749.sgf
2026-05-29 02:22:26,723 [INFO]   ✓ qid=43750 → output\30115\23776\43750.sgf
2026-05-29 02:22:34,350 [INFO]   ✓ qid=43751 → output\30115\23776\43751.sgf
2026-05-29 02:22:40,569 [INFO]   ✓ qid=20083 → output\30115\23776\20083.sgf
2026-05-29 02:22:50,624 [INFO]   ✓ qid=43752 → output\30115\23776\43752.sgf
2026-05-29 02:22:57,162 [INFO]   ✓ qid=43753 → output\30115\23776\43753.sgf
2026-05-29 02:23:03,890 [INFO]   ✓ qid=26110 → output\30115\23776\26110.sgf
2026-05-29 02:23:11,260 [INFO]   ✓ qid=43754 → output\30115\23776\43754.sgf
2026-05-29 02:23:16,910 [INFO]   ✓ qid=43755 → output\30115\23776\43755.sgf
2026-05-29 02:23:25,071 [INFO]   ✓ qid=43756 → output\30115\23776\43756.sgf
2026-05-29 02:23:32,400 [INFO]   ✓ qid=43757 → output\30115\23776\43757.sgf
2026-05-29 02:23:32,401 [INFO]   Capítulo 23775 '第14课 边是六死八活'
2026-05-29 02:23:47,342 [INFO]   ✓ qid=43766 → output\30115\23775\43766.sgf
2026-05-29 02:23:54,650 [INFO]   ✓ qid=43767 → output\30115\23775\43767.sgf
2026-05-29 02:24:00,067 [INFO]   ✓ qid=43768 → output\30115\23775\43768.sgf
2026-05-29 02:24:05,780 [INFO]   ✓ qid=43769 → output\30115\23775\43769.sgf
2026-05-29 02:24:12,690 [INFO]   ✓ qid=43770 → output\30115\23775\43770.sgf
2026-05-29 02:24:27,103 [INFO]   ✓ qid=25909 → output\30115\23775\25909.sgf
2026-05-29 02:24:33,637 [INFO]   ✓ qid=43771 → output\30115\23775\43771.sgf
2026-05-29 02:24:39,741 [INFO]   ✓ qid=43772 → output\30115\23775\43772.sgf
2026-05-29 02:24:45,315 [INFO]   ✓ qid=43773 → output\30115\23775\43773.sgf
2026-05-29 02:24:53,540 [INFO]   ✓ qid=43774 → output\30115\23775\43774.sgf
2026-05-29 02:24:59,255 [INFO]   ✓ qid=43775 → output\30115\23775\43775.sgf
2026-05-29 02:25:07,542 [INFO]   ✓ qid=43776 → output\30115\23775\43776.sgf
2026-05-29 02:25:07,543 [INFO]   Capítulo 24311 '第15课 取舍（1）'
2026-05-29 02:25:26,631 [INFO]   ✓ qid=157213 → output\30115\24311\157213.sgf
2026-05-29 02:25:32,037 [INFO]   ✓ qid=157214 → output\30115\24311\157214.sgf
2026-05-29 02:25:40,333 [INFO]   ✓ qid=157215 → output\30115\24311\157215.sgf
2026-05-29 02:25:47,033 [INFO]   ✓ qid=157217 → output\30115\24311\157217.sgf
2026-05-29 02:25:55,445 [INFO]   ✓ qid=157218 → output\30115\24311\157218.sgf
2026-05-29 02:26:04,111 [INFO]   ✓ qid=157219 → output\30115\24311\157219.sgf
2026-05-29 02:26:14,215 [INFO]   ✓ qid=157220 → output\30115\24311\157220.sgf
2026-05-29 02:26:24,079 [INFO]   ✓ qid=157221 → output\30115\24311\157221.sgf
2026-05-29 02:26:31,433 [INFO]   ✓ qid=157222 → output\30115\24311\157222.sgf
2026-05-29 02:26:41,430 [INFO]   ✓ qid=157223 → output\30115\24311\157223.sgf
2026-05-29 02:26:49,293 [INFO]   ✓ qid=157224 → output\30115\24311\157224.sgf
2026-05-29 02:26:55,663 [INFO]   ✓ qid=157225 → output\30115\24311\157225.sgf
2026-05-29 02:27:03,388 [INFO]   ✓ qid=157227 → output\30115\24311\157227.sgf
2026-05-29 02:27:11,291 [INFO]   ✓ qid=157230 → output\30115\24311\157230.sgf
2026-05-29 02:27:18,475 [INFO]   ✓ qid=157231 → output\30115\24311\157231.sgf
2026-05-29 02:27:24,199 [INFO]   ✓ qid=157232 → output\30115\24311\157232.sgf
2026-05-29 02:27:24,199 [INFO]   Capítulo 24310 '第16课 取舍（2）'
2026-05-29 02:27:38,342 [INFO]   ✓ qid=157233 → output\30115\24310\157233.sgf
2026-05-29 02:27:44,930 [INFO]   ✓ qid=157234 → output\30115\24310\157234.sgf
2026-05-29 02:27:53,479 [INFO]   ✓ qid=157236 → output\30115\24310\157236.sgf
2026-05-29 02:28:04,894 [INFO]   ✓ qid=157237 → output\30115\24310\157237.sgf
2026-05-29 02:28:12,524 [INFO]   ✓ qid=157238 → output\30115\24310\157238.sgf
2026-05-29 02:28:22,686 [INFO]   ✓ qid=157239 → output\30115\24310\157239.sgf
2026-05-29 02:28:28,380 [INFO]   ✓ qid=157240 → output\30115\24310\157240.sgf
2026-05-29 02:28:34,806 [INFO]   ✓ qid=157241 → output\30115\24310\157241.sgf
2026-05-29 02:28:44,568 [INFO]   ✓ qid=157242 → output\30115\24310\157242.sgf
2026-05-29 02:28:49,953 [INFO]   ✓ qid=157243 → output\30115\24310\157243.sgf
2026-05-29 02:28:56,227 [INFO]   ✓ qid=157244 → output\30115\24310\157244.sgf
2026-05-29 02:29:06,346 [INFO]   ✓ qid=157246 → output\30115\24310\157246.sgf
2026-05-29 02:29:15,838 [INFO]   ✓ qid=157247 → output\30115\24310\157247.sgf
2026-05-29 02:29:21,955 [INFO]   ✓ qid=157248 → output\30115\24310\157248.sgf
2026-05-29 02:29:21,956 [INFO]   Capítulo 24666 '第17课 棋形（1）'
2026-05-29 02:29:37,107 [INFO]   ✓ qid=157955 → output\30115\24666\157955.sgf
2026-05-29 02:29:44,098 [INFO]   ✓ qid=157957 → output\30115\24666\157957.sgf
2026-05-29 02:29:54,199 [INFO]   ✓ qid=157958 → output\30115\24666\157958.sgf
2026-05-29 02:30:04,142 [INFO]   ✓ qid=157959 → output\30115\24666\157959.sgf
2026-05-29 02:30:11,867 [INFO]   ✓ qid=157960 → output\30115\24666\157960.sgf
2026-05-29 02:30:22,086 [INFO]   ✓ qid=157961 → output\30115\24666\157961.sgf
2026-05-29 02:30:30,505 [INFO]   ✓ qid=157962 → output\30115\24666\157962.sgf
2026-05-29 02:30:39,484 [INFO]   ✓ qid=157963 → output\30115\24666\157963.sgf
2026-05-29 02:30:48,855 [INFO]   ✓ qid=157964 → output\30115\24666\157964.sgf
2026-05-29 02:30:56,794 [INFO]   ✓ qid=157965 → output\30115\24666\157965.sgf
2026-05-29 02:31:04,739 [INFO]   ✓ qid=157966 → output\30115\24666\157966.sgf
2026-05-29 02:31:12,784 [INFO]   ✓ qid=157967 → output\30115\24666\157967.sgf
2026-05-29 02:31:23,015 [INFO]   ✓ qid=157968 → output\30115\24666\157968.sgf
2026-05-29 02:31:33,317 [INFO]   ✓ qid=157969 → output\30115\24666\157969.sgf
2026-05-29 02:31:40,723 [INFO]   ✓ qid=157970 → output\30115\24666\157970.sgf
2026-05-29 02:31:48,489 [INFO]   ✓ qid=157971 → output\30115\24666\157971.sgf
2026-05-29 02:31:48,489 [INFO]   Capítulo 24667 '第18课 棋形（2）'
2026-05-29 02:32:04,876 [INFO]   ✓ qid=157972 → output\30115\24667\157972.sgf
2026-05-29 02:32:13,613 [INFO]   ✓ qid=157973 → output\30115\24667\157973.sgf
2026-05-29 02:32:22,199 [INFO]   ✓ qid=157992 → output\30115\24667\157992.sgf
2026-05-29 02:32:30,660 [INFO]   ✓ qid=157993 → output\30115\24667\157993.sgf
2026-05-29 02:32:38,747 [INFO]   ✓ qid=157994 → output\30115\24667\157994.sgf
2026-05-29 02:32:46,813 [INFO]   ✓ qid=157995 → output\30115\24667\157995.sgf
2026-05-29 02:32:55,553 [INFO]   ✓ qid=157996 → output\30115\24667\157996.sgf
2026-05-29 02:33:02,186 [INFO]   ✓ qid=157997 → output\30115\24667\157997.sgf
2026-05-29 02:33:09,340 [INFO]   ✓ qid=73664 → output\30115\24667\73664.sgf
2026-05-29 02:33:17,509 [INFO]   ✓ qid=158025 → output\30115\24667\158025.sgf
2026-05-29 02:33:23,613 [INFO]   ✓ qid=158026 → output\30115\24667\158026.sgf
2026-05-29 02:33:31,122 [INFO]   ✓ qid=158027 → output\30115\24667\158027.sgf
2026-05-29 02:33:38,242 [INFO]   ✓ qid=158028 → output\30115\24667\158028.sgf
2026-05-29 02:33:45,288 [INFO]   ✓ qid=158029 → output\30115\24667\158029.sgf
2026-05-29 02:33:45,290 [INFO]   Capítulo 25018 '第19课 先手（1）'
2026-05-29 02:34:02,111 [INFO]   ✓ qid=157861 → output\30115\25018\157861.sgf
2026-05-29 02:34:11,363 [INFO]   ✓ qid=157863 → output\30115\25018\157863.sgf
2026-05-29 02:34:21,073 [INFO]   ✓ qid=157867 → output\30115\25018\157867.sgf
2026-05-29 02:34:30,223 [INFO]   ✓ qid=157870 → output\30115\25018\157870.sgf
2026-05-29 02:34:39,239 [INFO]   ✓ qid=157872 → output\30115\25018\157872.sgf
2026-05-29 02:34:48,939 [INFO]   ✓ qid=157875 → output\30115\25018\157875.sgf
2026-05-29 02:34:57,808 [INFO]   ✓ qid=157900 → output\30115\25018\157900.sgf
2026-05-29 02:35:06,197 [INFO]   ✓ qid=157901 → output\30115\25018\157901.sgf
2026-05-29 02:35:13,978 [INFO]   ✓ qid=157902 → output\30115\25018\157902.sgf
2026-05-29 02:35:22,262 [INFO]   ✓ qid=157903 → output\30115\25018\157903.sgf
2026-05-29 02:35:31,300 [INFO]   ✓ qid=157904 → output\30115\25018\157904.sgf
2026-05-29 02:35:37,291 [INFO]   ✓ qid=157906 → output\30115\25018\157906.sgf
2026-05-29 02:35:44,929 [INFO]   ✓ qid=157907 → output\30115\25018\157907.sgf
2026-05-29 02:35:53,805 [INFO]   ✓ qid=157908 → output\30115\25018\157908.sgf
2026-05-29 02:36:00,535 [INFO]   ✓ qid=157909 → output\30115\25018\157909.sgf
2026-05-29 02:36:00,536 [INFO]   Capítulo 25019 '第20课 先手（2）'
2026-05-29 02:36:17,029 [INFO]   ✓ qid=157911 → output\30115\25019\157911.sgf
2026-05-29 02:36:24,198 [INFO]   ✓ qid=157912 → output\30115\25019\157912.sgf
2026-05-29 02:36:30,370 [INFO]   ✓ qid=157913 → output\30115\25019\157913.sgf
2026-05-29 02:36:40,017 [INFO]   ✓ qid=157914 → output\30115\25019\157914.sgf
2026-05-29 02:36:50,145 [INFO]   ✓ qid=157915 → output\30115\25019\157915.sgf
2026-05-29 02:36:57,609 [INFO]   ✓ qid=157916 → output\30115\25019\157916.sgf
2026-05-29 02:37:06,655 [INFO]   ✓ qid=157917 → output\30115\25019\157917.sgf
2026-05-29 02:37:12,590 [INFO]   ✓ qid=157918 → output\30115\25019\157918.sgf
2026-05-29 02:37:18,089 [INFO]   ✓ qid=157919 → output\30115\25019\157919.sgf
2026-05-29 02:37:25,635 [INFO]   ✓ qid=157920 → output\30115\25019\157920.sgf
2026-05-29 02:37:32,133 [INFO]   ✓ qid=157921 → output\30115\25019\157921.sgf
2026-05-29 02:37:39,435 [INFO]   ✓ qid=157924 → output\30115\25019\157924.sgf
2026-05-29 02:37:45,688 [INFO]   ✓ qid=157925 → output\30115\25019\157925.sgf
2026-05-29 02:37:53,222 [INFO]   ✓ qid=157928 → output\30115\25019\157928.sgf
2026-05-29 02:38:01,049 [INFO]   ✓ qid=157929 → output\30115\25019\157929.sgf
2026-05-29 02:38:01,049 [INFO]   Libro 30115 completado: 288 OK, 0 fallidos
2026-05-29 02:38:01,050 [INFO] Libro 25283 — https://www.101weiqi.com/book/25283/
2026-05-29 02:38:09,208 [INFO]   'qiutianlan的原创题库' — 2 capítulos
2026-05-29 02:38:11,754 [INFO]   Capítulo 10214 '第一节'
2026-05-29 02:38:26,315 [INFO]   ✓ qid=136594 → output\25283\10214\136594.sgf
2026-05-29 02:38:33,133 [INFO]   ✓ qid=136576 → output\25283\10214\136576.sgf
2026-05-29 02:38:41,211 [INFO]   ✓ qid=136422 → output\25283\10214\136422.sgf
2026-05-29 02:38:53,197 [INFO]   ✓ qid=135639 → output\25283\10214\135639.sgf
2026-05-29 02:39:02,532 [INFO]   ✓ qid=135636 → output\25283\10214\135636.sgf
2026-05-29 02:39:13,144 [INFO]   ✓ qid=136419 → output\25283\10214\136419.sgf
2026-05-29 02:39:24,414 [INFO]   ✓ qid=135635 → output\25283\10214\135635.sgf
2026-05-29 02:39:33,108 [INFO]   ✓ qid=134639 → output\25283\10214\134639.sgf
2026-05-29 02:39:43,714 [INFO]   ✓ qid=135632 → output\25283\10214\135632.sgf
2026-05-29 02:39:57,760 [INFO]   ✓ qid=135199 → output\25283\10214\135199.sgf
2026-05-29 02:40:05,087 [INFO]   ✓ qid=135638 → output\25283\10214\135638.sgf
2026-05-29 02:40:13,363 [INFO]   ✓ qid=134640 → output\25283\10214\134640.sgf
2026-05-29 02:40:19,879 [INFO]   ✓ qid=135675 → output\25283\10214\135675.sgf
2026-05-29 02:40:30,156 [INFO]   ✓ qid=135634 → output\25283\10214\135634.sgf
2026-05-29 02:40:40,319 [INFO]   ✓ qid=135633 → output\25283\10214\135633.sgf
2026-05-29 02:40:47,006 [INFO]   ✓ qid=135853 → output\25283\10214\135853.sgf
2026-05-29 02:40:57,094 [INFO]   ✓ qid=134643 → output\25283\10214\134643.sgf
2026-05-29 02:41:07,622 [INFO]   ✓ qid=135363 → output\25283\10214\135363.sgf
2026-05-29 02:41:17,956 [INFO]   ✓ qid=135637 → output\25283\10214\135637.sgf
2026-05-29 02:41:27,837 [INFO]   ✓ qid=135676 → output\25283\10214\135676.sgf
2026-05-29 02:41:27,838 [INFO]   Capítulo 10286 '第二节'
2026-05-29 02:41:46,781 [INFO]   ✓ qid=136343 → output\25283\10286\136343.sgf
2026-05-29 02:41:56,774 [INFO]   ✓ qid=136379 → output\25283\10286\136379.sgf
2026-05-29 02:42:06,326 [INFO]   ✓ qid=138248 → output\25283\10286\138248.sgf
2026-05-29 02:42:13,178 [INFO]   ✓ qid=137667 → output\25283\10286\137667.sgf
2026-05-29 02:42:22,639 [INFO]   ✓ qid=136788 → output\25283\10286\136788.sgf
2026-05-29 02:42:32,278 [INFO]   ✓ qid=137705 → output\25283\10286\137705.sgf
2026-05-29 02:42:41,832 [INFO]   ✓ qid=136907 → output\25283\10286\136907.sgf
2026-05-29 02:42:49,827 [INFO]   ✓ qid=136905 → output\25283\10286\136905.sgf
2026-05-29 02:42:56,990 [INFO]   ✓ qid=137284 → output\25283\10286\137284.sgf
2026-05-29 02:43:07,279 [INFO]   ✓ qid=137706 → output\25283\10286\137706.sgf
2026-05-29 02:43:24,835 [INFO]   ✓ qid=138292 → output\25283\10286\138292.sgf
2026-05-29 02:43:36,268 [INFO]   ✓ qid=138554 → output\25283\10286\138554.sgf
2026-05-29 02:43:45,597 [INFO]   ✓ qid=138883 → output\25283\10286\138883.sgf
2026-05-29 02:43:57,127 [INFO]   ✓ qid=138294 → output\25283\10286\138294.sgf
2026-05-29 02:44:05,908 [INFO]   ✓ qid=138293 → output\25283\10286\138293.sgf
2026-05-29 02:44:05,908 [INFO]   Libro 25283 completado: 35 OK, 0 fallidos
2026-05-29 02:44:05,909 [INFO] Libro 28158 — https://www.101weiqi.com/book/28158/
2026-05-29 02:44:12,674 [INFO]   '对杀专项训练' — 6 capítulos
2026-05-29 02:44:13,962 [INFO]   Capítulo 16018 '基础对杀15-10K'
2026-05-29 02:44:26,756 [INFO]   ✓ qid=3794 → output\28158\16018\3794.sgf
2026-05-29 02:44:34,985 [INFO]   ✓ qid=43578 → output\28158\16018\43578.sgf
2026-05-29 02:44:42,995 [INFO]   ✓ qid=10685 → output\28158\16018\10685.sgf
2026-05-29 02:44:49,399 [INFO]   ✓ qid=11226 → output\28158\16018\11226.sgf
2026-05-29 02:45:00,518 [INFO]   ✓ qid=11748 → output\28158\16018\11748.sgf
2026-05-29 02:45:08,425 [INFO]   ✓ qid=11128 → output\28158\16018\11128.sgf
2026-05-29 02:45:18,108 [INFO]   ✓ qid=10468 → output\28158\16018\10468.sgf
2026-05-29 02:45:26,172 [INFO]   ✓ qid=9567 → output\28158\16018\9567.sgf
2026-05-29 02:45:31,783 [INFO]   ✓ qid=8262 → output\28158\16018\8262.sgf
2026-05-29 02:45:40,323 [INFO]   ✓ qid=9481 → output\28158\16018\9481.sgf
2026-05-29 02:45:48,274 [INFO]   ✓ qid=10814 → output\28158\16018\10814.sgf
2026-05-29 02:45:58,036 [INFO]   ✓ qid=11734 → output\28158\16018\11734.sgf
2026-05-29 02:46:04,049 [INFO]   ✓ qid=10858 → output\28158\16018\10858.sgf
2026-05-29 02:46:11,194 [INFO]   ✓ qid=8026 → output\28158\16018\8026.sgf
2026-05-29 02:46:19,601 [INFO]   ✓ qid=10585 → output\28158\16018\10585.sgf
2026-05-29 02:46:25,267 [INFO]   ✓ qid=10401 → output\28158\16018\10401.sgf
2026-05-29 02:46:31,598 [INFO]   ✓ qid=10918 → output\28158\16018\10918.sgf
2026-05-29 02:46:40,528 [INFO]   ✓ qid=10301 → output\28158\16018\10301.sgf
2026-05-29 02:46:49,461 [INFO]   ✓ qid=11069 → output\28158\16018\11069.sgf
2026-05-29 02:46:58,010 [INFO]   ✓ qid=9971 → output\28158\16018\9971.sgf
2026-05-29 02:47:07,857 [INFO]   ✓ qid=10559 → output\28158\16018\10559.sgf
2026-05-29 02:47:17,456 [INFO]   ✓ qid=10893 → output\28158\16018\10893.sgf
2026-05-29 02:47:26,951 [INFO]   ✓ qid=10983 → output\28158\16018\10983.sgf
2026-05-29 02:47:36,613 [INFO]   ✓ qid=10714 → output\28158\16018\10714.sgf
2026-05-29 02:47:44,371 [INFO]   ✓ qid=10781 → output\28158\16018\10781.sgf
2026-05-29 02:47:54,327 [INFO]   ✓ qid=11625 → output\28158\16018\11625.sgf
2026-05-29 02:48:03,177 [INFO]   ✓ qid=10999 → output\28158\16018\10999.sgf
2026-05-29 02:48:11,121 [INFO]   ✓ qid=10268 → output\28158\16018\10268.sgf
2026-05-29 02:48:19,226 [INFO]   ✓ qid=22587 → output\28158\16018\22587.sgf
2026-05-29 02:48:28,710 [INFO]   ✓ qid=11954 → output\28158\16018\11954.sgf
2026-05-29 02:48:35,345 [INFO]   ✓ qid=10406 → output\28158\16018\10406.sgf
2026-05-29 02:48:42,471 [INFO]   ✓ qid=9976 → output\28158\16018\9976.sgf
2026-05-29 02:48:49,494 [INFO]   ✓ qid=43120 → output\28158\16018\43120.sgf
2026-05-29 02:48:57,618 [INFO]   ✓ qid=9295 → output\28158\16018\9295.sgf
2026-05-29 02:49:05,156 [INFO]   ✓ qid=11141 → output\28158\16018\11141.sgf
2026-05-29 02:49:11,062 [INFO]   ✓ qid=10673 → output\28158\16018\10673.sgf
2026-05-29 02:49:20,225 [INFO]   ✓ qid=10342 → output\28158\16018\10342.sgf
2026-05-29 02:49:29,454 [INFO]   ✓ qid=12839 → output\28158\16018\12839.sgf
2026-05-29 02:49:39,708 [INFO]   ✓ qid=10737 → output\28158\16018\10737.sgf
2026-05-29 02:49:45,618 [INFO]   ✓ qid=9284 → output\28158\16018\9284.sgf
2026-05-29 02:49:53,313 [INFO]   ✓ qid=11555 → output\28158\16018\11555.sgf
2026-05-29 02:49:59,653 [INFO]   ✓ qid=10718 → output\28158\16018\10718.sgf
2026-05-29 02:50:07,264 [INFO]   ✓ qid=20252 → output\28158\16018\20252.sgf
2026-05-29 02:50:13,311 [INFO]   ✓ qid=5294 → output\28158\16018\5294.sgf
2026-05-29 02:50:23,394 [INFO]   ✓ qid=9288 → output\28158\16018\9288.sgf
2026-05-29 02:50:32,589 [INFO]   ✓ qid=10861 → output\28158\16018\10861.sgf
2026-05-29 02:50:38,199 [INFO]   ✓ qid=11751 → output\28158\16018\11751.sgf
2026-05-29 02:50:47,040 [INFO]   ✓ qid=8712 → output\28158\16018\8712.sgf
2026-05-29 02:50:54,081 [INFO]   ✓ qid=9453 → output\28158\16018\9453.sgf
2026-05-29 02:51:02,036 [INFO]   ✓ qid=11337 → output\28158\16018\11337.sgf
2026-05-29 02:51:02,037 [INFO]   Capítulo 16019 '基础对杀10-5K'
2026-05-29 02:51:13,534 [INFO]   ✓ qid=8422 → output\28158\16019\8422.sgf
2026-05-29 02:51:22,770 [INFO]   ✓ qid=43134 → output\28158\16019\43134.sgf
2026-05-29 02:51:32,612 [INFO]   ✓ qid=13513 → output\28158\16019\13513.sgf
2026-05-29 02:51:42,089 [INFO]   ✓ qid=22557 → output\28158\16019\22557.sgf
2026-05-29 02:51:50,743 [INFO]   ✓ qid=3066 → output\28158\16019\3066.sgf
2026-05-29 02:51:59,533 [INFO]   ✓ qid=11349 → output\28158\16019\11349.sgf
2026-05-29 02:52:07,413 [WARNING]   Posible throttling en qid=3731 — pausa 60-120s
2026-05-29 02:54:06,082 [INFO]   ✓ qid=3731 → output\28158\16019\3731.sgf
2026-05-29 02:54:16,196 [INFO]   ✓ qid=12338 → output\28158\16019\12338.sgf
2026-05-29 02:54:24,486 [INFO]   ✓ qid=43595 → output\28158\16019\43595.sgf
2026-05-29 02:54:33,410 [INFO]   ✓ qid=11905 → output\28158\16019\11905.sgf
2026-05-29 02:54:41,238 [INFO]   ✓ qid=57 → output\28158\16019\57.sgf
2026-05-29 02:54:48,692 [INFO]   ✓ qid=7483 → output\28158\16019\7483.sgf
2026-05-29 02:54:55,207 [INFO]   ✓ qid=9925 → output\28158\16019\9925.sgf
2026-05-29 02:55:03,604 [INFO]   ✓ qid=11939 → output\28158\16019\11939.sgf
2026-05-29 02:55:10,662 [INFO]   ✓ qid=44312 → output\28158\16019\44312.sgf
2026-05-29 02:55:19,140 [INFO]   ✓ qid=12710 → output\28158\16019\12710.sgf
2026-05-29 02:55:29,182 [INFO]   ✓ qid=11662 → output\28158\16019\11662.sgf
2026-05-29 02:55:38,924 [INFO]   ✓ qid=43592 → output\28158\16019\43592.sgf
2026-05-29 02:55:47,943 [INFO]   ✓ qid=14634 → output\28158\16019\14634.sgf
2026-05-29 02:55:56,100 [INFO]   ✓ qid=11609 → output\28158\16019\11609.sgf
2026-05-29 02:56:05,112 [INFO]   ✓ qid=4210 → output\28158\16019\4210.sgf
2026-05-29 02:56:13,191 [INFO]   ✓ qid=51009 → output\28158\16019\51009.sgf
2026-05-29 02:56:20,015 [INFO]   ✓ qid=22579 → output\28158\16019\22579.sgf
2026-05-29 02:56:26,383 [INFO]   ✓ qid=22628 → output\28158\16019\22628.sgf
2026-05-29 02:56:35,154 [INFO]   ✓ qid=27468 → output\28158\16019\27468.sgf
2026-05-29 02:56:44,038 [INFO]   ✓ qid=10340 → output\28158\16019\10340.sgf
2026-05-29 02:56:56,411 [INFO]   ✓ qid=22475 → output\28158\16019\22475.sgf
2026-05-29 02:57:02,301 [INFO]   ✓ qid=11997 → output\28158\16019\11997.sgf
2026-05-29 02:57:12,162 [INFO]   ✓ qid=5548 → output\28158\16019\5548.sgf
2026-05-29 02:57:19,854 [INFO]   ✓ qid=22575 → output\28158\16019\22575.sgf
2026-05-29 02:57:32,645 [INFO]   ✓ qid=52055 → output\28158\16019\52055.sgf
2026-05-29 02:57:39,916 [INFO]   ✓ qid=43596 → output\28158\16019\43596.sgf
2026-05-29 02:57:47,980 [INFO]   ✓ qid=11750 → output\28158\16019\11750.sgf
2026-05-29 02:57:53,357 [INFO]   ✓ qid=10919 → output\28158\16019\10919.sgf
2026-05-29 02:58:03,071 [INFO]   ✓ qid=11804 → output\28158\16019\11804.sgf
2026-05-29 02:58:08,788 [INFO]   ✓ qid=9343 → output\28158\16019\9343.sgf
2026-05-29 02:58:16,823 [INFO]   ✓ qid=9240 → output\28158\16019\9240.sgf
2026-05-29 02:58:24,981 [INFO]   ✓ qid=12177 → output\28158\16019\12177.sgf
2026-05-29 02:58:33,167 [INFO]   ✓ qid=13370 → output\28158\16019\13370.sgf
2026-05-29 02:58:42,904 [INFO]   ✓ qid=10450 → output\28158\16019\10450.sgf
2026-05-29 02:58:50,951 [INFO]   ✓ qid=22614 → output\28158\16019\22614.sgf
2026-05-29 02:58:59,331 [INFO]   ✓ qid=11702 → output\28158\16019\11702.sgf
2026-05-29 02:59:06,514 [INFO]   ✓ qid=3075 → output\28158\16019\3075.sgf
2026-05-29 02:59:16,468 [INFO]   ✓ qid=9519 → output\28158\16019\9519.sgf
2026-05-29 02:59:22,315 [INFO]   ✓ qid=5607 → output\28158\16019\5607.sgf
2026-05-29 02:59:31,131 [INFO]   ✓ qid=21843 → output\28158\16019\21843.sgf
2026-05-29 02:59:38,300 [INFO]   ✓ qid=10580 → output\28158\16019\10580.sgf
2026-05-29 02:59:47,217 [INFO]   ✓ qid=22547 → output\28158\16019\22547.sgf
2026-05-29 02:59:55,892 [INFO]   ✓ qid=9518 → output\28158\16019\9518.sgf
2026-05-29 03:00:02,033 [INFO]   ✓ qid=9095 → output\28158\16019\9095.sgf
2026-05-29 03:00:02,034 [INFO]   Capítulo 16022 '有眼杀无眼15-8K'
2026-05-29 03:00:21,560 [INFO]   ✓ qid=3463 → output\28158\16022\3463.sgf
2026-05-29 03:00:28,586 [INFO]   ✓ qid=9287 → output\28158\16022\9287.sgf
2026-05-29 03:00:35,099 [INFO]   ✓ qid=7 → output\28158\16022\7.sgf
2026-05-29 03:00:41,747 [INFO]   ✓ qid=10513 → output\28158\16022\10513.sgf
2026-05-29 03:00:49,725 [INFO]   ✓ qid=9203 → output\28158\16022\9203.sgf
2026-05-29 03:01:00,507 [INFO]   ✓ qid=11040 → output\28158\16022\11040.sgf
2026-05-29 03:01:08,382 [INFO]   ✓ qid=10305 → output\28158\16022\10305.sgf
2026-05-29 03:01:15,252 [INFO]   ✓ qid=49338 → output\28158\16022\49338.sgf
2026-05-29 03:01:23,970 [INFO]   ✓ qid=35 → output\28158\16022\35.sgf
2026-05-29 03:01:29,748 [INFO]   ✓ qid=9328 → output\28158\16022\9328.sgf
2026-05-29 03:01:37,810 [INFO]   ✓ qid=22604 → output\28158\16022\22604.sgf
2026-05-29 03:01:43,660 [INFO]   ✓ qid=12084 → output\28158\16022\12084.sgf
2026-05-29 03:01:53,496 [INFO]   ✓ qid=21 → output\28158\16022\21.sgf
2026-05-29 03:02:00,099 [INFO]   ✓ qid=3531 → output\28158\16022\3531.sgf
2026-05-29 03:02:06,410 [INFO]   ✓ qid=20267 → output\28158\16022\20267.sgf
2026-05-29 03:02:13,063 [INFO]   ✓ qid=11027 → output\28158\16022\11027.sgf
2026-05-29 03:02:21,888 [INFO]   ✓ qid=11539 → output\28158\16022\11539.sgf
2026-05-29 03:02:30,418 [INFO]   ✓ qid=12002 → output\28158\16022\12002.sgf
2026-05-29 03:02:38,728 [INFO]   ✓ qid=11125 → output\28158\16022\11125.sgf
2026-05-29 03:02:48,070 [INFO]   ✓ qid=73412 → output\28158\16022\73412.sgf
2026-05-29 03:02:53,879 [INFO]   ✓ qid=10559 → output\28158\16022\10559.sgf
2026-05-29 03:03:03,484 [INFO]   ✓ qid=22389 → output\28158\16022\22389.sgf
2026-05-29 03:03:12,956 [INFO]   ✓ qid=55737 → output\28158\16022\55737.sgf
2026-05-29 03:03:23,212 [INFO]   ✓ qid=27467 → output\28158\16022\27467.sgf
2026-05-29 03:03:31,291 [INFO]   ✓ qid=12156 → output\28158\16022\12156.sgf
2026-05-29 03:03:37,883 [INFO]   ✓ qid=11059 → output\28158\16022\11059.sgf
2026-05-29 03:03:45,552 [INFO]   ✓ qid=9130 → output\28158\16022\9130.sgf
2026-05-29 03:03:52,960 [INFO]   ✓ qid=65199 → output\28158\16022\65199.sgf
2026-05-29 03:03:58,660 [INFO]   ✓ qid=49481 → output\28158\16022\49481.sgf
2026-05-29 03:04:05,836 [INFO]   ✓ qid=11769 → output\28158\16022\11769.sgf
2026-05-29 03:04:11,709 [INFO]   ✓ qid=1264 → output\28158\16022\1264.sgf
2026-05-29 03:04:19,307 [INFO]   ✓ qid=10645 → output\28158\16022\10645.sgf
2026-05-29 03:04:25,535 [INFO]   ✓ qid=22578 → output\28158\16022\22578.sgf
2026-05-29 03:04:32,839 [INFO]   ✓ qid=12181 → output\28158\16022\12181.sgf
2026-05-29 03:04:41,224 [INFO]   ✓ qid=27547 → output\28158\16022\27547.sgf
2026-05-29 03:04:51,295 [INFO]   ✓ qid=63025 → output\28158\16022\63025.sgf
2026-05-29 03:04:58,816 [INFO]   ✓ qid=70278 → output\28158\16022\70278.sgf
2026-05-29 03:05:05,040 [INFO]   ✓ qid=11131 → output\28158\16022\11131.sgf
2026-05-29 03:05:15,179 [INFO]   ✓ qid=22572 → output\28158\16022\22572.sgf
2026-05-29 03:05:25,395 [INFO]   ✓ qid=4102 → output\28158\16022\4102.sgf
2026-05-29 03:05:32,279 [INFO]   ✓ qid=22620 → output\28158\16022\22620.sgf
2026-05-29 03:05:38,902 [INFO]   ✓ qid=73414 → output\28158\16022\73414.sgf
2026-05-29 03:05:45,250 [INFO]   ✓ qid=11224 → output\28158\16022\11224.sgf
2026-05-29 03:05:53,480 [INFO]   ✓ qid=10997 → output\28158\16022\10997.sgf
2026-05-29 03:05:58,973 [INFO]   ✓ qid=13108 → output\28158\16022\13108.sgf
2026-05-29 03:06:09,212 [INFO]   ✓ qid=11147 → output\28158\16022\11147.sgf
2026-05-29 03:06:16,303 [INFO]   ✓ qid=49488 → output\28158\16022\49488.sgf
2026-05-29 03:06:25,148 [INFO]   ✓ qid=9406 → output\28158\16022\9406.sgf
2026-05-29 03:06:31,145 [INFO]   ✓ qid=27359 → output\28158\16022\27359.sgf
2026-05-29 03:06:38,845 [INFO]   ✓ qid=1270 → output\28158\16022\1270.sgf
2026-05-29 03:06:38,847 [INFO]   Capítulo 16023 '有眼杀无眼8-5K'
2026-05-29 03:06:53,289 [INFO]   ✓ qid=43183 → output\28158\16023\43183.sgf
2026-05-29 03:06:58,849 [INFO]   ✓ qid=22584 → output\28158\16023\22584.sgf
2026-05-29 03:07:07,106 [INFO]   ✓ qid=10938 → output\28158\16023\10938.sgf
2026-05-29 03:07:16,807 [INFO]   ✓ qid=22602 → output\28158\16023\22602.sgf
2026-05-29 03:07:22,883 [INFO]   ✓ qid=11342 → output\28158\16023\11342.sgf
2026-05-29 03:07:33,337 [INFO]   ✓ qid=3593 → output\28158\16023\3593.sgf
2026-05-29 03:07:42,016 [INFO]   ✓ qid=12164 → output\28158\16023\12164.sgf
2026-05-29 03:07:51,754 [INFO]   ✓ qid=6024 → output\28158\16023\6024.sgf
2026-05-29 03:08:01,195 [INFO]   ✓ qid=73416 → output\28158\16023\73416.sgf
2026-05-29 03:08:10,824 [INFO]   ✓ qid=12017 → output\28158\16023\12017.sgf
2026-05-29 03:08:18,317 [INFO]   ✓ qid=10989 → output\28158\16023\10989.sgf
2026-05-29 03:08:28,007 [INFO]   ✓ qid=28 → output\28158\16023\28.sgf
2026-05-29 03:08:34,329 [INFO]   ✓ qid=68958 → output\28158\16023\68958.sgf
2026-05-29 03:08:40,972 [INFO]   ✓ qid=63026 → output\28158\16023\63026.sgf
2026-05-29 03:08:48,840 [INFO]   ✓ qid=47761 → output\28158\16023\47761.sgf
2026-05-29 03:08:58,858 [INFO]   ✓ qid=27409 → output\28158\16023\27409.sgf
2026-05-29 03:09:08,703 [INFO]   ✓ qid=67872 → output\28158\16023\67872.sgf
2026-05-29 03:09:19,857 [INFO]   ✓ qid=1267 → output\28158\16023\1267.sgf
2026-05-29 03:09:32,597 [INFO]   ✓ qid=12723 → output\28158\16023\12723.sgf
2026-05-29 03:09:40,969 [INFO]   ✓ qid=13353 → output\28158\16023\13353.sgf
2026-05-29 03:09:46,353 [INFO]   ✓ qid=10694 → output\28158\16023\10694.sgf
2026-05-29 03:09:55,773 [INFO]   ✓ qid=3405 → output\28158\16023\3405.sgf
2026-05-29 03:10:04,500 [INFO]   ✓ qid=55994 → output\28158\16023\55994.sgf
2026-05-29 03:10:11,886 [INFO]   ✓ qid=22582 → output\28158\16023\22582.sgf
2026-05-29 03:10:21,252 [INFO]   ✓ qid=22577 → output\28158\16023\22577.sgf
2026-05-29 03:10:27,638 [INFO]   ✓ qid=61771 → output\28158\16023\61771.sgf
2026-05-29 03:10:36,558 [INFO]   ✓ qid=10470 → output\28158\16023\10470.sgf
2026-05-29 03:10:44,733 [INFO]   ✓ qid=11968 → output\28158\16023\11968.sgf
2026-05-29 03:10:52,352 [INFO]   ✓ qid=5438 → output\28158\16023\5438.sgf
2026-05-29 03:10:58,210 [INFO]   ✓ qid=29 → output\28158\16023\29.sgf
2026-05-29 03:11:04,547 [INFO]   ✓ qid=22386 → output\28158\16023\22386.sgf
2026-05-29 03:11:10,167 [INFO]   ✓ qid=11512 → output\28158\16023\11512.sgf
2026-05-29 03:11:15,921 [INFO]   ✓ qid=22553 → output\28158\16023\22553.sgf
2026-05-29 03:11:24,414 [INFO]   ✓ qid=3391 → output\28158\16023\3391.sgf
2026-05-29 03:11:33,915 [INFO]   ✓ qid=10660 → output\28158\16023\10660.sgf
2026-05-29 03:11:42,440 [INFO]   ✓ qid=10430 → output\28158\16023\10430.sgf
2026-05-29 03:11:50,892 [INFO]   ✓ qid=49498 → output\28158\16023\49498.sgf
2026-05-29 03:11:58,359 [INFO]   ✓ qid=27346 → output\28158\16023\27346.sgf
2026-05-29 03:12:05,777 [INFO]   ✓ qid=12726 → output\28158\16023\12726.sgf
2026-05-29 03:12:12,228 [INFO]   ✓ qid=5348 → output\28158\16023\5348.sgf
2026-05-29 03:12:20,038 [INFO]   ✓ qid=26345 → output\28158\16023\26345.sgf
2026-05-29 03:12:30,045 [INFO]   ✓ qid=134 → output\28158\16023\134.sgf
2026-05-29 03:12:41,237 [INFO]   ✓ qid=56481 → output\28158\16023\56481.sgf
2026-05-29 03:12:47,092 [INFO]   ✓ qid=22564 → output\28158\16023\22564.sgf
2026-05-29 03:12:54,045 [INFO]   ✓ qid=1266 → output\28158\16023\1266.sgf
2026-05-29 03:12:59,614 [INFO]   ✓ qid=12930 → output\28158\16023\12930.sgf
2026-05-29 03:13:08,052 [INFO]   ✓ qid=11362 → output\28158\16023\11362.sgf
2026-05-29 03:13:17,444 [INFO]   ✓ qid=1273 → output\28158\16023\1273.sgf
2026-05-29 03:13:27,082 [INFO]   ✓ qid=48694 → output\28158\16023\48694.sgf
2026-05-29 03:13:36,510 [INFO]   ✓ qid=1261 → output\28158\16023\1261.sgf
2026-05-29 03:13:36,511 [INFO]   Capítulo 16024 '紧气延气15-8K'
2026-05-29 03:13:53,539 [INFO]   ✓ qid=49356 → output\28158\16024\49356.sgf
2026-05-29 03:13:59,277 [INFO]   ✓ qid=21608 → output\28158\16024\21608.sgf
2026-05-29 03:14:05,896 [INFO]   ✓ qid=42974 → output\28158\16024\42974.sgf
2026-05-29 03:14:15,695 [INFO]   ✓ qid=11909 → output\28158\16024\11909.sgf
2026-05-29 03:14:24,606 [INFO]   ✓ qid=11041 → output\28158\16024\11041.sgf
2026-05-29 03:14:31,642 [INFO]   ✓ qid=20290 → output\28158\16024\20290.sgf
2026-05-29 03:14:37,614 [INFO]   ✓ qid=9 → output\28158\16024\9.sgf
2026-05-29 03:14:45,401 [INFO]   ✓ qid=1593 → output\28158\16024\1593.sgf
2026-05-29 03:14:54,499 [INFO]   ✓ qid=43 → output\28158\16024\43.sgf
2026-05-29 03:15:05,035 [INFO]   ✓ qid=27494 → output\28158\16024\27494.sgf
2026-05-29 03:15:12,104 [INFO]   ✓ qid=10265 → output\28158\16024\10265.sgf
2026-05-29 03:15:21,362 [INFO]   ✓ qid=46 → output\28158\16024\46.sgf
2026-05-29 03:15:28,087 [INFO]   ✓ qid=17 → output\28158\16024\17.sgf
2026-05-29 03:15:37,661 [INFO]   ✓ qid=9499 → output\28158\16024\9499.sgf
2026-05-29 03:15:45,296 [INFO]   ✓ qid=10314 → output\28158\16024\10314.sgf
2026-05-29 03:15:54,914 [INFO]   ✓ qid=13929 → output\28158\16024\13929.sgf
2026-05-29 03:16:01,311 [INFO]   ✓ qid=12 → output\28158\16024\12.sgf
2026-05-29 03:16:08,607 [INFO]   ✓ qid=64985 → output\28158\16024\64985.sgf
2026-05-29 03:16:17,262 [INFO]   ✓ qid=10299 → output\28158\16024\10299.sgf
2026-05-29 03:16:26,139 [INFO]   ✓ qid=9736 → output\28158\16024\9736.sgf
2026-05-29 03:16:32,417 [INFO]   ✓ qid=3411 → output\28158\16024\3411.sgf
2026-05-29 03:16:38,765 [INFO]   ✓ qid=12174 → output\28158\16024\12174.sgf
2026-05-29 03:16:45,436 [INFO]   ✓ qid=10647 → output\28158\16024\10647.sgf
2026-05-29 03:16:54,481 [INFO]   ✓ qid=43200 → output\28158\16024\43200.sgf
2026-05-29 03:16:59,942 [INFO]   ✓ qid=60 → output\28158\16024\60.sgf
2026-05-29 03:17:06,665 [INFO]   ✓ qid=12435 → output\28158\16024\12435.sgf
2026-05-29 03:17:12,297 [INFO]   ✓ qid=57426 → output\28158\16024\57426.sgf
2026-05-29 03:17:20,905 [INFO]   ✓ qid=10304 → output\28158\16024\10304.sgf
2026-05-29 03:17:27,804 [INFO]   ✓ qid=20 → output\28158\16024\20.sgf
2026-05-29 03:17:39,452 [INFO]   ✓ qid=11101 → output\28158\16024\11101.sgf
2026-05-29 03:17:47,641 [INFO]   ✓ qid=22562 → output\28158\16024\22562.sgf
2026-05-29 03:17:56,719 [INFO]   ✓ qid=3786 → output\28158\16024\3786.sgf
2026-05-29 03:18:04,284 [INFO]   ✓ qid=43576 → output\28158\16024\43576.sgf
2026-05-29 03:18:13,236 [INFO]   ✓ qid=55855 → output\28158\16024\55855.sgf
2026-05-29 03:18:19,129 [INFO]   ✓ qid=22671 → output\28158\16024\22671.sgf
2026-05-29 03:18:27,406 [INFO]   ✓ qid=11188 → output\28158\16024\11188.sgf
2026-05-29 03:18:32,946 [INFO]   ✓ qid=30 → output\28158\16024\30.sgf
2026-05-29 03:18:38,776 [INFO]   ✓ qid=10284 → output\28158\16024\10284.sgf
2026-05-29 03:18:49,622 [INFO]   ✓ qid=11926 → output\28158\16024\11926.sgf
2026-05-29 03:18:56,801 [INFO]   ✓ qid=14 → output\28158\16024\14.sgf
2026-05-29 03:19:02,490 [INFO]   ✓ qid=27392 → output\28158\16024\27392.sgf
2026-05-29 03:19:08,215 [INFO]   ✓ qid=11300 → output\28158\16024\11300.sgf
2026-05-29 03:19:16,515 [INFO]   ✓ qid=63 → output\28158\16024\63.sgf
2026-05-29 03:19:23,797 [INFO]   ✓ qid=59 → output\28158\16024\59.sgf
2026-05-29 03:19:34,284 [INFO]   ✓ qid=11000 → output\28158\16024\11000.sgf
2026-05-29 03:19:44,283 [INFO]   ✓ qid=10602 → output\28158\16024\10602.sgf
2026-05-29 03:19:50,692 [INFO]   ✓ qid=10945 → output\28158\16024\10945.sgf
2026-05-29 03:19:56,430 [INFO]   ✓ qid=61061 → output\28158\16024\61061.sgf
2026-05-29 03:20:02,418 [INFO]   ✓ qid=10892 → output\28158\16024\10892.sgf
2026-05-29 03:20:12,199 [INFO]   ✓ qid=9208 → output\28158\16024\9208.sgf
2026-05-29 03:20:12,200 [INFO]   Capítulo 16025 '紧气延气8-5K'
2026-05-29 03:20:26,858 [INFO]   ✓ qid=10790 → output\28158\16025\10790.sgf
2026-05-29 03:20:32,421 [INFO]   ✓ qid=12159 → output\28158\16025\12159.sgf
2026-05-29 03:20:41,150 [INFO]   ✓ qid=12953 → output\28158\16025\12953.sgf
2026-05-29 03:20:49,441 [INFO]   ✓ qid=20284 → output\28158\16025\20284.sgf
2026-05-29 03:20:57,865 [INFO]   ✓ qid=10217 → output\28158\16025\10217.sgf
2026-05-29 03:21:08,070 [INFO]   ✓ qid=5209 → output\28158\16025\5209.sgf
2026-05-29 03:21:13,622 [INFO]   ✓ qid=10984 → output\28158\16025\10984.sgf
2026-05-29 03:21:22,334 [INFO]   ✓ qid=5573 → output\28158\16025\5573.sgf
2026-05-29 03:21:28,731 [INFO]   ✓ qid=22664 → output\28158\16025\22664.sgf
2026-05-29 03:21:36,921 [INFO]   ✓ qid=42787 → output\28158\16025\42787.sgf
2026-05-29 03:21:43,595 [INFO]   ✓ qid=11092 → output\28158\16025\11092.sgf
2026-05-29 03:21:53,903 [INFO]   ✓ qid=11206 → output\28158\16025\11206.sgf
2026-05-29 03:22:03,154 [INFO]   ✓ qid=14191 → output\28158\16025\14191.sgf
2026-05-29 03:22:11,142 [INFO]   ✓ qid=43039 → output\28158\16025\43039.sgf
2026-05-29 03:22:19,661 [INFO]   ✓ qid=21828 → output\28158\16025\21828.sgf
2026-05-29 03:22:27,600 [INFO]   ✓ qid=3625 → output\28158\16025\3625.sgf
2026-05-29 03:22:37,189 [INFO]   ✓ qid=13962 → output\28158\16025\13962.sgf
2026-05-29 03:22:44,894 [INFO]   ✓ qid=27438 → output\28158\16025\27438.sgf
2026-05-29 03:22:54,527 [INFO]   ✓ qid=27563 → output\28158\16025\27563.sgf
2026-05-29 03:23:03,920 [INFO]   ✓ qid=22612 → output\28158\16025\22612.sgf
2026-05-29 03:23:14,283 [INFO]   ✓ qid=27426 → output\28158\16025\27426.sgf
2026-05-29 03:23:25,243 [INFO]   ✓ qid=21776 → output\28158\16025\21776.sgf
2026-05-29 03:23:34,800 [INFO]   ✓ qid=13612 → output\28158\16025\13612.sgf
2026-05-29 03:23:43,870 [INFO]   ✓ qid=13056 → output\28158\16025\13056.sgf
2026-05-29 03:23:54,728 [INFO]   ✓ qid=19808 → output\28158\16025\19808.sgf
2026-05-29 03:24:05,031 [INFO]   ✓ qid=12166 → output\28158\16025\12166.sgf
2026-05-29 03:24:11,780 [INFO]   ✓ qid=12193 → output\28158\16025\12193.sgf
2026-05-29 03:24:18,318 [INFO]   ✓ qid=12767 → output\28158\16025\12767.sgf
2026-05-29 03:24:27,180 [INFO]   ✓ qid=11739 → output\28158\16025\11739.sgf
2026-05-29 03:24:34,988 [INFO]   ✓ qid=21835 → output\28158\16025\21835.sgf
2026-05-29 03:24:43,200 [INFO]   ✓ qid=9989 → output\28158\16025\9989.sgf
2026-05-29 03:24:49,131 [INFO]   ✓ qid=44030 → output\28158\16025\44030.sgf
2026-05-29 03:24:56,136 [INFO]   ✓ qid=12182 → output\28158\16025\12182.sgf
2026-05-29 03:25:05,603 [INFO]   ✓ qid=12925 → output\28158\16025\12925.sgf
2026-05-29 03:25:11,544 [INFO]   ✓ qid=21613 → output\28158\16025\21613.sgf
2026-05-29 03:25:17,585 [INFO]   ✓ qid=22571 → output\28158\16025\22571.sgf
2026-05-29 03:25:26,900 [INFO]   ✓ qid=4460 → output\28158\16025\4460.sgf
2026-05-29 03:25:34,694 [INFO]   ✓ qid=14609 → output\28158\16025\14609.sgf
2026-05-29 03:25:41,218 [INFO]   ✓ qid=27393 → output\28158\16025\27393.sgf
2026-05-29 03:25:51,266 [INFO]   ✓ qid=20352 → output\28158\16025\20352.sgf
2026-05-29 03:25:59,771 [INFO]   ✓ qid=11139 → output\28158\16025\11139.sgf
2026-05-29 03:26:08,264 [INFO]   ✓ qid=63070 → output\28158\16025\63070.sgf
2026-05-29 03:26:17,036 [INFO]   ✓ qid=10363 → output\28158\16025\10363.sgf
2026-05-29 03:26:23,996 [INFO]   ✓ qid=11153 → output\28158\16025\11153.sgf
2026-05-29 03:26:29,799 [INFO]   ✓ qid=12065 → output\28158\16025\12065.sgf
2026-05-29 03:26:35,889 [INFO]   ✓ qid=27470 → output\28158\16025\27470.sgf
2026-05-29 03:26:43,471 [INFO]   ✓ qid=25290 → output\28158\16025\25290.sgf
2026-05-29 03:26:53,482 [INFO]   ✓ qid=3306 → output\28158\16025\3306.sgf
2026-05-29 03:26:59,706 [INFO]   ✓ qid=65669 → output\28158\16025\65669.sgf
2026-05-29 03:26:59,707 [INFO]   Libro 28158 completado: 299 OK, 0 fallidos
2026-05-29 03:26:59,710 [INFO] Libro 25369 — https://www.101weiqi.com/book/25369/
2026-05-29 03:27:05,786 [INFO]   '萌之道围棋基础训练' — 142 capítulos
2026-05-29 03:29:15,036 [INFO]   Capítulo 98788 '气'
2026-05-29 03:29:30,141 [INFO]   ✓ qid=295990 → output\25369\98788\295990.sgf
2026-05-29 03:29:38,972 [INFO]   ✓ qid=295988 → output\25369\98788\295988.sgf
2026-05-29 03:29:47,390 [INFO]   ✓ qid=295989 → output\25369\98788\295989.sgf
2026-05-29 03:29:53,236 [INFO]   ✓ qid=139996 → output\25369\98788\139996.sgf
2026-05-29 03:29:58,766 [INFO]   ✓ qid=295997 → output\25369\98788\295997.sgf
2026-05-29 03:30:07,915 [INFO]   ✓ qid=295992 → output\25369\98788\295992.sgf
2026-05-29 03:30:16,623 [INFO]   ✓ qid=296010 → output\25369\98788\296010.sgf
2026-05-29 03:30:26,212 [INFO]   ✓ qid=95562 → output\25369\98788\95562.sgf
2026-05-29 03:30:32,710 [INFO]   ✓ qid=128090 → output\25369\98788\128090.sgf
2026-05-29 03:30:39,984 [INFO]   ✓ qid=128086 → output\25369\98788\128086.sgf
2026-05-29 03:30:50,093 [INFO]   ✓ qid=128083 → output\25369\98788\128083.sgf
2026-05-29 03:30:56,145 [INFO]   ✓ qid=128080 → output\25369\98788\128080.sgf
2026-05-29 03:31:03,600 [INFO]   ✓ qid=128079 → output\25369\98788\128079.sgf
2026-05-29 03:31:10,398 [INFO]   ✓ qid=128087 → output\25369\98788\128087.sgf
2026-05-29 03:31:20,190 [INFO]   ✓ qid=128075 → output\25369\98788\128075.sgf
2026-05-29 03:31:25,671 [INFO]   ✓ qid=71036 → output\25369\98788\71036.sgf
2026-05-29 03:31:35,160 [INFO]   ✓ qid=63860 → output\25369\98788\63860.sgf
2026-05-29 03:31:45,401 [INFO]   ✓ qid=128091 → output\25369\98788\128091.sgf
2026-05-29 03:31:54,360 [INFO]   ✓ qid=128089 → output\25369\98788\128089.sgf
2026-05-29 03:32:02,883 [INFO]   ✓ qid=71047 → output\25369\98788\71047.sgf
2026-05-29 03:32:10,363 [INFO]   ✓ qid=71048 → output\25369\98788\71048.sgf
2026-05-29 03:32:16,815 [INFO]   ✓ qid=71042 → output\25369\98788\71042.sgf
2026-05-29 03:32:26,653 [INFO]   ✓ qid=64375 → output\25369\98788\64375.sgf
2026-05-29 03:32:32,562 [INFO]   ✓ qid=71043 → output\25369\98788\71043.sgf
2026-05-29 03:32:32,563 [INFO]   Capítulo 98789 '打吃提子'
2026-05-29 03:32:49,214 [INFO]   ✓ qid=49727 → output\25369\98789\49727.sgf
2026-05-29 03:32:56,447 [INFO]   ✓ qid=43295 → output\25369\98789\43295.sgf
2026-05-29 03:33:02,206 [INFO]   ✓ qid=49728 → output\25369\98789\49728.sgf
2026-05-29 03:33:09,071 [INFO]   ✓ qid=49731 → output\25369\98789\49731.sgf
2026-05-29 03:33:16,220 [INFO]   ✓ qid=43298 → output\25369\98789\43298.sgf
2026-05-29 03:33:25,644 [INFO]   ✓ qid=9036 → output\25369\98789\9036.sgf
2026-05-29 03:33:35,622 [INFO]   ✓ qid=54092 → output\25369\98789\54092.sgf
2026-05-29 03:33:43,597 [INFO]   ✓ qid=43302 → output\25369\98789\43302.sgf
2026-05-29 03:33:53,738 [INFO]   ✓ qid=8346 → output\25369\98789\8346.sgf
2026-05-29 03:34:00,220 [INFO]   ✓ qid=8622 → output\25369\98789\8622.sgf
2026-05-29 03:34:08,188 [INFO]   ✓ qid=8776 → output\25369\98789\8776.sgf
2026-05-29 03:34:15,969 [INFO]   ✓ qid=8203 → output\25369\98789\8203.sgf
2026-05-29 03:34:25,738 [INFO]   ✓ qid=8683 → output\25369\98789\8683.sgf
2026-05-29 03:34:31,306 [INFO]   ✓ qid=8274 → output\25369\98789\8274.sgf
2026-05-29 03:34:39,550 [INFO]   ✓ qid=9003 → output\25369\98789\9003.sgf
2026-05-29 03:34:45,902 [INFO]   ✓ qid=49743 → output\25369\98789\49743.sgf
2026-05-29 03:34:52,927 [INFO]   ✓ qid=8929 → output\25369\98789\8929.sgf
2026-05-29 03:35:02,540 [INFO]   ✓ qid=8542 → output\25369\98789\8542.sgf
2026-05-29 03:35:11,349 [INFO]   ✓ qid=8478 → output\25369\98789\8478.sgf
2026-05-29 03:35:20,938 [INFO]   ✓ qid=49726 → output\25369\98789\49726.sgf
2026-05-29 03:35:29,083 [INFO]   ✓ qid=293627 → output\25369\98789\293627.sgf
2026-05-29 03:35:38,911 [INFO]   ✓ qid=295569 → output\25369\98789\295569.sgf
2026-05-29 03:35:45,039 [INFO]   ✓ qid=293248 → output\25369\98789\293248.sgf
2026-05-29 03:35:55,131 [INFO]   ✓ qid=295551 → output\25369\98789\295551.sgf
2026-05-29 03:35:55,132 [INFO]   Capítulo 98791 '双方互打'
2026-05-29 03:36:13,605 [INFO]   ✓ qid=51931 → output\25369\98791\51931.sgf
2026-05-29 03:36:22,776 [INFO]   ✓ qid=50427 → output\25369\98791\50427.sgf
2026-05-29 03:36:30,605 [INFO]   ✓ qid=50429 → output\25369\98791\50429.sgf
2026-05-29 03:36:38,844 [INFO]   ✓ qid=8201 → output\25369\98791\8201.sgf
2026-05-29 03:36:46,735 [INFO]   ✓ qid=50430 → output\25369\98791\50430.sgf
2026-05-29 03:36:52,489 [INFO]   ✓ qid=8891 → output\25369\98791\8891.sgf
2026-05-29 03:36:58,571 [INFO]   ✓ qid=8333 → output\25369\98791\8333.sgf
2026-05-29 03:37:04,535 [INFO]   ✓ qid=9165 → output\25369\98791\9165.sgf
2026-05-29 03:37:13,392 [INFO]   ✓ qid=8366 → output\25369\98791\8366.sgf
2026-05-29 03:37:18,902 [INFO]   ✓ qid=8667 → output\25369\98791\8667.sgf
2026-05-29 03:37:25,520 [INFO]   ✓ qid=8665 → output\25369\98791\8665.sgf
2026-05-29 03:37:33,718 [INFO]   ✓ qid=8550 → output\25369\98791\8550.sgf
2026-05-29 03:37:41,225 [INFO]   ✓ qid=9038 → output\25369\98791\9038.sgf
2026-05-29 03:37:47,702 [INFO]   ✓ qid=8608 → output\25369\98791\8608.sgf
2026-05-29 03:37:57,868 [INFO]   ✓ qid=8277 → output\25369\98791\8277.sgf
2026-05-29 03:38:05,012 [INFO]   ✓ qid=42257 → output\25369\98791\42257.sgf
2026-05-29 03:38:13,560 [INFO]   ✓ qid=9023 → output\25369\98791\9023.sgf
2026-05-29 03:38:22,722 [INFO]   ✓ qid=8912 → output\25369\98791\8912.sgf
2026-05-29 03:38:28,494 [INFO]   ✓ qid=8200 → output\25369\98791\8200.sgf
2026-05-29 03:38:38,600 [INFO]   ✓ qid=355853 → output\25369\98791\355853.sgf
2026-05-29 03:38:38,601 [INFO]   Capítulo 98790 '逃'
2026-05-29 03:38:57,573 [INFO]   ✓ qid=9888 → output\25369\98790\9888.sgf
2026-05-29 03:39:05,622 [INFO]   ✓ qid=9790 → output\25369\98790\9790.sgf
2026-05-29 03:39:13,436 [INFO]   ✓ qid=8968 → output\25369\98790\8968.sgf
2026-05-29 03:39:21,125 [INFO]   ✓ qid=9106 → output\25369\98790\9106.sgf
2026-05-29 03:39:29,045 [INFO]   ✓ qid=8613 → output\25369\98790\8613.sgf
2026-05-29 03:39:34,525 [INFO]   ✓ qid=9278 → output\25369\98790\9278.sgf
2026-05-29 03:39:43,471 [INFO]   ✓ qid=8466 → output\25369\98790\8466.sgf
2026-05-29 03:39:52,360 [INFO]   ✓ qid=8375 → output\25369\98790\8375.sgf
2026-05-29 03:39:59,586 [INFO]   ✓ qid=9247 → output\25369\98790\9247.sgf
2026-05-29 03:40:05,451 [INFO]   ✓ qid=8877 → output\25369\98790\8877.sgf
2026-05-29 03:40:14,219 [INFO]   ✓ qid=9130 → output\25369\98790\9130.sgf
2026-05-29 03:40:20,461 [INFO]   ✓ qid=9245 → output\25369\98790\9245.sgf
2026-05-29 03:40:28,996 [INFO]   ✓ qid=9524 → output\25369\98790\9524.sgf
2026-05-29 03:40:34,500 [INFO]   ✓ qid=9737 → output\25369\98790\9737.sgf
2026-05-29 03:40:41,760 [INFO]   ✓ qid=9228 → output\25369\98790\9228.sgf
2026-05-29 03:40:49,055 [INFO]   ✓ qid=8701 → output\25369\98790\8701.sgf
2026-05-29 03:40:54,838 [INFO]   ✓ qid=9678 → output\25369\98790\9678.sgf
2026-05-29 03:41:02,243 [INFO]   ✓ qid=10174 → output\25369\98790\10174.sgf
2026-05-29 03:41:11,008 [INFO]   ✓ qid=8488 → output\25369\98790\8488.sgf
2026-05-29 03:41:18,985 [INFO]   ✓ qid=10058 → output\25369\98790\10058.sgf
2026-05-29 03:41:24,951 [INFO]   ✓ qid=50844 → output\25369\98790\50844.sgf
2026-05-29 03:41:24,952 [INFO]   Capítulo 98792 '连接与虎口'
2026-05-29 03:41:37,602 [INFO]   ✓ qid=8289 → output\25369\98792\8289.sgf
2026-05-29 03:41:44,622 [INFO]   ✓ qid=57671 → output\25369\98792\57671.sgf
2026-05-29 03:41:50,799 [INFO]   ✓ qid=8790 → output\25369\98792\8790.sgf
2026-05-29 03:41:56,468 [INFO]   ✓ qid=8902 → output\25369\98792\8902.sgf
2026-05-29 03:42:02,805 [INFO]   ✓ qid=8792 → output\25369\98792\8792.sgf
2026-05-29 03:42:10,665 [INFO]   ✓ qid=8461 → output\25369\98792\8461.sgf
2026-05-29 03:42:19,541 [INFO]   ✓ qid=8890 → output\25369\98792\8890.sgf
2026-05-29 03:42:29,411 [INFO]   ✓ qid=8864 → output\25369\98792\8864.sgf
2026-05-29 03:42:37,426 [INFO]   ✓ qid=8402 → output\25369\98792\8402.sgf
2026-05-29 03:42:45,962 [INFO]   ✓ qid=8233 → output\25369\98792\8233.sgf
2026-05-29 03:42:51,535 [INFO]   ✓ qid=10214 → output\25369\98792\10214.sgf
2026-05-29 03:43:00,798 [INFO]   ✓ qid=10068 → output\25369\98792\10068.sgf
2026-05-29 03:43:09,719 [INFO]   ✓ qid=8627 → output\25369\98792\8627.sgf
2026-05-29 03:43:19,999 [INFO]   ✓ qid=296420 → output\25369\98792\296420.sgf
2026-05-29 03:43:29,971 [INFO]   ✓ qid=20980 → output\25369\98792\20980.sgf
2026-05-29 03:43:35,749 [INFO]   ✓ qid=14653 → output\25369\98792\14653.sgf
2026-05-29 03:43:45,732 [INFO]   ✓ qid=9866 → output\25369\98792\9866.sgf
2026-05-29 03:43:54,356 [INFO]   ✓ qid=9639 → output\25369\98792\9639.sgf
2026-05-29 03:43:59,818 [INFO]   ✓ qid=9929 → output\25369\98792\9929.sgf
2026-05-29 03:44:06,793 [INFO]   ✓ qid=167082 → output\25369\98792\167082.sgf
2026-05-29 03:44:06,794 [INFO]   Capítulo 98793 '断（分断）'
2026-05-29 03:44:19,397 [INFO]   ✓ qid=43413 → output\25369\98793\43413.sgf
2026-05-29 03:44:27,398 [INFO]   ✓ qid=8901 → output\25369\98793\8901.sgf
2026-05-29 03:44:33,129 [INFO]   ✓ qid=9471 → output\25369\98793\9471.sgf
2026-05-29 03:44:42,372 [INFO]   ✓ qid=9065 → output\25369\98793\9065.sgf
2026-05-29 03:44:48,453 [INFO]   ✓ qid=9830 → output\25369\98793\9830.sgf
2026-05-29 03:44:55,599 [INFO]   ✓ qid=8709 → output\25369\98793\8709.sgf
2026-05-29 03:45:04,502 [INFO]   ✓ qid=12100 → output\25369\98793\12100.sgf
2026-05-29 03:45:14,373 [INFO]   ✓ qid=9744 → output\25369\98793\9744.sgf
2026-05-29 03:45:22,780 [INFO]   ✓ qid=12220 → output\25369\98793\12220.sgf
2026-05-29 03:45:28,635 [INFO]   ✓ qid=9413 → output\25369\98793\9413.sgf
2026-05-29 03:45:38,090 [INFO]   ✓ qid=8307 → output\25369\98793\8307.sgf
2026-05-29 03:45:45,578 [INFO]   ✓ qid=10237 → output\25369\98793\10237.sgf
2026-05-29 03:45:54,667 [INFO]   ✓ qid=10094 → output\25369\98793\10094.sgf
2026-05-29 03:46:01,141 [INFO]   ✓ qid=20438 → output\25369\98793\20438.sgf
2026-05-29 03:46:08,676 [INFO]   ✓ qid=27534 → output\25369\98793\27534.sgf
2026-05-29 03:46:16,131 [INFO]   ✓ qid=9324 → output\25369\98793\9324.sgf
2026-05-29 03:46:24,356 [INFO]   ✓ qid=10083 → output\25369\98793\10083.sgf
2026-05-29 03:46:30,858 [INFO]   ✓ qid=20765 → output\25369\98793\20765.sgf
2026-05-29 03:46:30,859 [INFO]   Capítulo 98799 '禁入点与一块棋'
2026-05-29 03:46:48,347 [INFO]   ✓ qid=95660 → output\25369\98799\95660.sgf
2026-05-29 03:46:53,789 [INFO]   ✓ qid=70941 → output\25369\98799\70941.sgf
2026-05-29 03:46:59,588 [INFO]   ✓ qid=70940 → output\25369\98799\70940.sgf
2026-05-29 03:47:08,779 [INFO]   ✓ qid=70945 → output\25369\98799\70945.sgf
2026-05-29 03:47:15,287 [INFO]   ✓ qid=71891 → output\25369\98799\71891.sgf
2026-05-29 03:47:24,992 [INFO]   ✓ qid=71021 → output\25369\98799\71021.sgf
2026-05-29 03:47:33,474 [INFO]   ✓ qid=70936 → output\25369\98799\70936.sgf
2026-05-29 03:47:42,800 [INFO]   ✓ qid=71022 → output\25369\98799\71022.sgf
2026-05-29 03:47:48,255 [INFO]   ✓ qid=70942 → output\25369\98799\70942.sgf
2026-05-29 03:47:56,888 [INFO]   ✓ qid=70943 → output\25369\98799\70943.sgf
2026-05-29 03:48:04,819 [INFO]   ✓ qid=167030 → output\25369\98799\167030.sgf
2026-05-29 03:48:04,819 [INFO]   Capítulo 98805 '可逃之子和应弃之子'
2026-05-29 03:48:23,215 [INFO]   ✓ qid=167043 → output\25369\98805\167043.sgf
2026-05-29 03:48:30,266 [INFO]   ✓ qid=167041 → output\25369\98805\167041.sgf
2026-05-29 03:48:38,929 [INFO]   ✓ qid=167040 → output\25369\98805\167040.sgf
2026-05-29 03:48:45,799 [INFO]   ✓ qid=167044 → output\25369\98805\167044.sgf
2026-05-29 03:48:55,481 [INFO]   ✓ qid=167034 → output\25369\98805\167034.sgf
2026-05-29 03:49:04,849 [INFO]   ✓ qid=167035 → output\25369\98805\167035.sgf
2026-05-29 03:49:11,067 [INFO]   ✓ qid=167037 → output\25369\98805\167037.sgf
2026-05-29 03:49:20,901 [INFO]   ✓ qid=167032 → output\25369\98805\167032.sgf
2026-05-29 03:49:29,388 [INFO]   ✓ qid=167031 → output\25369\98805\167031.sgf
2026-05-29 03:49:38,737 [INFO]   ✓ qid=167038 → output\25369\98805\167038.sgf
2026-05-29 03:49:38,738 [INFO]   Capítulo 98806 '打劫与打二还一'
2026-05-29 03:49:55,107 [INFO]   ✓ qid=49739 → output\25369\98806\49739.sgf
2026-05-29 03:50:03,454 [INFO]   ✓ qid=71050 → output\25369\98806\71050.sgf
2026-05-29 03:50:10,320 [INFO]   ✓ qid=49740 → output\25369\98806\49740.sgf
2026-05-29 03:50:18,544 [INFO]   ✓ qid=71057 → output\25369\98806\71057.sgf
2026-05-29 03:50:28,411 [INFO]   ✓ qid=71066 → output\25369\98806\71066.sgf
2026-05-29 03:50:34,006 [INFO]   ✓ qid=71054 → output\25369\98806\71054.sgf
2026-05-29 03:50:44,227 [INFO]   ✓ qid=71058 → output\25369\98806\71058.sgf
2026-05-29 03:50:51,510 [INFO]   ✓ qid=71055 → output\25369\98806\71055.sgf
2026-05-29 03:51:01,409 [INFO]   ✓ qid=71062 → output\25369\98806\71062.sgf
2026-05-29 03:51:08,398 [INFO]   ✓ qid=71059 → output\25369\98806\71059.sgf
2026-05-29 03:51:14,247 [INFO]   ✓ qid=49746 → output\25369\98806\49746.sgf
2026-05-29 03:51:23,840 [INFO]   ✓ qid=71067 → output\25369\98806\71067.sgf
2026-05-29 03:51:29,657 [INFO]   ✓ qid=49741 → output\25369\98806\49741.sgf
2026-05-29 03:51:39,435 [INFO]   ✓ qid=8342 → output\25369\98806\8342.sgf
2026-05-29 03:51:46,911 [INFO]   ✓ qid=9007 → output\25369\98806\9007.sgf
2026-05-29 03:51:54,518 [INFO]   ✓ qid=8587 → output\25369\98806\8587.sgf
2026-05-29 03:52:01,797 [INFO]   ✓ qid=8971 → output\25369\98806\8971.sgf
2026-05-29 03:52:11,462 [INFO]   ✓ qid=75118 → output\25369\98806\75118.sgf
2026-05-29 03:52:11,463 [INFO]   Capítulo 133244 '逃跑的方向'
2026-05-29 03:52:25,247 [INFO]   ✓ qid=167060 → output\25369\133244\167060.sgf
2026-05-29 03:52:34,074 [INFO]   ✓ qid=167061 → output\25369\133244\167061.sgf
2026-05-29 03:52:43,545 [INFO]   ✓ qid=167058 → output\25369\133244\167058.sgf
2026-05-29 03:52:50,190 [INFO]   ✓ qid=167057 → output\25369\133244\167057.sgf
2026-05-29 03:52:56,744 [INFO]   ✓ qid=167055 → output\25369\133244\167055.sgf
2026-05-29 03:53:06,160 [INFO]   ✓ qid=167052 → output\25369\133244\167052.sgf
2026-05-29 03:53:13,443 [INFO]   ✓ qid=167056 → output\25369\133244\167056.sgf
2026-05-29 03:53:23,189 [INFO]   ✓ qid=167053 → output\25369\133244\167053.sgf
2026-05-29 03:53:30,119 [INFO]   ✓ qid=167059 → output\25369\133244\167059.sgf
2026-05-29 03:53:38,474 [INFO]   ✓ qid=167054 → output\25369\133244\167054.sgf
2026-05-29 03:53:46,219 [INFO]   ✓ qid=11020 → output\25369\133244\11020.sgf
2026-05-29 03:53:54,778 [INFO]   ✓ qid=9956 → output\25369\133244\9956.sgf
2026-05-29 03:54:04,545 [INFO]   ✓ qid=9250 → output\25369\133244\9250.sgf
2026-05-29 03:54:11,270 [INFO]   ✓ qid=11831 → output\25369\133244\11831.sgf
2026-05-29 03:54:21,559 [INFO]   ✓ qid=12184 → output\25369\133244\12184.sgf
2026-05-29 03:54:28,883 [INFO]   ✓ qid=9301 → output\25369\133244\9301.sgf
2026-05-29 03:54:38,276 [INFO]   ✓ qid=9218 → output\25369\133244\9218.sgf
2026-05-29 03:54:47,655 [INFO]   ✓ qid=12089 → output\25369\133244\12089.sgf
2026-05-29 03:54:54,323 [INFO]   ✓ qid=22702 → output\25369\133244\22702.sgf
2026-05-29 03:55:02,082 [INFO]   ✓ qid=43636 → output\25369\133244\43636.sgf
2026-05-29 03:55:08,033 [INFO]   ✓ qid=7060 → output\25369\133244\7060.sgf
2026-05-29 03:55:14,856 [INFO]   ✓ qid=10129 → output\25369\133244\10129.sgf
2026-05-29 03:55:21,138 [INFO]   ✓ qid=11334 → output\25369\133244\11334.sgf
2026-05-29 03:55:21,138 [INFO]   Capítulo 98796 '断吃'
2026-05-29 03:55:39,073 [INFO]   ✓ qid=8520 → output\25369\98796\8520.sgf
2026-05-29 03:55:48,047 [INFO]   ✓ qid=9063 → output\25369\98796\9063.sgf
2026-05-29 03:55:53,647 [INFO]   ✓ qid=10623 → output\25369\98796\10623.sgf
2026-05-29 03:56:00,903 [INFO]   ✓ qid=8914 → output\25369\98796\8914.sgf
2026-05-29 03:56:06,595 [INFO]   ✓ qid=10147 → output\25369\98796\10147.sgf
2026-05-29 03:56:14,279 [INFO]   ✓ qid=10153 → output\25369\98796\10153.sgf
2026-05-29 03:56:23,413 [INFO]   ✓ qid=13915 → output\25369\98796\13915.sgf
2026-05-29 03:56:31,243 [INFO]   ✓ qid=9476 → output\25369\98796\9476.sgf
2026-05-29 03:56:39,472 [INFO]   ✓ qid=178804 → output\25369\98796\178804.sgf
2026-05-29 03:56:47,650 [INFO]   ✓ qid=178803 → output\25369\98796\178803.sgf
2026-05-29 03:56:54,129 [INFO]   ✓ qid=10933 → output\25369\98796\10933.sgf
2026-05-29 03:57:00,447 [INFO]   ✓ qid=178806 → output\25369\98796\178806.sgf
2026-05-29 03:57:09,293 [INFO]   ✓ qid=10759 → output\25369\98796\10759.sgf
2026-05-29 03:57:17,111 [INFO]   ✓ qid=64985 → output\25369\98796\64985.sgf
2026-05-29 03:57:23,353 [INFO]   ✓ qid=132 → output\25369\98796\132.sgf
2026-05-29 03:57:32,476 [INFO]   ✓ qid=43212 → output\25369\98796\43212.sgf
2026-05-29 03:57:42,459 [INFO]   ✓ qid=21285 → output\25369\98796\21285.sgf
2026-05-29 03:57:48,920 [INFO]   ✓ qid=22863 → output\25369\98796\22863.sgf
2026-05-29 03:57:55,932 [INFO]   ✓ qid=9692 → output\25369\98796\9692.sgf
2026-05-29 03:58:02,037 [INFO]   ✓ qid=5531 → output\25369\98796\5531.sgf
2026-05-29 03:58:02,038 [INFO]   Capítulo 133228 '关门吃'
2026-05-29 03:58:19,697 [INFO]   ✓ qid=61377 → output\25369\133228\61377.sgf
2026-05-29 03:58:29,353 [INFO]   ✓ qid=9187 → output\25369\133228\9187.sgf
2026-05-29 03:58:37,867 [INFO]   ✓ qid=19943 → output\25369\133228\19943.sgf
2026-05-29 03:58:47,373 [INFO]   ✓ qid=8629 → output\25369\133228\8629.sgf
2026-05-29 03:58:54,111 [INFO]   ✓ qid=8297 → output\25369\133228\8297.sgf
2026-05-29 03:59:02,194 [INFO]   ✓ qid=8586 → output\25369\133228\8586.sgf
2026-05-29 03:59:08,955 [INFO]   ✓ qid=8970 → output\25369\133228\8970.sgf
2026-05-29 03:59:17,157 [INFO]   ✓ qid=8439 → output\25369\133228\8439.sgf
2026-05-29 03:59:26,917 [INFO]   ✓ qid=8889 → output\25369\133228\8889.sgf
2026-05-29 03:59:34,997 [INFO]   ✓ qid=8467 → output\25369\133228\8467.sgf
2026-05-29 03:59:42,915 [INFO]   ✓ qid=9843 → output\25369\133228\9843.sgf
2026-05-29 03:59:49,572 [INFO]   ✓ qid=8887 → output\25369\133228\8887.sgf
2026-05-29 03:59:59,502 [INFO]   ✓ qid=9144 → output\25369\133228\9144.sgf
2026-05-29 04:00:08,601 [INFO]   ✓ qid=19927 → output\25369\133228\19927.sgf
2026-05-29 04:00:15,996 [INFO]   ✓ qid=8875 → output\25369\133228\8875.sgf
2026-05-29 04:00:25,034 [INFO]   ✓ qid=9069 → output\25369\133228\9069.sgf
2026-05-29 04:00:31,307 [INFO]   ✓ qid=8917 → output\25369\133228\8917.sgf
2026-05-29 04:00:38,695 [INFO]   ✓ qid=8312 → output\25369\133228\8312.sgf
2026-05-29 04:00:44,701 [INFO]   ✓ qid=8510 → output\25369\133228\8510.sgf
2026-05-29 04:00:50,637 [INFO]   ✓ qid=8697 → output\25369\133228\8697.sgf
2026-05-29 04:00:50,638 [INFO]   Capítulo 133229 '抱吃'
2026-05-29 04:01:06,443 [INFO]   ✓ qid=8517 → output\25369\133229\8517.sgf
2026-05-29 04:01:15,591 [INFO]   ✓ qid=8361 → output\25369\133229\8361.sgf
2026-05-29 04:01:22,867 [INFO]   ✓ qid=8551 → output\25369\133229\8551.sgf
2026-05-29 04:01:29,450 [INFO]   ✓ qid=8298 → output\25369\133229\8298.sgf
2026-05-29 04:01:39,595 [INFO]   ✓ qid=8213 → output\25369\133229\8213.sgf
2026-05-29 04:01:46,615 [INFO]   ✓ qid=8430 → output\25369\133229\8430.sgf
2026-05-29 04:01:54,045 [INFO]   ✓ qid=8666 → output\25369\133229\8666.sgf
2026-05-29 04:02:00,242 [INFO]   ✓ qid=9229 → output\25369\133229\9229.sgf
2026-05-29 04:02:08,157 [INFO]   ✓ qid=8423 → output\25369\133229\8423.sgf
2026-05-29 04:02:17,043 [INFO]   ✓ qid=8349 → output\25369\133229\8349.sgf
2026-05-29 04:02:22,392 [INFO]   ✓ qid=9162 → output\25369\133229\9162.sgf
2026-05-29 04:02:30,834 [INFO]   ✓ qid=8250 → output\25369\133229\8250.sgf
2026-05-29 04:02:38,075 [INFO]   ✓ qid=10187 → output\25369\133229\10187.sgf
2026-05-29 04:02:45,889 [INFO]   ✓ qid=8265 → output\25369\133229\8265.sgf
2026-05-29 04:02:57,284 [INFO]   ✓ qid=8728 → output\25369\133229\8728.sgf
2026-05-29 04:03:06,248 [INFO]   ✓ qid=9072 → output\25369\133229\9072.sgf
2026-05-29 04:03:11,826 [INFO]   ✓ qid=9019 → output\25369\133229\9019.sgf
2026-05-29 04:03:20,266 [INFO]   ✓ qid=8569 → output\25369\133229\8569.sgf
2026-05-29 04:03:26,441 [INFO]   ✓ qid=9126 → output\25369\133229\9126.sgf
2026-05-29 04:03:33,982 [INFO]   ✓ qid=9079 → output\25369\133229\9079.sgf
2026-05-29 04:03:33,983 [INFO]   Capítulo 98794 '向一线方向叫吃'
2026-05-29 04:03:47,700 [INFO]   ✓ qid=10844 → output\25369\98794\10844.sgf
2026-05-29 04:03:54,695 [INFO]   ✓ qid=9429 → output\25369\98794\9429.sgf
2026-05-29 04:04:02,516 [INFO]   ✓ qid=8727 → output\25369\98794\8727.sgf
2026-05-29 04:04:10,204 [INFO]   ✓ qid=9980 → output\25369\98794\9980.sgf
2026-05-29 04:04:16,126 [INFO]   ✓ qid=8675 → output\25369\98794\8675.sgf
2026-05-29 04:04:26,247 [INFO]   ✓ qid=9001 → output\25369\98794\9001.sgf
2026-05-29 04:04:34,415 [INFO]   ✓ qid=9662 → output\25369\98794\9662.sgf
2026-05-29 04:04:43,609 [INFO]   ✓ qid=61018 → output\25369\98794\61018.sgf
2026-05-29 04:04:51,142 [INFO]   ✓ qid=8578 → output\25369\98794\8578.sgf
2026-05-29 04:04:57,077 [INFO]   ✓ qid=8251 → output\25369\98794\8251.sgf
2026-05-29 04:05:06,121 [INFO]   ✓ qid=10530 → output\25369\98794\10530.sgf
2026-05-29 04:05:12,215 [INFO]   ✓ qid=8257 → output\25369\98794\8257.sgf
2026-05-29 04:05:21,059 [INFO]   ✓ qid=10722 → output\25369\98794\10722.sgf
2026-05-29 04:05:27,388 [INFO]   ✓ qid=9791 → output\25369\98794\9791.sgf
2026-05-29 04:05:33,342 [INFO]   ✓ qid=9527 → output\25369\98794\9527.sgf
2026-05-29 04:05:42,822 [INFO]   ✓ qid=8431 → output\25369\98794\8431.sgf
2026-05-29 04:05:49,116 [INFO]   ✓ qid=8978 → output\25369\98794\8978.sgf
2026-05-29 04:05:56,042 [INFO]   ✓ qid=9697 → output\25369\98794\9697.sgf
2026-05-29 04:05:56,043 [INFO]   Capítulo 98795 '向已方方向叫吃'
2026-05-29 04:06:13,706 [INFO]   ✓ qid=8666 → output\25369\98795\8666.sgf
2026-05-29 04:06:22,238 [INFO]   ✓ qid=10187 → output\25369\98795\10187.sgf
2026-05-29 04:06:28,591 [INFO]   ✓ qid=9072 → output\25369\98795\9072.sgf
2026-05-29 04:06:38,150 [INFO]   ✓ qid=8298 → output\25369\98795\8298.sgf
2026-05-29 04:06:45,731 [INFO]   ✓ qid=9229 → output\25369\98795\9229.sgf
2026-05-29 04:06:53,431 [INFO]   ✓ qid=8728 → output\25369\98795\8728.sgf
2026-05-29 04:07:01,368 [INFO]   ✓ qid=9079 → output\25369\98795\9079.sgf
2026-05-29 04:07:08,000 [INFO]   ✓ qid=8361 → output\25369\98795\8361.sgf
2026-05-29 04:07:13,530 [INFO]   ✓ qid=8517 → output\25369\98795\8517.sgf
2026-05-29 04:07:21,848 [INFO]   ✓ qid=8423 → output\25369\98795\8423.sgf
2026-05-29 04:07:29,659 [INFO]   ✓ qid=8430 → output\25369\98795\8430.sgf
2026-05-29 04:07:38,119 [INFO]   ✓ qid=8551 → output\25369\98795\8551.sgf
2026-05-29 04:07:44,903 [INFO]   ✓ qid=8349 → output\25369\98795\8349.sgf
2026-05-29 04:07:50,875 [INFO]   ✓ qid=9162 → output\25369\98795\9162.sgf
2026-05-29 04:07:59,714 [INFO]   ✓ qid=8213 → output\25369\98795\8213.sgf
2026-05-29 04:08:07,398 [INFO]   ✓ qid=8250 → output\25369\98795\8250.sgf
2026-05-29 04:08:13,167 [INFO]   ✓ qid=9126 → output\25369\98795\9126.sgf
2026-05-29 04:08:23,950 [INFO]   ✓ qid=9019 → output\25369\98795\9019.sgf
2026-05-29 04:08:33,257 [INFO]   ✓ qid=8265 → output\25369\98795\8265.sgf
2026-05-29 04:08:42,502 [INFO]   ✓ qid=8569 → output\25369\98795\8569.sgf
2026-05-29 04:08:42,503 [INFO]   Capítulo 98797 '双叫吃'
2026-05-29 04:08:53,610 [INFO]   ✓ qid=9028 → output\25369\98797\9028.sgf
2026-05-29 04:09:00,971 [INFO]   ✓ qid=70622 → output\25369\98797\70622.sgf
2026-05-29 04:09:10,036 [INFO]   ✓ qid=12969 → output\25369\98797\12969.sgf
2026-05-29 04:09:18,532 [INFO]   ✓ qid=70608 → output\25369\98797\70608.sgf
2026-05-29 04:09:28,608 [INFO]   ✓ qid=70611 → output\25369\98797\70611.sgf
2026-05-29 04:09:34,860 [INFO]   ✓ qid=70615 → output\25369\98797\70615.sgf
2026-05-29 04:09:40,915 [INFO]   ✓ qid=19955 → output\25369\98797\19955.sgf
2026-05-29 04:09:47,715 [INFO]   ✓ qid=19956 → output\25369\98797\19956.sgf
2026-05-29 04:09:57,442 [INFO]   ✓ qid=54267 → output\25369\98797\54267.sgf
2026-05-29 04:10:03,039 [INFO]   ✓ qid=8369 → output\25369\98797\8369.sgf
2026-05-29 04:10:10,557 [INFO]   ✓ qid=70609 → output\25369\98797\70609.sgf
2026-05-29 04:10:17,736 [INFO]   ✓ qid=43415 → output\25369\98797\43415.sgf
2026-05-29 04:10:24,055 [INFO]   ✓ qid=10148 → output\25369\98797\10148.sgf
2026-05-29 04:10:32,036 [WARNING]   Posible throttling en qid=5721 — pausa 60-120s
2026-05-29 04:11:57,082 [INFO]   ✓ qid=5721 → output\25369\98797\5721.sgf
2026-05-29 04:12:06,806 [INFO]   ✓ qid=70617 → output\25369\98797\70617.sgf
2026-05-29 04:12:15,384 [INFO]   ✓ qid=9185 → output\25369\98797\9185.sgf
2026-05-29 04:12:22,815 [INFO]   ✓ qid=8987 → output\25369\98797\8987.sgf
2026-05-29 04:12:29,811 [INFO]   ✓ qid=19950 → output\25369\98797\19950.sgf
2026-05-29 04:12:29,812 [INFO]   Capítulo 10533 '倒扑和双倒扑'
2026-05-29 04:12:45,680 [INFO]   ✓ qid=9186 → output\25369\10533\9186.sgf
2026-05-29 04:12:54,276 [INFO]   ✓ qid=11775 → output\25369\10533\11775.sgf
2026-05-29 04:13:00,333 [INFO]   ✓ qid=9297 → output\25369\10533\9297.sgf
2026-05-29 04:13:06,354 [INFO]   ✓ qid=11272 → output\25369\10533\11272.sgf
2026-05-29 04:13:15,896 [INFO]   ✓ qid=10101 → output\25369\10533\10101.sgf
2026-05-29 04:13:25,180 [INFO]   ✓ qid=8382 → output\25369\10533\8382.sgf
2026-05-29 04:13:31,382 [INFO]   ✓ qid=8186 → output\25369\10533\8186.sgf
2026-05-29 04:13:36,941 [INFO]   ✓ qid=9422 → output\25369\10533\9422.sgf
2026-05-29 04:13:45,751 [INFO]   ✓ qid=9302 → output\25369\10533\9302.sgf
2026-05-29 04:13:55,017 [INFO]   ✓ qid=8962 → output\25369\10533\8962.sgf
2026-05-29 04:14:01,703 [INFO]   ✓ qid=8583 → output\25369\10533\8583.sgf
2026-05-29 04:14:08,552 [INFO]   ✓ qid=9771 → output\25369\10533\9771.sgf
2026-05-29 04:14:18,245 [INFO]   ✓ qid=8261 → output\25369\10533\8261.sgf
2026-05-29 04:14:26,667 [INFO]   ✓ qid=10162 → output\25369\10533\10162.sgf
2026-05-29 04:14:36,387 [INFO]   ✓ qid=10059 → output\25369\10533\10059.sgf
2026-05-29 04:14:46,558 [INFO]   ✓ qid=235 → output\25369\10533\235.sgf
2026-05-29 04:14:53,248 [INFO]   ✓ qid=27405 → output\25369\10533\27405.sgf
2026-05-29 04:15:01,739 [INFO]   ✓ qid=43148 → output\25369\10533\43148.sgf
2026-05-29 04:15:07,771 [INFO]   ✓ qid=11172 → output\25369\10533\11172.sgf
2026-05-29 04:15:17,306 [INFO]   ✓ qid=11581 → output\25369\10533\11581.sgf
2026-05-29 04:15:23,738 [INFO]   ✓ qid=27412 → output\25369\10533\27412.sgf
2026-05-29 04:15:33,362 [INFO]   ✓ qid=27540 → output\25369\10533\27540.sgf
2026-05-29 04:15:40,289 [INFO]   ✓ qid=5624 → output\25369\10533\5624.sgf
2026-05-29 04:15:50,484 [INFO]   ✓ qid=8663 → output\25369\10533\8663.sgf
2026-05-29 04:15:59,720 [INFO]   ✓ qid=11382 → output\25369\10533\11382.sgf
2026-05-29 04:16:06,532 [INFO]   ✓ qid=9663 → output\25369\10533\9663.sgf
2026-05-29 04:16:15,595 [INFO]   ✓ qid=27395 → output\25369\10533\27395.sgf
2026-05-29 04:16:23,413 [INFO]   ✓ qid=9863 → output\25369\10533\9863.sgf
2026-05-29 04:16:33,305 [INFO]   ✓ qid=237 → output\25369\10533\237.sgf
2026-05-29 04:16:39,587 [INFO]   ✓ qid=9399 → output\25369\10533\9399.sgf
2026-05-29 04:16:48,767 [INFO]   ✓ qid=129714 → output\25369\10533\129714.sgf
2026-05-29 04:16:58,654 [INFO]   ✓ qid=43524 → output\25369\10533\43524.sgf
2026-05-29 04:17:04,178 [INFO]   ✓ qid=22481 → output\25369\10533\22481.sgf
2026-05-29 04:17:15,821 [INFO]   ✓ qid=26728 → output\25369\10533\26728.sgf
2026-05-29 04:17:21,238 [INFO]   ✓ qid=51651 → output\25369\10533\51651.sgf
2026-05-29 04:17:27,703 [INFO]   ✓ qid=11976 → output\25369\10533\11976.sgf
2026-05-29 04:17:37,239 [INFO]   ✓ qid=56230 → output\25369\10533\56230.sgf
2026-05-29 04:17:47,294 [INFO]   ✓ qid=22560 → output\25369\10533\22560.sgf
2026-05-29 04:17:56,967 [INFO]   ✓ qid=148465 → output\25369\10533\148465.sgf
2026-05-29 04:17:56,968 [INFO]   Capítulo 10534 '接不归'
2026-05-29 04:18:11,636 [INFO]   ✓ qid=61573 → output\25369\10534\61573.sgf
2026-05-29 04:18:22,365 [INFO]   ✓ qid=141058 → output\25369\10534\141058.sgf
2026-05-29 04:18:30,810 [INFO]   ✓ qid=141057 → output\25369\10534\141057.sgf
2026-05-29 04:18:40,782 [INFO]   ✓ qid=141052 → output\25369\10534\141052.sgf
2026-05-29 04:18:48,614 [INFO]   ✓ qid=141059 → output\25369\10534\141059.sgf
2026-05-29 04:18:54,954 [INFO]   ✓ qid=141055 → output\25369\10534\141055.sgf
2026-05-29 04:19:05,230 [INFO]   ✓ qid=141039 → output\25369\10534\141039.sgf
2026-05-29 04:19:13,961 [INFO]   ✓ qid=141030 → output\25369\10534\141030.sgf
2026-05-29 04:19:24,026 [INFO]   ✓ qid=8820 → output\25369\10534\8820.sgf
2026-05-29 04:19:30,952 [INFO]   ✓ qid=107806 → output\25369\10534\107806.sgf
2026-05-29 04:19:38,278 [INFO]   ✓ qid=141053 → output\25369\10534\141053.sgf
2026-05-29 04:19:44,463 [INFO]   ✓ qid=141048 → output\25369\10534\141048.sgf
2026-05-29 04:19:53,081 [INFO]   ✓ qid=141041 → output\25369\10534\141041.sgf
2026-05-29 04:20:02,406 [INFO]   ✓ qid=141036 → output\25369\10534\141036.sgf
2026-05-29 04:20:09,127 [INFO]   ✓ qid=141047 → output\25369\10534\141047.sgf
2026-05-29 04:20:15,047 [INFO]   ✓ qid=141040 → output\25369\10534\141040.sgf
2026-05-29 04:20:24,104 [INFO]   ✓ qid=141049 → output\25369\10534\141049.sgf
2026-05-29 04:20:33,437 [INFO]   ✓ qid=141033 → output\25369\10534\141033.sgf
2026-05-29 04:20:41,961 [INFO]   ✓ qid=141032 → output\25369\10534\141032.sgf
2026-05-29 04:20:50,155 [INFO]   ✓ qid=141046 → output\25369\10534\141046.sgf
2026-05-29 04:20:58,944 [INFO]   ✓ qid=11432 → output\25369\10534\11432.sgf
2026-05-29 04:21:08,508 [INFO]   ✓ qid=141044 → output\25369\10534\141044.sgf
2026-05-29 04:21:16,726 [INFO]   ✓ qid=9200 → output\25369\10534\9200.sgf
2026-05-29 04:21:24,356 [INFO]   ✓ qid=141051 → output\25369\10534\141051.sgf
2026-05-29 04:21:33,445 [INFO]   ✓ qid=141035 → output\25369\10534\141035.sgf
2026-05-29 04:21:41,482 [INFO]   ✓ qid=141042 → output\25369\10534\141042.sgf
2026-05-29 04:21:50,452 [INFO]   ✓ qid=141043 → output\25369\10534\141043.sgf
2026-05-29 04:21:59,821 [INFO]   ✓ qid=141054 → output\25369\10534\141054.sgf
2026-05-29 04:22:05,881 [INFO]   ✓ qid=141034 → output\25369\10534\141034.sgf
2026-05-29 04:22:14,338 [INFO]   ✓ qid=71570 → output\25369\10534\71570.sgf
2026-05-29 04:22:21,383 [INFO]   ✓ qid=45481 → output\25369\10534\45481.sgf
2026-05-29 04:22:31,236 [INFO]   ✓ qid=141037 → output\25369\10534\141037.sgf
2026-05-29 04:22:38,843 [INFO]   ✓ qid=141050 → output\25369\10534\141050.sgf
2026-05-29 04:22:46,907 [INFO]   ✓ qid=141038 → output\25369\10534\141038.sgf
2026-05-29 04:22:56,999 [INFO]   ✓ qid=141056 → output\25369\10534\141056.sgf
2026-05-29 04:23:03,494 [INFO]   ✓ qid=21322 → output\25369\10534\21322.sgf
2026-05-29 04:23:10,224 [INFO]   ✓ qid=13801 → output\25369\10534\13801.sgf
2026-05-29 04:23:18,275 [INFO]   ✓ qid=53224 → output\25369\10534\53224.sgf
2026-05-29 04:23:24,205 [INFO]   ✓ qid=82263 → output\25369\10534\82263.sgf
2026-05-29 04:23:33,783 [INFO]   ✓ qid=27362 → output\25369\10534\27362.sgf
2026-05-29 04:23:42,248 [INFO]   ✓ qid=117008 → output\25369\10534\117008.sgf
2026-05-29 04:23:50,980 [INFO]   ✓ qid=4343 → output\25369\10534\4343.sgf
2026-05-29 04:23:58,103 [INFO]   ✓ qid=315113 → output\25369\10534\315113.sgf
2026-05-29 04:23:58,104 [INFO]   Capítulo 98801 '征吃'
2026-05-29 04:24:15,202 [INFO]   ✓ qid=8397 → output\25369\98801\8397.sgf
2026-05-29 04:24:21,959 [INFO]   ✓ qid=9159 → output\25369\98801\9159.sgf
2026-05-29 04:24:31,186 [INFO]   ✓ qid=20003 → output\25369\98801\20003.sgf
2026-05-29 04:24:40,478 [INFO]   ✓ qid=54266 → output\25369\98801\54266.sgf
2026-05-29 04:24:50,089 [INFO]   ✓ qid=9039 → output\25369\98801\9039.sgf
2026-05-29 04:24:57,264 [INFO]   ✓ qid=8216 → output\25369\98801\8216.sgf
2026-05-29 04:25:05,782 [INFO]   ✓ qid=42818 → output\25369\98801\42818.sgf
2026-05-29 04:25:15,446 [INFO]   ✓ qid=50983 → output\25369\98801\50983.sgf
2026-05-29 04:25:24,053 [INFO]   ✓ qid=8969 → output\25369\98801\8969.sgf
2026-05-29 04:25:30,714 [INFO]   ✓ qid=9375 → output\25369\98801\9375.sgf
2026-05-29 04:25:38,152 [INFO]   ✓ qid=52701 → output\25369\98801\52701.sgf
2026-05-29 04:25:46,006 [INFO]   ✓ qid=9424 → output\25369\98801\9424.sgf
2026-05-29 04:25:53,834 [INFO]   ✓ qid=14052 → output\25369\98801\14052.sgf
2026-05-29 04:26:01,658 [INFO]   ✓ qid=11778 → output\25369\98801\11778.sgf
2026-05-29 04:26:11,122 [INFO]   ✓ qid=22880 → output\25369\98801\22880.sgf
2026-05-29 04:26:17,585 [INFO]   ✓ qid=10665 → output\25369\98801\10665.sgf
2026-05-29 04:26:25,701 [INFO]   ✓ qid=8763 → output\25369\98801\8763.sgf
2026-05-29 04:26:31,638 [INFO]   ✓ qid=7184 → output\25369\98801\7184.sgf
2026-05-29 04:26:40,308 [INFO]   ✓ qid=1645 → output\25369\98801\1645.sgf
2026-05-29 04:26:40,309 [INFO]   Capítulo 98800 '枷吃'
2026-05-29 04:26:56,548 [INFO]   ✓ qid=181 → output\25369\98800\181.sgf
2026-05-29 04:27:05,886 [INFO]   ✓ qid=180 → output\25369\98800\180.sgf
2026-05-29 04:27:13,452 [INFO]   ✓ qid=156 → output\25369\98800\156.sgf
2026-05-29 04:27:20,854 [INFO]   ✓ qid=147 → output\25369\98800\147.sgf
2026-05-29 04:27:27,557 [INFO]   ✓ qid=7328 → output\25369\98800\7328.sgf
2026-05-29 04:27:35,513 [INFO]   ✓ qid=9279 → output\25369\98800\9279.sgf
2026-05-29 04:27:44,716 [INFO]   ✓ qid=10697 → output\25369\98800\10697.sgf
2026-05-29 04:27:55,047 [INFO]   ✓ qid=10986 → output\25369\98800\10986.sgf
2026-05-29 04:28:04,474 [INFO]   ✓ qid=159 → output\25369\98800\159.sgf
2026-05-29 04:28:14,402 [INFO]   ✓ qid=174 → output\25369\98800\174.sgf
2026-05-29 04:28:22,900 [INFO]   ✓ qid=8314 → output\25369\98800\8314.sgf
2026-05-29 04:28:29,732 [INFO]   ✓ qid=10516 → output\25369\98800\10516.sgf
2026-05-29 04:28:37,449 [INFO]   ✓ qid=10294 → output\25369\98800\10294.sgf
2026-05-29 04:28:44,409 [INFO]   ✓ qid=3733 → output\25369\98800\3733.sgf
2026-05-29 04:28:52,032 [INFO]   ✓ qid=9211 → output\25369\98800\9211.sgf
2026-05-29 04:29:01,330 [INFO]   ✓ qid=9513 → output\25369\98800\9513.sgf
2026-05-29 04:29:06,772 [INFO]   ✓ qid=60830 → output\25369\98800\60830.sgf
2026-05-29 04:29:12,837 [INFO]   ✓ qid=236 → output\25369\98800\236.sgf
2026-05-29 04:29:32,845 [WARNING] Error de red en https://www.101weiqi.com/book/25369/98800/5285/: HTTPSConnectionPool(host='www.101weiqi.com', port=443): Read timed out. (read timeout=20) — espera 2.0s (intento 1/5)
2026-05-29 04:29:45,070 [INFO]   ✓ qid=5285 → output\25369\98800\5285.sgf
2026-05-29 04:29:53,018 [INFO]   ✓ qid=11505 → output\25369\98800\11505.sgf
2026-05-29 04:29:53,019 [INFO]   Capítulo 133232 '真假断点'
2026-05-29 04:30:12,348 [INFO]   ✓ qid=176357 → output\25369\133232\176357.sgf
2026-05-29 04:30:21,789 [INFO]   ✓ qid=176356 → output\25369\133232\176356.sgf
2026-05-29 04:30:32,053 [INFO]   ✓ qid=176354 → output\25369\133232\176354.sgf
2026-05-29 04:30:42,602 [INFO]   ✓ qid=176353 → output\25369\133232\176353.sgf
2026-05-29 04:30:53,213 [INFO]   ✓ qid=176352 → output\25369\133232\176352.sgf
2026-05-29 04:31:00,855 [INFO]   ✓ qid=176349 → output\25369\133232\176349.sgf
2026-05-29 04:31:10,112 [INFO]   ✓ qid=176347 → output\25369\133232\176347.sgf
2026-05-29 04:31:19,972 [INFO]   ✓ qid=296627 → output\25369\133232\296627.sgf
2026-05-29 04:31:25,684 [INFO]   ✓ qid=296628 → output\25369\133232\296628.sgf
2026-05-29 04:31:32,828 [INFO]   ✓ qid=296630 → output\25369\133232\296630.sgf
2026-05-29 04:31:39,784 [INFO]   ✓ qid=296631 → output\25369\133232\296631.sgf
2026-05-29 04:31:46,975 [INFO]   ✓ qid=296632 → output\25369\133232\296632.sgf
2026-05-29 04:31:52,966 [INFO]   ✓ qid=296633 → output\25369\133232\296633.sgf
2026-05-29 04:32:01,103 [INFO]   ✓ qid=296634 → output\25369\133232\296634.sgf
2026-05-29 04:32:11,206 [INFO]   ✓ qid=296635 → output\25369\133232\296635.sgf
2026-05-29 04:32:19,743 [INFO]   ✓ qid=296636 → output\25369\133232\296636.sgf
2026-05-29 04:32:25,374 [INFO]   ✓ qid=296637 → output\25369\133232\296637.sgf
2026-05-29 04:32:34,273 [INFO]   ✓ qid=296638 → output\25369\133232\296638.sgf
2026-05-29 04:32:41,942 [INFO]   ✓ qid=296642 → output\25369\133232\296642.sgf
2026-05-29 04:32:41,943 [INFO]   Capítulo 75403 '吃子提高 棋筋与废子'
2026-05-29 04:32:59,964 [INFO]   ✓ qid=291672 → output\25369\75403\291672.sgf
2026-05-29 04:33:09,901 [INFO]   ✓ qid=291684 → output\25369\75403\291684.sgf
2026-05-29 04:33:16,695 [INFO]   ✓ qid=291686 → output\25369\75403\291686.sgf
2026-05-29 04:33:26,755 [INFO]   ✓ qid=291690 → output\25369\75403\291690.sgf
2026-05-29 04:33:34,643 [INFO]   ✓ qid=291693 → output\25369\75403\291693.sgf
2026-05-29 04:33:41,612 [INFO]   ✓ qid=291694 → output\25369\75403\291694.sgf
2026-05-29 04:33:50,184 [INFO]   ✓ qid=291695 → output\25369\75403\291695.sgf
2026-05-29 04:33:57,224 [INFO]   ✓ qid=291696 → output\25369\75403\291696.sgf
2026-05-29 04:34:05,092 [INFO]   ✓ qid=291697 → output\25369\75403\291697.sgf
2026-05-29 04:34:13,989 [INFO]   ✓ qid=82080 → output\25369\75403\82080.sgf
2026-05-29 04:34:19,718 [INFO]   ✓ qid=82081 → output\25369\75403\82081.sgf
2026-05-29 04:34:29,502 [INFO]   ✓ qid=10261 → output\25369\75403\10261.sgf
2026-05-29 04:34:39,475 [INFO]   ✓ qid=43135 → output\25369\75403\43135.sgf
2026-05-29 04:34:45,679 [INFO]   ✓ qid=48707 → output\25369\75403\48707.sgf
2026-05-29 04:34:51,867 [INFO]   ✓ qid=10767 → output\25369\75403\10767.sgf
2026-05-29 04:35:01,404 [INFO]   ✓ qid=296646 → output\25369\75403\296646.sgf
2026-05-29 04:35:09,110 [INFO]   ✓ qid=296647 → output\25369\75403\296647.sgf
2026-05-29 04:35:17,505 [INFO]   ✓ qid=296649 → output\25369\75403\296649.sgf
2026-05-29 04:35:26,218 [INFO]   ✓ qid=296648 → output\25369\75403\296648.sgf
2026-05-29 04:35:32,102 [INFO]   ✓ qid=304149 → output\25369\75403\304149.sgf
2026-05-29 04:35:42,411 [INFO]   ✓ qid=296027 → output\25369\75403\296027.sgf
2026-05-29 04:35:52,081 [INFO]   ✓ qid=296650 → output\25369\75403\296650.sgf
2026-05-29 04:36:00,457 [INFO]   ✓ qid=301235 → output\25369\75403\301235.sgf
2026-05-29 04:36:06,941 [INFO]   ✓ qid=296651 → output\25369\75403\296651.sgf
2026-05-29 04:36:14,901 [INFO]   ✓ qid=12547 → output\25369\75403\12547.sgf
2026-05-29 04:36:22,976 [INFO]   ✓ qid=322033 → output\25369\75403\322033.sgf
2026-05-29 04:36:31,383 [INFO]   ✓ qid=61082 → output\25369\75403\61082.sgf
2026-05-29 04:36:39,542 [INFO]   ✓ qid=409951 → output\25369\75403\409951.sgf
2026-05-29 04:36:39,543 [INFO]   Capítulo 75474 '对杀'
2026-05-29 04:36:56,992 [INFO]   ✓ qid=213167 → output\25369\75474\213167.sgf
2026-05-29 04:37:03,168 [INFO]   ✓ qid=213166 → output\25369\75474\213166.sgf
2026-05-29 04:37:09,557 [INFO]   ✓ qid=213165 → output\25369\75474\213165.sgf
2026-05-29 04:37:19,192 [INFO]   ✓ qid=213164 → output\25369\75474\213164.sgf
2026-05-29 04:37:24,873 [INFO]   ✓ qid=213163 → output\25369\75474\213163.sgf
2026-05-29 04:37:33,061 [INFO]   ✓ qid=213162 → output\25369\75474\213162.sgf
2026-05-29 04:37:42,662 [INFO]   ✓ qid=213161 → output\25369\75474\213161.sgf
2026-05-29 04:37:49,509 [INFO]   ✓ qid=213160 → output\25369\75474\213160.sgf
2026-05-29 04:37:59,586 [INFO]   ✓ qid=213159 → output\25369\75474\213159.sgf
2026-05-29 04:38:09,532 [INFO]   ✓ qid=213156 → output\25369\75474\213156.sgf
2026-05-29 04:38:17,111 [INFO]   ✓ qid=213168 → output\25369\75474\213168.sgf
2026-05-29 04:38:24,229 [INFO]   ✓ qid=80944 → output\25369\75474\80944.sgf
2026-05-29 04:38:30,614 [INFO]   ✓ qid=352475 → output\25369\75474\352475.sgf
2026-05-29 04:38:39,845 [INFO]   ✓ qid=154072 → output\25369\75474\154072.sgf
2026-05-29 04:38:45,816 [INFO]   ✓ qid=82082 → output\25369\75474\82082.sgf
2026-05-29 04:38:53,712 [INFO]   ✓ qid=83716 → output\25369\75474\83716.sgf
2026-05-29 04:38:53,713 [INFO]   Capítulo 75469 '眼与眼角'
2026-05-29 04:39:08,492 [INFO]   ✓ qid=138364 → output\25369\75469\138364.sgf
2026-05-29 04:39:18,104 [INFO]   ✓ qid=138373 → output\25369\75469\138373.sgf
2026-05-29 04:39:27,103 [INFO]   ✓ qid=138369 → output\25369\75469\138369.sgf
2026-05-29 04:39:36,792 [INFO]   ✓ qid=138378 → output\25369\75469\138378.sgf
2026-05-29 04:39:46,460 [INFO]   ✓ qid=138363 → output\25369\75469\138363.sgf
2026-05-29 04:39:52,407 [INFO]   ✓ qid=138377 → output\25369\75469\138377.sgf
2026-05-29 04:39:59,255 [INFO]   ✓ qid=138375 → output\25369\75469\138375.sgf
2026-05-29 04:40:09,319 [INFO]   ✓ qid=138376 → output\25369\75469\138376.sgf
2026-05-29 04:40:18,097 [INFO]   ✓ qid=138374 → output\25369\75469\138374.sgf
2026-05-29 04:40:23,615 [INFO]   ✓ qid=138372 → output\25369\75469\138372.sgf
2026-05-29 04:40:32,005 [INFO]   ✓ qid=138371 → output\25369\75469\138371.sgf
2026-05-29 04:40:38,655 [INFO]   ✓ qid=138370 → output\25369\75469\138370.sgf
2026-05-29 04:40:48,309 [INFO]   ✓ qid=148375 → output\25369\75469\148375.sgf
2026-05-29 04:40:48,310 [INFO]   Capítulo 75468 '真眼与假眼'
2026-05-29 04:41:05,449 [INFO]   ✓ qid=21861 → output\25369\75468\21861.sgf
2026-05-29 04:41:13,359 [INFO]   ✓ qid=148970 → output\25369\75468\148970.sgf
2026-05-29 04:41:21,065 [INFO]   ✓ qid=148969 → output\25369\75468\148969.sgf
2026-05-29 04:41:31,075 [INFO]   ✓ qid=148961 → output\25369\75468\148961.sgf
2026-05-29 04:41:36,590 [INFO]   ✓ qid=148968 → output\25369\75468\148968.sgf
2026-05-29 04:41:42,172 [INFO]   ✓ qid=148967 → output\25369\75468\148967.sgf
2026-05-29 04:41:52,662 [INFO]   ✓ qid=148966 → output\25369\75468\148966.sgf
2026-05-29 04:42:00,539 [INFO]   ✓ qid=20998 → output\25369\75468\20998.sgf
2026-05-29 04:42:10,009 [INFO]   ✓ qid=39602 → output\25369\75468\39602.sgf
2026-05-29 04:42:16,598 [INFO]   ✓ qid=148965 → output\25369\75468\148965.sgf
2026-05-29 04:42:26,634 [INFO]   ✓ qid=148958 → output\25369\75468\148958.sgf
2026-05-29 04:42:34,076 [INFO]   ✓ qid=21865 → output\25369\75468\21865.sgf
2026-05-29 04:42:39,975 [INFO]   ✓ qid=21867 → output\25369\75468\21867.sgf
2026-05-29 04:42:47,107 [INFO]   ✓ qid=21874 → output\25369\75468\21874.sgf
2026-05-29 04:42:56,902 [INFO]   ✓ qid=10712 → output\25369\75468\10712.sgf
2026-05-29 04:42:56,903 [INFO]   Capítulo 75470 '死棋与活棋'
2026-05-29 04:43:12,761 [INFO]   ✓ qid=148964 → output\25369\75470\148964.sgf
2026-05-29 04:43:19,443 [INFO]   ✓ qid=148963 → output\25369\75470\148963.sgf
2026-05-29 04:43:25,368 [INFO]   ✓ qid=148962 → output\25369\75470\148962.sgf
2026-05-29 04:43:31,341 [INFO]   ✓ qid=148960 → output\25369\75470\148960.sgf
2026-05-29 04:43:38,427 [INFO]   ✓ qid=148959 → output\25369\75470\148959.sgf
2026-05-29 04:43:44,161 [INFO]   ✓ qid=148957 → output\25369\75470\148957.sgf
2026-05-29 04:43:50,841 [INFO]   ✓ qid=148956 → output\25369\75470\148956.sgf
2026-05-29 04:43:56,538 [INFO]   ✓ qid=148955 → output\25369\75470\148955.sgf
2026-05-29 04:44:06,124 [INFO]   ✓ qid=148954 → output\25369\75470\148954.sgf
2026-05-29 04:44:12,808 [INFO]   ✓ qid=8673 → output\25369\75470\8673.sgf
2026-05-29 04:44:22,565 [INFO]   ✓ qid=20999 → output\25369\75470\20999.sgf
2026-05-29 04:44:29,769 [INFO]   ✓ qid=20544 → output\25369\75470\20544.sgf
2026-05-29 04:44:37,179 [INFO]   ✓ qid=19823 → output\25369\75470\19823.sgf
2026-05-29 04:44:46,117 [INFO]   ✓ qid=39376 → output\25369\75470\39376.sgf
2026-05-29 04:44:54,332 [INFO]   ✓ qid=43275 → output\25369\75470\43275.sgf
2026-05-29 04:45:02,413 [INFO]   ✓ qid=28954 → output\25369\75470\28954.sgf
2026-05-29 04:45:10,591 [INFO]   ✓ qid=28956 → output\25369\75470\28956.sgf
2026-05-29 04:45:19,145 [INFO]   ✓ qid=12259 → output\25369\75470\12259.sgf
2026-05-29 04:45:27,758 [INFO]   ✓ qid=13015 → output\25369\75470\13015.sgf
2026-05-29 04:45:36,343 [INFO]   ✓ qid=13427 → output\25369\75470\13427.sgf
2026-05-29 04:45:43,579 [INFO]   ✓ qid=65405 → output\25369\75470\65405.sgf
2026-05-29 04:45:43,580 [INFO]   Capítulo 93957 '目与空 围地'
2026-05-29 04:45:58,933 [INFO]   ✓ qid=188631 → output\25369\93957\188631.sgf
2026-05-29 04:46:08,992 [INFO]   ✓ qid=299726 → output\25369\93957\299726.sgf
2026-05-29 04:46:15,650 [INFO]   ✓ qid=104390 → output\25369\93957\104390.sgf
2026-05-29 04:46:25,788 [INFO]   ✓ qid=324063 → output\25369\93957\324063.sgf
2026-05-29 04:46:31,561 [INFO]   ✓ qid=324064 → output\25369\93957\324064.sgf
2026-05-29 04:46:39,762 [INFO]   ✓ qid=324069 → output\25369\93957\324069.sgf
2026-05-29 04:46:48,874 [INFO]   ✓ qid=324073 → output\25369\93957\324073.sgf
2026-05-29 04:46:54,298 [INFO]   ✓ qid=162022 → output\25369\93957\162022.sgf
2026-05-29 04:46:54,298 [INFO]   Capítulo 75511 '控制点'
2026-05-29 04:47:14,167 [INFO]   ✓ qid=174588 → output\25369\75511\174588.sgf
2026-05-29 04:47:21,106 [INFO]   ✓ qid=174587 → output\25369\75511\174587.sgf
2026-05-29 04:47:30,418 [INFO]   ✓ qid=174586 → output\25369\75511\174586.sgf
2026-05-29 04:47:37,084 [INFO]   ✓ qid=174585 → output\25369\75511\174585.sgf
2026-05-29 04:47:46,012 [INFO]   ✓ qid=174584 → output\25369\75511\174584.sgf
2026-05-29 04:47:56,782 [INFO]   ✓ qid=174583 → output\25369\75511\174583.sgf
2026-05-29 04:48:06,250 [INFO]   ✓ qid=174582 → output\25369\75511\174582.sgf
2026-05-29 04:48:16,600 [INFO]   ✓ qid=174581 → output\25369\75511\174581.sgf
2026-05-29 04:48:28,433 [INFO]   ✓ qid=174589 → output\25369\75511\174589.sgf
2026-05-29 04:48:38,631 [INFO]   ✓ qid=174580 → output\25369\75511\174580.sgf
2026-05-29 04:48:44,263 [INFO]   ✓ qid=174579 → output\25369\75511\174579.sgf
2026-05-29 04:48:51,464 [INFO]   ✓ qid=174578 → output\25369\75511\174578.sgf
2026-05-29 04:48:57,886 [INFO]   ✓ qid=174577 → output\25369\75511\174577.sgf
2026-05-29 04:49:03,694 [INFO]   ✓ qid=174575 → output\25369\75511\174575.sgf
2026-05-29 04:49:11,548 [INFO]   ✓ qid=174574 → output\25369\75511\174574.sgf
2026-05-29 04:49:17,732 [INFO]   ✓ qid=174572 → output\25369\75511\174572.sgf
2026-05-29 04:49:26,804 [INFO]   ✓ qid=174571 → output\25369\75511\174571.sgf
2026-05-29 04:49:26,805 [INFO]   Capítulo 75401 '边线吃子'
2026-05-29 04:49:42,899 [INFO]   ✓ qid=291660 → output\25369\75401\291660.sgf
2026-05-29 04:49:48,580 [INFO]   ✓ qid=82047 → output\25369\75401\82047.sgf
2026-05-29 04:49:55,936 [INFO]   ✓ qid=291662 → output\25369\75401\291662.sgf
2026-05-29 04:50:05,659 [INFO]   ✓ qid=291665 → output\25369\75401\291665.sgf
2026-05-29 04:50:15,981 [INFO]   ✓ qid=81798 → output\25369\75401\81798.sgf
2026-05-29 04:50:25,189 [INFO]   ✓ qid=291666 → output\25369\75401\291666.sgf
2026-05-29 04:50:30,996 [INFO]   ✓ qid=291667 → output\25369\75401\291667.sgf
2026-05-29 04:50:38,645 [INFO]   ✓ qid=81794 → output\25369\75401\81794.sgf
2026-05-29 04:50:48,040 [INFO]   ✓ qid=82083 → output\25369\75401\82083.sgf
2026-05-29 04:50:55,305 [INFO]   ✓ qid=88233 → output\25369\75401\88233.sgf
2026-05-29 04:51:02,821 [INFO]   ✓ qid=148499 → output\25369\75401\148499.sgf
2026-05-29 04:51:13,086 [INFO]   ✓ qid=148518 → output\25369\75401\148518.sgf
2026-05-29 04:51:23,483 [INFO]   ✓ qid=291668 → output\25369\75401\291668.sgf
2026-05-29 04:51:33,238 [INFO]   ✓ qid=148489 → output\25369\75401\148489.sgf
2026-05-29 04:51:39,663 [INFO]   ✓ qid=291670 → output\25369\75401\291670.sgf
2026-05-29 04:51:46,831 [INFO]   ✓ qid=82054 → output\25369\75401\82054.sgf
2026-05-29 04:51:52,358 [INFO]   ✓ qid=82055 → output\25369\75401\82055.sgf
2026-05-29 04:51:58,561 [INFO]   ✓ qid=106831 → output\25369\75401\106831.sgf
2026-05-29 04:52:04,280 [INFO]   ✓ qid=82056 → output\25369\75401\82056.sgf
2026-05-29 04:52:12,641 [INFO]   ✓ qid=82057 → output\25369\75401\82057.sgf
2026-05-29 04:52:21,946 [INFO]   ✓ qid=43451 → output\25369\75401\43451.sgf
2026-05-29 04:52:31,474 [INFO]   ✓ qid=82058 → output\25369\75401\82058.sgf
2026-05-29 04:52:38,586 [INFO]   ✓ qid=82059 → output\25369\75401\82059.sgf
2026-05-29 04:52:45,609 [INFO]   ✓ qid=82060 → output\25369\75401\82060.sgf
2026-05-29 04:52:51,648 [INFO]   ✓ qid=82061 → output\25369\75401\82061.sgf
2026-05-29 04:53:00,764 [INFO]   ✓ qid=82062 → output\25369\75401\82062.sgf
2026-05-29 04:53:09,911 [INFO]   ✓ qid=82063 → output\25369\75401\82063.sgf
2026-05-29 04:53:17,923 [INFO]   ✓ qid=21292 → output\25369\75401\21292.sgf
2026-05-29 04:53:27,537 [INFO]   ✓ qid=82077 → output\25369\75401\82077.sgf
2026-05-29 04:53:34,395 [INFO]   ✓ qid=82078 → output\25369\75401\82078.sgf
2026-05-29 04:53:42,562 [INFO]   ✓ qid=82079 → output\25369\75401\82079.sgf
2026-05-29 04:53:51,948 [INFO]   ✓ qid=82046 → output\25369\75401\82046.sgf
2026-05-29 04:54:02,139 [INFO]   ✓ qid=82036 → output\25369\75401\82036.sgf
2026-05-29 04:54:10,280 [INFO]   ✓ qid=82037 → output\25369\75401\82037.sgf
2026-05-29 04:54:16,844 [INFO]   ✓ qid=82038 → output\25369\75401\82038.sgf
2026-05-29 04:54:25,918 [INFO]   ✓ qid=82039 → output\25369\75401\82039.sgf
2026-05-29 04:54:35,089 [WARNING]   Posible throttling en qid=82040 — pausa 60-120s
2026-05-29 04:55:48,092 [INFO]   ✓ qid=82040 → output\25369\75401\82040.sgf
2026-05-29 04:55:58,141 [INFO]   ✓ qid=82041 → output\25369\75401\82041.sgf
2026-05-29 04:56:07,503 [INFO]   ✓ qid=82042 → output\25369\75401\82042.sgf
2026-05-29 04:56:17,344 [INFO]   ✓ qid=82043 → output\25369\75401\82043.sgf
2026-05-29 04:56:24,653 [INFO]   ✓ qid=82044 → output\25369\75401\82044.sgf
2026-05-29 04:56:32,594 [INFO]   ✓ qid=82045 → output\25369\75401\82045.sgf
2026-05-29 04:56:38,813 [INFO]   ✓ qid=82049 → output\25369\75401\82049.sgf
2026-05-29 04:56:47,428 [INFO]   ✓ qid=82051 → output\25369\75401\82051.sgf
2026-05-29 04:56:57,785 [INFO]   ✓ qid=82052 → output\25369\75401\82052.sgf
2026-05-29 04:57:08,042 [INFO]   ✓ qid=82053 → output\25369\75401\82053.sgf
2026-05-29 04:57:15,028 [INFO]   ✓ qid=11500 → output\25369\75401\11500.sgf
2026-05-29 04:57:23,945 [INFO]   ✓ qid=60827 → output\25369\75401\60827.sgf
2026-05-29 04:57:32,677 [INFO]   ✓ qid=78088 → output\25369\75401\78088.sgf
2026-05-29 04:57:40,223 [INFO]   ✓ qid=83806 → output\25369\75401\83806.sgf
2026-05-29 04:57:47,475 [INFO]   ✓ qid=176484 → output\25369\75401\176484.sgf
2026-05-29 04:57:57,801 [INFO]   ✓ qid=81965 → output\25369\75401\81965.sgf
2026-05-29 04:58:06,604 [INFO]   ✓ qid=66377 → output\25369\75401\66377.sgf
2026-05-29 04:58:13,901 [INFO]   ✓ qid=154664 → output\25369\75401\154664.sgf
2026-05-29 04:58:25,279 [INFO]   ✓ qid=81805 → output\25369\75401\81805.sgf
2026-05-29 04:58:34,310 [INFO]   ✓ qid=288713 → output\25369\75401\288713.sgf
2026-05-29 04:58:40,177 [INFO]   ✓ qid=5831 → output\25369\75401\5831.sgf
2026-05-29 04:58:50,575 [INFO]   ✓ qid=77719 → output\25369\75401\77719.sgf
2026-05-29 04:58:58,314 [INFO]   ✓ qid=244281 → output\25369\75401\244281.sgf
2026-05-29 04:58:58,315 [INFO]   Capítulo 75495 '基本着法 围住角上的空'
2026-05-29 04:59:18,430 [INFO]   ✓ qid=142863 → output\25369\75495\142863.sgf
2026-05-29 04:59:26,099 [INFO]   ✓ qid=18161 → output\25369\75495\18161.sgf
2026-05-29 04:59:35,277 [INFO]   ✓ qid=216257 → output\25369\75495\216257.sgf
2026-05-29 04:59:44,515 [INFO]   ✓ qid=216258 → output\25369\75495\216258.sgf
2026-05-29 04:59:56,804 [INFO]   ✓ qid=216271 → output\25369\75495\216271.sgf
2026-05-29 05:00:02,259 [INFO]   ✓ qid=216272 → output\25369\75495\216272.sgf
2026-05-29 05:00:11,220 [INFO]   ✓ qid=216276 → output\25369\75495\216276.sgf
2026-05-29 05:00:21,901 [INFO]   ✓ qid=301216 → output\25369\75495\301216.sgf
2026-05-29 05:00:28,765 [INFO]   ✓ qid=299580 → output\25369\75495\299580.sgf
2026-05-29 05:00:39,251 [INFO]   ✓ qid=299571 → output\25369\75495\299571.sgf
2026-05-29 05:00:39,252 [INFO]   Capítulo 75496 '棋盘上的线 围住边上的空 三四线行棋'
2026-05-29 05:00:53,084 [INFO]   ✓ qid=216634 → output\25369\75496\216634.sgf
2026-05-29 05:01:04,808 [INFO]   ✓ qid=216636 → output\25369\75496\216636.sgf
2026-05-29 05:01:13,373 [INFO]   ✓ qid=216619 → output\25369\75496\216619.sgf
2026-05-29 05:01:23,278 [INFO]   ✓ qid=216620 → output\25369\75496\216620.sgf
2026-05-29 05:01:30,613 [INFO]   ✓ qid=216622 → output\25369\75496\216622.sgf
2026-05-29 05:01:37,948 [INFO]   ✓ qid=216623 → output\25369\75496\216623.sgf
2026-05-29 05:01:46,122 [INFO]   ✓ qid=216624 → output\25369\75496\216624.sgf
2026-05-29 05:01:55,898 [INFO]   ✓ qid=216625 → output\25369\75496\216625.sgf
2026-05-29 05:02:07,205 [INFO]   ✓ qid=136493 → output\25369\75496\136493.sgf
2026-05-29 05:02:13,224 [INFO]   ✓ qid=136489 → output\25369\75496\136489.sgf
2026-05-29 05:02:19,478 [INFO]   ✓ qid=136488 → output\25369\75496\136488.sgf
2026-05-29 05:02:26,748 [INFO]   ✓ qid=136487 → output\25369\75496\136487.sgf
2026-05-29 05:02:32,799 [INFO]   ✓ qid=136485 → output\25369\75496\136485.sgf
2026-05-29 05:02:39,290 [INFO]   ✓ qid=136484 → output\25369\75496\136484.sgf
2026-05-29 05:02:51,247 [INFO]   ✓ qid=141625 → output\25369\75496\141625.sgf
2026-05-29 05:02:58,878 [INFO]   ✓ qid=141628 → output\25369\75496\141628.sgf
2026-05-29 05:03:07,326 [INFO]   ✓ qid=141627 → output\25369\75496\141627.sgf
2026-05-29 05:03:15,801 [INFO]   ✓ qid=141626 → output\25369\75496\141626.sgf
2026-05-29 05:03:24,436 [INFO]   ✓ qid=141624 → output\25369\75496\141624.sgf
2026-05-29 05:03:30,793 [INFO]   ✓ qid=141623 → output\25369\75496\141623.sgf
2026-05-29 05:03:39,902 [INFO]   ✓ qid=141622 → output\25369\75496\141622.sgf
2026-05-29 05:03:47,972 [INFO]   ✓ qid=141621 → output\25369\75496\141621.sgf
2026-05-29 05:03:56,183 [INFO]   ✓ qid=141620 → output\25369\75496\141620.sgf
2026-05-29 05:04:04,949 [INFO]   ✓ qid=141619 → output\25369\75496\141619.sgf
2026-05-29 05:04:14,319 [INFO]   ✓ qid=217016 → output\25369\75496\217016.sgf
2026-05-29 05:04:23,626 [INFO]   ✓ qid=217017 → output\25369\75496\217017.sgf
2026-05-29 05:04:30,059 [INFO]   ✓ qid=217018 → output\25369\75496\217018.sgf
2026-05-29 05:04:38,136 [INFO]   ✓ qid=217019 → output\25369\75496\217019.sgf
2026-05-29 05:04:49,548 [INFO]   ✓ qid=217020 → output\25369\75496\217020.sgf
2026-05-29 05:04:56,783 [INFO]   ✓ qid=217021 → output\25369\75496\217021.sgf
2026-05-29 05:05:02,517 [INFO]   ✓ qid=217022 → output\25369\75496\217022.sgf
2026-05-29 05:05:11,717 [INFO]   ✓ qid=217023 → output\25369\75496\217023.sgf
2026-05-29 05:05:18,169 [INFO]   ✓ qid=217024 → output\25369\75496\217024.sgf
2026-05-29 05:05:28,155 [INFO]   ✓ qid=217025 → output\25369\75496\217025.sgf
2026-05-29 05:05:38,877 [INFO]   ✓ qid=145453 → output\25369\75496\145453.sgf
2026-05-29 05:05:49,171 [INFO]   ✓ qid=143641 → output\25369\75496\143641.sgf
2026-05-29 05:05:56,487 [INFO]   ✓ qid=325960 → output\25369\75496\325960.sgf
2026-05-29 05:06:02,066 [INFO]   ✓ qid=305813 → output\25369\75496\305813.sgf
2026-05-29 05:06:11,706 [INFO]   ✓ qid=318325 → output\25369\75496\318325.sgf
2026-05-29 05:06:18,753 [INFO]   ✓ qid=305820 → output\25369\75496\305820.sgf
2026-05-29 05:06:27,362 [INFO]   ✓ qid=126366 → output\25369\75496\126366.sgf
2026-05-29 05:06:37,356 [INFO]   ✓ qid=126367 → output\25369\75496\126367.sgf
2026-05-29 05:06:46,997 [INFO]   ✓ qid=126369 → output\25369\75496\126369.sgf
2026-05-29 05:06:55,074 [INFO]   ✓ qid=126373 → output\25369\75496\126373.sgf
2026-05-29 05:07:05,701 [INFO]   ✓ qid=126374 → output\25369\75496\126374.sgf
2026-05-29 05:07:05,702 [INFO]   Capítulo 75472 '布局基础 占空角'
2026-05-29 05:07:25,077 [INFO]   ✓ qid=217037 → output\25369\75472\217037.sgf
2026-05-29 05:07:32,275 [INFO]   ✓ qid=217043 → output\25369\75472\217043.sgf
2026-05-29 05:07:41,404 [INFO]   ✓ qid=217044 → output\25369\75472\217044.sgf
2026-05-29 05:07:49,288 [INFO]   ✓ qid=217015 → output\25369\75472\217015.sgf
2026-05-29 05:07:58,803 [INFO]   ✓ qid=217013 → output\25369\75472\217013.sgf
2026-05-29 05:08:06,153 [INFO]   ✓ qid=217027 → output\25369\75472\217027.sgf
2026-05-29 05:08:12,855 [INFO]   ✓ qid=217026 → output\25369\75472\217026.sgf
2026-05-29 05:08:22,457 [INFO]   ✓ qid=128755 → output\25369\75472\128755.sgf
2026-05-29 05:08:28,223 [INFO]   ✓ qid=305836 → output\25369\75472\305836.sgf
2026-05-29 05:08:37,905 [INFO]   ✓ qid=128752 → output\25369\75472\128752.sgf
2026-05-29 05:08:37,906 [INFO]   Capítulo 75498 '认识角上各点名称 挂角与守角'
2026-05-29 05:08:53,285 [INFO]   ✓ qid=305811 → output\25369\75498\305811.sgf
2026-05-29 05:09:01,117 [INFO]   ✓ qid=137630 → output\25369\75498\137630.sgf
2026-05-29 05:09:12,161 [INFO]   ✓ qid=145451 → output\25369\75498\145451.sgf
2026-05-29 05:09:18,750 [INFO]   ✓ qid=305818 → output\25369\75498\305818.sgf
2026-05-29 05:09:27,468 [INFO]   ✓ qid=145426 → output\25369\75498\145426.sgf
2026-05-29 05:09:33,669 [INFO]   ✓ qid=301779 → output\25369\75498\301779.sgf
2026-05-29 05:09:41,346 [INFO]   ✓ qid=138040 → output\25369\75498\138040.sgf
2026-05-29 05:09:51,475 [INFO]   ✓ qid=304715 → output\25369\75498\304715.sgf
2026-05-29 05:10:02,452 [INFO]   ✓ qid=304046 → output\25369\75498\304046.sgf
2026-05-29 05:10:11,921 [INFO]   ✓ qid=305838 → output\25369\75498\305838.sgf
2026-05-29 05:10:19,809 [INFO]   ✓ qid=94512 → output\25369\75498\94512.sgf
2026-05-29 05:10:26,273 [INFO]   ✓ qid=308705 → output\25369\75498\308705.sgf
2026-05-29 05:10:36,230 [INFO]   ✓ qid=145430 → output\25369\75498\145430.sgf
2026-05-29 05:10:45,694 [INFO]   ✓ qid=145455 → output\25369\75498\145455.sgf
2026-05-29 05:10:54,208 [INFO]   ✓ qid=138041 → output\25369\75498\138041.sgf
2026-05-29 05:11:03,525 [INFO]   ✓ qid=145443 → output\25369\75498\145443.sgf
2026-05-29 05:11:12,525 [INFO]   ✓ qid=145446 → output\25369\75498\145446.sgf
2026-05-29 05:11:23,021 [INFO]   ✓ qid=145452 → output\25369\75498\145452.sgf
2026-05-29 05:11:31,860 [INFO]   ✓ qid=145447 → output\25369\75498\145447.sgf
2026-05-29 05:11:42,024 [INFO]   ✓ qid=145427 → output\25369\75498\145427.sgf
2026-05-29 05:11:49,423 [INFO]   ✓ qid=145442 → output\25369\75498\145442.sgf
2026-05-29 05:11:58,865 [INFO]   ✓ qid=145429 → output\25369\75498\145429.sgf
2026-05-29 05:12:08,956 [INFO]   ✓ qid=145448 → output\25369\75498\145448.sgf
2026-05-29 05:12:16,260 [INFO]   ✓ qid=44526 → output\25369\75498\44526.sgf
2026-05-29 05:12:24,060 [INFO]   ✓ qid=105201 → output\25369\75498\105201.sgf
2026-05-29 05:12:29,738 [INFO]   ✓ qid=137628 → output\25369\75498\137628.sgf
2026-05-29 05:12:29,739 [INFO]   Capítulo 75497 '连接的棋形 织网围空'
2026-05-29 05:12:48,190 [INFO]   ✓ qid=216715 → output\25369\75497\216715.sgf
2026-05-29 05:12:54,151 [INFO]   ✓ qid=216713 → output\25369\75497\216713.sgf
2026-05-29 05:13:01,080 [INFO]   ✓ qid=216716 → output\25369\75497\216716.sgf
2026-05-29 05:13:10,075 [INFO]   ✓ qid=216717 → output\25369\75497\216717.sgf
2026-05-29 05:13:19,160 [INFO]   ✓ qid=216718 → output\25369\75497\216718.sgf
2026-05-29 05:13:25,724 [INFO]   ✓ qid=216719 → output\25369\75497\216719.sgf
2026-05-29 05:13:33,668 [INFO]   ✓ qid=216720 → output\25369\75497\216720.sgf
2026-05-29 05:13:40,246 [INFO]   ✓ qid=216722 → output\25369\75497\216722.sgf
2026-05-29 05:13:47,875 [INFO]   ✓ qid=216723 → output\25369\75497\216723.sgf
2026-05-29 05:13:55,008 [INFO]   ✓ qid=216724 → output\25369\75497\216724.sgf
2026-05-29 05:14:00,951 [INFO]   ✓ qid=216725 → output\25369\75497\216725.sgf
2026-05-29 05:14:26,245 [INFO]   ✓ qid=216726 → output\25369\75497\216726.sgf
2026-05-29 05:14:35,339 [INFO]   ✓ qid=216727 → output\25369\75497\216727.sgf
2026-05-29 05:14:44,914 [INFO]   ✓ qid=216728 → output\25369\75497\216728.sgf
2026-05-29 05:14:54,353 [INFO]   ✓ qid=216729 → output\25369\75497\216729.sgf
2026-05-29 05:15:00,933 [INFO]   ✓ qid=216730 → output\25369\75497\216730.sgf
2026-05-29 05:15:00,934 [INFO]   Capítulo 93601 '扩大地盘 围空'
2026-05-29 05:15:22,124 [INFO]   ✓ qid=322226 → output\25369\93601\322226.sgf
2026-05-29 05:15:29,898 [INFO]   ✓ qid=322224 → output\25369\93601\322224.sgf
2026-05-29 05:15:37,043 [INFO]   ✓ qid=322227 → output\25369\93601\322227.sgf
2026-05-29 05:15:43,533 [INFO]   ✓ qid=322229 → output\25369\93601\322229.sgf
2026-05-29 05:15:50,320 [INFO]   ✓ qid=322235 → output\25369\93601\322235.sgf
2026-05-29 05:15:56,692 [INFO]   ✓ qid=322236 → output\25369\93601\322236.sgf
2026-05-29 05:16:03,670 [INFO]   ✓ qid=322239 → output\25369\93601\322239.sgf
2026-05-29 05:16:12,946 [INFO]   ✓ qid=322240 → output\25369\93601\322240.sgf
2026-05-29 05:16:19,927 [INFO]   ✓ qid=322241 → output\25369\93601\322241.sgf
2026-05-29 05:16:27,979 [INFO]   ✓ qid=322242 → output\25369\93601\322242.sgf
2026-05-29 05:16:36,441 [INFO]   ✓ qid=322244 → output\25369\93601\322244.sgf
2026-05-29 05:16:44,007 [INFO]   ✓ qid=322246 → output\25369\93601\322246.sgf
2026-05-29 05:16:56,221 [INFO]   ✓ qid=375485 → output\25369\93601\375485.sgf
2026-05-29 05:17:05,075 [INFO]   ✓ qid=322258 → output\25369\93601\322258.sgf
2026-05-29 05:17:10,892 [INFO]   ✓ qid=374267 → output\25369\93601\374267.sgf
2026-05-29 05:17:20,039 [INFO]   ✓ qid=322266 → output\25369\93601\322266.sgf
2026-05-29 05:17:28,154 [INFO]   ✓ qid=322231 → output\25369\93601\322231.sgf
2026-05-29 05:17:35,544 [INFO]   ✓ qid=326029 → output\25369\93601\326029.sgf
2026-05-29 05:17:45,187 [INFO]   ✓ qid=322252 → output\25369\93601\322252.sgf
2026-05-29 05:17:53,988 [INFO]   ✓ qid=300361 → output\25369\93601\300361.sgf
2026-05-29 05:18:03,994 [INFO]   ✓ qid=322261 → output\25369\93601\322261.sgf
2026-05-29 05:18:10,491 [INFO]   ✓ qid=322237 → output\25369\93601\322237.sgf
2026-05-29 05:18:18,011 [INFO]   ✓ qid=321926 → output\25369\93601\321926.sgf
2026-05-29 05:18:27,677 [INFO]   ✓ qid=300364 → output\25369\93601\300364.sgf
2026-05-29 05:18:34,240 [INFO]   ✓ qid=300355 → output\25369\93601\300355.sgf
2026-05-29 05:18:43,012 [INFO]   ✓ qid=300371 → output\25369\93601\300371.sgf
2026-05-29 05:18:58,345 [INFO]   ✓ qid=375484 → output\25369\93601\375484.sgf
2026-05-29 05:19:04,908 [INFO]   ✓ qid=326030 → output\25369\93601\326030.sgf
2026-05-29 05:19:12,271 [INFO]   ✓ qid=322230 → output\25369\93601\322230.sgf
2026-05-29 05:19:12,272 [INFO]   Capítulo 75402 '打吃以后（三步吃子）'
2026-05-29 05:19:30,120 [INFO]   ✓ qid=176083 → output\25369\75402\176083.sgf
2026-05-29 05:19:37,387 [INFO]   ✓ qid=131811 → output\25369\75402\131811.sgf
2026-05-29 05:19:46,222 [INFO]   ✓ qid=143648 → output\25369\75402\143648.sgf
2026-05-29 05:19:55,794 [INFO]   ✓ qid=143649 → output\25369\75402\143649.sgf
2026-05-29 05:20:03,584 [INFO]   ✓ qid=176082 → output\25369\75402\176082.sgf
2026-05-29 05:20:09,598 [INFO]   ✓ qid=176081 → output\25369\75402\176081.sgf
2026-05-29 05:20:20,565 [INFO]   ✓ qid=176080 → output\25369\75402\176080.sgf
2026-05-29 05:20:27,725 [INFO]   ✓ qid=151579 → output\25369\75402\151579.sgf
2026-05-29 05:20:37,549 [INFO]   ✓ qid=151580 → output\25369\75402\151580.sgf
2026-05-29 05:20:43,595 [INFO]   ✓ qid=151581 → output\25369\75402\151581.sgf
2026-05-29 05:20:51,041 [INFO]   ✓ qid=176079 → output\25369\75402\176079.sgf
2026-05-29 05:20:59,234 [INFO]   ✓ qid=151582 → output\25369\75402\151582.sgf
2026-05-29 05:21:06,655 [INFO]   ✓ qid=151584 → output\25369\75402\151584.sgf
2026-05-29 05:21:12,593 [INFO]   ✓ qid=151585 → output\25369\75402\151585.sgf
2026-05-29 05:21:21,239 [INFO]   ✓ qid=151586 → output\25369\75402\151586.sgf
2026-05-29 05:21:28,205 [INFO]   ✓ qid=151587 → output\25369\75402\151587.sgf
2026-05-29 05:21:38,557 [INFO]   ✓ qid=176078 → output\25369\75402\176078.sgf
2026-05-29 05:21:48,700 [INFO]   ✓ qid=151588 → output\25369\75402\151588.sgf
2026-05-29 05:21:55,380 [INFO]   ✓ qid=151590 → output\25369\75402\151590.sgf
2026-05-29 05:22:04,926 [INFO]   ✓ qid=143857 → output\25369\75402\143857.sgf
2026-05-29 05:22:11,710 [INFO]   ✓ qid=151853 → output\25369\75402\151853.sgf
2026-05-29 05:22:21,808 [INFO]   ✓ qid=143859 → output\25369\75402\143859.sgf
2026-05-29 05:22:29,146 [INFO]   ✓ qid=151854 → output\25369\75402\151854.sgf
2026-05-29 05:22:38,393 [INFO]   ✓ qid=151855 → output\25369\75402\151855.sgf
2026-05-29 05:22:45,881 [INFO]   ✓ qid=151856 → output\25369\75402\151856.sgf
2026-05-29 05:22:57,846 [INFO]   ✓ qid=151857 → output\25369\75402\151857.sgf
2026-05-29 05:23:05,216 [INFO]   ✓ qid=151858 → output\25369\75402\151858.sgf
2026-05-29 05:23:13,503 [INFO]   ✓ qid=151859 → output\25369\75402\151859.sgf
2026-05-29 05:23:20,002 [INFO]   ✓ qid=151860 → output\25369\75402\151860.sgf
2026-05-29 05:23:28,522 [INFO]   ✓ qid=151861 → output\25369\75402\151861.sgf
2026-05-29 05:23:36,821 [INFO]   ✓ qid=76441 → output\25369\75402\76441.sgf
2026-05-29 05:23:43,173 [INFO]   ✓ qid=202892 → output\25369\75402\202892.sgf
2026-05-29 05:23:53,530 [INFO]   ✓ qid=108629 → output\25369\75402\108629.sgf
2026-05-29 05:24:01,597 [INFO]   ✓ qid=57310 → output\25369\75402\57310.sgf
2026-05-29 05:24:11,631 [INFO]   ✓ qid=19954 → output\25369\75402\19954.sgf
2026-05-29 05:24:11,632 [INFO]   Capítulo 75476 '收气与长气'
2026-05-29 05:24:32,222 [INFO]   ✓ qid=211925 → output\25369\75476\211925.sgf
2026-05-29 05:24:39,568 [INFO]   ✓ qid=211922 → output\25369\75476\211922.sgf
2026-05-29 05:24:49,159 [INFO]   ✓ qid=211921 → output\25369\75476\211921.sgf
2026-05-29 05:25:00,054 [INFO]   ✓ qid=211917 → output\25369\75476\211917.sgf
2026-05-29 05:25:07,233 [INFO]   ✓ qid=211916 → output\25369\75476\211916.sgf
2026-05-29 05:25:15,230 [INFO]   ✓ qid=211915 → output\25369\75476\211915.sgf
2026-05-29 05:25:27,402 [INFO]   ✓ qid=211911 → output\25369\75476\211911.sgf
2026-05-29 05:25:33,127 [INFO]   ✓ qid=211910 → output\25369\75476\211910.sgf
2026-05-29 05:25:40,880 [INFO]   ✓ qid=211909 → output\25369\75476\211909.sgf
2026-05-29 05:25:51,589 [INFO]   ✓ qid=211904 → output\25369\75476\211904.sgf
2026-05-29 05:25:57,900 [INFO]   ✓ qid=211903 → output\25369\75476\211903.sgf
2026-05-29 05:26:06,335 [INFO]   ✓ qid=211900 → output\25369\75476\211900.sgf
2026-05-29 05:26:11,849 [INFO]   ✓ qid=211920 → output\25369\75476\211920.sgf
2026-05-29 05:26:17,627 [INFO]   ✓ qid=211919 → output\25369\75476\211919.sgf
2026-05-29 05:26:27,450 [INFO]   ✓ qid=211918 → output\25369\75476\211918.sgf
2026-05-29 05:26:37,415 [INFO]   ✓ qid=211914 → output\25369\75476\211914.sgf
2026-05-29 05:26:47,278 [INFO]   ✓ qid=211913 → output\25369\75476\211913.sgf
2026-05-29 05:26:53,525 [INFO]   ✓ qid=211912 → output\25369\75476\211912.sgf
2026-05-29 05:26:59,136 [INFO]   ✓ qid=211908 → output\25369\75476\211908.sgf
2026-05-29 05:27:09,454 [INFO]   ✓ qid=211907 → output\25369\75476\211907.sgf
2026-05-29 05:27:17,747 [INFO]   ✓ qid=211906 → output\25369\75476\211906.sgf
2026-05-29 05:27:27,054 [INFO]   ✓ qid=211905 → output\25369\75476\211905.sgf
2026-05-29 05:27:36,549 [INFO]   ✓ qid=211924 → output\25369\75476\211924.sgf
2026-05-29 05:27:45,324 [INFO]   ✓ qid=211923 → output\25369\75476\211923.sgf
2026-05-29 05:27:56,507 [INFO]   ✓ qid=212660 → output\25369\75476\212660.sgf
2026-05-29 05:28:06,610 [INFO]   ✓ qid=212653 → output\25369\75476\212653.sgf
2026-05-29 05:28:16,909 [INFO]   ✓ qid=212651 → output\25369\75476\212651.sgf
2026-05-29 05:28:24,976 [INFO]   ✓ qid=212650 → output\25369\75476\212650.sgf
2026-05-29 05:28:24,977 [INFO]   Capítulo 10542 '救重要棋子'
2026-05-29 05:28:41,086 [INFO]   ✓ qid=142850 → output\25369\10542\142850.sgf
2026-05-29 05:28:46,819 [INFO]   ✓ qid=142849 → output\25369\10542\142849.sgf
2026-05-29 05:28:52,901 [INFO]   ✓ qid=142848 → output\25369\10542\142848.sgf
2026-05-29 05:28:59,158 [INFO]   ✓ qid=142847 → output\25369\10542\142847.sgf
2026-05-29 05:29:08,029 [INFO]   ✓ qid=142846 → output\25369\10542\142846.sgf
2026-05-29 05:29:14,645 [INFO]   ✓ qid=142845 → output\25369\10542\142845.sgf
2026-05-29 05:29:20,263 [INFO]   ✓ qid=142844 → output\25369\10542\142844.sgf
2026-05-29 05:29:26,042 [INFO]   ✓ qid=142843 → output\25369\10542\142843.sgf
2026-05-29 05:29:32,091 [INFO]   ✓ qid=142842 → output\25369\10542\142842.sgf
2026-05-29 05:29:40,355 [INFO]   ✓ qid=142841 → output\25369\10542\142841.sgf
2026-05-29 05:29:48,773 [INFO]   ✓ qid=142840 → output\25369\10542\142840.sgf
2026-05-29 05:29:55,609 [INFO]   ✓ qid=142839 → output\25369\10542\142839.sgf
2026-05-29 05:30:05,239 [INFO]   ✓ qid=142838 → output\25369\10542\142838.sgf
2026-05-29 05:30:12,738 [INFO]   ✓ qid=142853 → output\25369\10542\142853.sgf
2026-05-29 05:30:20,069 [INFO]   ✓ qid=142854 → output\25369\10542\142854.sgf
2026-05-29 05:30:28,934 [INFO]   ✓ qid=142855 → output\25369\10542\142855.sgf
2026-05-29 05:30:36,280 [INFO]   ✓ qid=142856 → output\25369\10542\142856.sgf
2026-05-29 05:30:42,884 [INFO]   ✓ qid=142857 → output\25369\10542\142857.sgf
2026-05-29 05:30:50,613 [INFO]   ✓ qid=142852 → output\25369\10542\142852.sgf
2026-05-29 05:30:57,773 [INFO]   ✓ qid=142851 → output\25369\10542\142851.sgf
2026-05-29 05:31:05,220 [INFO]   ✓ qid=157213 → output\25369\10542\157213.sgf
2026-05-29 05:31:13,071 [INFO]   ✓ qid=157214 → output\25369\10542\157214.sgf
2026-05-29 05:31:18,706 [INFO]   ✓ qid=157215 → output\25369\10542\157215.sgf
2026-05-29 05:31:28,032 [INFO]   ✓ qid=157217 → output\25369\10542\157217.sgf
2026-05-29 05:31:35,672 [INFO]   ✓ qid=157218 → output\25369\10542\157218.sgf
2026-05-29 05:31:43,483 [INFO]   ✓ qid=157219 → output\25369\10542\157219.sgf
2026-05-29 05:31:53,804 [INFO]   ✓ qid=157220 → output\25369\10542\157220.sgf
2026-05-29 05:32:03,842 [INFO]   ✓ qid=157221 → output\25369\10542\157221.sgf
2026-05-29 05:32:11,375 [INFO]   ✓ qid=157222 → output\25369\10542\157222.sgf
2026-05-29 05:32:19,313 [INFO]   ✓ qid=157223 → output\25369\10542\157223.sgf
2026-05-29 05:32:27,165 [INFO]   ✓ qid=157224 → output\25369\10542\157224.sgf
2026-05-29 05:32:34,637 [INFO]   ✓ qid=157225 → output\25369\10542\157225.sgf
2026-05-29 05:32:44,333 [INFO]   ✓ qid=157227 → output\25369\10542\157227.sgf
2026-05-29 05:32:53,456 [INFO]   ✓ qid=157230 → output\25369\10542\157230.sgf
2026-05-29 05:33:03,144 [INFO]   ✓ qid=157231 → output\25369\10542\157231.sgf
2026-05-29 05:33:11,659 [INFO]   ✓ qid=157232 → output\25369\10542\157232.sgf
2026-05-29 05:33:20,442 [INFO]   ✓ qid=157233 → output\25369\10542\157233.sgf
2026-05-29 05:33:27,392 [INFO]   ✓ qid=157234 → output\25369\10542\157234.sgf
2026-05-29 05:33:36,107 [INFO]   ✓ qid=157236 → output\25369\10542\157236.sgf
2026-05-29 05:33:44,545 [INFO]   ✓ qid=157237 → output\25369\10542\157237.sgf
2026-05-29 05:33:51,164 [INFO]   ✓ qid=157238 → output\25369\10542\157238.sgf
2026-05-29 05:34:00,194 [INFO]   ✓ qid=157239 → output\25369\10542\157239.sgf
2026-05-29 05:34:05,668 [INFO]   ✓ qid=157240 → output\25369\10542\157240.sgf
2026-05-29 05:34:14,051 [INFO]   ✓ qid=157241 → output\25369\10542\157241.sgf
2026-05-29 05:34:23,659 [INFO]   ✓ qid=157242 → output\25369\10542\157242.sgf
2026-05-29 05:34:33,295 [INFO]   ✓ qid=157243 → output\25369\10542\157243.sgf
2026-05-29 05:34:38,903 [INFO]   ✓ qid=157244 → output\25369\10542\157244.sgf
2026-05-29 05:34:46,388 [INFO]   ✓ qid=157246 → output\25369\10542\157246.sgf
2026-05-29 05:34:53,868 [INFO]   ✓ qid=157247 → output\25369\10542\157247.sgf
2026-05-29 05:35:01,901 [INFO]   ✓ qid=157248 → output\25369\10542\157248.sgf
2026-05-29 05:35:01,902 [INFO]   Capítulo 75491 '直三弯三丁四和方四'
2026-05-29 05:35:17,811 [INFO]   ✓ qid=8570 → output\25369\75491\8570.sgf
2026-05-29 05:35:26,354 [INFO]   ✓ qid=21862 → output\25369\75491\21862.sgf
2026-05-29 05:35:38,858 [INFO]   ✓ qid=26108 → output\25369\75491\26108.sgf
2026-05-29 05:35:45,019 [INFO]   ✓ qid=21721 → output\25369\75491\21721.sgf
2026-05-29 05:35:52,697 [INFO]   ✓ qid=43417 → output\25369\75491\43417.sgf
2026-05-29 05:35:58,245 [INFO]   ✓ qid=8795 → output\25369\75491\8795.sgf
2026-05-29 05:36:04,706 [INFO]   ✓ qid=8883 → output\25369\75491\8883.sgf
2026-05-29 05:36:12,263 [INFO]   ✓ qid=11932 → output\25369\75491\11932.sgf
2026-05-29 05:36:21,071 [INFO]   ✓ qid=12274 → output\25369\75491\12274.sgf
2026-05-29 05:36:30,966 [INFO]   ✓ qid=8454 → output\25369\75491\8454.sgf
2026-05-29 05:36:38,066 [INFO]   ✓ qid=8301 → output\25369\75491\8301.sgf
2026-05-29 05:36:48,068 [INFO]   ✓ qid=12857 → output\25369\75491\12857.sgf
2026-05-29 05:36:57,049 [INFO]   ✓ qid=11195 → output\25369\75491\11195.sgf
2026-05-29 05:37:06,054 [INFO]   ✓ qid=49900 → output\25369\75491\49900.sgf
2026-05-29 05:37:14,680 [INFO]   ✓ qid=10421 → output\25369\75491\10421.sgf
2026-05-29 05:37:22,139 [INFO]   ✓ qid=10664 → output\25369\75491\10664.sgf
2026-05-29 05:37:30,452 [INFO]   ✓ qid=12697 → output\25369\75491\12697.sgf
2026-05-29 05:37:36,453 [INFO]   ✓ qid=22232 → output\25369\75491\22232.sgf
2026-05-29 05:37:44,793 [INFO]   ✓ qid=10365 → output\25369\75491\10365.sgf
2026-05-29 05:37:50,236 [INFO]   ✓ qid=39620 → output\25369\75491\39620.sgf
2026-05-29 05:37:50,236 [INFO]   Capítulo 75493 '直四弯四闪电四和板六'
2026-05-29 05:38:05,627 [INFO]   ✓ qid=21893 → output\25369\75493\21893.sgf
2026-05-29 05:38:13,286 [INFO]   ✓ qid=21139 → output\25369\75493\21139.sgf
2026-05-29 05:38:20,969 [INFO]   ✓ qid=8275 → output\25369\75493\8275.sgf
2026-05-29 05:38:30,932 [INFO]   ✓ qid=10734 → output\25369\75493\10734.sgf
2026-05-29 05:38:39,152 [INFO]   ✓ qid=12398 → output\25369\75493\12398.sgf
2026-05-29 05:38:44,996 [INFO]   ✓ qid=29054 → output\25369\75493\29054.sgf
2026-05-29 05:38:52,649 [INFO]   ✓ qid=8729 → output\25369\75493\8729.sgf
2026-05-29 05:38:58,068 [INFO]   ✓ qid=4547 → output\25369\75493\4547.sgf
2026-05-29 05:39:05,060 [WARNING]   Posible throttling en qid=57179 — pausa 60-120s
2026-05-29 05:40:49,739 [INFO]   ✓ qid=57179 → output\25369\75493\57179.sgf
2026-05-29 05:40:55,645 [INFO]   ✓ qid=9075 → output\25369\75493\9075.sgf
2026-05-29 05:41:03,237 [INFO]   ✓ qid=8989 → output\25369\75493\8989.sgf
2026-05-29 05:41:09,454 [INFO]   ✓ qid=10726 → output\25369\75493\10726.sgf
2026-05-29 05:41:18,986 [INFO]   ✓ qid=21904 → output\25369\75493\21904.sgf
2026-05-29 05:41:26,221 [INFO]   ✓ qid=21747 → output\25369\75493\21747.sgf
2026-05-29 05:41:32,667 [INFO]   ✓ qid=22184 → output\25369\75493\22184.sgf
2026-05-29 05:41:42,355 [INFO]   ✓ qid=7434 → output\25369\75493\7434.sgf
2026-05-29 05:41:48,113 [INFO]   ✓ qid=12000 → output\25369\75493\12000.sgf
2026-05-29 05:41:55,784 [INFO]   ✓ qid=21934 → output\25369\75493\21934.sgf
2026-05-29 05:42:05,296 [INFO]   ✓ qid=10690 → output\25369\75493\10690.sgf
2026-05-29 05:42:14,344 [INFO]   ✓ qid=21968 → output\25369\75493\21968.sgf
2026-05-29 05:42:26,689 [INFO]   ✓ qid=22049 → output\25369\75493\22049.sgf
2026-05-29 05:42:33,578 [INFO]   ✓ qid=4877 → output\25369\75493\4877.sgf
2026-05-29 05:42:40,002 [INFO]   ✓ qid=28884 → output\25369\75493\28884.sgf
2026-05-29 05:42:47,538 [INFO]   ✓ qid=11312 → output\25369\75493\11312.sgf
2026-05-29 05:42:57,105 [INFO]   ✓ qid=12612 → output\25369\75493\12612.sgf
2026-05-29 05:43:03,777 [INFO]   ✓ qid=43787 → output\25369\75493\43787.sgf
2026-05-29 05:43:11,456 [INFO]   ✓ qid=14146 → output\25369\75493\14146.sgf
2026-05-29 05:43:20,924 [INFO]   ✓ qid=11033 → output\25369\75493\11033.sgf
2026-05-29 05:43:28,506 [INFO]   ✓ qid=28883 → output\25369\75493\28883.sgf
2026-05-29 05:43:34,106 [INFO]   ✓ qid=109406 → output\25369\75493\109406.sgf
2026-05-29 05:43:40,232 [INFO]   ✓ qid=11924 → output\25369\75493\11924.sgf
2026-05-29 05:43:40,234 [INFO]   Capítulo 75494 '刀把五梅花五和葡萄六'
2026-05-29 05:43:59,587 [INFO]   ✓ qid=19831 → output\25369\75494\19831.sgf
2026-05-29 05:44:09,153 [INFO]   ✓ qid=21729 → output\25369\75494\21729.sgf
2026-05-29 05:44:17,762 [INFO]   ✓ qid=21878 → output\25369\75494\21878.sgf
2026-05-29 05:44:23,615 [INFO]   ✓ qid=8964 → output\25369\75494\8964.sgf
2026-05-29 05:44:30,385 [INFO]   ✓ qid=11482 → output\25369\75494\11482.sgf
2026-05-29 05:44:40,154 [INFO]   ✓ qid=4427 → output\25369\75494\4427.sgf
2026-05-29 05:44:50,088 [INFO]   ✓ qid=21479 → output\25369\75494\21479.sgf
2026-05-29 05:44:56,294 [INFO]   ✓ qid=13649 → output\25369\75494\13649.sgf
2026-05-29 05:45:04,261 [INFO]   ✓ qid=12454 → output\25369\75494\12454.sgf
2026-05-29 05:45:11,220 [INFO]   ✓ qid=40481 → output\25369\75494\40481.sgf
2026-05-29 05:45:22,107 [INFO]   ✓ qid=65236 → output\25369\75494\65236.sgf
2026-05-29 05:45:29,259 [INFO]   ✓ qid=13042 → output\25369\75494\13042.sgf
2026-05-29 05:45:36,056 [INFO]   ✓ qid=28419 → output\25369\75494\28419.sgf
2026-05-29 05:45:41,843 [INFO]   ✓ qid=8195 → output\25369\75494\8195.sgf
2026-05-29 05:45:51,435 [INFO]   ✓ qid=12178 → output\25369\75494\12178.sgf
2026-05-29 05:46:00,863 [INFO]   ✓ qid=11353 → output\25369\75494\11353.sgf
2026-05-29 05:46:10,527 [INFO]   ✓ qid=9105 → output\25369\75494\9105.sgf
2026-05-29 05:46:17,345 [INFO]   ✓ qid=301885 → output\25369\75494\301885.sgf
2026-05-29 05:46:26,635 [INFO]   ✓ qid=10464 → output\25369\75494\10464.sgf
2026-05-29 05:46:33,091 [INFO]   ✓ qid=74908 → output\25369\75494\74908.sgf
2026-05-29 05:46:38,611 [INFO]   ✓ qid=12922 → output\25369\75494\12922.sgf
2026-05-29 05:46:47,831 [INFO]   ✓ qid=54143 → output\25369\75494\54143.sgf
2026-05-29 05:46:55,172 [INFO]   ✓ qid=8436 → output\25369\75494\8436.sgf
2026-05-29 05:47:02,162 [INFO]   ✓ qid=21921 → output\25369\75494\21921.sgf
2026-05-29 05:47:10,174 [INFO]   ✓ qid=297720 → output\25369\75494\297720.sgf
2026-05-29 05:47:16,539 [INFO]   ✓ qid=11097 → output\25369\75494\11097.sgf
2026-05-29 05:47:22,176 [INFO]   ✓ qid=105099 → output\25369\75494\105099.sgf
2026-05-29 05:47:33,072 [INFO]   ✓ qid=369034 → output\25369\75494\369034.sgf
2026-05-29 05:47:42,472 [INFO]   ✓ qid=214023 → output\25369\75494\214023.sgf
2026-05-29 05:47:42,473 [INFO]   Capítulo 75492 '聚杀'
2026-05-29 05:47:58,609 [INFO]   ✓ qid=53663 → output\25369\75492\53663.sgf
2026-05-29 05:48:06,289 [INFO]   ✓ qid=11506 → output\25369\75492\11506.sgf
2026-05-29 05:48:15,707 [INFO]   ✓ qid=12454 → output\25369\75492\12454.sgf
2026-05-29 05:48:22,726 [INFO]   ✓ qid=10466 → output\25369\75492\10466.sgf
2026-05-29 05:48:30,795 [INFO]   ✓ qid=13912 → output\25369\75492\13912.sgf
2026-05-29 05:48:39,782 [INFO]   ✓ qid=10421 → output\25369\75492\10421.sgf
2026-05-29 05:48:47,837 [INFO]   ✓ qid=10365 → output\25369\75492\10365.sgf
2026-05-29 05:48:57,294 [INFO]   ✓ qid=64278 → output\25369\75492\64278.sgf
2026-05-29 05:49:06,513 [INFO]   ✓ qid=10855 → output\25369\75492\10855.sgf
2026-05-29 05:49:11,992 [INFO]   ✓ qid=12971 → output\25369\75492\12971.sgf
2026-05-29 05:49:20,558 [INFO]   ✓ qid=11398 → output\25369\75492\11398.sgf
2026-05-29 05:49:26,930 [INFO]   ✓ qid=49900 → output\25369\75492\49900.sgf
2026-05-29 05:49:35,418 [INFO]   ✓ qid=12947 → output\25369\75492\12947.sgf
2026-05-29 05:49:45,483 [INFO]   ✓ qid=50464 → output\25369\75492\50464.sgf
2026-05-29 05:49:52,456 [INFO]   ✓ qid=12849 → output\25369\75492\12849.sgf
2026-05-29 05:50:00,054 [INFO]   ✓ qid=12738 → output\25369\75492\12738.sgf
2026-05-29 05:50:06,093 [INFO]   ✓ qid=11545 → output\25369\75492\11545.sgf
2026-05-29 05:50:14,467 [INFO]   ✓ qid=3285 → output\25369\75492\3285.sgf
2026-05-29 05:50:23,790 [INFO]   ✓ qid=12905 → output\25369\75492\12905.sgf
2026-05-29 05:50:29,283 [INFO]   ✓ qid=22234 → output\25369\75492\22234.sgf
2026-05-29 05:50:36,083 [INFO]   ✓ qid=13768 → output\25369\75492\13768.sgf
2026-05-29 05:50:43,015 [INFO]   ✓ qid=65295 → output\25369\75492\65295.sgf
2026-05-29 05:50:50,330 [INFO]   ✓ qid=3138 → output\25369\75492\3138.sgf
2026-05-29 05:51:00,092 [INFO]   ✓ qid=13356 → output\25369\75492\13356.sgf
2026-05-29 05:51:08,510 [INFO]   ✓ qid=49901 → output\25369\75492\49901.sgf
2026-05-29 05:51:14,464 [INFO]   ✓ qid=79499 → output\25369\75492\79499.sgf
2026-05-29 05:51:21,553 [INFO]   ✓ qid=105718 → output\25369\75492\105718.sgf
2026-05-29 05:51:31,804 [INFO]   ✓ qid=288289 → output\25369\75492\288289.sgf
2026-05-29 05:51:41,344 [INFO]   ✓ qid=348112 → output\25369\75492\348112.sgf
2026-05-29 05:51:47,568 [INFO]   ✓ qid=249667 → output\25369\75492\249667.sgf
2026-05-29 05:51:47,569 [INFO]   Capítulo 10535 '厚簿与强弱'
2026-05-29 05:52:10,452 [INFO]   ✓ qid=138394 → output\25369\10535\138394.sgf
2026-05-29 05:52:16,699 [INFO]   ✓ qid=138391 → output\25369\10535\138391.sgf
2026-05-29 05:52:28,573 [INFO]   ✓ qid=138403 → output\25369\10535\138403.sgf
2026-05-29 05:52:36,181 [INFO]   ✓ qid=138401 → output\25369\10535\138401.sgf
2026-05-29 05:52:44,830 [INFO]   ✓ qid=41980 → output\25369\10535\41980.sgf
2026-05-29 05:52:52,055 [INFO]   ✓ qid=138400 → output\25369\10535\138400.sgf
2026-05-29 05:52:58,876 [INFO]   ✓ qid=138393 → output\25369\10535\138393.sgf
2026-05-29 05:53:04,599 [INFO]   ✓ qid=138388 → output\25369\10535\138388.sgf
2026-05-29 05:53:11,084 [INFO]   ✓ qid=43316 → output\25369\10535\43316.sgf
2026-05-29 05:53:20,874 [INFO]   ✓ qid=43347 → output\25369\10535\43347.sgf
2026-05-29 05:53:29,904 [INFO]   ✓ qid=8272 → output\25369\10535\8272.sgf
2026-05-29 05:53:36,810 [INFO]   ✓ qid=355874 → output\25369\10535\355874.sgf
2026-05-29 05:53:44,227 [INFO]   ✓ qid=306376 → output\25369\10535\306376.sgf
2026-05-29 05:53:54,011 [INFO]   ✓ qid=49472 → output\25369\10535\49472.sgf
2026-05-29 05:53:54,011 [INFO]   Capítulo 75411 '先手与后手'
2026-05-29 05:54:15,013 [INFO]   ✓ qid=149795 → output\25369\75411\149795.sgf
2026-05-29 05:54:24,618 [INFO]   ✓ qid=136438 → output\25369\75411\136438.sgf
2026-05-29 05:54:34,785 [INFO]   ✓ qid=136433 → output\25369\75411\136433.sgf
2026-05-29 05:54:43,070 [INFO]   ✓ qid=136434 → output\25369\75411\136434.sgf
2026-05-29 05:54:54,569 [INFO]   ✓ qid=136446 → output\25369\75411\136446.sgf
2026-05-29 05:55:04,959 [INFO]   ✓ qid=136445 → output\25369\75411\136445.sgf
2026-05-29 05:55:14,706 [INFO]   ✓ qid=136448 → output\25369\75411\136448.sgf
2026-05-29 05:55:22,586 [INFO]   ✓ qid=136437 → output\25369\75411\136437.sgf
2026-05-29 05:55:28,952 [INFO]   ✓ qid=136436 → output\25369\75411\136436.sgf
2026-05-29 05:55:39,100 [INFO]   ✓ qid=136444 → output\25369\75411\136444.sgf
2026-05-29 05:55:44,566 [INFO]   ✓ qid=136447 → output\25369\75411\136447.sgf
2026-05-29 05:55:51,689 [INFO]   ✓ qid=136443 → output\25369\75411\136443.sgf
2026-05-29 05:56:00,297 [INFO]   ✓ qid=136442 → output\25369\75411\136442.sgf
2026-05-29 05:56:08,077 [INFO]   ✓ qid=136441 → output\25369\75411\136441.sgf
2026-05-29 05:56:19,580 [INFO]   ✓ qid=136440 → output\25369\75411\136440.sgf
2026-05-29 05:56:31,136 [INFO]   ✓ qid=136439 → output\25369\75411\136439.sgf
2026-05-29 05:56:31,137 [INFO]   Capítulo 75404 '好棋与坏棋'
2026-05-29 05:56:48,107 [INFO]   ✓ qid=215751 → output\25369\75404\215751.sgf
2026-05-29 05:56:59,198 [INFO]   ✓ qid=215772 → output\25369\75404\215772.sgf
2026-05-29 05:57:08,458 [INFO]   ✓ qid=215757 → output\25369\75404\215757.sgf
2026-05-29 05:57:19,658 [INFO]   ✓ qid=215759 → output\25369\75404\215759.sgf
2026-05-29 05:57:27,893 [INFO]   ✓ qid=215760 → output\25369\75404\215760.sgf
2026-05-29 05:57:38,024 [INFO]   ✓ qid=215761 → output\25369\75404\215761.sgf
2026-05-29 05:57:45,442 [INFO]   ✓ qid=215762 → output\25369\75404\215762.sgf
2026-05-29 05:57:53,279 [INFO]   ✓ qid=215763 → output\25369\75404\215763.sgf
2026-05-29 05:57:59,362 [INFO]   ✓ qid=215764 → output\25369\75404\215764.sgf
2026-05-29 05:58:07,437 [INFO]   ✓ qid=215766 → output\25369\75404\215766.sgf
2026-05-29 05:58:16,481 [INFO]   ✓ qid=215767 → output\25369\75404\215767.sgf
2026-05-29 05:58:23,402 [INFO]   ✓ qid=215768 → output\25369\75404\215768.sgf
2026-05-29 05:58:29,301 [INFO]   ✓ qid=215769 → output\25369\75404\215769.sgf
2026-05-29 05:58:38,290 [INFO]   ✓ qid=215770 → output\25369\75404\215770.sgf
2026-05-29 05:58:38,290 [INFO]   Capítulo 93956 '关门和补棋'
2026-05-29 05:58:54,798 [INFO]   ✓ qid=413545 → output\25369\93956\413545.sgf
2026-05-29 05:59:01,920 [INFO]   ✓ qid=413547 → output\25369\93956\413547.sgf
2026-05-29 05:59:09,069 [INFO]   ✓ qid=413548 → output\25369\93956\413548.sgf
2026-05-29 05:59:14,650 [INFO]   ✓ qid=413549 → output\25369\93956\413549.sgf
2026-05-29 05:59:24,777 [INFO]   ✓ qid=413550 → output\25369\93956\413550.sgf
2026-05-29 05:59:33,433 [INFO]   ✓ qid=413551 → output\25369\93956\413551.sgf
2026-05-29 05:59:39,353 [INFO]   ✓ qid=413552 → output\25369\93956\413552.sgf
2026-05-29 05:59:48,990 [INFO]   ✓ qid=413553 → output\25369\93956\413553.sgf
2026-05-29 05:59:56,509 [INFO]   ✓ qid=413555 → output\25369\93956\413555.sgf
2026-05-29 06:00:04,284 [INFO]   ✓ qid=413556 → output\25369\93956\413556.sgf
2026-05-29 06:00:11,067 [INFO]   ✓ qid=413557 → output\25369\93956\413557.sgf
2026-05-29 06:00:19,356 [INFO]   ✓ qid=413558 → output\25369\93956\413558.sgf
2026-05-29 06:00:29,379 [INFO]   ✓ qid=413559 → output\25369\93956\413559.sgf
2026-05-29 06:00:35,793 [INFO]   ✓ qid=413560 → output\25369\93956\413560.sgf
2026-05-29 06:00:42,958 [INFO]   ✓ qid=413561 → output\25369\93956\413561.sgf
2026-05-29 06:00:52,453 [INFO]   ✓ qid=413562 → output\25369\93956\413562.sgf
2026-05-29 06:01:01,843 [INFO]   ✓ qid=413563 → output\25369\93956\413563.sgf
2026-05-29 06:01:07,248 [INFO]   ✓ qid=413564 → output\25369\93956\413564.sgf
2026-05-29 06:01:13,598 [INFO]   ✓ qid=413565 → output\25369\93956\413565.sgf
2026-05-29 06:01:21,686 [INFO]   ✓ qid=413566 → output\25369\93956\413566.sgf
2026-05-29 06:01:28,542 [INFO]   ✓ qid=413567 → output\25369\93956\413567.sgf
2026-05-29 06:01:34,394 [INFO]   ✓ qid=413568 → output\25369\93956\413568.sgf
2026-05-29 06:01:42,998 [INFO]   ✓ qid=413569 → output\25369\93956\413569.sgf
2026-05-29 06:01:50,440 [INFO]   ✓ qid=413570 → output\25369\93956\413570.sgf
2026-05-29 06:01:59,006 [INFO]   ✓ qid=413571 → output\25369\93956\413571.sgf
2026-05-29 06:02:05,354 [INFO]   ✓ qid=413572 → output\25369\93956\413572.sgf
2026-05-29 06:02:13,626 [INFO]   ✓ qid=413573 → output\25369\93956\413573.sgf
2026-05-29 06:02:24,102 [INFO]   ✓ qid=158463 → output\25369\93956\158463.sgf
2026-05-29 06:02:24,103 [INFO]   Capítulo 10553 '双活'
2026-05-29 06:02:43,284 [INFO]   ✓ qid=141028 → output\25369\10553\141028.sgf
2026-05-29 06:02:53,784 [INFO]   ✓ qid=141029 → output\25369\10553\141029.sgf
2026-05-29 06:03:03,538 [INFO]   ✓ qid=141027 → output\25369\10553\141027.sgf
2026-05-29 06:03:10,427 [INFO]   ✓ qid=141026 → output\25369\10553\141026.sgf
2026-05-29 06:03:18,185 [INFO]   ✓ qid=141025 → output\25369\10553\141025.sgf
2026-05-29 06:03:27,967 [INFO]   ✓ qid=141024 → output\25369\10553\141024.sgf
2026-05-29 06:03:36,270 [INFO]   ✓ qid=141023 → output\25369\10553\141023.sgf
2026-05-29 06:03:45,685 [INFO]   ✓ qid=141022 → output\25369\10553\141022.sgf
2026-05-29 06:03:54,559 [INFO]   ✓ qid=141021 → output\25369\10553\141021.sgf
2026-05-29 06:04:05,345 [INFO]   ✓ qid=141020 → output\25369\10553\141020.sgf
2026-05-29 06:04:13,586 [INFO]   ✓ qid=141019 → output\25369\10553\141019.sgf
2026-05-29 06:04:20,727 [INFO]   ✓ qid=141018 → output\25369\10553\141018.sgf
2026-05-29 06:04:26,371 [INFO]   ✓ qid=12069 → output\25369\10553\12069.sgf
2026-05-29 06:04:31,950 [INFO]   ✓ qid=1451 → output\25369\10553\1451.sgf
2026-05-29 06:04:38,313 [INFO]   ✓ qid=10045 → output\25369\10553\10045.sgf
2026-05-29 06:04:45,347 [INFO]   ✓ qid=14129 → output\25369\10553\14129.sgf
2026-05-29 06:04:55,649 [INFO]   ✓ qid=64564 → output\25369\10553\64564.sgf
2026-05-29 06:05:04,433 [INFO]   ✓ qid=33748 → output\25369\10553\33748.sgf
2026-05-29 06:05:16,502 [INFO]   ✓ qid=11515 → output\25369\10553\11515.sgf
2026-05-29 06:05:24,750 [INFO]   ✓ qid=3109 → output\25369\10553\3109.sgf
2026-05-29 06:05:33,973 [INFO]   ✓ qid=20213 → output\25369\10553\20213.sgf
2026-05-29 06:05:44,067 [INFO]   ✓ qid=9231 → output\25369\10553\9231.sgf
2026-05-29 06:05:53,404 [INFO]   ✓ qid=10405 → output\25369\10553\10405.sgf
2026-05-29 06:06:02,668 [INFO]   ✓ qid=9964 → output\25369\10553\9964.sgf
2026-05-29 06:06:10,990 [INFO]   ✓ qid=9733 → output\25369\10553\9733.sgf
2026-05-29 06:06:21,044 [INFO]   ✓ qid=20025 → output\25369\10553\20025.sgf
2026-05-29 06:06:27,965 [INFO]   ✓ qid=51297 → output\25369\10553\51297.sgf
2026-05-29 06:06:34,486 [INFO]   ✓ qid=53377 → output\25369\10553\53377.sgf
2026-05-29 06:06:44,808 [INFO]   ✓ qid=6279 → output\25369\10553\6279.sgf
2026-05-29 06:06:54,560 [INFO]   ✓ qid=3106 → output\25369\10553\3106.sgf
2026-05-29 06:07:00,296 [INFO]   ✓ qid=194053 → output\25369\10553\194053.sgf
2026-05-29 06:07:10,430 [INFO]   ✓ qid=299074 → output\25369\10553\299074.sgf
2026-05-29 06:07:20,717 [INFO]   ✓ qid=169099 → output\25369\10553\169099.sgf
2026-05-29 06:07:28,463 [INFO]   ✓ qid=7044 → output\25369\10553\7044.sgf
2026-05-29 06:07:34,185 [INFO]   ✓ qid=318653 → output\25369\10553\318653.sgf
2026-05-29 06:07:34,187 [INFO]   Capítulo 93955 '简单官子'
2026-05-29 06:07:51,039 [INFO]   ✓ qid=28887 → output\25369\93955\28887.sgf
2026-05-29 06:07:58,518 [INFO]   ✓ qid=28886 → output\25369\93955\28886.sgf
2026-05-29 06:08:06,759 [INFO]   ✓ qid=21363 → output\25369\93955\21363.sgf
2026-05-29 06:08:16,866 [INFO]   ✓ qid=41983 → output\25369\93955\41983.sgf
2026-05-29 06:08:23,031 [INFO]   ✓ qid=41995 → output\25369\93955\41995.sgf
2026-05-29 06:08:31,681 [INFO]   ✓ qid=20785 → output\25369\93955\20785.sgf
2026-05-29 06:08:40,127 [INFO]   ✓ qid=21323 → output\25369\93955\21323.sgf
2026-05-29 06:08:50,028 [INFO]   ✓ qid=43273 → output\25369\93955\43273.sgf
2026-05-29 06:08:56,669 [INFO]   ✓ qid=405372 → output\25369\93955\405372.sgf
2026-05-29 06:09:04,442 [INFO]   ✓ qid=405373 → output\25369\93955\405373.sgf
2026-05-29 06:09:14,407 [INFO]   ✓ qid=405359 → output\25369\93955\405359.sgf
2026-05-29 06:09:23,641 [INFO]   ✓ qid=405360 → output\25369\93955\405360.sgf
2026-05-29 06:09:32,417 [INFO]   ✓ qid=405366 → output\25369\93955\405366.sgf
2026-05-29 06:09:41,347 [INFO]   ✓ qid=104387 → output\25369\93955\104387.sgf
2026-05-29 06:09:50,609 [INFO]   ✓ qid=104410 → output\25369\93955\104410.sgf
2026-05-29 06:09:57,163 [INFO]   ✓ qid=104384 → output\25369\93955\104384.sgf
2026-05-29 06:10:05,625 [INFO]   ✓ qid=57674 → output\25369\93955\57674.sgf
2026-05-29 06:10:14,420 [INFO]   ✓ qid=77990 → output\25369\93955\77990.sgf
2026-05-29 06:10:24,769 [INFO]   ✓ qid=405364 → output\25369\93955\405364.sgf
2026-05-29 06:10:30,780 [INFO]   ✓ qid=104388 → output\25369\93955\104388.sgf
2026-05-29 06:10:37,090 [INFO]   ✓ qid=104471 → output\25369\93955\104471.sgf
2026-05-29 06:10:44,604 [INFO]   ✓ qid=80180 → output\25369\93955\80180.sgf
2026-05-29 06:10:54,005 [INFO]   ✓ qid=405361 → output\25369\93955\405361.sgf
2026-05-29 06:11:02,430 [INFO]   ✓ qid=405363 → output\25369\93955\405363.sgf
2026-05-29 06:11:09,021 [INFO]   ✓ qid=405370 → output\25369\93955\405370.sgf
2026-05-29 06:11:17,957 [INFO]   ✓ qid=295765 → output\25369\93955\295765.sgf
2026-05-29 06:11:29,582 [INFO]   ✓ qid=212007 → output\25369\93955\212007.sgf
2026-05-29 06:11:36,283 [INFO]   ✓ qid=405382 → output\25369\93955\405382.sgf
2026-05-29 06:11:43,055 [INFO]   ✓ qid=77866 → output\25369\93955\77866.sgf
2026-05-29 06:11:50,192 [INFO]   ✓ qid=77867 → output\25369\93955\77867.sgf
2026-05-29 06:11:59,051 [INFO]   ✓ qid=405377 → output\25369\93955\405377.sgf
2026-05-29 06:12:07,862 [INFO]   ✓ qid=128426 → output\25369\93955\128426.sgf
2026-05-29 06:12:17,093 [INFO]   ✓ qid=162258 → output\25369\93955\162258.sgf
2026-05-29 06:12:25,970 [INFO]   ✓ qid=299548 → output\25369\93955\299548.sgf
2026-05-29 06:12:25,971 [INFO]   Capítulo 75410 '好形与坏形'
2026-05-29 06:12:38,634 [INFO]   ✓ qid=43701 → output\25369\75410\43701.sgf
2026-05-29 06:12:47,051 [INFO]   ✓ qid=43702 → output\25369\75410\43702.sgf
2026-05-29 06:12:55,119 [INFO]   ✓ qid=43704 → output\25369\75410\43704.sgf
2026-05-29 06:13:03,133 [INFO]   ✓ qid=43538 → output\25369\75410\43538.sgf
2026-05-29 06:13:10,072 [INFO]   ✓ qid=43536 → output\25369\75410\43536.sgf
2026-05-29 06:13:19,413 [INFO]   ✓ qid=43705 → output\25369\75410\43705.sgf
2026-05-29 06:13:25,106 [INFO]   ✓ qid=41994 → output\25369\75410\41994.sgf
2026-05-29 06:13:34,091 [INFO]   ✓ qid=43703 → output\25369\75410\43703.sgf
2026-05-29 06:13:42,288 [INFO]   ✓ qid=43537 → output\25369\75410\43537.sgf
2026-05-29 06:13:51,064 [INFO]   ✓ qid=149793 → output\25369\75410\149793.sgf
2026-05-29 06:13:56,411 [INFO]   ✓ qid=149792 → output\25369\75410\149792.sgf
2026-05-29 06:14:02,927 [INFO]   ✓ qid=149790 → output\25369\75410\149790.sgf
2026-05-29 06:14:09,975 [INFO]   ✓ qid=149789 → output\25369\75410\149789.sgf
2026-05-29 06:14:16,525 [INFO]   ✓ qid=149788 → output\25369\75410\149788.sgf
2026-05-29 06:14:25,295 [INFO]   ✓ qid=149787 → output\25369\75410\149787.sgf
2026-05-29 06:14:35,083 [INFO]   ✓ qid=149785 → output\25369\75410\149785.sgf
2026-05-29 06:14:43,699 [INFO]   ✓ qid=149784 → output\25369\75410\149784.sgf
2026-05-29 06:14:49,125 [INFO]   ✓ qid=43722 → output\25369\75410\43722.sgf
2026-05-29 06:14:56,704 [INFO]   ✓ qid=43723 → output\25369\75410\43723.sgf
2026-05-29 06:15:05,211 [INFO]   ✓ qid=43724 → output\25369\75410\43724.sgf
2026-05-29 06:15:14,066 [INFO]   ✓ qid=73664 → output\25369\75410\73664.sgf
2026-05-29 06:15:20,736 [INFO]   ✓ qid=158028 → output\25369\75410\158028.sgf
2026-05-29 06:15:29,037 [INFO]   ✓ qid=158029 → output\25369\75410\158029.sgf
2026-05-29 06:15:38,859 [INFO]   ✓ qid=43719 → output\25369\75410\43719.sgf
2026-05-29 06:15:38,860 [INFO]   Capítulo 10545 '连接手法双渡'
2026-05-29 06:15:55,209 [INFO]   ✓ qid=14562 → output\25369\10545\14562.sgf
2026-05-29 06:16:04,674 [INFO]   ✓ qid=5321 → output\25369\10545\5321.sgf
2026-05-29 06:16:16,159 [INFO]   ✓ qid=44293 → output\25369\10545\44293.sgf
2026-05-29 06:16:21,618 [INFO]   ✓ qid=9141 → output\25369\10545\9141.sgf
2026-05-29 06:16:27,082 [INFO]   ✓ qid=61778 → output\25369\10545\61778.sgf
2026-05-29 06:16:36,865 [INFO]   ✓ qid=9179 → output\25369\10545\9179.sgf
2026-05-29 06:16:42,726 [INFO]   ✓ qid=9834 → output\25369\10545\9834.sgf
2026-05-29 06:16:48,661 [INFO]   ✓ qid=53400 → output\25369\10545\53400.sgf
2026-05-29 06:16:58,458 [INFO]   ✓ qid=1133 → output\25369\10545\1133.sgf
2026-05-29 06:17:04,486 [INFO]   ✓ qid=61779 → output\25369\10545\61779.sgf
2026-05-29 06:17:10,647 [INFO]   ✓ qid=43674 → output\25369\10545\43674.sgf
2026-05-29 06:17:16,429 [INFO]   ✓ qid=10133 → output\25369\10545\10133.sgf
2026-05-29 06:17:24,065 [INFO]   ✓ qid=9676 → output\25369\10545\9676.sgf
2026-05-29 06:17:29,660 [INFO]   ✓ qid=9435 → output\25369\10545\9435.sgf
2026-05-29 06:17:36,595 [INFO]   ✓ qid=14643 → output\25369\10545\14643.sgf
2026-05-29 06:17:45,834 [INFO]   ✓ qid=14559 → output\25369\10545\14559.sgf
2026-05-29 06:17:51,474 [INFO]   ✓ qid=9500 → output\25369\10545\9500.sgf
2026-05-29 06:18:01,102 [INFO]   ✓ qid=9577 → output\25369\10545\9577.sgf
2026-05-29 06:18:08,871 [INFO]   ✓ qid=9115 → output\25369\10545\9115.sgf
2026-05-29 06:18:18,985 [INFO]   ✓ qid=8905 → output\25369\10545\8905.sgf
2026-05-29 06:18:25,439 [INFO]   ✓ qid=61776 → output\25369\10545\61776.sgf
2026-05-29 06:18:32,649 [INFO]   ✓ qid=65940 → output\25369\10545\65940.sgf
2026-05-29 06:18:39,850 [INFO]   ✓ qid=70994 → output\25369\10545\70994.sgf
2026-05-29 06:18:39,852 [INFO]   Capítulo 93682 '挖吃滚包乌龟不出头'
2026-05-29 06:18:57,324 [INFO]   ✓ qid=61582 → output\25369\93682\61582.sgf
2026-05-29 06:19:03,018 [INFO]   ✓ qid=11588 → output\25369\93682\11588.sgf
2026-05-29 06:19:10,203 [INFO]   ✓ qid=21234 → output\25369\93682\21234.sgf
2026-05-29 06:19:18,202 [INFO]   ✓ qid=25440 → output\25369\93682\25440.sgf
2026-05-29 06:19:28,161 [INFO]   ✓ qid=8334 → output\25369\93682\8334.sgf
2026-05-29 06:19:38,780 [INFO]   ✓ qid=44370 → output\25369\93682\44370.sgf
2026-05-29 06:19:46,006 [INFO]   ✓ qid=9237 → output\25369\93682\9237.sgf
2026-05-29 06:19:54,920 [INFO]   ✓ qid=22490 → output\25369\93682\22490.sgf
2026-05-29 06:20:03,067 [INFO]   ✓ qid=10633 → output\25369\93682\10633.sgf
2026-05-29 06:20:11,837 [INFO]   ✓ qid=4174 → output\25369\93682\4174.sgf
2026-05-29 06:20:18,776 [INFO]   ✓ qid=8861 → output\25369\93682\8861.sgf
2026-05-29 06:20:28,000 [INFO]   ✓ qid=9201 → output\25369\93682\9201.sgf
2026-05-29 06:20:37,235 [INFO]   ✓ qid=27523 → output\25369\93682\27523.sgf
2026-05-29 06:20:43,070 [INFO]   ✓ qid=5135 → output\25369\93682\5135.sgf
2026-05-29 06:20:53,009 [INFO]   ✓ qid=14612 → output\25369\93682\14612.sgf
2026-05-29 06:20:58,349 [INFO]   ✓ qid=58621 → output\25369\93682\58621.sgf
2026-05-29 06:21:05,486 [INFO]   ✓ qid=52439 → output\25369\93682\52439.sgf
2026-05-29 06:21:15,855 [INFO]   ✓ qid=3355 → output\25369\93682\3355.sgf
2026-05-29 06:21:23,924 [INFO]   ✓ qid=161 → output\25369\93682\161.sgf
2026-05-29 06:21:33,234 [INFO]   ✓ qid=11108 → output\25369\93682\11108.sgf
2026-05-29 06:21:43,518 [INFO]   ✓ qid=40347 → output\25369\93682\40347.sgf
2026-05-29 06:21:49,859 [INFO]   ✓ qid=7746 → output\25369\93682\7746.sgf
2026-05-29 06:21:59,976 [INFO]   ✓ qid=42824 → output\25369\93682\42824.sgf
2026-05-29 06:22:09,009 [INFO]   ✓ qid=14548 → output\25369\93682\14548.sgf
2026-05-29 06:22:18,496 [INFO]   ✓ qid=14874 → output\25369\93682\14874.sgf
2026-05-29 06:22:26,875 [INFO]   ✓ qid=25441 → output\25369\93682\25441.sgf
2026-05-29 06:22:36,521 [INFO]   ✓ qid=25442 → output\25369\93682\25442.sgf
2026-05-29 06:22:46,381 [INFO]   ✓ qid=25443 → output\25369\93682\25443.sgf
2026-05-29 06:22:55,133 [INFO]   ✓ qid=322675 → output\25369\93682\322675.sgf
2026-05-29 06:23:02,866 [INFO]   ✓ qid=43007 → output\25369\93682\43007.sgf
2026-05-29 06:23:09,602 [WARNING]   Posible throttling en qid=144977 — pausa 60-120s
2026-05-29 06:24:20,864 [INFO]   ✓ qid=144977 → output\25369\93682\144977.sgf
2026-05-29 06:24:29,552 [INFO]   ✓ qid=59540 → output\25369\93682\59540.sgf
2026-05-29 06:24:37,601 [INFO]   ✓ qid=25418 → output\25369\93682\25418.sgf
2026-05-29 06:24:45,921 [INFO]   ✓ qid=14582 → output\25369\93682\14582.sgf
2026-05-29 06:24:53,573 [INFO]   ✓ qid=76456 → output\25369\93682\76456.sgf
2026-05-29 06:25:00,352 [INFO]   ✓ qid=76561 → output\25369\93682\76561.sgf
2026-05-29 06:25:07,032 [INFO]   ✓ qid=180537 → output\25369\93682\180537.sgf
2026-05-29 06:25:07,033 [INFO]   Capítulo 75508 '见合'
2026-05-29 06:25:23,136 [INFO]   ✓ qid=217213 → output\25369\75508\217213.sgf
2026-05-29 06:25:31,318 [INFO]   ✓ qid=217208 → output\25369\75508\217208.sgf
2026-05-29 06:25:37,629 [INFO]   ✓ qid=217210 → output\25369\75508\217210.sgf
2026-05-29 06:25:43,344 [INFO]   ✓ qid=217211 → output\25369\75508\217211.sgf
2026-05-29 06:25:51,085 [INFO]   ✓ qid=217212 → output\25369\75508\217212.sgf
2026-05-29 06:26:01,260 [INFO]   ✓ qid=217214 → output\25369\75508\217214.sgf
2026-05-29 06:26:10,820 [INFO]   ✓ qid=138056 → output\25369\75508\138056.sgf
2026-05-29 06:26:20,120 [INFO]   ✓ qid=138055 → output\25369\75508\138055.sgf
2026-05-29 06:26:29,235 [INFO]   ✓ qid=138054 → output\25369\75508\138054.sgf
2026-05-29 06:26:36,414 [INFO]   ✓ qid=138053 → output\25369\75508\138053.sgf
2026-05-29 06:26:42,547 [INFO]   ✓ qid=138052 → output\25369\75508\138052.sgf
2026-05-29 06:26:51,331 [INFO]   ✓ qid=138051 → output\25369\75508\138051.sgf
2026-05-29 06:26:59,745 [INFO]   ✓ qid=138050 → output\25369\75508\138050.sgf
2026-05-29 06:27:05,849 [INFO]   ✓ qid=138049 → output\25369\75508\138049.sgf
2026-05-29 06:27:11,720 [INFO]   ✓ qid=138048 → output\25369\75508\138048.sgf
2026-05-29 06:27:22,012 [INFO]   ✓ qid=138047 → output\25369\75508\138047.sgf
2026-05-29 06:27:31,424 [INFO]   ✓ qid=138046 → output\25369\75508\138046.sgf
2026-05-29 06:27:39,343 [INFO]   ✓ qid=138045 → output\25369\75508\138045.sgf
2026-05-29 06:27:39,344 [INFO]   Capítulo 10536 '根据地 和安定拆边'
2026-05-29 06:27:51,390 [INFO]   ✓ qid=145510 → output\25369\10536\145510.sgf
2026-05-29 06:27:58,715 [INFO]   ✓ qid=145506 → output\25369\10536\145506.sgf
2026-05-29 06:28:07,659 [INFO]   ✓ qid=145515 → output\25369\10536\145515.sgf
2026-05-29 06:28:13,035 [INFO]   ✓ qid=145514 → output\25369\10536\145514.sgf
2026-05-29 06:28:22,716 [INFO]   ✓ qid=145512 → output\25369\10536\145512.sgf
2026-05-29 06:28:30,481 [INFO]   ✓ qid=145511 → output\25369\10536\145511.sgf
2026-05-29 06:28:37,237 [INFO]   ✓ qid=145508 → output\25369\10536\145508.sgf
2026-05-29 06:28:46,187 [INFO]   ✓ qid=145507 → output\25369\10536\145507.sgf
2026-05-29 06:28:52,739 [INFO]   ✓ qid=145505 → output\25369\10536\145505.sgf
2026-05-29 06:29:03,080 [INFO]   ✓ qid=299586 → output\25369\10536\299586.sgf
2026-05-29 06:29:08,736 [INFO]   ✓ qid=299576 → output\25369\10536\299576.sgf
2026-05-29 06:29:15,923 [INFO]   ✓ qid=299646 → output\25369\10536\299646.sgf
2026-05-29 06:29:22,290 [INFO]   ✓ qid=299645 → output\25369\10536\299645.sgf
2026-05-29 06:29:31,892 [INFO]   ✓ qid=299579 → output\25369\10536\299579.sgf
2026-05-29 06:29:37,670 [INFO]   ✓ qid=299649 → output\25369\10536\299649.sgf
2026-05-29 06:29:43,312 [INFO]   ✓ qid=299585 → output\25369\10536\299585.sgf
2026-05-29 06:29:51,765 [INFO]   ✓ qid=76053 → output\25369\10536\76053.sgf
2026-05-29 06:29:59,562 [INFO]   ✓ qid=317731 → output\25369\10536\317731.sgf
2026-05-29 06:30:10,966 [INFO]   ✓ qid=20836 → output\25369\10536\20836.sgf
2026-05-29 06:30:10,966 [INFO]   Capítulo 93602 '连片、分投、拦逼'
2026-05-29 06:30:28,301 [INFO]   ✓ qid=52240 → output\25369\93602\52240.sgf
2026-05-29 06:30:34,536 [INFO]   ✓ qid=52239 → output\25369\93602\52239.sgf
2026-05-29 06:30:45,058 [INFO]   ✓ qid=20820 → output\25369\93602\20820.sgf
2026-05-29 06:30:53,823 [INFO]   ✓ qid=67615 → output\25369\93602\67615.sgf
2026-05-29 06:31:00,849 [INFO]   ✓ qid=51523 → output\25369\93602\51523.sgf
2026-05-29 06:31:13,472 [INFO]   ✓ qid=44261 → output\25369\93602\44261.sgf
2026-05-29 06:31:23,235 [INFO]   ✓ qid=52248 → output\25369\93602\52248.sgf
2026-05-29 06:31:32,225 [INFO]   ✓ qid=40390 → output\25369\93602\40390.sgf
2026-05-29 06:31:42,544 [INFO]   ✓ qid=305837 → output\25369\93602\305837.sgf
2026-05-29 06:31:52,250 [INFO]   ✓ qid=76021 → output\25369\93602\76021.sgf
2026-05-29 06:32:03,675 [INFO]   ✓ qid=20791 → output\25369\93602\20791.sgf
2026-05-29 06:32:14,055 [INFO]   ✓ qid=305813 → output\25369\93602\305813.sgf
2026-05-29 06:32:20,505 [INFO]   ✓ qid=318325 → output\25369\93602\318325.sgf
2026-05-29 06:32:31,522 [INFO]   ✓ qid=76028 → output\25369\93602\76028.sgf
2026-05-29 06:32:38,926 [INFO]   ✓ qid=300538 → output\25369\93602\300538.sgf
2026-05-29 06:32:45,704 [INFO]   ✓ qid=332306 → output\25369\93602\332306.sgf
2026-05-29 06:32:51,142 [INFO]   ✓ qid=322610 → output\25369\93602\322610.sgf
2026-05-29 06:32:51,143 [INFO]   Capítulo 93958 '先手做眼活棋'
2026-05-29 06:33:10,742 [INFO]   ✓ qid=192190 → output\25369\93958\192190.sgf
2026-05-29 06:33:19,658 [INFO]   ✓ qid=298804 → output\25369\93958\298804.sgf
2026-05-29 06:33:25,782 [INFO]   ✓ qid=194126 → output\25369\93958\194126.sgf
2026-05-29 06:33:31,208 [INFO]   ✓ qid=355085 → output\25369\93958\355085.sgf
2026-05-29 06:33:36,753 [INFO]   ✓ qid=296160 → output\25369\93958\296160.sgf
2026-05-29 06:33:47,104 [INFO]   ✓ qid=316435 → output\25369\93958\316435.sgf
2026-05-29 06:33:54,174 [INFO]   ✓ qid=283465 → output\25369\93958\283465.sgf
2026-05-29 06:34:00,999 [INFO]   ✓ qid=1170 → output\25369\93958\1170.sgf
2026-05-29 06:34:08,758 [INFO]   ✓ qid=302473 → output\25369\93958\302473.sgf
2026-05-29 06:34:15,900 [INFO]   ✓ qid=275029 → output\25369\93958\275029.sgf
2026-05-29 06:34:15,901 [INFO]   Capítulo 93959 '先手破眼杀棋'
2026-05-29 06:34:30,325 [INFO]   ✓ qid=155936 → output\25369\93959\155936.sgf
2026-05-29 06:34:39,743 [INFO]   ✓ qid=254155 → output\25369\93959\254155.sgf
2026-05-29 06:34:48,171 [INFO]   ✓ qid=200854 → output\25369\93959\200854.sgf
2026-05-29 06:34:56,106 [INFO]   ✓ qid=297624 → output\25369\93959\297624.sgf
2026-05-29 06:35:05,213 [INFO]   ✓ qid=274746 → output\25369\93959\274746.sgf
2026-05-29 06:35:11,051 [INFO]   ✓ qid=250282 → output\25369\93959\250282.sgf
2026-05-29 06:35:18,875 [INFO]   ✓ qid=13451 → output\25369\93959\13451.sgf
2026-05-29 06:35:27,347 [INFO]   ✓ qid=268081 → output\25369\93959\268081.sgf
2026-05-29 06:35:34,093 [INFO]   ✓ qid=295025 → output\25369\93959\295025.sgf
2026-05-29 06:35:40,567 [INFO]   ✓ qid=14099 → output\25369\93959\14099.sgf
2026-05-29 06:35:46,648 [INFO]   ✓ qid=273913 → output\25369\93959\273913.sgf
2026-05-29 06:35:52,978 [INFO]   ✓ qid=269788 → output\25369\93959\269788.sgf
2026-05-29 06:35:58,374 [INFO]   ✓ qid=300627 → output\25369\93959\300627.sgf
2026-05-29 06:36:04,667 [INFO]   ✓ qid=270522 → output\25369\93959\270522.sgf
2026-05-29 06:36:14,494 [INFO]   ✓ qid=80026 → output\25369\93959\80026.sgf
2026-05-29 06:36:24,424 [INFO]   ✓ qid=1362 → output\25369\93959\1362.sgf
2026-05-29 06:36:24,425 [INFO]   Capítulo 10539 '扩大眼位做活'
2026-05-29 06:36:38,562 [INFO]   ✓ qid=11036 → output\25369\10539\11036.sgf
2026-05-29 06:36:47,076 [INFO]   ✓ qid=142835 → output\25369\10539\142835.sgf
2026-05-29 06:36:55,763 [INFO]   ✓ qid=138352 → output\25369\10539\138352.sgf
2026-05-29 06:37:05,680 [INFO]   ✓ qid=138348 → output\25369\10539\138348.sgf
2026-05-29 06:37:15,148 [INFO]   ✓ qid=138346 → output\25369\10539\138346.sgf
2026-05-29 06:37:20,954 [INFO]   ✓ qid=138345 → output\25369\10539\138345.sgf
2026-05-29 06:37:28,532 [INFO]   ✓ qid=138344 → output\25369\10539\138344.sgf
2026-05-29 06:37:36,347 [INFO]   ✓ qid=138343 → output\25369\10539\138343.sgf
2026-05-29 06:37:45,833 [INFO]   ✓ qid=138342 → output\25369\10539\138342.sgf
2026-05-29 06:37:52,635 [INFO]   ✓ qid=138341 → output\25369\10539\138341.sgf
2026-05-29 06:38:01,469 [INFO]   ✓ qid=138338 → output\25369\10539\138338.sgf
2026-05-29 06:38:10,258 [INFO]   ✓ qid=138349 → output\25369\10539\138349.sgf
2026-05-29 06:38:16,071 [INFO]   ✓ qid=21954 → output\25369\10539\21954.sgf
2026-05-29 06:38:23,173 [INFO]   ✓ qid=43750 → output\25369\10539\43750.sgf
2026-05-29 06:38:33,545 [INFO]   ✓ qid=3081 → output\25369\10539\3081.sgf
2026-05-29 06:38:42,412 [INFO]   ✓ qid=146938 → output\25369\10539\146938.sgf
2026-05-29 06:38:42,413 [INFO]   Capítulo 67412 '缩小眼位杀棋'
2026-05-29 06:38:53,590 [INFO]   ✓ qid=134190 → output\25369\67412\134190.sgf
2026-05-29 06:39:00,738 [INFO]   ✓ qid=134189 → output\25369\67412\134189.sgf
2026-05-29 06:39:10,388 [INFO]   ✓ qid=134188 → output\25369\67412\134188.sgf
2026-05-29 06:39:16,271 [INFO]   ✓ qid=134187 → output\25369\67412\134187.sgf
2026-05-29 06:39:22,005 [INFO]   ✓ qid=134186 → output\25369\67412\134186.sgf
2026-05-29 06:39:31,507 [INFO]   ✓ qid=134185 → output\25369\67412\134185.sgf
2026-05-29 06:39:37,170 [INFO]   ✓ qid=134184 → output\25369\67412\134184.sgf
2026-05-29 06:39:42,592 [INFO]   ✓ qid=134183 → output\25369\67412\134183.sgf
2026-05-29 06:39:50,014 [INFO]   ✓ qid=134182 → output\25369\67412\134182.sgf
2026-05-29 06:39:55,462 [INFO]   ✓ qid=134179 → output\25369\67412\134179.sgf
2026-05-29 06:40:04,347 [INFO]   ✓ qid=134178 → output\25369\67412\134178.sgf
2026-05-29 06:40:14,610 [INFO]   ✓ qid=134177 → output\25369\67412\134177.sgf
2026-05-29 06:40:14,611 [INFO]   Capítulo 67410 '死活要点'
2026-05-29 06:40:33,846 [INFO]   ✓ qid=52901 → output\25369\67410\52901.sgf
2026-05-29 06:40:41,397 [INFO]   ✓ qid=348880 → output\25369\67410\348880.sgf
2026-05-29 06:40:51,302 [INFO]   ✓ qid=67845 → output\25369\67410\67845.sgf
2026-05-29 06:40:56,977 [INFO]   ✓ qid=5860 → output\25369\67410\5860.sgf
2026-05-29 06:41:05,310 [INFO]   ✓ qid=12774 → output\25369\67410\12774.sgf
2026-05-29 06:41:13,802 [INFO]   ✓ qid=53717 → output\25369\67410\53717.sgf
2026-05-29 06:41:20,939 [INFO]   ✓ qid=22535 → output\25369\67410\22535.sgf
2026-05-29 06:41:29,568 [INFO]   ✓ qid=12493 → output\25369\67410\12493.sgf
2026-05-29 06:41:35,550 [INFO]   ✓ qid=21969 → output\25369\67410\21969.sgf
2026-05-29 06:41:44,113 [INFO]   ✓ qid=64437 → output\25369\67410\64437.sgf
2026-05-29 06:41:51,018 [INFO]   ✓ qid=27341 → output\25369\67410\27341.sgf
2026-05-29 06:41:59,863 [INFO]   ✓ qid=348881 → output\25369\67410\348881.sgf
2026-05-29 06:42:05,396 [INFO]   ✓ qid=12542 → output\25369\67410\12542.sgf
2026-05-29 06:42:13,849 [INFO]   ✓ qid=13452 → output\25369\67410\13452.sgf
2026-05-29 06:42:20,013 [INFO]   ✓ qid=385 → output\25369\67410\385.sgf
2026-05-29 06:42:27,073 [INFO]   ✓ qid=348891 → output\25369\67410\348891.sgf
2026-05-29 06:42:34,566 [INFO]   ✓ qid=1140 → output\25369\67410\1140.sgf
2026-05-29 06:42:45,010 [INFO]   ✓ qid=348894 → output\25369\67410\348894.sgf
2026-05-29 06:42:54,102 [INFO]   ✓ qid=25430 → output\25369\67410\25430.sgf
2026-05-29 06:43:01,957 [INFO]   ✓ qid=46573 → output\25369\67410\46573.sgf
2026-05-29 06:43:10,119 [INFO]   ✓ qid=43542 → output\25369\67410\43542.sgf
2026-05-29 06:43:15,491 [INFO]   ✓ qid=13552 → output\25369\67410\13552.sgf
2026-05-29 06:43:25,692 [INFO]   ✓ qid=61165 → output\25369\67410\61165.sgf
2026-05-29 06:43:33,959 [INFO]   ✓ qid=396 → output\25369\67410\396.sgf
2026-05-29 06:43:40,942 [INFO]   ✓ qid=56769 → output\25369\67410\56769.sgf
2026-05-29 06:43:48,170 [INFO]   ✓ qid=348892 → output\25369\67410\348892.sgf
2026-05-29 06:43:55,868 [INFO]   ✓ qid=348893 → output\25369\67410\348893.sgf
2026-05-29 06:44:05,645 [INFO]   ✓ qid=13046 → output\25369\67410\13046.sgf
2026-05-29 06:44:14,206 [INFO]   ✓ qid=348878 → output\25369\67410\348878.sgf
2026-05-29 06:44:24,051 [INFO]   ✓ qid=3542 → output\25369\67410\3542.sgf
2026-05-29 06:44:31,597 [INFO]   ✓ qid=59468 → output\25369\67410\59468.sgf
2026-05-29 06:44:48,504 [INFO]   ✓ qid=170638 → output\25369\67410\170638.sgf
2026-05-29 06:44:55,070 [INFO]   ✓ qid=292245 → output\25369\67410\292245.sgf
2026-05-29 06:45:02,703 [INFO]   ✓ qid=12720 → output\25369\67410\12720.sgf
2026-05-29 06:45:12,127 [INFO]   ✓ qid=402118 → output\25369\67410\402118.sgf
2026-05-29 06:45:19,712 [INFO]   ✓ qid=273733 → output\25369\67410\273733.sgf
2026-05-29 06:45:32,421 [INFO]   ✓ qid=27351 → output\25369\67410\27351.sgf
2026-05-29 06:45:38,519 [INFO]   ✓ qid=27352 → output\25369\67410\27352.sgf
2026-05-29 06:45:45,498 [INFO]   ✓ qid=27356 → output\25369\67410\27356.sgf
2026-05-29 06:45:51,552 [INFO]   ✓ qid=362911 → output\25369\67410\362911.sgf
2026-05-29 06:46:01,113 [INFO]   ✓ qid=51730 → output\25369\67410\51730.sgf
2026-05-29 06:46:07,626 [INFO]   ✓ qid=11280 → output\25369\67410\11280.sgf
2026-05-29 06:46:17,416 [INFO]   ✓ qid=210155 → output\25369\67410\210155.sgf
2026-05-29 06:46:25,074 [INFO]   ✓ qid=54966 → output\25369\67410\54966.sgf
2026-05-29 06:46:25,075 [INFO]   Capítulo 10537 '劫活'
2026-05-29 06:46:41,813 [INFO]   ✓ qid=22412 → output\25369\10537\22412.sgf
2026-05-29 06:46:50,714 [INFO]   ✓ qid=6317 → output\25369\10537\6317.sgf
2026-05-29 06:47:00,278 [INFO]   ✓ qid=11898 → output\25369\10537\11898.sgf
2026-05-29 06:47:10,614 [INFO]   ✓ qid=44685 → output\25369\10537\44685.sgf
2026-05-29 06:47:22,883 [INFO]   ✓ qid=11897 → output\25369\10537\11897.sgf
2026-05-29 06:47:31,590 [INFO]   ✓ qid=11123 → output\25369\10537\11123.sgf
2026-05-29 06:47:38,409 [INFO]   ✓ qid=44695 → output\25369\10537\44695.sgf
2026-05-29 06:47:46,011 [INFO]   ✓ qid=3475 → output\25369\10537\3475.sgf
2026-05-29 06:47:55,585 [INFO]   ✓ qid=10621 → output\25369\10537\10621.sgf
2026-05-29 06:48:01,599 [INFO]   ✓ qid=61774 → output\25369\10537\61774.sgf
2026-05-29 06:48:11,751 [INFO]   ✓ qid=13139 → output\25369\10537\13139.sgf
2026-05-29 06:48:19,527 [INFO]   ✓ qid=22409 → output\25369\10537\22409.sgf
2026-05-29 06:48:27,072 [INFO]   ✓ qid=22404 → output\25369\10537\22404.sgf
2026-05-29 06:48:35,560 [INFO]   ✓ qid=14269 → output\25369\10537\14269.sgf
2026-05-29 06:48:44,512 [INFO]   ✓ qid=22399 → output\25369\10537\22399.sgf
2026-05-29 06:48:51,424 [INFO]   ✓ qid=12662 → output\25369\10537\12662.sgf
2026-05-29 06:48:59,709 [INFO]   ✓ qid=3480 → output\25369\10537\3480.sgf
2026-05-29 06:49:07,082 [INFO]   ✓ qid=73570 → output\25369\10537\73570.sgf
2026-05-29 06:49:16,524 [INFO]   ✓ qid=12948 → output\25369\10537\12948.sgf
2026-05-29 06:49:24,589 [INFO]   ✓ qid=132591 → output\25369\10537\132591.sgf
2026-05-29 06:49:32,442 [INFO]   ✓ qid=13123 → output\25369\10537\13123.sgf
2026-05-29 06:49:41,973 [INFO]   ✓ qid=28298 → output\25369\10537\28298.sgf
2026-05-29 06:49:49,601 [INFO]   ✓ qid=44833 → output\25369\10537\44833.sgf
2026-05-29 06:49:49,604 [INFO]   Capítulo 10538 '劫杀'
2026-05-29 06:50:07,847 [INFO]   ✓ qid=9570 → output\25369\10538\9570.sgf
2026-05-29 06:50:16,210 [INFO]   ✓ qid=9404 → output\25369\10538\9404.sgf
2026-05-29 06:50:25,629 [INFO]   ✓ qid=9968 → output\25369\10538\9968.sgf
2026-05-29 06:50:33,865 [INFO]   ✓ qid=10005 → output\25369\10538\10005.sgf
2026-05-29 06:50:47,431 [INFO]   ✓ qid=10113 → output\25369\10538\10113.sgf
2026-05-29 06:50:53,385 [INFO]   ✓ qid=9582 → output\25369\10538\9582.sgf
2026-05-29 06:51:00,173 [INFO]   ✓ qid=10040 → output\25369\10538\10040.sgf
2026-05-29 06:51:09,465 [INFO]   ✓ qid=10291 → output\25369\10538\10291.sgf
2026-05-29 06:51:17,469 [INFO]   ✓ qid=9440 → output\25369\10538\9440.sgf
2026-05-29 06:51:25,645 [INFO]   ✓ qid=8557 → output\25369\10538\8557.sgf
2026-05-29 06:51:34,970 [INFO]   ✓ qid=11808 → output\25369\10538\11808.sgf
2026-05-29 06:51:45,190 [INFO]   ✓ qid=11219 → output\25369\10538\11219.sgf
2026-05-29 06:51:51,872 [INFO]   ✓ qid=9709 → output\25369\10538\9709.sgf
2026-05-29 06:51:59,537 [INFO]   ✓ qid=10863 → output\25369\10538\10863.sgf
2026-05-29 06:52:04,926 [INFO]   ✓ qid=12203 → output\25369\10538\12203.sgf
2026-05-29 06:52:14,054 [INFO]   ✓ qid=10811 → output\25369\10538\10811.sgf
2026-05-29 06:52:21,325 [INFO]   ✓ qid=13073 → output\25369\10538\13073.sgf
2026-05-29 06:52:26,940 [INFO]   ✓ qid=77647 → output\25369\10538\77647.sgf
2026-05-29 06:52:33,476 [INFO]   ✓ qid=52486 → output\25369\10538\52486.sgf
2026-05-29 06:52:39,723 [INFO]   ✓ qid=11857 → output\25369\10538\11857.sgf
2026-05-29 06:52:48,649 [INFO]   ✓ qid=12871 → output\25369\10538\12871.sgf
2026-05-29 06:52:54,567 [INFO]   ✓ qid=11232 → output\25369\10538\11232.sgf
2026-05-29 06:53:04,296 [INFO]   ✓ qid=53676 → output\25369\10538\53676.sgf
2026-05-29 06:53:13,588 [INFO]   ✓ qid=409537 → output\25369\10538\409537.sgf
2026-05-29 06:53:13,589 [INFO]   Capítulo 10540 '基本接触战棋形'
2026-05-29 06:53:27,994 [INFO]   ✓ qid=94324 → output\25369\10540\94324.sgf
2026-05-29 06:53:39,495 [INFO]   ✓ qid=94328 → output\25369\10540\94328.sgf
2026-05-29 06:53:49,751 [INFO]   ✓ qid=94332 → output\25369\10540\94332.sgf
2026-05-29 06:53:57,150 [INFO]   ✓ qid=94333 → output\25369\10540\94333.sgf
2026-05-29 06:54:04,575 [INFO]   ✓ qid=94361 → output\25369\10540\94361.sgf
2026-05-29 06:54:13,492 [INFO]   ✓ qid=94362 → output\25369\10540\94362.sgf
2026-05-29 06:54:23,674 [INFO]   ✓ qid=49431 → output\25369\10540\49431.sgf
2026-05-29 06:54:23,676 [INFO]   Capítulo 10541 '滚打包收13-6K'
2026-05-29 06:54:40,554 [INFO]   ✓ qid=10130 → output\25369\10541\10130.sgf
2026-05-29 06:54:47,179 [INFO]   ✓ qid=9732 → output\25369\10541\9732.sgf
2026-05-29 06:54:54,829 [INFO]   ✓ qid=27406 → output\25369\10541\27406.sgf
2026-05-29 06:55:04,335 [INFO]   ✓ qid=10644 → output\25369\10541\10644.sgf
2026-05-29 06:55:13,035 [INFO]   ✓ qid=11525 → output\25369\10541\11525.sgf
2026-05-29 06:55:24,016 [INFO]   ✓ qid=56060 → output\25369\10541\56060.sgf
2026-05-29 06:55:30,769 [INFO]   ✓ qid=10333 → output\25369\10541\10333.sgf
2026-05-29 06:55:36,936 [INFO]   ✓ qid=9298 → output\25369\10541\9298.sgf
2026-05-29 06:55:47,189 [INFO]   ✓ qid=43626 → output\25369\10541\43626.sgf
2026-05-29 06:55:54,430 [INFO]   ✓ qid=11415 → output\25369\10541\11415.sgf
2026-05-29 06:56:03,809 [INFO]   ✓ qid=27373 → output\25369\10541\27373.sgf
2026-05-29 06:56:10,621 [INFO]   ✓ qid=11255 → output\25369\10541\11255.sgf
2026-05-29 06:56:20,852 [INFO]   ✓ qid=307827 → output\25369\10541\307827.sgf
2026-05-29 06:56:28,541 [INFO]   ✓ qid=4445 → output\25369\10541\4445.sgf
2026-05-29 06:56:37,318 [INFO]   ✓ qid=43607 → output\25369\10541\43607.sgf
2026-05-29 06:56:43,297 [INFO]   ✓ qid=14124 → output\25369\10541\14124.sgf
2026-05-29 06:56:50,895 [INFO]   ✓ qid=10698 → output\25369\10541\10698.sgf
2026-05-29 06:57:00,414 [INFO]   ✓ qid=27372 → output\25369\10541\27372.sgf
2026-05-29 06:57:10,655 [INFO]   ✓ qid=11319 → output\25369\10541\11319.sgf
2026-05-29 06:57:18,849 [INFO]   ✓ qid=14578 → output\25369\10541\14578.sgf
2026-05-29 06:57:27,176 [INFO]   ✓ qid=10720 → output\25369\10541\10720.sgf
2026-05-29 06:57:36,172 [INFO]   ✓ qid=12028 → output\25369\10541\12028.sgf
2026-05-29 06:57:46,361 [INFO]   ✓ qid=12498 → output\25369\10541\12498.sgf
2026-05-29 06:57:53,123 [INFO]   ✓ qid=83459 → output\25369\10541\83459.sgf
2026-05-29 06:57:58,585 [INFO]   ✓ qid=49914 → output\25369\10541\49914.sgf
2026-05-29 06:58:04,455 [INFO]   ✓ qid=7943 → output\25369\10541\7943.sgf
2026-05-29 06:58:10,240 [INFO]   ✓ qid=312512 → output\25369\10541\312512.sgf
2026-05-29 06:58:20,197 [INFO]   ✓ qid=56466 → output\25369\10541\56466.sgf
2026-05-29 06:58:27,606 [INFO]   ✓ qid=27345 → output\25369\10541\27345.sgf
2026-05-29 06:58:34,580 [INFO]   ✓ qid=12145 → output\25369\10541\12145.sgf
2026-05-29 06:58:43,870 [INFO]   ✓ qid=57025 → output\25369\10541\57025.sgf
2026-05-29 06:58:52,591 [INFO]   ✓ qid=83071 → output\25369\10541\83071.sgf
2026-05-29 06:59:02,253 [INFO]   ✓ qid=52128 → output\25369\10541\52128.sgf
2026-05-29 06:59:09,910 [INFO]   ✓ qid=114617 → output\25369\10541\114617.sgf
2026-05-29 06:59:09,911 [INFO]   Capítulo 10543 '利用先手'
2026-05-29 06:59:29,481 [INFO]   ✓ qid=145404 → output\25369\10543\145404.sgf
2026-05-29 06:59:39,831 [INFO]   ✓ qid=144247 → output\25369\10543\144247.sgf
2026-05-29 06:59:47,206 [INFO]   ✓ qid=157904 → output\25369\10543\157904.sgf
2026-05-29 06:59:59,373 [INFO]   ✓ qid=145406 → output\25369\10543\145406.sgf
2026-05-29 07:00:09,900 [INFO]   ✓ qid=145403 → output\25369\10543\145403.sgf
2026-05-29 07:00:20,565 [INFO]   ✓ qid=145402 → output\25369\10543\145402.sgf
2026-05-29 07:00:29,730 [INFO]   ✓ qid=145400 → output\25369\10543\145400.sgf
2026-05-29 07:00:35,233 [INFO]   ✓ qid=145401 → output\25369\10543\145401.sgf
2026-05-29 07:00:42,379 [INFO]   ✓ qid=157900 → output\25369\10543\157900.sgf
2026-05-29 07:00:52,587 [INFO]   ✓ qid=157902 → output\25369\10543\157902.sgf
2026-05-29 07:01:02,248 [INFO]   ✓ qid=145410 → output\25369\10543\145410.sgf
2026-05-29 07:01:12,066 [INFO]   ✓ qid=145412 → output\25369\10543\145412.sgf
2026-05-29 07:01:19,422 [INFO]   ✓ qid=157901 → output\25369\10543\157901.sgf
2026-05-29 07:01:28,520 [INFO]   ✓ qid=157903 → output\25369\10543\157903.sgf
2026-05-29 07:01:35,861 [INFO]   ✓ qid=157870 → output\25369\10543\157870.sgf
2026-05-29 07:01:44,881 [INFO]   ✓ qid=157867 → output\25369\10543\157867.sgf
2026-05-29 07:01:52,911 [INFO]   ✓ qid=157861 → output\25369\10543\157861.sgf
2026-05-29 07:02:02,661 [INFO]   ✓ qid=157875 → output\25369\10543\157875.sgf
2026-05-29 07:02:11,431 [INFO]   ✓ qid=84598 → output\25369\10543\84598.sgf
2026-05-29 07:02:19,160 [INFO]   ✓ qid=145407 → output\25369\10543\145407.sgf
2026-05-29 07:02:27,476 [INFO]   ✓ qid=145399 → output\25369\10543\145399.sgf
2026-05-29 07:02:35,675 [INFO]   ✓ qid=157872 → output\25369\10543\157872.sgf
2026-05-29 07:02:43,687 [INFO]   ✓ qid=145398 → output\25369\10543\145398.sgf
2026-05-29 07:02:51,047 [INFO]   ✓ qid=83396 → output\25369\10543\83396.sgf
2026-05-29 07:02:59,353 [INFO]   ✓ qid=157906 → output\25369\10543\157906.sgf
2026-05-29 07:03:08,781 [INFO]   ✓ qid=157863 → output\25369\10543\157863.sgf
2026-05-29 07:03:14,999 [INFO]   ✓ qid=145396 → output\25369\10543\145396.sgf
2026-05-29 07:03:20,587 [INFO]   ✓ qid=145408 → output\25369\10543\145408.sgf
2026-05-29 07:03:26,380 [INFO]   ✓ qid=145395 → output\25369\10543\145395.sgf
2026-05-29 07:03:34,776 [INFO]   ✓ qid=145405 → output\25369\10543\145405.sgf
2026-05-29 07:03:44,013 [INFO]   ✓ qid=77221 → output\25369\10543\77221.sgf
2026-05-29 07:03:53,799 [INFO]   ✓ qid=145397 → output\25369\10543\145397.sgf
2026-05-29 07:04:01,890 [INFO]   ✓ qid=49912 → output\25369\10543\49912.sgf
2026-05-29 07:04:11,294 [INFO]   ✓ qid=43862 → output\25369\10543\43862.sgf
2026-05-29 07:04:29,046 [INFO]   ✓ qid=145413 → output\25369\10543\145413.sgf
2026-05-29 07:04:29,046 [INFO]   Capítulo 10544 '夹攻 认识分断定式'
2026-05-29 07:04:45,929 [INFO]   ✓ qid=147781 → output\25369\10544\147781.sgf
2026-05-29 07:04:56,402 [INFO]   ✓ qid=21077 → output\25369\10544\21077.sgf
2026-05-29 07:05:06,360 [INFO]   ✓ qid=147779 → output\25369\10544\147779.sgf
2026-05-29 07:05:16,099 [INFO]   ✓ qid=147778 → output\25369\10544\147778.sgf
2026-05-29 07:05:22,515 [INFO]   ✓ qid=145513 → output\25369\10544\145513.sgf
2026-05-29 07:05:35,064 [INFO]   ✓ qid=94288 → output\25369\10544\94288.sgf
2026-05-29 07:05:41,268 [INFO]   ✓ qid=94289 → output\25369\10544\94289.sgf
2026-05-29 07:05:53,046 [INFO]   ✓ qid=94292 → output\25369\10544\94292.sgf
2026-05-29 07:06:02,036 [INFO]   ✓ qid=94293 → output\25369\10544\94293.sgf
2026-05-29 07:06:10,036 [INFO]   ✓ qid=88474 → output\25369\10544\88474.sgf
2026-05-29 07:06:20,326 [INFO]   ✓ qid=91000 → output\25369\10544\91000.sgf
2026-05-29 07:06:29,223 [INFO]   ✓ qid=94294 → output\25369\10544\94294.sgf
2026-05-29 07:06:37,160 [INFO]   ✓ qid=94295 → output\25369\10544\94295.sgf
2026-05-29 07:06:47,681 [INFO]   ✓ qid=76761 → output\25369\10544\76761.sgf
2026-05-29 07:06:55,666 [INFO]   ✓ qid=121341 → output\25369\10544\121341.sgf
2026-05-29 07:07:04,466 [INFO]   ✓ qid=150017 → output\25369\10544\150017.sgf
2026-05-29 07:07:14,741 [INFO]   ✓ qid=150016 → output\25369\10544\150016.sgf
2026-05-29 07:07:24,101 [WARNING]   Posible throttling en qid=150019 — pausa 60-120s
2026-05-29 07:08:38,997 [INFO]   ✓ qid=150019 → output\25369\10544\150019.sgf
2026-05-29 07:08:45,802 [INFO]   ✓ qid=150024 → output\25369\10544\150024.sgf
2026-05-29 07:08:54,189 [INFO]   ✓ qid=150023 → output\25369\10544\150023.sgf
2026-05-29 07:09:02,755 [INFO]   ✓ qid=150022 → output\25369\10544\150022.sgf
2026-05-29 07:09:12,784 [INFO]   ✓ qid=150020 → output\25369\10544\150020.sgf
2026-05-29 07:09:21,758 [INFO]   ✓ qid=150014 → output\25369\10544\150014.sgf
2026-05-29 07:09:28,904 [INFO]   ✓ qid=150013 → output\25369\10544\150013.sgf
2026-05-29 07:09:35,769 [INFO]   ✓ qid=150012 → output\25369\10544\150012.sgf
2026-05-29 07:09:45,794 [INFO]   ✓ qid=150011 → output\25369\10544\150011.sgf
2026-05-29 07:09:52,988 [INFO]   ✓ qid=49122 → output\25369\10544\49122.sgf
2026-05-29 07:10:04,582 [INFO]   ✓ qid=44520 → output\25369\10544\44520.sgf
2026-05-29 07:10:11,155 [INFO]   ✓ qid=150015 → output\25369\10544\150015.sgf
2026-05-29 07:10:20,914 [INFO]   ✓ qid=302542 → output\25369\10544\302542.sgf
2026-05-29 07:10:20,914 [INFO]   Capítulo 101938 '避免被聚杀7K'
2026-05-29 07:10:26,710 [WARNING]   Sin problemas en capítulo 101938
2026-05-29 07:10:26,710 [INFO]   Capítulo 10546 '切断手法冲挖'
2026-05-29 07:10:45,059 [INFO]   ✓ qid=7407 → output\25369\10546\7407.sgf
2026-05-29 07:10:52,009 [INFO]   ✓ qid=9123 → output\25369\10546\9123.sgf
2026-05-29 08:10:33,397 [INFO] Total libros en books.json: 1
2026-05-29 08:10:34,309 [INFO] Libro 30115 — https://www.101weiqi.com/book/30115/
2026-05-29 08:10:38,226 [INFO]   '寒假网课内容' — 20 capítulos
2026-05-29 08:10:59,018 [INFO]   Capítulo 21813 '第1课  对杀（1）基础对杀'
2026-05-29 08:11:11,082 [INFO]   ✓ qid=10864 → output\30115\21813\10864.sgf
2026-05-29 08:11:17,345 [INFO]   ✓ qid=11050 → output\30115\21813\11050.sgf
2026-05-29 08:11:23,804 [INFO]   ✓ qid=10714 → output\30115\21813\10714.sgf
2026-05-29 08:11:27,416 [INFO]   ✓ qid=50357 → output\30115\21813\50357.sgf
2026-05-29 08:11:32,905 [INFO]   ✓ qid=11128 → output\30115\21813\11128.sgf
2026-05-29 08:11:38,440 [INFO]   ✓ qid=43138 → output\30115\21813\43138.sgf
2026-05-29 08:11:44,559 [INFO]   ✓ qid=10612 → output\30115\21813\10612.sgf
2026-05-29 08:11:49,892 [INFO]   ✓ qid=11013 → output\30115\21813\11013.sgf
2026-05-29 08:11:54,928 [INFO]   ✓ qid=5611 → output\30115\21813\5611.sgf
2026-05-29 08:12:00,495 [INFO]   ✓ qid=10766 → output\30115\21813\10766.sgf
2026-05-29 08:12:00,496 [INFO]   Capítulo 21866 '第2课 对杀（2）有眼杀无眼'
2026-05-29 08:12:10,620 [INFO]   ✓ qid=10513 → output\30115\21866\10513.sgf
2026-05-29 08:16:48,432 [INFO] Total libros en books.json: 1
2026-05-29 08:16:50,954 [INFO] Libro 30115 — https://www.101weiqi.com/book/30115/
2026-05-29 08:16:57,712 [INFO]   '寒假网课内容' — 20 capítulos
2026-05-29 08:17:11,576 [INFO]   Capítulo 21813 '第1课  对杀（1）基础对杀'
2026-05-29 08:17:22,954 [INFO]   ✓ qid=10864 → output\30115\21813\10864.sgf
2026-05-29 08:17:27,163 [INFO]   ✓ qid=11050 → output\30115\21813\11050.sgf
2026-05-29 08:17:31,556 [INFO]   ✓ qid=10714 → output\30115\21813\10714.sgf
2026-05-29 08:17:36,744 [INFO]   ✓ qid=50357 → output\30115\21813\50357.sgf
2026-05-29 08:17:41,739 [INFO]   ✓ qid=11128 → output\30115\21813\11128.sgf
2026-05-29 08:17:46,699 [INFO]   ✓ qid=43138 → output\30115\21813\43138.sgf
2026-05-29 08:17:52,090 [INFO]   ✓ qid=10612 → output\30115\21813\10612.sgf
2026-05-29 08:17:55,854 [INFO]   ✓ qid=11013 → output\30115\21813\11013.sgf
2026-05-29 08:18:01,858 [INFO]   ✓ qid=5611 → output\30115\21813\5611.sgf
2026-05-29 08:18:06,759 [INFO]   ✓ qid=10766 → output\30115\21813\10766.sgf
2026-05-29 08:18:06,760 [INFO]   Capítulo 21866 '第2课 对杀（2）有眼杀无眼'
2026-05-29 08:18:16,834 [INFO]   ✓ qid=10513 → output\30115\21866\10513.sgf
2026-05-29 08:18:21,674 [INFO]   ✓ qid=9287 → output\30115\21866\9287.sgf
2026-05-29 08:18:27,810 [INFO]   ✓ qid=7 → output\30115\21866\7.sgf
2026-05-29 08:18:33,659 [INFO]   ✓ qid=9203 → output\30115\21866\9203.sgf
2026-05-29 08:18:37,189 [INFO]   ✓ qid=11040 → output\30115\21866\11040.sgf
2026-05-29 08:18:43,255 [INFO]   ✓ qid=35 → output\30115\21866\35.sgf
2026-05-29 08:18:46,619 [INFO]   ✓ qid=10305 → output\30115\21866\10305.sgf
2026-05-29 08:18:52,340 [INFO]   ✓ qid=49338 → output\30115\21866\49338.sgf
2026-05-29 08:18:58,942 [INFO]   ✓ qid=22604 → output\30115\21866\22604.sgf
2026-05-29 08:19:03,717 [INFO]   ✓ qid=21 → output\30115\21866\21.sgf
2026-05-29 08:19:08,275 [INFO]   ✓ qid=20267 → output\30115\21866\20267.sgf
2026-05-29 08:19:12,341 [INFO]   ✓ qid=11027 → output\30115\21866\11027.sgf
2026-05-29 08:19:12,341 [INFO]   Capítulo 21867 '第3课 做眼和破眼'
2026-05-29 08:19:32,870 [INFO]   ✓ qid=48651 → output\30115\21867\48651.sgf
2026-05-29 08:19:37,889 [INFO]   ✓ qid=48640 → output\30115\21867\48640.sgf
2026-05-29 08:19:45,293 [INFO]   ✓ qid=50372 → output\30115\21867\50372.sgf
2026-05-29 08:19:51,483 [INFO]   ✓ qid=50373 → output\30115\21867\50373.sgf
2026-05-29 08:19:55,507 [INFO]   ✓ qid=48639 → output\30115\21867\48639.sgf
2026-05-29 08:22:55,856 [INFO] Total libros en books.json: 1
2026-05-29 08:22:58,459 [INFO] Libro 30115 — https://www.101weiqi.com/book/30115/
2026-05-29 08:23:04,387 [INFO]   '寒假网课内容' — 20 capítulos
2026-05-29 08:23:17,567 [INFO]   Capítulo 21813 '第1课  对杀（1）基础对杀'
2026-05-29 08:23:33,023 [INFO]   ✓ qid=10864 → output\30115\21813\10864.sgf
2026-05-29 08:23:39,144 [INFO]   ✓ qid=11050 → output\30115\21813\11050.sgf
2026-05-29 08:23:42,779 [INFO]   ✓ qid=10714 → output\30115\21813\10714.sgf
2026-05-29 08:23:48,766 [INFO]   ✓ qid=50357 → output\30115\21813\50357.sgf
2026-05-29 08:23:54,153 [INFO]   ✓ qid=11128 → output\30115\21813\11128.sgf
2026-05-29 08:24:00,040 [INFO]   ✓ qid=43138 → output\30115\21813\43138.sgf
2026-05-29 08:24:05,398 [INFO]   ✓ qid=10612 → output\30115\21813\10612.sgf
2026-05-29 08:24:11,151 [INFO]   ✓ qid=11013 → output\30115\21813\11013.sgf
2026-05-29 08:24:16,799 [INFO]   ✓ qid=5611 → output\30115\21813\5611.sgf
2026-05-29 08:24:21,008 [INFO]   ✓ qid=10766 → output\30115\21813\10766.sgf
2026-05-29 08:24:21,008 [INFO]   Capítulo 21866 '第2课 对杀（2）有眼杀无眼'
2026-05-29 08:24:29,894 [INFO]   ✓ qid=10513 → output\30115\21866\10513.sgf
2026-05-29 08:24:33,535 [INFO]   ✓ qid=9287 → output\30115\21866\9287.sgf
2026-05-29 08:24:39,494 [INFO]   ✓ qid=7 → output\30115\21866\7.sgf
2026-05-29 08:24:44,535 [INFO]   ✓ qid=9203 → output\30115\21866\9203.sgf
2026-05-29 08:24:50,903 [INFO]   ✓ qid=11040 → output\30115\21866\11040.sgf
2026-05-29 08:24:57,738 [INFO]   ✓ qid=35 → output\30115\21866\35.sgf
2026-05-29 08:25:02,432 [INFO]   ✓ qid=10305 → output\30115\21866\10305.sgf
2026-05-29 08:25:06,509 [INFO]   ✓ qid=49338 → output\30115\21866\49338.sgf
2026-05-29 08:25:12,189 [INFO]   ✓ qid=22604 → output\30115\21866\22604.sgf
2026-05-29 08:25:16,251 [INFO]   ✓ qid=21 → output\30115\21866\21.sgf
2026-05-29 08:25:20,742 [INFO]   ✓ qid=20267 → output\30115\21866\20267.sgf
2026-05-29 08:25:24,435 [INFO]   ✓ qid=11027 → output\30115\21866\11027.sgf
2026-05-29 08:25:24,435 [INFO]   Capítulo 21867 '第3课 做眼和破眼'
2026-05-29 08:25:33,109 [INFO]   ✓ qid=48651 → output\30115\21867\48651.sgf
2026-05-29 08:25:36,345 [INFO]   ✓ qid=48640 → output\30115\21867\48640.sgf
2026-05-29 08:25:41,268 [INFO]   ✓ qid=50372 → output\30115\21867\50372.sgf
2026-05-29 08:25:47,132 [INFO]   ✓ qid=50373 → output\30115\21867\50373.sgf
2026-05-29 08:25:52,503 [INFO]   ✓ qid=48639 → output\30115\21867\48639.sgf
2026-05-29 08:25:56,901 [INFO]   ✓ qid=48642 → output\30115\21867\48642.sgf
2026-05-29 08:26:00,998 [INFO]   ✓ qid=48643 → output\30115\21867\48643.sgf
2026-05-29 08:26:07,040 [INFO]   ✓ qid=48644 → output\30115\21867\48644.sgf
2026-05-29 08:26:12,645 [INFO]   ✓ qid=48647 → output\30115\21867\48647.sgf
2026-05-29 08:26:18,514 [INFO]   ✓ qid=48648 → output\30115\21867\48648.sgf
2026-05-29 08:26:23,126 [INFO]   ✓ qid=50375 → output\30115\21867\50375.sgf
2026-05-29 08:26:26,835 [INFO]   ✓ qid=50376 → output\30115\21867\50376.sgf
2026-05-29 08:26:33,019 [INFO]   ✓ qid=50455 → output\30115\21867\50455.sgf
2026-05-29 08:26:38,649 [INFO]   ✓ qid=50380 → output\30115\21867\50380.sgf
2026-05-29 08:26:43,550 [INFO]   ✓ qid=50381 → output\30115\21867\50381.sgf
2026-05-29 08:26:43,550 [INFO]   Capítulo 22252 '第4课 眼形死活'
2026-05-29 08:26:51,841 [INFO]   ✓ qid=50457 → output\30115\22252\50457.sgf
2026-05-29 08:26:56,283 [INFO]   ✓ qid=21927 → output\30115\22252\21927.sgf
2026-05-29 08:27:02,571 [INFO]   ✓ qid=48767 → output\30115\22252\48767.sgf
2026-05-29 08:27:07,118 [INFO]   ✓ qid=50458 → output\30115\22252\50458.sgf
2026-05-29 08:27:11,938 [INFO]   ✓ qid=50459 → output\30115\22252\50459.sgf
2026-05-29 08:27:19,755 [INFO]   ✓ qid=50460 → output\30115\22252\50460.sgf
2026-05-29 08:27:23,225 [INFO]   ✓ qid=50461 → output\30115\22252\50461.sgf
2026-05-29 08:27:28,515 [INFO]   ✓ qid=50462 → output\30115\22252\50462.sgf
2026-05-29 08:27:33,303 [INFO]   ✓ qid=50463 → output\30115\22252\50463.sgf
2026-05-29 08:27:39,323 [INFO]   ✓ qid=50464 → output\30115\22252\50464.sgf
2026-05-29 08:27:46,155 [INFO]   ✓ qid=50465 → output\30115\22252\50465.sgf
2026-05-29 08:27:49,709 [INFO]   ✓ qid=50466 → output\30115\22252\50466.sgf
2026-05-29 08:27:49,709 [INFO]   Capítulo 22502 '第5课 死活-做眼急所'
2026-05-29 08:27:56,892 [INFO]   ✓ qid=50480 → output\30115\22502\50480.sgf
2026-05-29 08:28:02,624 [INFO]   ✓ qid=50481 → output\30115\22502\50481.sgf
2026-05-29 08:28:06,047 [INFO]   ✓ qid=50484 → output\30115\22502\50484.sgf
2026-05-29 08:28:12,066 [INFO]   ✓ qid=50485 → output\30115\22502\50485.sgf
2026-05-29 08:28:16,833 [INFO]   ✓ qid=50486 → output\30115\22502\50486.sgf
2026-05-29 08:28:20,606 [INFO]   ✓ qid=50487 → output\30115\22502\50487.sgf
2026-05-29 08:28:25,048 [INFO]   ✓ qid=50488 → output\30115\22502\50488.sgf
2026-05-29 08:28:31,380 [INFO]   ✓ qid=50492 → output\30115\22502\50492.sgf
2026-05-29 08:28:36,970 [INFO]   ✓ qid=50493 → output\30115\22502\50493.sgf
2026-05-29 08:28:40,509 [INFO]   ✓ qid=50496 → output\30115\22502\50496.sgf
2026-05-29 08:28:43,953 [INFO]   ✓ qid=50497 → output\30115\22502\50497.sgf
2026-05-29 08:28:52,214 [INFO]   ✓ qid=50498 → output\30115\22502\50498.sgf
2026-05-29 08:28:56,471 [INFO]   ✓ qid=50500 → output\30115\22502\50500.sgf
2026-05-29 08:29:00,110 [INFO]   ✓ qid=50502 → output\30115\22502\50502.sgf
2026-05-29 08:29:04,405 [INFO]   ✓ qid=50503 → output\30115\22502\50503.sgf
2026-05-29 08:29:04,406 [INFO]   Capítulo 22503 '第6课 死活-利用倒扑'
2026-05-29 08:29:13,716 [INFO]   ✓ qid=50504 → output\30115\22503\50504.sgf
2026-05-29 08:29:19,299 [INFO]   ✓ qid=50505 → output\30115\22503\50505.sgf
2026-05-29 08:29:23,953 [INFO]   ✓ qid=50508 → output\30115\22503\50508.sgf
2026-05-29 08:29:29,651 [INFO]   ✓ qid=50509 → output\30115\22503\50509.sgf
2026-05-29 08:29:37,082 [INFO]   ✓ qid=50510 → output\30115\22503\50510.sgf
2026-05-29 08:29:40,950 [INFO]   ✓ qid=50511 → output\30115\22503\50511.sgf
2026-05-29 08:29:45,268 [INFO]   ✓ qid=50512 → output\30115\22503\50512.sgf
2026-05-29 08:29:50,166 [INFO]   ✓ qid=50513 → output\30115\22503\50513.sgf
2026-05-29 08:29:55,828 [INFO]   ✓ qid=50644 → output\30115\22503\50644.sgf
2026-05-29 08:30:00,274 [INFO]   ✓ qid=50646 → output\30115\22503\50646.sgf
2026-05-29 08:30:06,031 [INFO]   ✓ qid=50647 → output\30115\22503\50647.sgf
2026-05-29 08:30:10,742 [INFO]   ✓ qid=50648 → output\30115\22503\50648.sgf
2026-05-29 08:30:15,531 [INFO]   ✓ qid=50649 → output\30115\22503\50649.sgf
2026-05-29 08:30:21,022 [INFO]   ✓ qid=50652 → output\30115\22503\50652.sgf
2026-05-29 08:30:27,004 [INFO]   ✓ qid=50653 → output\30115\22503\50653.sgf
2026-05-29 08:30:27,004 [INFO]   Capítulo 22772 '第7课 死活-利用接不归'
2026-05-29 08:30:36,759 [INFO]   ✓ qid=50666 → output\30115\22772\50666.sgf
2026-05-29 08:30:41,623 [INFO]   ✓ qid=50667 → output\30115\22772\50667.sgf
2026-05-29 08:30:45,284 [INFO]   ✓ qid=50668 → output\30115\22772\50668.sgf
2026-05-29 08:30:49,389 [INFO]   ✓ qid=3738 → output\30115\22772\3738.sgf
2026-05-29 08:30:55,733 [INFO]   ✓ qid=50672 → output\30115\22772\50672.sgf
2026-05-29 08:31:02,216 [INFO]   ✓ qid=50673 → output\30115\22772\50673.sgf
2026-05-29 08:31:06,119 [INFO]   ✓ qid=50674 → output\30115\22772\50674.sgf
2026-05-29 08:31:12,323 [INFO]   ✓ qid=50675 → output\30115\22772\50675.sgf
2026-05-29 08:31:18,980 [INFO]   ✓ qid=50676 → output\30115\22772\50676.sgf
2026-05-29 08:31:23,872 [INFO]   ✓ qid=50677 → output\30115\22772\50677.sgf
2026-05-29 08:31:27,388 [INFO]   ✓ qid=50679 → output\30115\22772\50679.sgf
2026-05-29 08:31:33,565 [INFO]   ✓ qid=50680 → output\30115\22772\50680.sgf
2026-05-29 08:31:37,192 [INFO]   ✓ qid=50682 → output\30115\22772\50682.sgf
2026-05-29 08:31:42,211 [INFO]   ✓ qid=50683 → output\30115\22772\50683.sgf
2026-05-29 08:31:47,427 [INFO]   ✓ qid=50684 → output\30115\22772\50684.sgf
2026-05-29 08:31:47,427 [INFO]   Capítulo 22773 '第8课 死活-利用禁入点'
2026-05-29 08:31:57,227 [INFO]   ✓ qid=50690 → output\30115\22773\50690.sgf
2026-05-29 08:32:01,098 [INFO]   ✓ qid=50691 → output\30115\22773\50691.sgf
2026-05-29 08:32:08,097 [INFO]   ✓ qid=50692 → output\30115\22773\50692.sgf
2026-05-29 08:32:13,473 [INFO]   ✓ qid=50693 → output\30115\22773\50693.sgf
2026-05-29 08:32:19,600 [INFO]   ✓ qid=50694 → output\30115\22773\50694.sgf
2026-05-29 08:32:24,865 [INFO]   ✓ qid=50696 → output\30115\22773\50696.sgf
2026-05-29 08:32:30,423 [INFO]   ✓ qid=50697 → output\30115\22773\50697.sgf
2026-05-29 08:32:33,885 [INFO]   ✓ qid=50698 → output\30115\22773\50698.sgf
2026-05-29 08:32:39,430 [INFO]   ✓ qid=50699 → output\30115\22773\50699.sgf
2026-05-29 08:32:45,451 [INFO]   ✓ qid=50700 → output\30115\22773\50700.sgf
2026-05-29 08:32:52,606 [INFO]   ✓ qid=50701 → output\30115\22773\50701.sgf
2026-05-29 08:32:53,121 [ERROR] Future exception was never retrieved
future: <Future finished exception=TargetClosedError('Target page, context or browser has been closed')>
playwright._impl._errors.TargetClosedError: Target page, context or browser has been closed
2026-05-29 08:36:14,410 [INFO] Total libros en books.json: 1
2026-05-29 08:36:15,263 [INFO] Libro 30115 — https://www.101weiqi.com/book/30115/
2026-05-29 08:36:21,666 [INFO]   '寒假网课内容' — 20 capítulos
2026-05-29 08:36:32,227 [INFO]   Capítulo 21813 '第1课  对杀（1）基础对杀'
2026-05-29 08:36:43,571 [INFO]   ✓ qid=10864 → output\30115\21813\10864.sgf
2026-05-29 08:36:48,726 [INFO]   ✓ qid=11050 → output\30115\21813\11050.sgf
2026-05-29 08:36:52,270 [INFO]   ✓ qid=10714 → output\30115\21813\10714.sgf
2026-05-29 08:36:56,251 [INFO]   ✓ qid=50357 → output\30115\21813\50357.sgf
2026-05-29 08:36:59,554 [INFO]   ✓ qid=11128 → output\30115\21813\11128.sgf
2026-05-29 08:37:03,296 [INFO]   ✓ qid=43138 → output\30115\21813\43138.sgf
2026-05-29 08:37:07,795 [INFO]   ✓ qid=10612 → output\30115\21813\10612.sgf
2026-05-29 08:37:13,424 [INFO]   ✓ qid=11013 → output\30115\21813\11013.sgf
2026-05-29 08:37:18,834 [INFO]   ✓ qid=5611 → output\30115\21813\5611.sgf
2026-05-29 08:37:22,080 [INFO]   ✓ qid=10766 → output\30115\21813\10766.sgf
2026-05-29 08:37:22,081 [INFO]   Capítulo 21866 '第2课 对杀（2）有眼杀无眼'
2026-05-29 08:37:29,570 [INFO]   ✓ qid=10513 → output\30115\21866\10513.sgf
2026-05-29 08:37:34,634 [INFO]   ✓ qid=9287 → output\30115\21866\9287.sgf
2026-05-29 08:37:40,965 [INFO]   ✓ qid=7 → output\30115\21866\7.sgf
2026-05-29 08:37:44,877 [INFO]   ✓ qid=9203 → output\30115\21866\9203.sgf
2026-05-29 08:37:50,179 [INFO]   ✓ qid=11040 → output\30115\21866\11040.sgf
2026-05-29 08:37:56,515 [INFO]   ✓ qid=35 → output\30115\21866\35.sgf
2026-05-29 08:38:00,402 [INFO]   ✓ qid=10305 → output\30115\21866\10305.sgf
2026-05-29 08:38:04,831 [INFO]   ✓ qid=49338 → output\30115\21866\49338.sgf
2026-05-29 08:38:11,379 [INFO]   ✓ qid=22604 → output\30115\21866\22604.sgf
2026-05-29 08:38:16,683 [INFO]   ✓ qid=21 → output\30115\21866\21.sgf
2026-05-29 08:38:20,515 [INFO]   ✓ qid=20267 → output\30115\21866\20267.sgf
2026-05-29 08:38:24,209 [INFO]   ✓ qid=11027 → output\30115\21866\11027.sgf
2026-05-29 08:38:24,209 [INFO]   Capítulo 21867 '第3课 做眼和破眼'
2026-05-29 08:38:35,302 [INFO]   ✓ qid=48651 → output\30115\21867\48651.sgf
2026-05-29 08:38:39,653 [INFO]   ✓ qid=48640 → output\30115\21867\48640.sgf
2026-05-29 08:38:44,095 [INFO]   ✓ qid=50372 → output\30115\21867\50372.sgf
2026-05-29 08:38:48,149 [INFO]   ✓ qid=50373 → output\30115\21867\50373.sgf
2026-05-29 08:38:51,747 [INFO]   ✓ qid=48639 → output\30115\21867\48639.sgf
2026-05-29 08:38:57,633 [INFO]   ✓ qid=48642 → output\30115\21867\48642.sgf
2026-05-29 08:39:01,058 [INFO]   ✓ qid=48643 → output\30115\21867\48643.sgf
2026-05-29 08:39:05,875 [INFO]   ✓ qid=48644 → output\30115\21867\48644.sgf
2026-05-29 08:39:11,865 [INFO]   ✓ qid=48647 → output\30115\21867\48647.sgf
2026-05-29 08:39:17,144 [INFO]   ✓ qid=48648 → output\30115\21867\48648.sgf
2026-05-29 08:39:20,919 [INFO]   ✓ qid=50375 → output\30115\21867\50375.sgf
2026-05-29 08:39:25,231 [INFO]   ✓ qid=50376 → output\30115\21867\50376.sgf
2026-05-29 08:39:29,870 [INFO]   ✓ qid=50455 → output\30115\21867\50455.sgf
2026-05-29 08:39:34,451 [INFO]   ✓ qid=50380 → output\30115\21867\50380.sgf
2026-05-29 08:39:37,826 [INFO]   ✓ qid=50381 → output\30115\21867\50381.sgf
2026-05-29 08:39:37,826 [INFO]   Capítulo 22252 '第4课 眼形死活'
2026-05-29 08:39:46,344 [INFO]   ✓ qid=50457 → output\30115\22252\50457.sgf
2026-05-29 08:39:52,264 [INFO]   ✓ qid=21927 → output\30115\22252\21927.sgf
2026-05-29 08:39:56,842 [INFO]   ✓ qid=48767 → output\30115\22252\48767.sgf
2026-05-29 08:40:02,934 [INFO]   ✓ qid=50458 → output\30115\22252\50458.sgf
2026-05-29 08:40:06,773 [INFO]   ✓ qid=50459 → output\30115\22252\50459.sgf
2026-05-29 08:40:11,379 [INFO]   ✓ qid=50460 → output\30115\22252\50460.sgf
2026-05-29 08:40:14,720 [INFO]   ✓ qid=50461 → output\30115\22252\50461.sgf
2026-05-29 08:40:18,057 [INFO]   ✓ qid=50462 → output\30115\22252\50462.sgf
2026-05-29 08:40:22,838 [INFO]   ✓ qid=50463 → output\30115\22252\50463.sgf
2026-05-29 08:40:27,716 [INFO]   ✓ qid=50464 → output\30115\22252\50464.sgf
2026-05-29 08:40:31,553 [INFO]   ✓ qid=50465 → output\30115\22252\50465.sgf
2026-05-29 08:40:36,402 [INFO]   ✓ qid=50466 → output\30115\22252\50466.sgf
2026-05-29 08:40:36,402 [INFO]   Capítulo 22502 '第5课 死活-做眼急所'
2026-05-29 08:40:44,280 [INFO]   ✓ qid=50480 → output\30115\22502\50480.sgf
2026-05-29 08:40:48,040 [INFO]   ✓ qid=50481 → output\30115\22502\50481.sgf
2026-05-29 08:40:52,875 [INFO]   ✓ qid=50484 → output\30115\22502\50484.sgf
2026-05-29 08:40:57,524 [INFO]   ✓ qid=50485 → output\30115\22502\50485.sgf
2026-05-29 08:41:02,793 [INFO]   ✓ qid=50486 → output\30115\22502\50486.sgf
2026-05-29 08:41:08,391 [INFO]   ✓ qid=50487 → output\30115\22502\50487.sgf
2026-05-29 08:41:11,828 [INFO]   ✓ qid=50488 → output\30115\22502\50488.sgf
2026-05-29 08:41:15,008 [INFO]   ✓ qid=50492 → output\30115\22502\50492.sgf
2026-05-29 08:41:18,597 [INFO]   ✓ qid=50493 → output\30115\22502\50493.sgf
2026-05-29 08:41:24,174 [INFO]   ✓ qid=50496 → output\30115\22502\50496.sgf
2026-05-29 08:41:29,434 [INFO]   ✓ qid=50497 → output\30115\22502\50497.sgf
2026-05-29 08:41:33,998 [INFO]   ✓ qid=50498 → output\30115\22502\50498.sgf
2026-05-29 08:41:38,587 [INFO]   ✓ qid=50500 → output\30115\22502\50500.sgf
2026-05-29 08:41:43,112 [INFO]   ✓ qid=50502 → output\30115\22502\50502.sgf
2026-05-29 08:41:49,156 [INFO]   ✓ qid=50503 → output\30115\22502\50503.sgf
2026-05-29 08:41:49,157 [INFO]   Capítulo 22503 '第6课 死活-利用倒扑'
2026-05-29 08:42:00,702 [INFO]   ✓ qid=50504 → output\30115\22503\50504.sgf
2026-05-29 08:42:05,404 [INFO]   ✓ qid=50505 → output\30115\22503\50505.sgf
2026-05-29 08:42:09,042 [INFO]   ✓ qid=50508 → output\30115\22503\50508.sgf
2026-05-29 08:42:13,832 [INFO]   ✓ qid=50509 → output\30115\22503\50509.sgf
2026-05-29 08:42:19,841 [INFO]   ✓ qid=50510 → output\30115\22503\50510.sgf
2026-05-29 08:42:24,171 [INFO]   ✓ qid=50511 → output\30115\22503\50511.sgf
2026-05-29 08:42:28,502 [INFO]   ✓ qid=50512 → output\30115\22503\50512.sgf
2026-05-29 08:42:34,486 [INFO]   ✓ qid=50513 → output\30115\22503\50513.sgf
2026-05-29 08:42:38,373 [INFO]   ✓ qid=50644 → output\30115\22503\50644.sgf
2026-05-29 08:42:43,661 [INFO]   ✓ qid=50646 → output\30115\22503\50646.sgf
2026-05-29 08:42:48,725 [INFO]   ✓ qid=50647 → output\30115\22503\50647.sgf
2026-05-29 08:42:52,918 [INFO]   ✓ qid=50648 → output\30115\22503\50648.sgf
2026-05-29 08:42:57,756 [INFO]   ✓ qid=50649 → output\30115\22503\50649.sgf
2026-05-29 08:43:03,892 [INFO]   ✓ qid=50652 → output\30115\22503\50652.sgf
2026-05-29 08:43:10,213 [INFO]   ✓ qid=50653 → output\30115\22503\50653.sgf
2026-05-29 08:43:10,213 [INFO]   Capítulo 22772 '第7课 死活-利用接不归'
2026-05-29 08:43:18,068 [INFO]   ✓ qid=50666 → output\30115\22772\50666.sgf
2026-05-29 08:43:23,204 [INFO]   ✓ qid=50667 → output\30115\22772\50667.sgf
2026-05-29 08:43:29,114 [INFO]   ✓ qid=50668 → output\30115\22772\50668.sgf
2026-05-29 08:43:34,039 [INFO]   ✓ qid=3738 → output\30115\22772\3738.sgf
2026-05-29 08:43:38,153 [INFO]   ✓ qid=50672 → output\30115\22772\50672.sgf
2026-05-29 08:43:43,454 [INFO]   ✓ qid=50673 → output\30115\22772\50673.sgf
2026-05-29 08:43:47,272 [INFO]   ✓ qid=50674 → output\30115\22772\50674.sgf
2026-05-29 08:43:52,964 [INFO]   ✓ qid=50675 → output\30115\22772\50675.sgf
2026-05-29 08:46:57,901 [INFO] Total libros en books.json: 1
2026-05-29 08:46:59,058 [INFO] Libro 30115 — https://www.101weiqi.com/book/30115/
2026-05-29 08:47:03,058 [INFO]   '寒假网课内容' — 20 capítulos
2026-05-29 08:47:03,058 [INFO]   Capítulo 21813 '第1课  对杀（1）基础对杀'
2026-05-29 08:47:08,302 [INFO]   Capítulo 21866 '第2课 对杀（2）有眼杀无眼'
2026-05-29 08:47:10,845 [INFO]   Capítulo 21867 '第3课 做眼和破眼'
2026-05-29 08:47:15,970 [INFO]   Capítulo 22252 '第4课 眼形死活'
2026-05-29 08:47:20,535 [INFO]   Capítulo 22502 '第5课 死活-做眼急所'
2026-05-29 08:47:24,498 [INFO]   Capítulo 22503 '第6课 死活-利用倒扑'
2026-05-29 08:47:27,282 [INFO]   Capítulo 22772 '第7课 死活-利用接不归'
2026-05-29 08:47:37,776 [INFO]   ✓ qid=50676 → output\30115\22772\50676.sgf
2026-05-29 08:47:42,318 [INFO]   ✓ qid=50677 → output\30115\22772\50677.sgf
2026-05-29 08:47:48,217 [INFO]   ✓ qid=50679 → output\30115\22772\50679.sgf
2026-05-29 08:47:53,707 [INFO]   ✓ qid=50680 → output\30115\22772\50680.sgf
2026-05-29 08:47:59,081 [INFO]   ✓ qid=50682 → output\30115\22772\50682.sgf
2026-05-29 08:48:02,826 [INFO]   ✓ qid=50683 → output\30115\22772\50683.sgf
2026-05-29 08:48:07,458 [INFO]   ✓ qid=50684 → output\30115\22772\50684.sgf
2026-05-29 08:48:07,459 [INFO]   Capítulo 22773 '第8课 死活-利用禁入点'
2026-05-29 08:48:16,769 [INFO]   ✓ qid=50690 → output\30115\22773\50690.sgf
2026-05-29 08:48:21,804 [INFO]   ✓ qid=50691 → output\30115\22773\50691.sgf
2026-05-29 08:48:25,908 [INFO]   ✓ qid=50692 → output\30115\22773\50692.sgf
2026-05-29 08:48:31,775 [INFO]   ✓ qid=50693 → output\30115\22773\50693.sgf
2026-05-29 08:48:37,168 [INFO]   ✓ qid=50694 → output\30115\22773\50694.sgf
2026-05-29 08:48:41,171 [INFO]   ✓ qid=50696 → output\30115\22773\50696.sgf
2026-05-29 08:48:44,400 [INFO]   ✓ qid=50697 → output\30115\22773\50697.sgf
2026-05-29 08:48:48,820 [INFO]   ✓ qid=50698 → output\30115\22773\50698.sgf
2026-05-29 08:48:54,960 [INFO]   ✓ qid=50699 → output\30115\22773\50699.sgf
2026-05-29 08:48:59,475 [INFO]   ✓ qid=50700 → output\30115\22773\50700.sgf
2026-05-29 08:49:05,401 [INFO]   ✓ qid=50701 → output\30115\22773\50701.sgf
2026-05-29 08:49:09,271 [INFO]   ✓ qid=50702 → output\30115\22773\50702.sgf
2026-05-29 08:49:15,047 [INFO]   ✓ qid=50703 → output\30115\22773\50703.sgf
2026-05-29 08:49:19,722 [INFO]   ✓ qid=50704 → output\30115\22773\50704.sgf
2026-05-29 08:49:24,527 [INFO]   ✓ qid=50706 → output\30115\22773\50706.sgf
2026-05-29 08:49:24,528 [INFO]   Capítulo 23098 '第9课 死活-打劫'
2026-05-29 08:49:36,402 [INFO]   ✓ qid=50723 → output\30115\23098\50723.sgf
2026-05-29 08:49:42,703 [INFO]   ✓ qid=50724 → output\30115\23098\50724.sgf
2026-05-29 08:49:50,329 [INFO]   ✓ qid=50725 → output\30115\23098\50725.sgf
2026-05-29 08:49:56,577 [INFO]   ✓ qid=50726 → output\30115\23098\50726.sgf
2026-05-29 08:50:03,497 [INFO]   ✓ qid=50727 → output\30115\23098\50727.sgf
2026-05-29 08:50:09,724 [INFO]   ✓ qid=50728 → output\30115\23098\50728.sgf
2026-05-29 08:50:15,053 [INFO]   ✓ qid=50729 → output\30115\23098\50729.sgf
2026-05-29 08:50:21,324 [INFO]   ✓ qid=50730 → output\30115\23098\50730.sgf
2026-05-29 08:50:30,039 [INFO]   ✓ qid=50731 → output\30115\23098\50731.sgf
2026-05-29 08:50:34,714 [INFO]   ✓ qid=50734 → output\30115\23098\50734.sgf
2026-05-29 08:50:39,397 [INFO]   ✓ qid=44204 → output\30115\23098\44204.sgf
2026-05-29 08:50:44,042 [INFO]   ✓ qid=50735 → output\30115\23098\50735.sgf
2026-05-29 08:50:52,042 [INFO]   ✓ qid=50736 → output\30115\23098\50736.sgf
2026-05-29 08:50:59,083 [INFO]   ✓ qid=50738 → output\30115\23098\50738.sgf
2026-05-29 08:51:02,484 [INFO]   ✓ qid=50740 → output\30115\23098\50740.sgf
2026-05-29 08:51:02,485 [INFO]   Capítulo 23099 '第10课 死活-利用扑'
2026-05-29 08:51:13,753 [INFO]   ✓ qid=51024 → output\30115\23099\51024.sgf
2026-05-29 08:51:17,745 [INFO]   ✓ qid=44605 → output\30115\23099\44605.sgf
2026-05-29 08:51:21,387 [INFO]   ✓ qid=51025 → output\30115\23099\51025.sgf
2026-05-29 08:51:25,517 [INFO]   ✓ qid=51026 → output\30115\23099\51026.sgf
2026-05-29 08:51:33,769 [INFO]   ✓ qid=51027 → output\30115\23099\51027.sgf
2026-05-29 08:51:38,869 [INFO]   ✓ qid=51028 → output\30115\23099\51028.sgf
2026-05-29 08:51:44,576 [INFO]   ✓ qid=51029 → output\30115\23099\51029.sgf
2026-05-29 08:51:48,661 [INFO]   ✓ qid=51030 → output\30115\23099\51030.sgf
2026-05-29 08:51:52,231 [INFO]   ✓ qid=51031 → output\30115\23099\51031.sgf
2026-05-29 08:51:57,485 [INFO]   ✓ qid=51032 → output\30115\23099\51032.sgf
2026-05-29 08:52:01,276 [INFO]   ✓ qid=51033 → output\30115\23099\51033.sgf
2026-05-29 08:52:05,759 [INFO]   ✓ qid=51034 → output\30115\23099\51034.sgf
2026-05-29 08:52:10,338 [INFO]   ✓ qid=6565 → output\30115\23099\6565.sgf
2026-05-29 08:52:14,910 [INFO]   ✓ qid=51294 → output\30115\23099\51294.sgf
2026-05-29 08:52:19,511 [INFO]   ✓ qid=51296 → output\30115\23099\51296.sgf
2026-05-29 08:52:19,512 [INFO]   Capítulo 23427 '第11课 死活-双活'
2026-05-29 08:52:27,518 [INFO]   ✓ qid=51297 → output\30115\23427\51297.sgf
2026-05-29 08:52:32,626 [INFO]   ✓ qid=51298 → output\30115\23427\51298.sgf
2026-05-29 08:52:42,549 [INFO]   ✓ qid=51299 → output\30115\23427\51299.sgf
2026-05-29 08:52:48,628 [INFO]   ✓ qid=51300 → output\30115\23427\51300.sgf
2026-05-29 08:52:54,347 [INFO]   ✓ qid=51301 → output\30115\23427\51301.sgf
2026-05-29 08:52:58,061 [INFO]   ✓ qid=51302 → output\30115\23427\51302.sgf
2026-05-29 08:53:03,232 [INFO]   ✓ qid=51303 → output\30115\23427\51303.sgf
2026-05-29 08:53:09,106 [INFO]   ✓ qid=51304 → output\30115\23427\51304.sgf
2026-05-29 08:53:13,592 [INFO]   ✓ qid=51305 → output\30115\23427\51305.sgf
2026-05-29 08:53:19,586 [INFO]   ✓ qid=51306 → output\30115\23427\51306.sgf
2026-05-29 08:53:26,066 [INFO]   ✓ qid=51308 → output\30115\23427\51308.sgf
2026-05-29 08:53:31,651 [INFO]   ✓ qid=51309 → output\30115\23427\51309.sgf
2026-05-29 08:53:38,932 [INFO]   ✓ qid=51310 → output\30115\23427\51310.sgf
2026-05-29 08:53:44,224 [INFO]   ✓ qid=44072 → output\30115\23427\44072.sgf
2026-05-29 08:53:49,601 [INFO]   ✓ qid=51312 → output\30115\23427\51312.sgf
2026-05-29 08:53:49,602 [INFO]   Capítulo 23428 '第12课 做坏形'
2026-05-29 08:54:03,205 [INFO]   ✓ qid=43701 → output\30115\23428\43701.sgf
2026-05-29 08:54:09,761 [INFO]   ✓ qid=43702 → output\30115\23428\43702.sgf
2026-05-29 08:54:17,587 [INFO]   ✓ qid=43703 → output\30115\23428\43703.sgf
2026-05-29 08:54:22,561 [INFO]   ✓ qid=43705 → output\30115\23428\43705.sgf
2026-05-29 08:54:28,783 [INFO]   ✓ qid=43706 → output\30115\23428\43706.sgf
2026-05-29 08:54:35,259 [INFO]   ✓ qid=43707 → output\30115\23428\43707.sgf
2026-05-29 08:54:41,624 [INFO]   ✓ qid=43708 → output\30115\23428\43708.sgf
2026-05-29 08:54:46,469 [INFO]   ✓ qid=43709 → output\30115\23428\43709.sgf
2026-05-29 08:54:51,808 [INFO]   ✓ qid=43712 → output\30115\23428\43712.sgf
2026-05-29 08:54:57,082 [INFO]   ✓ qid=43713 → output\30115\23428\43713.sgf
2026-05-29 08:55:03,176 [INFO]   ✓ qid=43714 → output\30115\23428\43714.sgf
2026-05-29 08:55:10,585 [INFO]   ✓ qid=43715 → output\30115\23428\43715.sgf
2026-05-29 08:55:17,572 [INFO]   ✓ qid=43716 → output\30115\23428\43716.sgf
2026-05-29 08:55:24,139 [INFO]   ✓ qid=43717 → output\30115\23428\43717.sgf
2026-05-29 08:55:29,751 [INFO]   ✓ qid=43718 → output\30115\23428\43718.sgf
2026-05-29 08:55:35,641 [INFO]   ✓ qid=43719 → output\30115\23428\43719.sgf
2026-05-29 08:55:39,719 [INFO]   ✓ qid=43720 → output\30115\23428\43720.sgf
2026-05-29 08:55:45,439 [INFO]   ✓ qid=43722 → output\30115\23428\43722.sgf
2026-05-29 08:55:53,600 [INFO]   ✓ qid=43723 → output\30115\23428\43723.sgf
2026-05-29 08:56:00,466 [INFO]   ✓ qid=43724 → output\30115\23428\43724.sgf
2026-05-29 08:56:00,466 [INFO]   Capítulo 23776 '第13课 角是四死六活'
2026-05-29 08:56:11,440 [INFO]   ✓ qid=43748 → output\30115\23776\43748.sgf
2026-05-29 08:56:16,163 [INFO]   ✓ qid=43749 → output\30115\23776\43749.sgf
2026-05-29 08:56:21,928 [INFO]   ✓ qid=43750 → output\30115\23776\43750.sgf
2026-05-29 08:56:27,425 [INFO]   ✓ qid=43751 → output\30115\23776\43751.sgf
2026-05-29 08:56:33,435 [INFO]   ✓ qid=20083 → output\30115\23776\20083.sgf
2026-05-29 08:56:37,872 [INFO]   ✓ qid=43752 → output\30115\23776\43752.sgf
2026-05-29 08:56:42,619 [INFO]   ✓ qid=43753 → output\30115\23776\43753.sgf
2026-05-29 08:56:47,327 [INFO]   ✓ qid=26110 → output\30115\23776\26110.sgf
2026-05-29 08:56:54,338 [INFO]   ✓ qid=43754 → output\30115\23776\43754.sgf
2026-05-29 08:56:59,579 [INFO]   ✓ qid=43755 → output\30115\23776\43755.sgf
2026-05-29 08:57:05,689 [INFO]   ✓ qid=43756 → output\30115\23776\43756.sgf
2026-05-29 08:57:10,426 [INFO]   ✓ qid=43757 → output\30115\23776\43757.sgf
2026-05-29 08:57:10,427 [INFO]   Capítulo 23775 '第14课 边是六死八活'
2026-05-29 08:57:22,011 [INFO]   ✓ qid=43766 → output\30115\23775\43766.sgf
2026-05-29 08:57:26,519 [INFO]   ✓ qid=43767 → output\30115\23775\43767.sgf
2026-05-29 08:57:31,796 [INFO]   ✓ qid=43768 → output\30115\23775\43768.sgf
2026-05-29 08:57:37,208 [INFO]   ✓ qid=43769 → output\30115\23775\43769.sgf
2026-05-29 08:57:42,441 [INFO]   ✓ qid=43770 → output\30115\23775\43770.sgf
2026-05-29 08:57:51,137 [INFO]   ✓ qid=25909 → output\30115\23775\25909.sgf
2026-05-29 08:57:54,759 [INFO]   ✓ qid=43771 → output\30115\23775\43771.sgf
2026-05-29 08:57:58,827 [INFO]   ✓ qid=43772 → output\30115\23775\43772.sgf
2026-05-29 08:58:06,089 [INFO]   ✓ qid=43773 → output\30115\23775\43773.sgf
2026-05-29 08:58:10,590 [INFO]   ✓ qid=43774 → output\30115\23775\43774.sgf
2026-05-29 08:58:16,535 [INFO]   ✓ qid=43775 → output\30115\23775\43775.sgf
2026-05-29 08:58:21,585 [INFO]   ✓ qid=43776 → output\30115\23775\43776.sgf
2026-05-29 08:58:21,585 [INFO]   Capítulo 24311 '第15课 取舍（1）'
2026-05-29 08:58:31,317 [INFO]   ✓ qid=157213 → output\30115\24311\157213.sgf
2026-05-29 08:58:36,525 [INFO]   ✓ qid=157214 → output\30115\24311\157214.sgf
2026-05-29 08:58:40,438 [INFO]   ✓ qid=157215 → output\30115\24311\157215.sgf
2026-05-29 08:58:46,506 [INFO]   ✓ qid=157217 → output\30115\24311\157217.sgf
2026-05-29 08:58:51,400 [INFO]   ✓ qid=157218 → output\30115\24311\157218.sgf
2026-05-29 08:58:55,244 [INFO]   ✓ qid=157219 → output\30115\24311\157219.sgf
2026-05-29 08:58:58,799 [INFO]   ✓ qid=157220 → output\30115\24311\157220.sgf
2026-05-29 08:59:06,244 [INFO]   ✓ qid=157221 → output\30115\24311\157221.sgf
2026-05-29 08:59:11,514 [INFO]   ✓ qid=157222 → output\30115\24311\157222.sgf
2026-05-29 08:59:17,159 [INFO]   ✓ qid=157223 → output\30115\24311\157223.sgf
2026-05-29 08:59:23,895 [INFO]   ✓ qid=157224 → output\30115\24311\157224.sgf
2026-05-29 08:59:30,649 [INFO]   ✓ qid=157225 → output\30115\24311\157225.sgf
2026-05-29 08:59:35,331 [INFO]   ✓ qid=157227 → output\30115\24311\157227.sgf
2026-05-29 08:59:40,150 [INFO]   ✓ qid=157230 → output\30115\24311\157230.sgf
2026-05-29 08:59:45,312 [INFO]   ✓ qid=157231 → output\30115\24311\157231.sgf
2026-05-29 08:59:50,215 [INFO]   ✓ qid=157232 → output\30115\24311\157232.sgf
2026-05-29 08:59:50,215 [INFO]   Capítulo 24310 '第16课 取舍（2）'
2026-05-29 08:59:58,975 [INFO]   ✓ qid=157233 → output\30115\24310\157233.sgf
2026-05-29 09:00:02,385 [INFO]   ✓ qid=157234 → output\30115\24310\157234.sgf
2026-05-29 09:00:06,630 [INFO]   ✓ qid=157236 → output\30115\24310\157236.sgf
2026-05-29 09:00:12,719 [INFO]   ✓ qid=157237 → output\30115\24310\157237.sgf
2026-05-29 09:00:19,873 [INFO]   ✓ qid=157238 → output\30115\24310\157238.sgf
2026-05-29 09:00:25,016 [INFO]   ✓ qid=157239 → output\30115\24310\157239.sgf
2026-05-29 09:00:31,205 [INFO]   ✓ qid=157240 → output\30115\24310\157240.sgf
2026-05-29 09:00:37,457 [INFO]   ✓ qid=157241 → output\30115\24310\157241.sgf
2026-05-29 09:00:42,416 [INFO]   ✓ qid=157242 → output\30115\24310\157242.sgf
2026-05-29 09:00:46,452 [INFO]   ✓ qid=157243 → output\30115\24310\157243.sgf
2026-05-29 09:00:51,406 [INFO]   ✓ qid=157244 → output\30115\24310\157244.sgf
2026-05-29 09:00:57,508 [INFO]   ✓ qid=157246 → output\30115\24310\157246.sgf
2026-05-29 09:01:02,740 [INFO]   ✓ qid=157247 → output\30115\24310\157247.sgf
2026-05-29 09:01:07,279 [INFO]   ✓ qid=157248 → output\30115\24310\157248.sgf
2026-05-29 09:01:07,279 [INFO]   Capítulo 24666 '第17课 棋形（1）'
2026-05-29 09:01:19,476 [INFO]   ✓ qid=157955 → output\30115\24666\157955.sgf
2026-05-29 09:01:22,820 [INFO]   ✓ qid=157957 → output\30115\24666\157957.sgf
2026-05-29 09:01:27,199 [INFO]   ✓ qid=157958 → output\30115\24666\157958.sgf
2026-05-29 09:01:32,803 [INFO]   ✓ qid=157959 → output\30115\24666\157959.sgf
2026-05-29 09:01:37,960 [INFO]   ✓ qid=157960 → output\30115\24666\157960.sgf
2026-05-29 09:01:41,632 [INFO]   ✓ qid=157961 → output\30115\24666\157961.sgf
2026-05-29 09:01:47,333 [INFO]   ✓ qid=157962 → output\30115\24666\157962.sgf
2026-05-29 09:01:52,044 [INFO]   ✓ qid=157963 → output\30115\24666\157963.sgf
2026-05-29 09:01:56,023 [INFO]   ✓ qid=157964 → output\30115\24666\157964.sgf
2026-05-29 09:02:01,188 [INFO]   ✓ qid=157965 → output\30115\24666\157965.sgf
2026-05-29 09:02:05,903 [INFO]   ✓ qid=157966 → output\30115\24666\157966.sgf
2026-05-29 09:02:09,536 [INFO]   ✓ qid=157967 → output\30115\24666\157967.sgf
2026-05-29 09:02:14,100 [INFO]   ✓ qid=157968 → output\30115\24666\157968.sgf
2026-05-29 09:02:19,182 [INFO]   ✓ qid=157969 → output\30115\24666\157969.sgf
2026-05-29 09:02:22,295 [INFO]   ✓ qid=157970 → output\30115\24666\157970.sgf
2026-05-29 09:02:26,824 [INFO]   ✓ qid=157971 → output\30115\24666\157971.sgf
2026-05-29 09:02:26,825 [INFO]   Capítulo 24667 '第18课 棋形（2）'
2026-05-29 09:02:35,173 [INFO]   ✓ qid=157972 → output\30115\24667\157972.sgf
2026-05-29 09:02:40,953 [INFO]   ✓ qid=157973 → output\30115\24667\157973.sgf
2026-05-29 09:02:46,780 [INFO]   ✓ qid=157992 → output\30115\24667\157992.sgf
2026-05-29 09:02:52,138 [INFO]   ✓ qid=157993 → output\30115\24667\157993.sgf
2026-05-29 09:02:57,421 [INFO]   ✓ qid=157994 → output\30115\24667\157994.sgf
2026-05-29 09:03:02,740 [INFO]   ✓ qid=157995 → output\30115\24667\157995.sgf
2026-05-29 09:03:05,882 [INFO]   ✓ qid=157996 → output\30115\24667\157996.sgf
2026-05-29 09:03:11,516 [INFO]   ✓ qid=157997 → output\30115\24667\157997.sgf
2026-05-29 09:03:18,388 [INFO]   ✓ qid=73664 → output\30115\24667\73664.sgf
2026-05-29 09:03:24,539 [INFO]   ✓ qid=158025 → output\30115\24667\158025.sgf
2026-05-29 09:03:30,623 [INFO]   ✓ qid=158026 → output\30115\24667\158026.sgf
2026-05-29 09:03:36,173 [INFO]   ✓ qid=158027 → output\30115\24667\158027.sgf
2026-05-29 09:03:41,985 [INFO]   ✓ qid=158028 → output\30115\24667\158028.sgf
2026-05-29 09:03:48,823 [INFO]   ✓ qid=158029 → output\30115\24667\158029.sgf
2026-05-29 09:03:48,823 [INFO]   Capítulo 25018 '第19课 先手（1）'
2026-05-29 09:04:02,106 [INFO]   ✓ qid=157861 → output\30115\25018\157861.sgf
2026-05-29 09:04:06,672 [INFO]   ✓ qid=157863 → output\30115\25018\157863.sgf
2026-05-29 09:04:12,680 [INFO]   ✓ qid=157867 → output\30115\25018\157867.sgf
2026-05-29 09:04:20,377 [INFO]   ✓ qid=157870 → output\30115\25018\157870.sgf
2026-05-29 09:04:27,335 [INFO]   ✓ qid=157872 → output\30115\25018\157872.sgf
2026-05-29 09:04:30,681 [INFO]   ✓ qid=157875 → output\30115\25018\157875.sgf
2026-05-29 09:04:35,552 [INFO]   ✓ qid=157900 → output\30115\25018\157900.sgf
2026-05-29 09:04:40,901 [INFO]   ✓ qid=157901 → output\30115\25018\157901.sgf
2026-05-29 09:04:45,733 [INFO]   ✓ qid=157902 → output\30115\25018\157902.sgf
2026-05-29 09:04:50,414 [INFO]   ✓ qid=157903 → output\30115\25018\157903.sgf
2026-05-29 09:04:54,454 [INFO]   ✓ qid=157904 → output\30115\25018\157904.sgf
2026-05-29 09:04:59,703 [INFO]   ✓ qid=157906 → output\30115\25018\157906.sgf
2026-05-29 09:05:06,454 [INFO]   ✓ qid=157907 → output\30115\25018\157907.sgf
2026-05-29 09:05:10,493 [INFO]   ✓ qid=157908 → output\30115\25018\157908.sgf
2026-05-29 09:05:16,816 [INFO]   ✓ qid=157909 → output\30115\25018\157909.sgf
2026-05-29 09:05:16,817 [INFO]   Capítulo 25019 '第20课 先手（2）'
2026-05-29 09:05:26,886 [INFO]   ✓ qid=157911 → output\30115\25019\157911.sgf
2026-05-29 09:05:32,665 [INFO]   ✓ qid=157912 → output\30115\25019\157912.sgf
2026-05-29 09:05:37,640 [INFO]   ✓ qid=157913 → output\30115\25019\157913.sgf
2026-05-29 09:05:43,033 [INFO]   ✓ qid=157914 → output\30115\25019\157914.sgf
2026-05-29 09:05:48,819 [INFO]   ✓ qid=157915 → output\30115\25019\157915.sgf
2026-05-29 09:05:54,505 [INFO]   ✓ qid=157916 → output\30115\25019\157916.sgf
2026-05-29 09:05:58,441 [INFO]   ✓ qid=157917 → output\30115\25019\157917.sgf
2026-05-29 09:06:04,742 [INFO]   ✓ qid=157918 → output\30115\25019\157918.sgf
2026-05-29 09:06:09,750 [INFO]   ✓ qid=157919 → output\30115\25019\157919.sgf
2026-05-29 09:06:17,358 [INFO]   ✓ qid=157920 → output\30115\25019\157920.sgf
2026-05-29 09:06:22,648 [INFO]   ✓ qid=157921 → output\30115\25019\157921.sgf
2026-05-29 09:06:29,041 [INFO]   ✓ qid=157924 → output\30115\25019\157924.sgf
2026-05-29 09:06:35,224 [INFO]   ✓ qid=157925 → output\30115\25019\157925.sgf
2026-05-29 09:06:38,320 [INFO]   ✓ qid=157928 → output\30115\25019\157928.sgf
2026-05-29 09:06:45,569 [INFO]   ✓ qid=157929 → output\30115\25019\157929.sgf
2026-05-29 09:06:45,569 [INFO]   Libro 30115 completado: 288 OK, 0 fallidos
2026-05-29 09:06:45,645 [INFO] Finalizado. Libros accesibles: 1, sin acceso/error: 0
