2026-10-06 17:00:30,904 WARNING No existe: lesson.json
2026-10-06 17:00:30,905 ERROR No se encontro ningun curso con vimeo-ids.
2026-10-06 17:01:39,546 INFO lessons.json: 452 curso(s)
2026-10-06 17:01:39,549 INFO == Curso: How to Escape? How?  -> How to Escape_ How_  (3 videos)
2026-10-06 17:01:39,549 INFO [1/3] 893284210 (audio)
2026-10-06 17:01:52,231 INFO [2/3] 893285403 (audio)
2026-10-06 17:02:09,048 INFO [3/3] 893286382 (audio)
2026-10-06 17:02:23,960 INFO == Curso: Winning Way In The Most Important Moment  -> Winning Way In The Most Important Moment  (6 videos)
2026-10-06 17:02:23,961 INFO [1/6] 749549754 (audio)
2026-10-06 17:02:34,519 INFO [2/6] 749556741 (audio)
2026-10-06 17:03:22,054 INFO [3/6] 749560073 (audio)
2026-10-06 17:03:54,319 INFO [4/6] 749553098 (audio)
2026-10-06 17:04:02,733 INFO [5/6] 749549411 (audio)
2026-10-06 17:04:10,951 INFO [6/6] 749549321 (audio)
2026-10-06 17:04:17,834 INFO == Curso: Which way?  -> Which way_  (5 videos)
2026-10-06 17:04:17,836 INFO [1/5] 936885646 (audio)
2026-10-06 17:04:30,961 INFO [2/5] 936885967 (audio)
2026-10-06 17:04:41,799 INFO [3/5] 936886347 (audio)
2026-10-06 17:04:59,910 INFO [4/5] 936886735 (audio)
2026-10-06 17:05:15,164 INFO [5/5] 936885550 (audio)
2026-10-06 17:05:28,222 INFO == Curso: Beginner Course 3 Forbidden Place  -> Beginner Course 3 Forbidden Place  (3 videos)
2026-10-06 17:05:28,223 INFO [1/3] 685134987 (audio)
2026-10-06 17:05:57,319 INFO [2/3] 685135902 (audio)
2026-10-06 17:06:38,468 INFO [3/3] 685134226 (audio)
2026-10-06 17:06:55,046 INFO == Curso: Reduction Skill & Timing  -> Reduction Skill & Timing  (3 videos)
2026-10-06 17:06:55,047 INFO [1/3] 807224090 (audio)
2026-10-06 17:07:27,679 INFO [2/3] 807224578 (audio)
2026-10-06 17:07:49,920 INFO [3/3] 807225098 (audio)
2026-10-06 17:08:08,075 INFO == Curso: How to Defense 3-3 Invasion?  -> How to Defense 3-3 Invasion_  (3 videos)
2026-10-06 17:08:08,077 INFO [1/3] 910013947 (audio)
2026-10-06 17:08:38,214 INFO [2/3] 910015338 (audio)
2026-10-06 17:09:09,536 INFO [3/3] 910012089 (audio)
2026-10-06 17:09:19,304 INFO == Curso: The upper attachment  -> The upper attachment  (5 videos)
2026-10-06 17:09:19,305 INFO [1/5] 1144114171 (audio)
2026-10-06 17:09:44,435 INFO [2/5] 1144114710 (audio)
2026-10-06 17:10:07,013 INFO [3/5] 1144112710 (audio)
2026-10-06 17:10:18,514 INFO [4/5] 1144112379 (audio)
2026-10-06 17:10:26,820 INFO [5/5] 1144113396 (audio)
2026-10-06 17:10:55,011 INFO == Curso: New course  -> New course  (3 videos)
2026-10-06 17:10:55,012 INFO [1/3] 1072152550 (audio)
2026-10-06 17:11:03,735 INFO [2/3] 1072153110 (audio)
2026-10-06 17:11:13,665 INFO [3/3] 1072151955 (audio)
2026-10-06 17:11:26,100 INFO == Curso: Beginner Course 4 Ko Rule  -> Beginner Course 4 Ko Rule  (7 videos)
2026-10-06 17:11:26,101 INFO [1/7] 686651003 (audio)
2026-10-06 17:11:52,980 INFO [2/7] 686704658 (audio)
2026-10-06 17:12:33,586 INFO [3/7] 686647016 (audio)
2026-10-06 17:12:40,681 INFO [4/7] 686646786 (audio)
2026-10-06 17:12:58,130 INFO [5/7] 686648921 (audio)
2026-10-06 17:13:25,364 INFO [6/7] 686646932 (audio)
2026-10-06 17:13:35,646 INFO [7/7] 686646524 (audio)
2026-10-06 17:13:44,809 INFO == Curso: Reduce Territory  -> Reduce Territory  (5 videos)
2026-10-06 17:13:44,811 INFO [1/5] 1099221923 (audio)
2026-10-06 17:13:53,991 INFO [2/5] 1099222589 (audio)
2026-10-06 17:14:19,560 INFO [3/5] 1099223049 (audio)
2026-10-06 17:14:40,660 INFO [4/5] 1099221826 (audio)
2026-10-06 17:14:52,276 INFO [5/5] 1099221548 (audio)
2026-10-06 17:15:00,959 INFO == Curso: Fighting Skills -  Catch After Threat  -> Fighting Skills - Catch After Threat  (12 videos)
2026-10-06 17:15:00,961 INFO [1/12] 575290242 (audio)
2026-10-06 17:15:10,309 INFO [2/12] 575292747 (audio)
2026-10-06 17:15:40,626 INFO [3/12] 575294285 (audio)
2026-10-06 17:15:58,321 INFO [4/12] 575296463 (audio)
2026-10-06 17:16:24,222 INFO [5/12] 575288567 (audio)
2026-10-06 17:16:31,894 INFO [6/12] 575292967 (audio)
2026-10-06 17:16:39,296 INFO [7/12] 575289844 (audio)
2026-10-06 17:16:48,352 INFO [8/12] 575294554 (audio)
2026-10-06 17:16:55,430 INFO [9/12] 575289031 (audio)
2026-10-06 17:17:06,292 INFO [10/12] 575289504 (audio)
2026-10-06 17:17:14,005 INFO [11/12] 575290875 (audio)
2026-10-06 17:17:21,212 INFO [12/12] 575288098 (audio)
2026-10-06 17:17:31,197 INFO == Curso: Is This Invasion Or Reduction? - Attach! If you don't know..  -> Is This Invasion Or Reduction_ - Attach! If you don't know  (28 videos)
2026-10-06 17:17:31,198 INFO [1/28] 589240396 (audio)
2026-10-06 17:17:41,254 INFO [2/28] 589245708 (audio)
2026-10-06 17:18:11,957 INFO [3/28] 589248095 (audio)
2026-10-06 17:18:34,824 INFO [4/28] 589251889 (audio)
2026-10-06 17:19:04,315 INFO [5/28] 589254501 (audio)
2026-10-06 17:19:32,346 INFO [6/28] 589236840 (audio)
2026-10-06 17:19:41,827 INFO [7/28] 589239899 (audio)
2026-10-06 17:19:52,709 INFO [8/28] 589238085 (audio)
2026-10-06 17:20:01,580 INFO [9/28] 589249219 (audio)
2026-10-06 17:20:21,753 INFO [10/28] 589235086 (audio)
2026-10-06 17:20:32,470 INFO [11/28] 589239638 (audio)
2026-10-06 17:20:40,526 INFO [12/28] 589241652 (audio)
2026-10-06 17:20:48,619 INFO [13/28] 589238601 (audio)
2026-10-06 17:21:03,090 INFO [14/28] 589235724 (audio)
2026-10-06 17:21:13,104 INFO [15/28] 589240071 (audio)
2026-10-06 17:21:21,604 INFO [16/28] 589242777 (audio)
2026-10-06 17:21:29,597 INFO [17/28] 589242583 (audio)
2026-10-06 17:21:38,613 INFO [18/28] 589238401 (audio)
2026-10-06 17:21:50,271 INFO [19/28] 589235316 (audio)
2026-10-06 17:21:59,474 INFO [20/28] 589239971 (audio)
2026-10-06 17:22:07,723 INFO [21/28] 589236164 (audio)
2026-10-06 17:22:17,864 INFO [22/28] 589237274 (audio)
2026-10-06 17:22:31,604 INFO [23/28] 589250099 (audio)
2026-10-06 17:22:43,227 INFO [24/28] 589238028 (audio)
2026-10-06 17:22:51,203 INFO [25/28] 589241374 (audio)
2026-10-06 17:23:01,895 INFO [26/28] 589237917 (audio)
2026-10-06 17:23:14,729 INFO [27/28] 589237943 (audio)
2026-10-06 17:23:22,188 INFO [28/28] 589242984 (audio)
2026-10-06 17:23:31,816 INFO == Curso: Important stones vs Useless stones  -> Important stones vs Useless stones  (4 videos)
2026-10-06 17:23:31,817 INFO [1/4] 545959984 (audio)
2026-10-06 17:24:29,641 INFO [2/4] 545959981 (audio)
2026-10-06 17:25:30,424 INFO [3/4] 545959983 (audio)
2026-10-06 17:26:16,061 INFO [4/4] 545959982 (audio)
2026-10-06 17:27:18,006 INFO == Curso: Punishment  -> Punishment  (11 videos)
2026-10-06 17:27:18,007 INFO [1/11] 906212721 (audio)
2026-10-06 17:27:28,044 INFO [2/11] 906581128 (audio)
2026-10-06 17:27:51,199 INFO [3/11] 906582139 (audio)
2026-10-06 17:28:17,756 INFO [4/11] 906208711 (audio)
2026-10-06 17:28:26,823 INFO [5/11] 906208251 (audio)
2026-10-06 17:28:36,295 INFO [6/11] 906211657 (audio)
2026-10-06 17:28:44,487 INFO [7/11] 906214987 (audio)
2026-10-06 17:29:10,080 INFO [8/11] 906208855 (audio)
2026-10-06 17:29:18,279 INFO [9/11] 906211910 (audio)
2026-10-06 17:29:28,709 INFO [10/11] 906211426 (audio)
2026-10-06 17:29:39,257 INFO [11/11] 906212347 (audio)
2026-10-06 17:29:49,368 INFO == Curso: Alumni meet at the Final   -> Alumni meet at the Final  (6 videos)
2026-10-06 17:29:49,369 INFO [1/6] 803849426 (audio)
2026-10-06 17:30:01,947 INFO [2/6] 803855409 (audio)
2026-10-06 17:30:50,738 INFO [3/6] 803861849 (audio)
2026-10-06 17:31:57,954 INFO [4/6] 803851891 (audio)
2026-10-06 17:32:18,876 INFO [5/6] 803848905 (audio)
2026-10-06 17:32:28,293 INFO [6/6] 803848586 (audio)
2026-10-06 17:32:42,166 INFO == Curso: My Typical Mistakes 3  -> My Typical Mistakes 3  (14 videos)
2026-10-06 17:32:42,167 INFO [1/14] 743726802 (audio)
2026-10-06 17:32:51,006 INFO [2/14] 743729067 (audio)
2026-10-06 17:33:11,607 INFO [3/14] 743730200 (audio)
2026-10-06 17:33:42,579 INFO [4/14] 743732737 (audio)
2026-10-06 17:34:04,991 INFO [5/14] 743727420 (audio)
2026-10-06 17:34:14,526 INFO [6/14] 743731521 (audio)
2026-10-06 17:34:41,010 INFO [7/14] 743731603 (audio)
2026-10-06 17:34:48,799 INFO [8/14] 743727064 (audio)
2026-10-06 17:34:56,458 INFO [9/14] 743726598 (audio)
2026-10-06 17:35:03,738 INFO [10/14] 743727965 (audio)
2026-10-06 17:35:18,137 INFO [11/14] 743726465 (audio)
2026-10-06 17:35:27,045 INFO [12/14] 743730463 (audio)
2026-10-06 17:35:34,832 INFO [13/14] 743728029 (audio)
2026-10-06 17:35:42,072 INFO [14/14] 743727228 (audio)
2026-10-06 17:35:50,741 INFO == Curso: LG CUP FINAL REVIEW 4 BIG DRAGON FIGHTING  -> LG CUP FINAL REVIEW 4 BIG DRAGON FIGHTING  (12 videos)
2026-10-06 17:35:50,742 INFO [1/12] 678027162 (audio)
2026-10-06 17:36:01,196 INFO [2/12] 678030294 (audio)
2026-10-06 17:36:08,789 WARNING 678030294 [audio] intento 1/3 fallo: ERROR: unable to download video data: HTTP Error 503: Backend unavailable, connection timeout
2026-10-06 17:36:29,409 INFO [3/12] 678032518 (audio)
2026-10-06 17:37:07,376 INFO [4/12] 678036249 (audio)
2026-10-06 17:37:49,181 INFO [5/12] 678028710 (audio)
2026-10-06 17:38:15,036 INFO [6/12] 678026383 (audio)
2026-10-06 17:38:25,931 INFO [7/12] 678025905 (audio)
2026-10-06 17:38:34,624 INFO [8/12] 678025789 (audio)
2026-10-06 17:38:41,537 INFO [9/12] 678033138 (audio)
2026-10-06 17:38:56,934 INFO [10/12] 678032527 (audio)
2026-10-06 17:39:04,205 INFO [11/12] 678028811 (audio)
2026-10-06 17:39:11,800 INFO [12/12] 678026151 (audio)
2026-10-06 17:39:20,199 INFO == Curso: Mastering Connections Can Make You Stronger  -> Mastering Connections Can Make You Stronger  (2 videos)
2026-10-06 17:39:20,200 INFO [1/2] 1083531052 (audio)
2026-10-06 17:39:48,983 INFO [2/2] 1083533543 (audio)
2026-10-06 17:40:12,275 INFO == Curso: Unforgettable Mistake  -> Unforgettable Mistake  (5 videos)
2026-10-06 17:40:12,276 INFO [1/5] 951801559 (audio)
2026-10-06 17:40:23,446 INFO [2/5] 951802228 (audio)
2026-10-06 17:40:41,096 INFO [3/5] 951802656 (audio)
2026-10-06 17:40:56,009 INFO [4/5] 951798959 (audio)
2026-10-06 17:41:04,198 INFO [5/5] 951801242 (audio)
2026-10-06 17:41:12,877 INFO == Curso: What is this move?  -> What is this move_  (7 videos)
2026-10-06 17:41:12,879 INFO [1/7] 820930958 (audio)
2026-10-06 17:41:26,000 INFO [2/7] 820932237 (audio)
2026-10-06 17:41:46,321 INFO [3/7] 820933729 (audio)
2026-10-06 17:42:04,780 INFO [4/7] 820936703 (audio)
2026-10-06 17:42:33,295 INFO [5/7] 820938896 (audio)
2026-10-06 17:42:51,215 INFO [6/7] 820940004 (audio)
2026-10-06 17:43:09,332 INFO [7/7] 820930347 (audio)
2026-10-06 17:43:24,874 INFO == Curso: Potential Judgement Between Corner & Side  -> Potential Judgement Between Corner & Side  (3 videos)
2026-10-06 17:43:24,876 INFO [1/3] 1062014199 (audio)
2026-10-06 17:43:50,962 INFO [2/3] 1062016301 (audio)
2026-10-06 17:44:24,203 INFO [3/3] 1062012810 (audio)
2026-10-06 17:44:32,258 INFO == Curso: "Let's master the one-space pincer!" 2  -> _Let's master the one-space pincer!_ 2  (4 videos)
2026-10-06 17:44:32,259 INFO [1/4] 1087519010 (audio)
2026-10-06 17:44:40,531 INFO [2/4] 1087519247 (audio)
2026-10-06 17:44:52,064 INFO [3/4] 1087520439 (audio)
2026-10-06 17:45:27,047 INFO [4/4] 1087518901 (audio)
2026-10-06 17:45:35,947 INFO == Curso: How To Punish Thin Shapes In Go  -> How To Punish Thin Shapes In Go  (2 videos)
2026-10-06 17:45:35,948 INFO [1/2] 1142392286 (audio)
2026-10-06 17:46:12,091 INFO [2/2] 1142394852 (audio)
2026-10-06 17:46:44,441 INFO == Curso: Let`s study End game-2  -> Let`s study End game-2  (7 videos)
2026-10-06 17:46:44,441 INFO [1/7] 1190455047 (audio)
2026-10-06 17:46:53,820 INFO [2/7] 1190458147 (audio)
2026-10-06 17:47:35,109 INFO [3/7] 1190452779 (audio)
2026-10-06 17:47:43,261 INFO [4/7] 1190454752 (audio)
2026-10-06 17:47:52,464 INFO [5/7] 1190455266 (audio)
2026-10-06 17:47:59,280 WARNING 1190455266 [audio] intento 1/3 fallo: ERROR: [vimeo] 1190455266: Unable to download webpage: HTTP Error 503: Service Unavailable (caused by <HTTPError 503: Service Unavailable>)
2026-10-06 17:48:10,386 INFO [6/7] 1190453023 (audio)
2026-10-06 17:48:20,783 INFO [7/7] 1190455518 (audio)
2026-10-06 17:48:29,637 INFO == Curso: Corner & Side's Secret Rule - Side 6/8   -> Corner & Side's Secret Rule - Side 6_8  (12 videos)
2026-10-06 17:48:29,638 INFO [1/12] 587114978 (audio)
2026-10-06 17:48:48,243 INFO [2/12] 587116318 (audio)
2026-10-06 17:49:14,067 INFO [3/12] 587117500 (audio)
2026-10-06 17:49:35,891 INFO [4/12] 587114157 (audio)
2026-10-06 17:49:43,748 INFO [5/12] 587113764 (audio)
2026-10-06 17:49:51,177 INFO [6/12] 587113479 (audio)
2026-10-06 17:49:59,517 INFO [7/12] 587113927 (audio)
2026-10-06 17:50:09,161 INFO [8/12] 587113662 (audio)
2026-10-06 17:50:18,324 INFO [9/12] 587114278 (audio)
2026-10-06 17:50:26,634 INFO [10/12] 587114072 (audio)
2026-10-06 17:50:35,936 INFO [11/12] 587113360 (audio)
2026-10-06 17:50:44,292 INFO [12/12] 587113724 (audio)
2026-10-06 17:50:51,805 INFO == Curso: Test  -> Test  (1 videos)
2026-10-06 17:50:51,806 INFO [1/1] 905192838 (audio)
2026-10-06 17:51:00,112 INFO == Curso: Nongsim cup legendary match Lee-ChangHo vs Wangsi   -> Nongsim cup legendary match Lee-ChangHo vs Wangsi  (20 videos)
2026-10-06 17:51:00,113 INFO [1/20] 800047916 (audio)
2026-10-06 17:51:12,032 INFO [2/20] 800048634 (audio)
2026-10-06 17:51:42,751 INFO [3/20] 800050165 (audio)
2026-10-06 17:54:10,730 INFO [4/20] 800047957 (audio)
2026-10-06 17:54:18,038 INFO [5/20] 800047274 (audio)
2026-10-06 17:54:25,201 INFO [6/20] 800047789 (audio)
2026-10-06 17:54:34,138 INFO [7/20] 800047297 (audio)
2026-10-06 17:54:41,466 INFO [8/20] 800047475 (audio)
2026-10-06 17:54:48,682 INFO [9/20] 800047184 (audio)
2026-10-06 17:54:55,913 INFO [10/20] 800047567 (audio)
2026-10-06 17:55:04,414 INFO [11/20] 800047168 (audio)
2026-10-06 17:55:12,078 INFO [12/20] 800047123 (audio)
2026-10-06 17:55:19,206 INFO [13/20] 800047363 (audio)
2026-10-06 17:55:27,704 INFO [14/20] 800047227 (audio)
2026-10-06 17:55:35,789 INFO [15/20] 800047340 (audio)
2026-10-06 17:55:44,769 INFO [16/20] 800047463 (audio)
2026-10-06 17:55:52,467 INFO [17/20] 800047507 (audio)
2026-10-06 17:56:00,125 INFO [18/20] 800047249 (audio)
2026-10-06 17:56:07,741 INFO [19/20] 800047490 (audio)
2026-10-06 17:56:15,468 INFO [20/20] 800047147 (audio)
2026-10-06 17:56:22,981 INFO == Curso: How can you ensure a victory when you are in the lead?  -> How can you ensure a victory when you are in the lead_  (10 videos)
2026-10-06 17:56:22,983 INFO [1/10] 1041852247 (audio)
2026-10-06 17:56:34,790 INFO [2/10] 1041852869 (audio)
2026-10-06 17:56:59,805 INFO [3/10] 1041863867 (audio)
2026-10-06 17:57:23,071 INFO [4/10] 1041851635 (audio)
2026-10-06 17:57:32,577 INFO [5/10] 1041861655 (audio)
2026-10-06 17:57:40,592 INFO [6/10] 1041851996 (audio)
2026-10-06 17:57:52,918 INFO [7/10] 1041855647 (audio)
2026-10-06 17:57:58,850 WARNING 1041855647 [audio] intento 1/3 fallo: ERROR: [vimeo] 1041855647: Requested format is not available. Use --list-formats for a list of available formats
2026-10-06 17:58:04,288 WARNING 1041855647 [audio] intento 2/3 fallo: ERROR: [vimeo] 1041855647: Requested format is not available. Use --list-formats for a list of available formats
2026-10-06 17:58:11,431 WARNING 1041855647 [audio] intento 3/3 fallo: ERROR: [vimeo] 1041855647: Requested format is not available. Use --list-formats for a list of available formats
2026-10-06 17:58:17,432 ERROR 1041855647 [audio] FALLO: ERROR: [vimeo] 1041855647: Requested format is not available. Use --list-formats for a list of available formats
2026-10-06 17:58:18,443 INFO [8/10] 1041851829 (audio)
2026-10-06 17:58:27,387 INFO [9/10] 1041862580 (audio)
2026-10-06 17:58:32,987 WARNING 1041862580 [audio] intento 1/3 fallo: ERROR: [vimeo] 1041862580: Requested format is not available. Use --list-formats for a list of available formats
2026-10-06 17:58:38,140 WARNING 1041862580 [audio] intento 2/3 fallo: ERROR: [vimeo] 1041862580: Requested format is not available. Use --list-formats for a list of available formats
2026-10-06 17:58:45,383 WARNING 1041862580 [audio] intento 3/3 fallo: ERROR: [vimeo] 1041862580: Requested format is not available. Use --list-formats for a list of available formats
2026-10-06 17:58:51,385 ERROR 1041862580 [audio] FALLO: ERROR: [vimeo] 1041862580: Requested format is not available. Use --list-formats for a list of available formats
2026-10-06 17:58:52,396 INFO [10/10] 1041853488 (audio)
2026-10-06 17:59:17,589 INFO == Curso: Best Reduction Timing  -> Best Reduction Timing  (7 videos)
2026-10-06 17:59:17,590 INFO [1/7] 680240950 (audio)
2026-10-06 17:59:26,500 INFO [2/7] 680244627 (audio)
2026-10-06 17:59:59,531 INFO [3/7] 680245952 (audio)
2026-10-06 18:00:18,523 INFO [4/7] 680248309 (audio)
2026-10-06 18:00:47,539 INFO [5/7] 680242920 (audio)
2026-10-06 18:00:55,348 INFO [6/7] 680243164 (audio)
2026-10-06 18:01:03,366 INFO [7/7] 680243122 (audio)
2026-10-06 18:01:12,572 INFO == Curso: How do you handle vulnerable groups?  -> How do you handle vulnerable groups_  (9 videos)
2026-10-06 18:01:12,573 INFO [1/9] 950891696 (audio)
2026-10-06 18:01:23,648 INFO [2/9] 950892945 (audio)
2026-10-06 18:01:43,546 INFO [3/9] 950895409 (audio)
2026-10-06 18:02:21,305 INFO [4/9] 950890835 (audio)
2026-10-06 18:02:32,171 INFO [5/9] 950891231 (audio)
2026-10-06 18:02:40,165 INFO [6/9] 950890953 (audio)
2026-10-06 18:02:49,017 INFO [7/9] 950893532 (audio)
2026-10-06 18:03:07,183 INFO [8/9] 950891137 (audio)
2026-10-06 18:03:16,554 INFO [9/9] 950890330 (audio)
2026-10-06 18:03:26,185 INFO == Curso: Escape -  Practical Attachment & Cut  -> Escape - Practical Attachment & Cut  (15 videos)
2026-10-06 18:03:26,187 INFO [1/15] 679442030 (audio)
2026-10-06 18:03:35,354 INFO [2/15] 679444677 (audio)
2026-10-06 18:04:00,924 INFO [3/15] 679445358 (audio)
2026-10-06 18:04:22,286 INFO [4/15] 679446802 (audio)
2026-10-06 18:04:47,339 INFO [5/15] 679443319 (audio)
2026-10-06 18:05:14,856 INFO [6/15] 679442423 (audio)
2026-10-06 18:05:24,246 INFO [7/15] 679441856 (audio)
2026-10-06 18:05:33,553 INFO [8/15] 679443385 (audio)
2026-10-06 18:05:40,979 INFO [9/15] 679440892 (audio)
2026-10-06 18:05:51,423 INFO [10/15] 679445896 (audio)
2026-10-06 18:06:09,827 INFO [11/15] 679441606 (audio)
2026-10-06 18:06:18,292 INFO [12/15] 679441251 (audio)
2026-10-06 18:06:26,854 INFO [13/15] 679441070 (audio)
2026-10-06 18:06:36,223 INFO [14/15] 679444794 (audio)
2026-10-06 18:06:46,031 INFO [15/15] 679441726 (audio)
2026-10-06 18:06:54,602 INFO == Curso: 20th Meijin Final, Game 5 - Cosmic Style vs Subway Style  -> 20th Meijin Final, Game 5 - Cosmic Style vs Subway Style  (19 videos)
2026-10-06 18:06:54,604 INFO [1/19] 839748836 (audio)
2026-10-06 18:07:11,294 INFO [2/19] 839753489 (audio)
2026-10-06 18:07:56,727 INFO [3/19] 839757536 (audio)
2026-10-06 18:08:28,798 INFO [4/19] 839744637 (audio)
2026-10-06 18:08:36,182 INFO [5/19] 839748900 (audio)
2026-10-06 18:08:44,077 INFO [6/19] 839745016 (audio)
2026-10-06 18:08:54,407 INFO [7/19] 839746336 (audio)
2026-10-06 18:09:02,353 INFO [8/19] 839744186 (audio)
2026-10-06 18:09:09,860 INFO [9/19] 839746232 (audio)
2026-10-06 18:09:18,988 INFO [10/19] 839744619 (audio)
2026-10-06 18:09:28,900 INFO [11/19] 839749113 (audio)
2026-10-06 18:09:37,123 INFO [12/19] 839748857 (audio)
2026-10-06 18:09:44,423 INFO [13/19] 839746457 (audio)
2026-10-06 18:09:52,600 INFO [14/19] 839749064 (audio)
2026-10-06 18:10:00,503 INFO [15/19] 839746886 (audio)
2026-10-06 18:10:12,226 INFO [16/19] 839747739 (audio)
2026-10-06 18:10:23,972 INFO [17/19] 839745998 (audio)
2026-10-06 18:10:32,763 INFO [18/19] 839745771 (audio)
2026-10-06 18:10:47,074 INFO [19/19] 839746015 (audio)
2026-10-06 18:10:55,624 INFO == Curso: Must Know Endgame 2 - Sacrifice 1 / Using Aji 2  -> Must Know Endgame 2 - Sacrifice 1 _ Using Aji 2  (5 videos)
2026-10-06 18:10:55,625 INFO [1/5] 567418551 (audio)
2026-10-06 18:11:17,773 INFO [2/5] 567420266 (audio)
2026-10-06 18:11:36,495 INFO [3/5] 567422059 (audio)
2026-10-06 18:11:58,778 INFO [4/5] 567416479 (audio)
2026-10-06 18:12:05,853 INFO [5/5] 567416369 (audio)
2026-10-06 18:12:13,029 INFO == Curso: 3-3 joseki variation! (kosumi attachment)  -> 3-3 joseki variation! (kosumi attachment)  (5 videos)
2026-10-06 18:12:13,030 INFO [1/5] 1053278600 (audio)
2026-10-06 18:12:23,625 INFO [2/5] 1053279100 (audio)
2026-10-06 18:12:37,075 INFO [3/5] 1053279769 (audio)
2026-10-06 18:12:54,399 INFO [4/5] 1053278452 (audio)
2026-10-06 18:13:03,387 INFO [5/5] 1053279249 (audio)
2026-10-06 18:13:12,942 INFO == Curso: Beginner Course 28 19X19 Review 2  -> Beginner Course 28 19X19 Review 2  (5 videos)
2026-10-06 18:13:12,944 INFO [1/5] 733872018 (audio)
2026-10-06 18:13:23,954 INFO [2/5] 733875699 (audio)
2026-10-06 18:14:29,971 INFO [3/5] 733871574 (audio)
2026-10-06 18:14:40,949 INFO [4/5] 733871339 (audio)
2026-10-06 18:14:49,807 INFO [5/5] 733871734 (audio)
2026-10-06 18:14:58,524 INFO == Curso: After Joseki  -> After Joseki  (3 videos)
2026-10-06 18:14:58,526 INFO [1/3] 1059182373 (audio)
2026-10-06 18:15:07,667 INFO [2/3] 1059183280 (audio)
2026-10-06 18:15:29,917 INFO [3/3] 1059184129 (audio)
2026-10-06 18:15:55,434 INFO == Curso: Hane VS Nobi   -> Hane VS Nobi  (14 videos)
2026-10-06 18:15:55,436 INFO [1/14] 734704960 (audio)
2026-10-06 18:16:06,156 INFO [2/14] 734709440 (audio)
2026-10-06 18:16:35,680 INFO [3/14] 734713256 (audio)
2026-10-06 18:17:13,308 INFO [4/14] 734715504 (audio)
2026-10-06 18:17:39,440 INFO [5/14] 734713885 (audio)
2026-10-06 18:17:49,207 INFO [6/14] 734706629 (audio)
2026-10-06 18:18:04,220 INFO [7/14] 734705474 (audio)
2026-10-06 18:18:12,410 INFO [8/14] 734704293 (audio)
2026-10-06 18:18:22,545 INFO [9/14] 734713593 (audio)
2026-10-06 18:18:31,346 INFO [10/14] 734710851 (audio)
2026-10-06 18:18:57,231 INFO [11/14] 734704574 (audio)
2026-10-06 18:19:04,885 INFO [12/14] 734707503 (audio)
2026-10-06 18:19:21,154 INFO [13/14] 734707640 (audio)
2026-10-06 18:19:29,080 INFO [14/14] 734705624 (audio)
2026-10-06 18:19:36,413 INFO == Curso: Counting Liberties  - Increase 2  -> Counting Liberties - Increase 2  (4 videos)
2026-10-06 18:19:36,414 INFO [1/4] 562692579 (audio)
2026-10-06 18:19:47,565 INFO [2/4] 562692611 (audio)
2026-10-06 18:20:01,094 INFO [3/4] 562692641 (audio)
2026-10-06 18:20:20,372 INFO [4/4] 562692666 (audio)
2026-10-06 18:20:36,774 INFO == Curso: Chunlan Cup Best 8 - Shin Jin Seo 9p VS Ke Jie 9p  -> Chunlan Cup Best 8 - Shin Jin Seo 9p VS Ke Jie 9p  (19 videos)
2026-10-06 18:20:36,775 INFO [1/19] 783880209 (audio)
2026-10-06 18:20:54,758 INFO [2/19] 783885604 (audio)
2026-10-06 18:21:38,939 INFO [3/19] 783889528 (audio)
2026-10-06 18:22:55,395 INFO [4/19] 783879380 (audio)
2026-10-06 18:23:04,247 INFO [5/19] 783883633 (audio)
2026-10-06 18:23:11,396 INFO [6/19] 783878734 (audio)
2026-10-06 18:23:18,872 INFO [7/19] 783878421 (audio)
2026-10-06 18:23:35,515 INFO [8/19] 783878200 (audio)
2026-10-06 18:23:53,321 INFO [9/19] 783882103 (audio)
2026-10-06 18:24:11,173 INFO [10/19] 783881507 (audio)
2026-10-06 18:24:23,656 INFO [11/19] 783878226 (audio)
2026-10-06 18:24:32,393 INFO [12/19] 783879118 (audio)
2026-10-06 18:24:43,647 INFO [13/19] 783879246 (audio)
2026-10-06 18:24:55,245 INFO [14/19] 783879734 (audio)
2026-10-06 18:25:05,903 INFO [15/19] 783883747 (audio)
2026-10-06 18:25:14,093 INFO [16/19] 783885986 (audio)
2026-10-06 18:25:21,224 INFO [17/19] 783881023 (audio)
2026-10-06 18:25:31,650 INFO [18/19] 783879575 (audio)
2026-10-06 18:25:45,373 INFO [19/19] 783879926 (audio)
2026-10-06 18:25:55,424 INFO == Curso: Capturing race- One Eye vs No Eye  -> Capturing race- One Eye vs No Eye  (7 videos)
2026-10-06 18:25:55,425 INFO [1/7] 1207793746 (audio)
2026-10-06 18:26:09,142 INFO [2/7] 1207797692 (audio)
2026-10-06 18:26:37,650 INFO [3/7] 1207800910 (audio)
2026-10-06 18:27:05,845 INFO [4/7] 1207794459 (audio)
2026-10-06 18:27:13,622 INFO [5/7] 1207793939 (audio)
2026-10-06 18:27:22,234 INFO [6/7] 1207794377 (audio)
2026-10-06 18:27:31,132 INFO [7/7] 1207794123 (audio)
2026-10-06 18:27:38,808 INFO == Curso: How to attack with a night's move  -> How to attack with a night's move  (6 videos)
2026-10-06 18:27:38,809 INFO [1/6] 1175858356 (audio)
2026-10-06 18:27:50,257 INFO [2/6] 1175858727 (audio)
2026-10-06 18:28:12,329 INFO [3/6] 1175860675 (audio)
2026-10-06 18:28:25,417 INFO [4/6] 1175861535 (audio)
2026-10-06 18:28:43,219 INFO [5/6] 1175860025 (audio)
2026-10-06 18:28:51,556 INFO [6/6] 1175860158 (audio)
2026-10-06 18:29:01,891 INFO == Curso: 4 corner patterns you must know to be 9kyu 3  -> 4 corner patterns you must know to be 9kyu 3  (2 videos)
2026-10-06 18:29:01,893 INFO [1/2] 511890770 (audio)
2026-10-06 18:29:56,635 INFO [2/2] 511890771 (audio)
2026-10-06 18:30:14,345 INFO == Curso: 3 Tips For Making Good Extension  -> 3 Tips For Making Good Extension  (5 videos)
2026-10-06 18:30:14,346 INFO [1/5] 585374409 (audio)
2026-10-06 18:30:22,010 INFO [2/5] 585379783 (audio)
2026-10-06 18:31:11,221 INFO [3/5] 585384087 (audio)
2026-10-06 18:31:37,593 INFO [4/5] 585374192 (audio)
2026-10-06 18:31:44,767 INFO [5/5] 585374975 (audio)
2026-10-06 18:31:54,747 INFO == Curso: AI's Favorite Move - Shoulder Hit  -> AI's Favorite Move - Shoulder Hit  (15 videos)
2026-10-06 18:31:54,748 INFO [1/15] 633765692 (audio)
2026-10-06 18:32:03,425 INFO [2/15] 633775178 (audio)
2026-10-06 18:32:41,872 INFO [3/15] 633779613 (audio)
2026-10-06 18:33:06,967 INFO [4/15] 633781679 (audio)
2026-10-06 18:33:22,967 INFO [5/15] 633788388 (audio)
2026-10-06 18:34:07,160 INFO [6/15] 633790974 (audio)
2026-10-06 18:34:25,054 INFO [7/15] 633768162 (audio)
2026-10-06 18:34:32,392 INFO [8/15] 633767549 (audio)
2026-10-06 18:34:41,415 INFO [9/15] 633767111 (audio)
2026-10-06 18:34:49,922 INFO [10/15] 633776425 (audio)
2026-10-06 18:35:07,486 INFO [11/15] 633768694 (audio)
2026-10-06 18:35:16,411 INFO [12/15] 633765277 (audio)
2026-10-06 18:35:24,278 INFO [13/15] 633758934 (audio)
2026-10-06 18:35:33,677 INFO [14/15] 633768963 (audio)
2026-10-06 18:35:44,079 INFO [15/15] 633766434 (audio)
2026-10-06 18:35:51,224 INFO == Curso: How to invade  -> How to invade  (5 videos)
2026-10-06 18:35:51,225 INFO [1/5] 923678600 (audio)
2026-10-06 18:35:59,533 INFO [2/5] 923682740 (audio)
2026-10-06 18:36:23,378 INFO [3/5] 923684719 (audio)
2026-10-06 18:36:53,967 INFO [4/5] 923678168 (audio)
2026-10-06 18:37:03,280 INFO [5/5] 923680718 (audio)
2026-10-06 18:37:12,036 INFO == Curso: Who can ends his Winning race?  -> Who can ends his Winning race_  (4 videos)
2026-10-06 18:37:12,037 INFO [1/4] 834998610 (audio)
2026-10-06 18:37:23,511 INFO [2/4] 834999433 (audio)
2026-10-06 18:37:46,644 INFO [3/4] 835000271 (audio)
2026-10-06 18:38:16,640 INFO [4/4] 834998369 (audio)
2026-10-06 18:38:29,004 INFO == Curso: Choosing the perfect Jeong-Seock 4  -> Choosing the perfect Jeong-Seock 4  (4 videos)
2026-10-06 18:38:29,005 INFO [1/4] 524325398 (audio)
2026-10-06 18:38:44,707 INFO [2/4] 524325397 (audio)
2026-10-06 18:39:01,913 INFO [3/4] 524325399 (audio)
2026-10-06 18:39:19,612 INFO [4/4] 524325396 (audio)
2026-10-06 18:39:38,074 INFO == Curso: New course  -> New course [6lCBz6XlfanKZ4CPp4kg]  (9 videos)
2026-10-06 18:39:38,076 INFO [1/9] 1072562125 (audio)
2026-10-06 18:39:48,361 INFO [2/9] 1072560891 (audio)
2026-10-06 18:39:57,084 INFO [3/9] 1072559624 (audio)
2026-10-06 18:40:04,706 INFO [4/9] 1072558206 (audio)
2026-10-06 18:40:12,505 INFO [5/9] 1072558672 (audio)
2026-10-06 18:40:20,077 INFO [6/9] 1072560022 (audio)
2026-10-06 18:40:30,525 INFO [7/9] 1072561351 (audio)
2026-10-06 18:40:40,187 INFO [8/9] 1072560617 (audio)
2026-10-06 18:40:50,328 INFO [9/9] 1072558460 (audio)
2026-10-06 18:40:58,097 INFO == Curso: A Gentle Erosion In The Endgame  -> A Gentle Erosion In The Endgame  (8 videos)
2026-10-06 18:40:58,099 INFO [1/8] 1189162084 (audio)
2026-10-06 18:41:07,615 INFO [2/8] 1189165071 (audio)
2026-10-06 18:41:34,072 INFO [3/8] 1189170179 (audio)
2026-10-06 18:42:05,821 INFO [4/8] 1189161464 (audio)
2026-10-06 18:42:14,541 INFO [5/8] 1189163457 (audio)
2026-10-06 18:42:28,175 INFO [6/8] 1189165307 (audio)
2026-10-06 18:42:37,427 INFO [7/8] 1189162830 (audio)
2026-10-06 18:42:52,229 INFO [8/8] 1189167820 (audio)
2026-10-06 18:42:58,048 WARNING 1189167820 [audio] intento 1/3 fallo: ERROR: [vimeo] 1189167820: Requested format is not available. Use --list-formats for a list of available formats
2026-10-06 18:43:03,156 WARNING 1189167820 [audio] intento 2/3 fallo: ERROR: [vimeo] 1189167820: Requested format is not available. Use --list-formats for a list of available formats
2026-10-06 18:43:10,269 WARNING 1189167820 [audio] intento 3/3 fallo: ERROR: [vimeo] 1189167820: Requested format is not available. Use --list-formats for a list of available formats
2026-10-06 18:43:16,270 ERROR 1189167820 [audio] FALLO: ERROR: [vimeo] 1189167820: Requested format is not available. Use --list-formats for a list of available formats
2026-10-06 18:43:17,287 INFO == Curso: Side Fighting Skill 1  -> Side Fighting Skill 1  (15 videos)
2026-10-06 18:43:17,289 INFO [1/15] 595142032 (audio)
2026-10-06 18:43:27,210 INFO [2/15] 595154625 (audio)
2026-10-06 18:43:50,097 INFO [3/15] 595156543 (audio)
2026-10-06 18:44:06,569 INFO [4/15] 595158205 (audio)
2026-10-06 18:44:22,401 INFO [5/15] 595165848 (audio)
2026-10-06 18:44:43,760 INFO [6/15] 595149223 (audio)
2026-10-06 18:44:52,010 INFO [7/15] 595149476 (audio)
2026-10-06 18:45:00,291 INFO [8/15] 595148626 (audio)
2026-10-06 18:45:07,440 INFO [9/15] 595152821 (audio)
2026-10-06 18:45:37,464 INFO [10/15] 595141702 (audio)
2026-10-06 18:45:44,655 INFO [11/15] 595148761 (audio)
2026-10-06 18:45:51,838 INFO [12/15] 595147166 (audio)
2026-10-06 18:45:58,344 INFO [13/15] 595149558 (audio)
2026-10-06 18:46:05,661 INFO [14/15] 595163359 (audio)
2026-10-06 18:46:23,395 INFO [15/15] 595148902 (audio)
2026-10-06 18:46:30,231 INFO == Curso: Large Knight’s Move enclosure-1  -> Large Knight’s Move enclosure-1  (4 videos)
2026-10-06 18:46:30,233 INFO [1/4] 1091518826 (audio)
2026-10-06 18:46:39,578 INFO [2/4] 1091519088 (audio)
2026-10-06 18:46:53,573 INFO [3/4] 1091520040 (audio)
2026-10-06 18:47:19,929 INFO [4/4] 1091519131 (audio)
2026-10-06 18:47:29,081 INFO == Curso: Bad Aji in the Endgame  -> Bad Aji in the Endgame  (11 videos)
2026-10-06 18:47:29,081 INFO [1/11] 1171373616 (audio)
2026-10-06 18:47:39,981 INFO [2/11] 1171375279 (audio)
2026-10-06 18:48:02,819 INFO [3/11] 1171376164 (audio)
2026-10-06 18:48:28,352 INFO [4/11] 1171373240 (audio)
2026-10-06 18:48:34,832 WARNING 1171373240 [audio] intento 1/3 fallo: ERROR: [vimeo] 1171373240: Requested format is not available. Use --list-formats for a list of available formats
2026-10-06 18:48:39,694 WARNING 1171373240 [audio] intento 2/3 fallo: ERROR: [vimeo] 1171373240: Requested format is not available. Use --list-formats for a list of available formats
2026-10-06 18:48:46,355 WARNING 1171373240 [audio] intento 3/3 fallo: ERROR: [vimeo] 1171373240: Requested format is not available. Use --list-formats for a list of available formats
2026-10-06 18:48:52,356 ERROR 1171373240 [audio] FALLO: ERROR: [vimeo] 1171373240: Requested format is not available. Use --list-formats for a list of available formats
2026-10-06 18:48:53,365 INFO [5/11] 1171372650 (audio)
2026-10-06 18:49:01,040 WARNING 1171372650 [audio] intento 1/3 fallo: ERROR: unable to download video data: HTTP Error 503: Backend unavailable, connection timeout
2026-10-06 18:49:13,224 INFO [6/11] 1171374419 (audio)
2026-10-06 18:49:18,207 WARNING 1171374419 [audio] intento 1/3 fallo: ERROR: [vimeo] 1171374419: Requested format is not available. Use --list-formats for a list of available formats
2026-10-06 18:49:22,927 WARNING 1171374419 [audio] intento 2/3 fallo: ERROR: [vimeo] 1171374419: Requested format is not available. Use --list-formats for a list of available formats
2026-10-06 18:49:29,787 WARNING 1171374419 [audio] intento 3/3 fallo: ERROR: [vimeo] 1171374419: Requested format is not available. Use --list-formats for a list of available formats
2026-10-06 18:49:35,789 ERROR 1171374419 [audio] FALLO: ERROR: [vimeo] 1171374419: Requested format is not available. Use --list-formats for a list of available formats
2026-10-06 18:49:36,794 INFO [7/11] 1171372792 (audio)
2026-10-06 18:49:45,532 INFO [8/11] 1171374391 (audio)
2026-10-06 18:49:51,021 WARNING 1171374391 [audio] intento 1/3 fallo: ERROR: [vimeo] 1171374391: Requested format is not available. Use --list-formats for a list of available formats
2026-10-06 18:49:55,768 WARNING 1171374391 [audio] intento 2/3 fallo: ERROR: [vimeo] 1171374391: Requested format is not available. Use --list-formats for a list of available formats
2026-10-06 18:50:02,570 WARNING 1171374391 [audio] intento 3/3 fallo: ERROR: [vimeo] 1171374391: Requested format is not available. Use --list-formats for a list of available formats
2026-10-06 18:50:08,572 ERROR 1171374391 [audio] FALLO: ERROR: [vimeo] 1171374391: Requested format is not available. Use --list-formats for a list of available formats
2026-10-06 18:50:09,580 INFO [9/11] 1171373359 (audio)
2026-10-06 18:50:14,581 WARNING 1171373359 [audio] intento 1/3 fallo: ERROR: [vimeo] 1171373359: Requested format is not available. Use --list-formats for a list of available formats
2026-10-06 18:50:19,306 WARNING 1171373359 [audio] intento 2/3 fallo: ERROR: [vimeo] 1171373359: Requested format is not available. Use --list-formats for a list of available formats
2026-10-06 18:50:26,040 WARNING 1171373359 [audio] intento 3/3 fallo: ERROR: [vimeo] 1171373359: Requested format is not available. Use --list-formats for a list of available formats
2026-10-06 18:50:32,042 ERROR 1171373359 [audio] FALLO: ERROR: [vimeo] 1171373359: Requested format is not available. Use --list-formats for a list of available formats
2026-10-06 18:50:33,051 INFO [10/11] 1171373067 (audio)
2026-10-06 18:50:38,557 WARNING 1171373067 [audio] intento 1/3 fallo: ERROR: [vimeo] 1171373067: Requested format is not available. Use --list-formats for a list of available formats
2026-10-06 18:50:45,147 WARNING 1171373067 [audio] intento 2/3 fallo: ERROR: [vimeo] 1171373067: Requested format is not available. Use --list-formats for a list of available formats
2026-10-06 18:50:51,858 WARNING 1171373067 [audio] intento 3/3 fallo: ERROR: [vimeo] 1171373067: Requested format is not available. Use --list-formats for a list of available formats
2026-10-06 18:50:57,860 ERROR 1171373067 [audio] FALLO: ERROR: [vimeo] 1171373067: Requested format is not available. Use --list-formats for a list of available formats
2026-10-06 18:50:58,870 INFO [11/11] 1171372949 (audio)
2026-10-06 18:51:04,722 WARNING 1171372949 [audio] intento 1/3 fallo: ERROR: [vimeo] 1171372949: Requested format is not available. Use --list-formats for a list of available formats
2026-10-06 18:51:09,439 WARNING 1171372949 [audio] intento 2/3 fallo: ERROR: [vimeo] 1171372949: Requested format is not available. Use --list-formats for a list of available formats
2026-10-06 18:51:16,346 WARNING 1171372949 [audio] intento 3/3 fallo: ERROR: [vimeo] 1171372949: Requested format is not available. Use --list-formats for a list of available formats
2026-10-06 18:51:22,349 ERROR 1171372949 [audio] FALLO: ERROR: [vimeo] 1171372949: Requested format is not available. Use --list-formats for a list of available formats
2026-10-06 18:51:23,361 INFO == Curso: One of the Greatest Games: A Perfect Calculation of Central InfluenceㅣShin-Jinseo vs Dang-Yifei  -> One of the Greatest Games_ A Perfect Calculation of Central InfluenceㅣShin-Jinseo vs Dang-Yifei  (4 videos)
2026-10-06 18:51:23,362 INFO [1/4] 1094043361 (audio)
2026-10-06 18:51:48,619 INFO [2/4] 1094045164 (audio)
2026-10-06 18:52:07,483 INFO [3/4] 1094046839 (audio)
2026-10-06 18:52:27,573 INFO [4/4] 1094041567 (audio)
2026-10-06 18:52:37,167 INFO == Curso: Invade or Reduce?  -> Invade or Reduce_  (5 videos)
2026-10-06 18:52:37,168 INFO [1/5] 926836408 (audio)
2026-10-06 18:52:45,672 INFO [2/5] 926836941 (audio)
2026-10-06 18:52:57,121 INFO [3/5] 926837413 (audio)
2026-10-06 18:53:10,633 INFO [4/5] 926837843 (audio)
2026-10-06 18:53:23,736 INFO [5/5] 926838402 (audio)
2026-10-06 18:53:36,750 INFO == Curso: Professional's Tenuki In Their Games  -> Professional's Tenuki In Their Games  (5 videos)
2026-10-06 18:53:36,751 INFO [1/5] 995040671 (audio)
2026-10-06 18:53:56,655 INFO [2/5] 995041471 (audio)
2026-10-06 18:54:09,035 INFO [3/5] 995043215 (audio)
2026-10-06 18:54:39,691 INFO [4/5] 995038571 (audio)
2026-10-06 18:54:49,184 INFO [5/5] 995038634 (audio)
2026-10-06 18:54:57,749 INFO == Curso: Invasion against a 3-star formation  -> Invasion against a 3-star formation  (17 videos)
2026-10-06 18:54:57,750 INFO [1/17] 795959707 (audio)
2026-10-06 18:55:08,043 INFO [2/17] 795961259 (audio)
2026-10-06 18:55:54,541 INFO [3/17] 795961906 (audio)
2026-10-06 18:56:23,777 INFO [4/17] 795962131 (audio)
2026-10-06 18:56:33,541 INFO [5/17] 795959615 (audio)
2026-10-06 18:56:40,970 INFO [6/17] 795957859 (audio)
2026-10-06 18:56:48,129 INFO [7/17] 795961974 (audio)
2026-10-06 18:56:55,933 INFO [8/17] 795958710 (audio)
2026-10-06 18:57:04,140 INFO [9/17] 795959651 (audio)
2026-10-06 18:57:11,642 INFO [10/17] 795961303 (audio)
2026-10-06 18:57:19,414 INFO [11/17] 795961922 (audio)
2026-10-06 18:57:26,400 INFO [12/17] 795958801 (audio)
2026-10-06 18:57:34,907 INFO [13/17] 795959813 (audio)
2026-10-06 18:57:45,895 INFO [14/17] 795957780 (audio)
2026-10-06 18:57:52,468 INFO [15/17] 795960273 (audio)
2026-10-06 18:58:10,380 INFO [16/17] 795962013 (audio)
2026-10-06 18:58:17,651 INFO [17/17] 795959557 (audio)
2026-10-06 18:58:25,392 INFO == Curso: Side Fighting 1-2  -> Side Fighting 1-2  (5 videos)
2026-10-06 18:58:25,393 INFO [1/5] 595737209 (audio)
2026-10-06 18:58:50,922 INFO [2/5] 595740523 (audio)
2026-10-06 18:59:22,909 INFO [3/5] 595734925 (audio)
2026-10-06 18:59:30,904 INFO [4/5] 595734531 (audio)
2026-10-06 18:59:37,866 INFO [5/5] 595734561 (audio)
2026-10-06 18:59:45,097 INFO == Curso: My favourite opening!   -> My favourite opening!  (9 videos)
2026-10-06 18:59:45,098 INFO [1/9] 1015099002 (audio)
2026-10-06 18:59:54,952 INFO [2/9] 1015099547 (audio)
2026-10-06 19:00:05,862 INFO [3/9] 1015099953 (audio)
2026-10-06 19:00:18,045 INFO [4/9] 1015100754 (audio)
2026-10-06 19:00:31,572 INFO [5/9] 1015098758 (audio)
2026-10-06 19:00:38,958 INFO [6/9] 1015098362 (audio)
2026-10-06 19:00:45,928 INFO [7/9] 1015097960 (audio)
2026-10-06 19:00:53,064 INFO [8/9] 1015098781 (audio)
2026-10-06 19:01:00,517 INFO [9/9] 1015098650 (audio)
2026-10-06 19:01:08,533 INFO == Curso: Beginner Course 16 Weak Points In Territory 2  -> Beginner Course 16 Weak Points In Territory 2  (2 videos)
2026-10-06 19:01:08,534 INFO [1/2] 702550041 (audio)
2026-10-06 19:01:39,418 INFO [2/2] 702906437 (audio)
2026-10-06 19:02:12,976 INFO == Curso: A Miracle In The Endgame  -> A Miracle In The Endgame  (5 videos)
2026-10-06 19:02:12,977 INFO [1/5] 881658397 (audio)
2026-10-06 19:02:23,767 INFO [2/5] 881662370 (audio)
2026-10-06 19:02:49,125 INFO [3/5] 881778897 (audio)
2026-10-06 19:03:15,686 INFO [4/5] 881657638 (audio)
2026-10-06 19:03:25,600 INFO [5/5] 881662252 (audio)
2026-10-06 19:03:30,787 WARNING 881662252 [audio] intento 1/3 fallo: ERROR: [vimeo] 881662252: Requested format is not available. Use --list-formats for a list of available formats
2026-10-06 19:03:35,529 WARNING 881662252 [audio] intento 2/3 fallo: ERROR: [vimeo] 881662252: Requested format is not available. Use --list-formats for a list of available formats
2026-10-06 19:03:42,196 WARNING 881662252 [audio] intento 3/3 fallo: ERROR: [vimeo] 881662252: Requested format is not available. Use --list-formats for a list of available formats
2026-10-06 19:03:48,197 ERROR 881662252 [audio] FALLO: ERROR: [vimeo] 881662252: Requested format is not available. Use --list-formats for a list of available formats
2026-10-06 19:03:49,206 INFO == Curso: Invasion & Attacking 1  -> Invasion & Attacking 1  (15 videos)
2026-10-06 19:03:49,206 INFO [1/15] 639337672 (audio)
2026-10-06 19:03:58,875 INFO [2/15] 639339958 (audio)
2026-10-06 19:04:37,119 INFO [3/15] 639341598 (audio)
2026-10-06 19:05:02,554 INFO [4/15] 639344375 (audio)
2026-10-06 19:05:22,407 INFO [5/15] 639346135 (audio)
2026-10-06 19:05:48,565 INFO [6/15] 639347909 (audio)
2026-10-06 19:06:03,758 INFO [7/15] 639337207 (audio)
2026-10-06 19:06:10,655 INFO [8/15] 639337385 (audio)
2026-10-06 19:06:17,876 INFO [9/15] 639337271 (audio)
2026-10-06 19:06:27,054 INFO [10/15] 639342119 (audio)
2026-10-06 19:06:34,987 INFO [11/15] 639338191 (audio)
2026-10-06 19:06:45,384 INFO [12/15] 639337474 (audio)
2026-10-06 19:06:52,234 INFO [13/15] 639342948 (audio)
2026-10-06 19:07:06,776 INFO [14/15] 639338212 (audio)
2026-10-06 19:07:13,249 INFO [15/15] 639337915 (audio)
2026-10-06 19:07:20,525 INFO == Curso: Beginner Course 22 Throw-In & False Eye  -> Beginner Course 22 Throw-In & False Eye  (5 videos)
2026-10-06 19:07:20,525 INFO [1/5] 720670375 (audio)
2026-10-06 19:07:45,801 INFO [2/5] 720673697 (audio)
2026-10-06 19:08:15,649 INFO [3/5] 720667457 (audio)
2026-10-06 19:08:23,963 INFO [4/5] 720667179 (audio)
2026-10-06 19:08:30,795 INFO [5/5] 720667611 (audio)
2026-10-06 19:08:38,023 INFO == Curso: Choose The Correct Jeong-Seock!  -> Choose The Correct Jeong-Seock!  (7 videos)
2026-10-06 19:08:38,023 INFO [1/7] 758218072 (audio)
2026-10-06 19:08:48,028 INFO [2/7] 758220694 (audio)
2026-10-06 19:09:10,988 INFO [3/7] 758222464 (audio)
2026-10-06 19:09:44,821 INFO [4/7] 758217946 (audio)
2026-10-06 19:09:52,108 INFO [5/7] 758219643 (audio)
2026-10-06 19:09:59,920 INFO [6/7] 758218900 (audio)
2026-10-06 19:10:29,399 INFO [7/7] 758220843 (audio)
2026-10-06 19:10:36,813 INFO == Curso: Professional's Marvelous Sabaki Or Living  -> Professional's Marvelous Sabaki Or Living  (4 videos)
2026-10-06 19:10:36,814 INFO [1/4] 980650087 (audio)
2026-10-06 19:11:00,029 INFO [2/4] 980654759 (audio)
2026-10-06 19:11:25,365 INFO [3/4] 980649969 (audio)
2026-10-06 19:11:32,662 INFO [4/4] 980644027 (audio)
2026-10-06 19:11:39,949 INFO == Curso: Cross Cut  -> Cross Cut  (11 videos)
2026-10-06 19:11:39,949 INFO [1/11] 691316272 (audio)
2026-10-06 19:11:47,454 INFO [2/11] 691319412 (audio)
2026-10-06 19:12:22,035 INFO [3/11] 691322286 (audio)
2026-10-06 19:12:55,771 INFO [4/11] 691315148 (audio)
2026-10-06 19:13:04,034 INFO [5/11] 691319980 (audio)
2026-10-06 19:13:10,850 INFO [6/11] 691314895 (audio)
2026-10-06 19:13:17,763 INFO [7/11] 691314326 (audio)
2026-10-06 19:13:25,628 INFO [8/11] 691313605 (audio)
2026-10-06 19:13:34,759 INFO [9/11] 691315504 (audio)
2026-10-06 19:13:43,681 INFO [10/11] 691316759 (audio)
2026-10-06 19:13:50,579 INFO [11/11] 691315839 (audio)
2026-10-06 19:13:58,497 INFO == Curso: Studying Endgame  -> Studying Endgame  (9 videos)
2026-10-06 19:13:58,498 INFO [1/9] 1156220153 (audio)
2026-10-06 19:14:07,316 INFO [2/9] 1156223323 (audio)
2026-10-06 19:14:34,132 INFO [3/9] 1156226120 (audio)
2026-10-06 19:15:08,348 INFO [4/9] 1156217454 (audio)
2026-10-06 19:15:15,107 INFO [5/9] 1156218758 (audio)
2026-10-06 19:15:21,473 WARNING 1156218758 [audio] intento 1/3 fallo: ERROR: [vimeo] 1156218758: Requested format is not available. Use --list-formats for a list of available formats
2026-10-06 19:15:27,721 WARNING 1156218758 [audio] intento 2/3 fallo: ERROR: [vimeo] 1156218758: Requested format is not available. Use --list-formats for a list of available formats
2026-10-06 19:15:34,366 WARNING 1156218758 [audio] intento 3/3 fallo: ERROR: [vimeo] 1156218758: Requested format is not available. Use --list-formats for a list of available formats
2026-10-06 19:15:40,367 ERROR 1156218758 [audio] FALLO: ERROR: [vimeo] 1156218758: Requested format is not available. Use --list-formats for a list of available formats
2026-10-06 19:15:41,376 INFO [6/9] 1156217639 (audio)
2026-10-06 19:15:46,647 WARNING 1156217639 [audio] intento 1/3 fallo: ERROR: [vimeo] 1156217639: Requested format is not available. Use --list-formats for a list of available formats
2026-10-06 19:15:51,626 WARNING 1156217639 [audio] intento 2/3 fallo: ERROR: [vimeo] 1156217639: Requested format is not available. Use --list-formats for a list of available formats
2026-10-06 19:15:58,341 WARNING 1156217639 [audio] intento 3/3 fallo: ERROR: [vimeo] 1156217639: Requested format is not available. Use --list-formats for a list of available formats
2026-10-06 19:16:04,342 ERROR 1156217639 [audio] FALLO: ERROR: [vimeo] 1156217639: Requested format is not available. Use --list-formats for a list of available formats
2026-10-06 19:16:05,351 INFO [7/9] 1156219106 (audio)
2026-10-06 19:16:10,881 WARNING 1156219106 [audio] intento 1/3 fallo: ERROR: [vimeo] 1156219106: Requested format is not available. Use --list-formats for a list of available formats
2026-10-06 19:16:15,593 WARNING 1156219106 [audio] intento 2/3 fallo: ERROR: [vimeo] 1156219106: Requested format is not available. Use --list-formats for a list of available formats
2026-10-06 19:16:22,272 WARNING 1156219106 [audio] intento 3/3 fallo: ERROR: [vimeo] 1156219106: Requested format is not available. Use --list-formats for a list of available formats
2026-10-06 19:16:28,273 ERROR 1156219106 [audio] FALLO: ERROR: [vimeo] 1156219106: Requested format is not available. Use --list-formats for a list of available formats
2026-10-06 19:16:29,287 INFO [8/9] 1156218032 (audio)
2026-10-06 19:16:37,008 INFO [9/9] 1156219550 (audio)
2026-10-06 19:16:42,712 WARNING 1156219550 [audio] intento 1/3 fallo: ERROR: [vimeo] 1156219550: Requested format is not available. Use --list-formats for a list of available formats
2026-10-06 19:16:47,440 WARNING 1156219550 [audio] intento 2/3 fallo: ERROR: [vimeo] 1156219550: Requested format is not available. Use --list-formats for a list of available formats
2026-10-06 19:16:54,003 WARNING 1156219550 [audio] intento 3/3 fallo: ERROR: [vimeo] 1156219550: Requested format is not available. Use --list-formats for a list of available formats
2026-10-06 19:17:00,004 ERROR 1156219550 [audio] FALLO: ERROR: [vimeo] 1156219550: Requested format is not available. Use --list-formats for a list of available formats
2026-10-06 19:17:01,021 INFO == Curso: Trick joseki?  -> Trick joseki_  (4 videos)
2026-10-06 19:17:01,023 INFO [1/4] 1118085973 (audio)
2026-10-06 19:17:10,675 INFO [2/4] 1118086709 (audio)
2026-10-06 19:17:28,218 INFO [3/4] 1118087679 (audio)
2026-10-06 19:17:51,618 INFO [4/4] 1118089024 (audio)
2026-10-06 19:18:19,095 INFO == Curso: Loose Ladder  -> Loose Ladder  (19 videos)
2026-10-06 19:18:19,096 INFO [1/19] 732693825 (audio)
2026-10-06 19:18:28,232 INFO [2/19] 732697414 (audio)
2026-10-06 19:19:03,275 INFO [3/19] 732698126 (audio)
2026-10-06 19:19:19,834 INFO [4/19] 732691798 (audio)
2026-10-06 19:19:29,165 INFO [5/19] 732695119 (audio)
2026-10-06 19:20:26,941 INFO [6/19] 732693225 (audio)
2026-10-06 19:20:38,473 INFO [7/19] 732696557 (audio)
2026-10-06 19:21:10,049 INFO [8/19] 732695896 (audio)
2026-10-06 19:22:12,680 INFO [9/19] 732692480 (audio)
2026-10-06 19:22:25,039 INFO [10/19] 732692104 (audio)
2026-10-06 19:22:35,177 INFO [11/19] 732692842 (audio)
2026-10-06 19:22:48,161 INFO [12/19] 732693113 (audio)
2026-10-06 19:23:03,339 INFO [13/19] 732692986 (audio)
2026-10-06 19:23:15,512 INFO [14/19] 732692267 (audio)
2026-10-06 19:23:28,987 INFO [15/19] 732692681 (audio)
2026-10-06 19:23:42,465 INFO [16/19] 732693352 (audio)
2026-10-06 19:24:00,662 INFO [17/19] 732694008 (audio)
2026-10-06 19:24:14,621 INFO [18/19] 732691968 (audio)
2026-10-06 19:24:23,185 INFO [19/19] 732693696 (audio)
2026-10-06 19:24:40,458 INFO == Curso: Old Joseki  -> Old Joseki  (10 videos)
2026-10-06 19:24:40,459 INFO [1/10] 1173255617 (audio)
2026-10-06 19:24:49,949 INFO [2/10] 1173257636 (audio)
2026-10-06 19:25:01,993 INFO [3/10] 1173259871 (audio)
2026-10-06 19:25:30,244 INFO [4/10] 1173261449 (audio)
2026-10-06 19:25:49,682 INFO [5/10] 1173257822 (audio)
2026-10-06 19:25:57,696 INFO [6/10] 1173255451 (audio)
2026-10-06 19:26:07,265 INFO [7/10] 1173255312 (audio)
2026-10-06 19:26:15,172 INFO [8/10] 1173256061 (audio)
2026-10-06 19:26:28,399 INFO [9/10] 1173257118 (audio)
2026-10-06 19:26:40,203 INFO [10/10] 1173258257 (audio)
2026-10-06 19:26:51,148 INFO == Curso: A rare mild trick move  -> A rare mild trick move  (9 videos)
2026-10-06 19:26:51,149 INFO [1/9] 1033276208 (audio)
2026-10-06 19:27:03,385 INFO [2/9] 1033277168 (audio)
2026-10-06 19:27:24,774 INFO [3/9] 1033278862 (audio)
2026-10-06 19:27:57,824 INFO [4/9] 1033224225 (audio)
2026-10-06 19:28:04,663 INFO [5/9] 1033275653 (audio)
2026-10-06 19:28:14,485 INFO [6/9] 1033274841 (audio)
2026-10-06 19:28:22,513 INFO [7/9] 1033275372 (audio)
2026-10-06 19:28:30,898 INFO [8/9] 1033275183 (audio)
2026-10-06 19:28:39,082 INFO [9/9] 1033275683 (audio)
2026-10-06 19:28:47,607 INFO == Curso: If it was your game 1  -> If it was your game 1  (6 videos)
2026-10-06 19:28:47,608 INFO [1/6] 823423830 (audio)
2026-10-06 19:29:00,503 INFO [2/6] 823425540 (audio)
2026-10-06 19:29:26,917 INFO [3/6] 823426704 (audio)
2026-10-06 19:29:43,693 INFO [4/6] 823429234 (audio)
2026-10-06 19:30:15,936 INFO [5/6] 823422853 (audio)
2026-10-06 19:30:23,439 INFO [6/6] 823422562 (audio)
2026-10-06 19:30:25,959 WARNING 823422562 [audio] intento 1/3 fallo: ERROR: [vimeo] 823422562: Unable to download webpage: HTTP Error 404: Not Found (caused by <HTTPError 404: Not Found>)
2026-10-06 19:30:30,491 WARNING 823422562 [audio] intento 2/3 fallo: ERROR: [vimeo] 823422562: Unable to download webpage: HTTP Error 404: Not Found (caused by <HTTPError 404: Not Found>)
2026-10-06 19:30:36,784 WARNING 823422562 [audio] intento 3/3 fallo: ERROR: [vimeo] 823422562: Unable to download webpage: HTTP Error 404: Not Found (caused by <HTTPError 404: Not Found>)
2026-10-06 19:30:42,786 ERROR 823422562 [audio] FALLO: ERROR: [vimeo] 823422562: Unable to download webpage: HTTP Error 404: Not Found (caused by <HTTPError 404: Not Found>)
2026-10-06 19:30:43,799 INFO == Curso: The Easiest Way to Reduce   -> The Easiest Way to Reduce  (15 videos)
2026-10-06 19:30:43,799 INFO [1/15] 676546306 (audio)
2026-10-06 19:30:51,621 INFO [2/15] 676547706 (audio)
2026-10-06 19:31:30,786 INFO [3/15] 676548566 (audio)
2026-10-06 19:31:52,757 INFO [4/15] 676549232 (audio)
2026-10-06 19:32:14,149 INFO [5/15] 676550283 (audio)
2026-10-06 19:32:46,359 INFO [6/15] 676545899 (audio)
2026-10-06 19:32:54,116 INFO [7/15] 676546221 (audio)
2026-10-06 19:33:01,494 INFO [8/15] 676545259 (audio)
2026-10-06 19:33:08,972 INFO [9/15] 676545514 (audio)
2026-10-06 19:33:17,873 INFO [10/15] 676545617 (audio)
2026-10-06 19:33:26,249 INFO [11/15] 676546182 (audio)
2026-10-06 19:33:33,754 INFO [12/15] 676546497 (audio)
2026-10-06 19:33:41,443 INFO [13/15] 676545399 (audio)
2026-10-06 19:33:48,045 INFO [14/15] 676545730 (audio)
2026-10-06 19:33:57,214 INFO [15/15] 676546046 (audio)
2026-10-06 19:34:06,160 INFO == Curso: Know the Key Points of Attack, Make Attacking Easy  -> Know the Key Points of Attack, Make Attacking Easy  (4 videos)
2026-10-06 19:34:06,161 INFO [1/4] 1108984441 (audio)
2026-10-06 19:34:29,737 INFO [2/4] 1108985736 (audio)
2026-10-06 19:34:56,289 INFO [3/4] 1108983047 (audio)
2026-10-06 19:35:03,726 INFO [4/4] 1108983114 (audio)
2026-10-06 19:35:11,692 INFO == Curso: 이 영상 보시면 삼삼침입 100% 잡을 수 있습니다  -> 이 영상 보시면 삼삼침입 100% 잡을 수 있습니다  (4 videos)
2026-10-06 19:35:11,693 INFO [1/4] 1022132167 (audio)
2026-10-06 19:35:36,988 INFO [2/4] 1022135327 (audio)
2026-10-06 19:36:00,002 INFO [3/4] 1022129733 (audio)
2026-10-06 19:36:08,452 INFO [4/4] 1022129886 (audio)
2026-10-06 19:36:15,793 INFO == Curso: The Art of Sabaki  -> The Art of Sabaki  (6 videos)
2026-10-06 19:36:15,794 INFO [1/6] 1217102909 (audio)
2026-10-06 19:36:23,663 INFO [2/6] 1217104879 (audio)
2026-10-06 19:36:47,286 INFO [3/6] 1217106844 (audio)
2026-10-06 19:37:10,201 INFO [4/6] 1217102511 (audio)
2026-10-06 19:37:19,171 INFO [5/6] 1217102687 (audio)
2026-10-06 19:37:26,859 INFO [6/6] 1217103060 (audio)
2026-10-06 19:37:35,457 INFO == Curso: Dealing with Overplays: How to Punish Mistakes  -> Dealing with Overplays_ How to Punish Mistakes  (3 videos)
2026-10-06 19:37:35,458 INFO [1/3] 1158757073 (audio)
2026-10-06 19:38:00,721 INFO [2/3] 1158757277 (audio)
2026-10-06 19:38:14,775 INFO [3/3] 1158757172 (audio)
2026-10-06 19:38:33,681 INFO == Curso: Those Moves Appear In Every Game 3  - Large Knight's Move   -> Those Moves Appear In Every Game 3 - Large Knight's Move  (2 videos)
2026-10-06 19:38:33,682 INFO [1/2] 565195066 (audio)
2026-10-06 19:39:05,689 INFO [2/2] 565002360 (audio)
2026-10-06 19:39:17,693 INFO == Curso: Repeated Mistakes  -> Repeated Mistakes  (10 videos)
2026-10-06 19:39:17,694 INFO [1/10] 746092514 (audio)
2026-10-06 19:39:26,909 INFO [2/10] 746094511 (audio)
2026-10-06 19:39:58,389 INFO [3/10] 746095534 (audio)
2026-10-06 19:40:26,935 INFO [4/10] 746092304 (audio)
2026-10-06 19:40:35,001 INFO [5/10] 746092971 (audio)
2026-10-06 19:40:41,906 INFO [6/10] 746092097 (audio)
2026-10-06 19:40:50,423 INFO [7/10] 746092947 (audio)
2026-10-06 19:40:58,701 INFO [8/10] 746094658 (audio)
2026-10-06 19:41:05,837 INFO [9/10] 746093110 (audio)
2026-10-06 19:41:16,474 INFO [10/10] 746092390 (audio)
2026-10-06 19:41:23,208 INFO == Curso: Nongsim Cup Review Iyamayuta vs Shin-Minjun  -> Nongsim Cup Review Iyamayuta vs Shin-Minjun  (13 videos)
2026-10-06 19:41:23,209 INFO [1/13] 651957380 (audio)
2026-10-06 19:41:33,496 INFO [2/13] 651963296 (audio)
2026-10-06 19:41:55,778 INFO [3/13] 651965787 (audio)
2026-10-06 19:42:22,718 INFO [4/13] 651968284 (audio)
2026-10-06 19:42:44,291 INFO [5/13] 651959554 (audio)
2026-10-06 19:42:51,871 INFO [6/13] 651956193 (audio)
2026-10-06 19:42:59,256 INFO [7/13] 651956294 (audio)
2026-10-06 19:43:06,296 INFO [8/13] 651956603 (audio)
2026-10-06 19:43:13,919 INFO [9/13] 651960857 (audio)
2026-10-06 19:43:22,261 INFO [10/13] 651956757 (audio)
2026-10-06 19:43:32,306 INFO [11/13] 651959332 (audio)
2026-10-06 19:43:39,280 INFO [12/13] 651956442 (audio)
2026-10-06 19:43:46,248 INFO [13/13] 651960455 (audio)
2026-10-06 19:44:00,966 INFO == Curso: The Only Invasion Patterns You Need to Know  -> The Only Invasion Patterns You Need to Know  (5 videos)
2026-10-06 19:44:00,967 INFO [1/5] 1128718600 (audio)
2026-10-06 19:44:23,007 INFO [2/5] 1128719281 (audio)
2026-10-06 19:44:25,337 WARNING 1128719281 [audio] intento 1/3 fallo: ERROR: [vimeo] 1128719281: Unable to download webpage: HTTP Error 503: Service Unavailable (caused by <HTTPError 503: Service Unavailable>)
2026-10-06 19:44:51,970 INFO [3/5] 1128719589 (audio)
2026-10-06 19:45:04,809 INFO [4/5] 1128717778 (audio)
2026-10-06 19:45:15,164 INFO [5/5] 1128717938 (audio)
2026-10-06 19:45:25,269 INFO == Curso: Different value of extensions  -> Different value of extensions  (12 videos)
2026-10-06 19:45:25,269 INFO [1/12] 802664337 (audio)
2026-10-06 19:45:33,716 INFO [2/12] 802666352 (audio)
2026-10-06 19:46:02,322 INFO [3/12] 802670275 (audio)
2026-10-06 19:46:48,208 INFO [4/12] 802663075 (audio)
2026-10-06 19:46:54,351 WARNING 802663075 [audio] intento 1/3 fallo: ERROR: [vimeo] 802663075: Requested format is not available. Use --list-formats for a list of available formats
2026-10-06 19:46:59,084 WARNING 802663075 [audio] intento 2/3 fallo: ERROR: [vimeo] 802663075: Requested format is not available. Use --list-formats for a list of available formats
2026-10-06 19:47:05,817 WARNING 802663075 [audio] intento 3/3 fallo: ERROR: [vimeo] 802663075: Requested format is not available. Use --list-formats for a list of available formats
2026-10-06 19:47:11,818 ERROR 802663075 [audio] FALLO: ERROR: [vimeo] 802663075: Requested format is not available. Use --list-formats for a list of available formats
2026-10-06 19:47:12,824 INFO [5/12] 802662497 (audio)
2026-10-06 19:47:19,599 INFO [6/12] 802663440 (audio)
2026-10-06 19:47:26,215 INFO [7/12] 802664202 (audio)
2026-10-06 19:47:34,102 INFO [8/12] 802662877 (audio)
2026-10-06 19:47:39,287 WARNING 802662877 [audio] intento 1/3 fallo: ERROR: [vimeo] 802662877: Requested format is not available. Use --list-formats for a list of available formats
2026-10-06 19:47:45,224 WARNING 802662877 [audio] intento 2/3 fallo: ERROR: [vimeo] 802662877: Requested format is not available. Use --list-formats for a list of available formats
2026-10-06 19:47:53,501 WARNING 802662877 [audio] intento 3/3 fallo: ERROR: [vimeo] 802662877: Requested format is not available. Use --list-formats for a list of available formats
2026-10-06 19:47:59,502 ERROR 802662877 [audio] FALLO: ERROR: [vimeo] 802662877: Requested format is not available. Use --list-formats for a list of available formats
2026-10-06 19:48:00,511 INFO [9/12] 802663686 (audio)
2026-10-06 19:48:07,379 INFO [10/12] 802663206 (audio)
2026-10-06 19:48:12,300 WARNING 802663206 [audio] intento 1/3 fallo: ERROR: [vimeo] 802663206: Requested format is not available. Use --list-formats for a list of available formats
2026-10-06 19:48:17,080 WARNING 802663206 [audio] intento 2/3 fallo: ERROR: [vimeo] 802663206: Requested format is not available. Use --list-formats for a list of available formats
2026-10-06 19:48:24,264 WARNING 802663206 [audio] intento 3/3 fallo: ERROR: [vimeo] 802663206: Requested format is not available. Use --list-formats for a list of available formats
2026-10-06 19:48:30,265 ERROR 802663206 [audio] FALLO: ERROR: [vimeo] 802663206: Requested format is not available. Use --list-formats for a list of available formats
2026-10-06 19:48:31,276 INFO [11/12] 802663989 (audio)
2026-10-06 19:48:38,648 INFO [12/12] 802662740 (audio)
2026-10-06 19:48:45,119 INFO == Curso: Am I Hikaru? - Hikaru VS Suyoung  -> Am I Hikaru_ - Hikaru VS Suyoung  (15 videos)
2026-10-06 19:48:45,120 INFO [1/15] 645534136 (audio)
2026-10-06 19:48:54,813 INFO [2/15] 645536066 (audio)
2026-10-06 19:49:25,929 INFO [3/15] 645536872 (audio)
2026-10-06 19:49:43,125 INFO [4/15] 645537488 (audio)
2026-10-06 19:49:58,440 INFO [5/15] 645539119 (audio)
2026-10-06 19:50:32,372 INFO [6/15] 645540357 (audio)
2026-10-06 19:50:53,605 INFO [7/15] 645533108 (audio)
2026-10-06 19:51:03,009 INFO [8/15] 645534922 (audio)
2026-10-06 19:51:11,813 INFO [9/15] 645537615 (audio)
2026-10-06 19:51:20,425 INFO [10/15] 645533803 (audio)
2026-10-06 19:51:32,052 INFO [11/15] 645533535 (audio)
2026-10-06 19:51:45,522 INFO [12/15] 645537015 (audio)
2026-10-06 19:51:53,828 INFO [13/15] 645532859 (audio)
2026-10-06 19:52:00,711 INFO [14/15] 645535109 (audio)
2026-10-06 19:52:08,364 INFO [15/15] 645532506 (audio)
2026-10-06 19:52:19,556 INFO == Curso: Continuation  After An Invasion  -> Continuation After An Invasion  (9 videos)
2026-10-06 19:52:19,557 INFO [1/9] 1012085177 (audio)
2026-10-06 19:52:30,191 INFO [2/9] 1012088548 (audio)
2026-10-06 19:52:58,845 INFO [3/9] 1012090128 (audio)
2026-10-06 19:53:25,385 INFO [4/9] 1012084258 (audio)
2026-10-06 19:53:34,710 INFO [5/9] 1012084766 (audio)
2026-10-06 19:53:45,667 INFO [6/9] 1012074730 (audio)
2026-10-06 19:54:23,192 INFO [7/9] 1012083795 (audio)
2026-10-06 19:54:31,391 INFO [8/9] 1012084428 (audio)
2026-10-06 19:54:40,348 INFO [9/9] 1012083924 (audio)
2026-10-06 19:54:48,925 INFO == Curso: Tips for best 50 moves in the opening for 10kyu level 2  -> Tips for best 50 moves in the opening for 10kyu level 2  (4 videos)
2026-10-06 19:54:48,926 INFO [1/4] 517500070 (audio)
2026-10-06 19:55:15,149 INFO [2/4] 517500067 (audio)
2026-10-06 19:55:52,406 INFO [3/4] 517500068 (audio)
2026-10-06 19:56:02,983 INFO [4/4] 517500069 (audio)
2026-10-06 19:56:11,440 INFO == Curso: Harass Your Opponent! - Use Aji 2  -> Harass Your Opponent! - Use Aji 2  (5 videos)
2026-10-06 19:56:11,441 INFO [1/5] 608963155 (audio)
2026-10-06 19:56:44,702 INFO [2/5] 608969744 (audio)
2026-10-06 19:57:29,541 INFO [3/5] 609229575 (audio)
2026-10-06 19:57:53,501 INFO [4/5] 608958835 (audio)
2026-10-06 19:58:00,820 INFO [5/5] 608958740 (audio)
2026-10-06 19:58:07,384 INFO == Curso: Trendy New Interesting Move  -> Trendy New Interesting Move  (28 videos)
2026-10-06 19:58:07,385 INFO [1/28] 659228789 (audio)
2026-10-06 19:58:17,915 INFO [2/28] 659232168 (audio)
2026-10-06 19:58:44,260 INFO [3/28] 659234683 (audio)
2026-10-06 19:59:22,819 INFO [4/28] 659231051 (audio)
2026-10-06 19:59:34,403 INFO [5/28] 659226046 (audio)
2026-10-06 19:59:42,747 INFO [6/28] 659227558 (audio)
2026-10-06 19:59:49,107 INFO [7/28] 659230706 (audio)
2026-10-06 19:59:56,077 INFO [8/28] 659228025 (audio)
2026-10-06 20:00:07,309 INFO [9/28] 659226130 (audio)
2026-10-06 20:00:14,765 INFO [10/28] 659227527 (audio)
2026-10-06 20:00:22,529 INFO [11/28] 659229926 (audio)
2026-10-06 20:00:33,774 INFO [12/28] 659228215 (audio)
2026-10-06 20:00:42,560 INFO [13/28] 659227469 (audio)
2026-10-06 20:00:50,739 INFO [14/28] 659227205 (audio)
2026-10-06 20:00:57,616 INFO [15/28] 659232602 (audio)
2026-10-06 20:01:04,960 INFO [16/28] 659232439 (audio)
2026-10-06 20:01:11,588 INFO [17/28] 659227245 (audio)
2026-10-06 20:01:18,765 INFO [18/28] 659225969 (audio)
2026-10-06 20:01:26,567 INFO [19/28] 659226601 (audio)
2026-10-06 20:01:38,068 INFO [20/28] 659232396 (audio)
2026-10-06 20:01:46,164 INFO [21/28] 659227182 (audio)
2026-10-06 20:01:54,128 INFO [22/28] 659225943 (audio)
2026-10-06 20:02:00,925 INFO [23/28] 659230602 (audio)
2026-10-06 20:02:20,174 INFO [24/28] 659228261 (audio)
2026-10-06 20:02:27,299 INFO [25/28] 659227837 (audio)
2026-10-06 20:02:37,662 INFO [26/28] 659228384 (audio)
2026-10-06 20:02:46,466 INFO [27/28] 659227299 (audio)
2026-10-06 20:02:53,244 INFO [28/28] 659232527 (audio)
2026-10-06 20:03:01,356 INFO == Curso: Probing Moves and Responses by ProfessionalsㅣPark-Junghwan vs Guzihao  -> Probing Moves and Responses by ProfessionalsㅣPark-Junghwan vs Guzihao  (3 videos)
2026-10-06 20:03:01,358 INFO [1/3] 1044234153 (audio)
2026-10-06 20:03:33,874 INFO [2/3] 1044235479 (audio)
2026-10-06 20:04:01,791 INFO [3/3] 1044232764 (audio)
2026-10-06 20:04:09,346 INFO == Curso: Let`s study endgame-1  -> Let`s study endgame-1  (7 videos)
2026-10-06 20:04:09,347 INFO [1/7] 1151105106 (audio)
2026-10-06 20:04:19,082 INFO [2/7] 1151281598 (audio)
2026-10-06 20:04:32,542 INFO [3/7] 1151281697 (audio)
2026-10-06 20:04:42,493 INFO [4/7] 1151281837 (audio)
2026-10-06 20:04:54,532 INFO [5/7] 1151282602 (audio)
2026-10-06 20:05:09,516 INFO [6/7] 1151105008 (audio)
2026-10-06 20:05:18,369 INFO [7/7] 1151282179 (audio)
2026-10-06 20:05:36,081 INFO == Curso: How to play in the corner  -> How to play in the corner  (7 videos)
2026-10-06 20:05:36,082 INFO [1/7] 1166655097 (audio)
2026-10-06 20:05:44,849 INFO [2/7] 1166655540 (audio)
2026-10-06 20:05:55,779 INFO [3/7] 1166655723 (audio)
2026-10-06 20:06:04,341 INFO [4/7] 1166656936 (audio)
2026-10-06 20:06:20,595 INFO [5/7] 1166658836 (audio)
2026-10-06 20:06:37,270 INFO [6/7] 1166657711 (audio)
2026-10-06 20:06:51,840 INFO [7/7] 1166654841 (audio)
2026-10-06 20:06:59,754 INFO == Curso: Don't Miss This Vital Point!  -> Don't Miss This Vital Point!  (11 videos)
2026-10-06 20:06:59,755 INFO [1/11] 774972246 (audio)
2026-10-06 20:07:07,406 INFO [2/11] 774974725 (audio)
2026-10-06 20:07:50,036 INFO [3/11] 774970094 (audio)
2026-10-06 20:07:58,221 INFO [4/11] 774970596 (audio)
2026-10-06 20:08:05,432 INFO [5/11] 774972004 (audio)
2026-10-06 20:08:12,334 INFO [6/11] 774971804 (audio)
2026-10-06 20:08:20,844 INFO [7/11] 774971090 (audio)
2026-10-06 20:08:29,936 INFO [8/11] 774970451 (audio)
2026-10-06 20:08:38,027 INFO [9/11] 774971543 (audio)
2026-10-06 20:08:47,786 INFO [10/11] 774972475 (audio)
2026-10-06 20:08:54,516 INFO [11/11] 774970809 (audio)
2026-10-06 20:09:03,769 INFO == Curso: The attachment tesuji  -> The attachment tesuji  (7 videos)
2026-10-06 20:09:03,770 INFO [1/7] 1211128356 (audio)
2026-10-06 20:09:13,620 INFO [2/7] 1211128613 (audio)
2026-10-06 20:09:27,629 INFO [3/7] 1211128721 (audio)
2026-10-06 20:09:36,698 INFO [4/7] 1211128884 (audio)
2026-10-06 20:09:48,988 INFO [5/7] 1211129033 (audio)
2026-10-06 20:10:02,367 INFO [6/7] 1211129197 (audio)
2026-10-06 20:10:13,305 INFO [7/7] 1211127587 (audio)
2026-10-06 20:10:23,237 INFO == Curso: Typical Mistakes 2 For DDK  -> Typical Mistakes 2 For DDK  (4 videos)
2026-10-06 20:10:23,238 INFO [1/4] 747265317 (audio)
2026-10-06 20:11:12,663 INFO [2/4] 747274340 (audio)
2026-10-06 20:11:49,095 INFO [3/4] 747271284 (audio)
2026-10-06 20:11:56,622 INFO [4/4] 747261940 (audio)
2026-10-06 20:12:04,325 INFO == Curso: 14th Chunlan Cup Final Game 1  -> 14th Chunlan Cup Final Game 1  (1 videos)
2026-10-06 20:12:04,326 INFO [1/1] 850000703 (audio)
2026-10-06 20:13:09,068 INFO == Curso: Invisible Fight!  -> Invisible Fight!  (5 videos)
2026-10-06 20:13:09,069 INFO [1/5] 942908597 (audio)
2026-10-06 20:13:20,949 INFO [2/5] 942909609 (audio)
2026-10-06 20:13:40,242 INFO [3/5] 942909972 (audio)
2026-10-06 20:13:59,455 INFO [4/5] 942908418 (audio)
2026-10-06 20:14:06,928 INFO [5/5] 942908039 (audio)
2026-10-06 20:14:14,270 INFO == Curso: The Strongest AI - Golaxy VS TianGo  -> The Strongest AI - Golaxy VS TianGo  (11 videos)
2026-10-06 20:14:14,271 INFO [1/11] 655652938 (audio)
2026-10-06 20:14:24,398 INFO [2/11] 655655274 (audio)
2026-10-06 20:15:12,221 INFO [3/11] 655656432 (audio)
2026-10-06 20:15:41,267 INFO [4/11] 655657398 (audio)
2026-10-06 20:16:06,257 INFO [5/11] 655652625 (audio)
2026-10-06 20:16:15,338 INFO [6/11] 655651610 (audio)
2026-10-06 20:16:19,840 WARNING 655651610 [audio] intento 1/3 fallo: ERROR: [vimeo] 655651610: Requested format is not available. Use --list-formats for a list of available formats
2026-10-06 20:16:24,591 WARNING 655651610 [audio] intento 2/3 fallo: ERROR: [vimeo] 655651610: Requested format is not available. Use --list-formats for a list of available formats
2026-10-06 20:16:31,566 WARNING 655651610 [audio] intento 3/3 fallo: ERROR: [vimeo] 655651610: Requested format is not available. Use --list-formats for a list of available formats
2026-10-06 20:16:37,567 ERROR 655651610 [audio] FALLO: ERROR: [vimeo] 655651610: Requested format is not available. Use --list-formats for a list of available formats
2026-10-06 20:16:38,577 INFO [7/11] 655652138 (audio)
2026-10-06 20:16:45,701 INFO [8/11] 655652041 (audio)
2026-10-06 20:16:50,421 WARNING 655652041 [audio] intento 1/3 fallo: ERROR: [vimeo] 655652041: Requested format is not available. Use --list-formats for a list of available formats
2026-10-06 20:16:55,439 WARNING 655652041 [audio] intento 2/3 fallo: ERROR: [vimeo] 655652041: Requested format is not available. Use --list-formats for a list of available formats
2026-10-06 20:17:02,218 WARNING 655652041 [audio] intento 3/3 fallo: ERROR: [vimeo] 655652041: Requested format is not available. Use --list-formats for a list of available formats
2026-10-06 20:17:08,219 ERROR 655652041 [audio] FALLO: ERROR: [vimeo] 655652041: Requested format is not available. Use --list-formats for a list of available formats
2026-10-06 20:17:09,236 INFO [9/11] 655656501 (audio)
2026-10-06 20:17:17,657 INFO [10/11] 655652419 (audio)
2026-10-06 20:17:27,522 INFO [11/11] 655652261 (audio)
2026-10-06 20:17:34,150 INFO == Curso: Good Shape vs Bad Shape 1  -> Good Shape vs Bad Shape 1  (5 videos)
2026-10-06 20:17:34,151 INFO [1/5] 759003879 (audio)
2026-10-06 20:17:43,798 INFO [2/5] 759009237 (audio)
2026-10-06 20:18:15,025 INFO [3/5] 759012569 (audio)
2026-10-06 20:19:06,225 INFO [4/5] 759003458 (audio)
2026-10-06 20:19:15,428 INFO [5/5] 759006806 (audio)
2026-10-06 20:19:23,501 INFO == Curso: Direction  -> Direction  (10 videos)
2026-10-06 20:19:23,502 INFO [1/10] 933551236 (audio)
2026-10-06 20:19:32,512 INFO [2/10] 933553886 (audio)
2026-10-06 20:19:51,702 INFO [3/10] 933758239 (audio)
2026-10-06 20:20:17,600 INFO [4/10] 933746870 (audio)
2026-10-06 20:20:27,792 INFO [5/10] 933749673 (audio)
2026-10-06 20:20:44,976 INFO [6/10] 933559790 (audio)
2026-10-06 20:21:05,042 INFO [7/10] 933746161 (audio)
2026-10-06 20:21:14,687 INFO [8/10] 933750997 (audio)
2026-10-06 20:21:23,148 INFO [9/10] 933751642 (audio)
2026-10-06 20:21:30,960 INFO [10/10] 933751424 (audio)
2026-10-06 20:21:40,457 INFO == Curso: wedge  -> wedge  (4 videos)
2026-10-06 20:21:40,458 INFO [1/4] 1200993500 (audio)
2026-10-06 20:21:50,488 INFO [2/4] 1200994437 (audio)
2026-10-06 20:22:13,370 INFO [3/4] 1200994858 (audio)
2026-10-06 20:22:33,663 INFO [4/4] 1200993378 (audio)
2026-10-06 20:22:41,985 INFO == Curso: Magic Of Ko Smart Way To Do Ko  -> Magic Of Ko Smart Way To Do Ko  (4 videos)
2026-10-06 20:22:41,986 INFO [1/4] 899009779 (audio)
2026-10-06 20:23:08,295 INFO [2/4] 899010086 (audio)
2026-10-06 20:23:27,939 INFO [3/4] 899008749 (audio)
2026-10-06 20:23:36,756 INFO [4/4] 899008647 (audio)
2026-10-06 20:23:44,816 INFO == Curso: Where are my Ko threats?  -> Where are my Ko threats_  (5 videos)
2026-10-06 20:23:44,817 INFO [1/5] 901468639 (audio)
2026-10-06 20:23:55,446 INFO [2/5] 901471862 (audio)
2026-10-06 20:24:25,085 INFO [3/5] 901472777 (audio)
2026-10-06 20:24:44,232 INFO [4/5] 901468116 (audio)
2026-10-06 20:24:52,435 INFO [5/5] 901468031 (audio)
2026-10-06 20:25:01,949 INFO == Curso: Do Not Jump  -> Do Not Jump  (7 videos)
2026-10-06 20:25:01,950 INFO [1/7] 662556380 (audio)
2026-10-06 20:25:10,982 INFO [2/7] 662560190 (audio)
2026-10-06 20:25:40,146 INFO [3/7] 662563125 (audio)
2026-10-06 20:26:27,345 INFO [4/7] 662558838 (audio)
2026-10-06 20:26:54,725 INFO [5/7] 662557302 (audio)
2026-10-06 20:27:03,056 INFO [6/7] 662556052 (audio)
2026-10-06 20:27:10,780 INFO [7/7] 662556191 (audio)
2026-10-06 20:27:18,121 INFO == Curso: Important & Urgent Place - Look At The Whole Board!  -> Important & Urgent Place - Look At The Whole Board!  (11 videos)
2026-10-06 20:27:18,122 INFO [1/11] 760544791 (audio)
2026-10-06 20:27:28,333 INFO [2/11] 760547033 (audio)
2026-10-06 20:27:58,960 INFO [3/11] 760548592 (audio)
2026-10-06 20:28:35,928 INFO [4/11] 760545392 (audio)
2026-10-06 20:28:44,447 INFO [5/11] 760547307 (audio)
2026-10-06 20:28:53,584 INFO [6/11] 760546039 (audio)
2026-10-06 20:29:05,354 INFO [7/11] 760544434 (audio)
2026-10-06 20:29:15,414 INFO [8/11] 760544226 (audio)
2026-10-06 20:29:26,464 INFO [9/11] 760545685 (audio)
2026-10-06 20:29:37,852 INFO [10/11] 760544595 (audio)
2026-10-06 20:29:47,546 INFO [11/11] 760545015 (audio)
2026-10-06 20:29:54,960 INFO == Curso: Never lose Capturing Race 4 - Vital point  -> Never lose Capturing Race 4 - Vital point  (3 videos)
2026-10-06 20:29:54,960 INFO [1/3] 541326978 (audio)
2026-10-06 20:30:21,589 INFO [2/3] 541326979 (audio)
2026-10-06 20:30:47,283 INFO [3/3] 541326977 (audio)
2026-10-06 20:31:16,561 INFO == Curso: How to Fix Your Shape  -> How to Fix Your Shape  (8 videos)
2026-10-06 20:31:16,562 INFO [1/8] 1186961005 (audio)
2026-10-06 20:31:32,677 INFO [2/8] 1186962307 (audio)
2026-10-06 20:31:45,853 INFO [3/8] 1186963395 (audio)
2026-10-06 20:32:05,462 INFO [4/8] 1186958901 (audio)
2026-10-06 20:32:13,425 INFO [5/8] 1186959069 (audio)
2026-10-06 20:32:21,376 INFO [6/8] 1186958601 (audio)
2026-10-06 20:32:29,213 INFO [7/8] 1186958724 (audio)
2026-10-06 20:32:38,428 INFO [8/8] 1186958996 (audio)
2026-10-06 20:32:47,207 INFO == Curso: Big Place VS Urgent Place  -> Big Place VS Urgent Place  (11 videos)
2026-10-06 20:32:47,208 INFO [1/11] 612461368 (audio)
2026-10-06 20:32:57,882 INFO [2/11] 612472090 (audio)
2026-10-06 20:33:24,931 INFO [3/11] 612479696 (audio)
2026-10-06 20:33:59,738 INFO [4/11] 612489872 (audio)
2026-10-06 20:34:48,397 INFO [5/11] 612460554 (audio)
2026-10-06 20:34:55,492 INFO [6/11] 612463085 (audio)
2026-10-06 20:35:02,519 INFO [7/11] 612468178 (audio)
2026-10-06 20:35:13,170 INFO [8/11] 612465523 (audio)
2026-10-06 20:35:27,786 INFO [9/11] 612460261 (audio)
2026-10-06 20:35:34,734 INFO [10/11] 612467090 (audio)
2026-10-06 20:35:46,210 INFO [11/11] 612464137 (audio)
2026-10-06 20:35:56,387 INFO == Curso: Escaping Golden Rule   -> Escaping Golden Rule  (5 videos)
2026-10-06 20:35:56,388 INFO [1/5] 646830234 (audio)
2026-10-06 20:36:19,235 INFO [2/5] 646832558 (audio)
2026-10-06 20:36:41,768 INFO [3/5] 646835077 (audio)
2026-10-06 20:37:18,781 INFO [4/5] 646828139 (audio)
2026-10-06 20:37:27,870 INFO [5/5] 646827980 (audio)
2026-10-06 20:37:36,199 INFO == Curso: Using Sente to Connect, Capture, Escape In A Fight  -> Using Sente to Connect, Capture, Escape In A Fight  (20 videos)
2026-10-06 20:37:36,200 INFO [1/20] 687462940 (audio)
2026-10-06 20:37:45,229 INFO [2/20] 687465165 (audio)
2026-10-06 20:38:05,206 INFO [3/20] 687466647 (audio)
2026-10-06 20:38:32,116 INFO [4/20] 687467989 (audio)
2026-10-06 20:38:52,714 INFO [5/20] 687465472 (audio)
2026-10-06 20:38:59,258 INFO [6/20] 687463597 (audio)
2026-10-06 20:39:06,713 INFO [7/20] 687464151 (audio)
2026-10-06 20:39:13,833 INFO [8/20] 687460981 (audio)
2026-10-06 20:39:21,338 INFO [9/20] 687463306 (audio)
2026-10-06 20:39:30,591 INFO [10/20] 687462690 (audio)
2026-10-06 20:39:37,867 INFO [11/20] 687460698 (audio)
2026-10-06 20:39:46,818 INFO [12/20] 687461782 (audio)
2026-10-06 20:39:53,473 INFO [13/20] 687461717 (audio)
2026-10-06 20:40:00,564 INFO [14/20] 687461431 (audio)
2026-10-06 20:40:07,675 INFO [15/20] 687461290 (audio)
2026-10-06 20:40:15,349 INFO [16/20] 687464076 (audio)
2026-10-06 20:40:23,880 INFO [17/20] 687462068 (audio)
2026-10-06 20:40:32,658 INFO [18/20] 687462422 (audio)
2026-10-06 20:40:42,991 INFO [19/20] 687461129 (audio)
2026-10-06 20:40:49,731 INFO [20/20] 687463918 (audio)
2026-10-06 20:40:57,351 INFO == Curso: Fight on the side  -> Fight on the side  (10 videos)
2026-10-06 20:40:57,352 INFO [1/10] 1002342800 (audio)
2026-10-06 20:41:05,592 INFO [2/10] 1002343471 (audio)
2026-10-06 20:41:24,623 INFO [3/10] 1002344304 (audio)
2026-10-06 20:41:46,557 INFO [4/10] 1002342593 (audio)
2026-10-06 20:41:53,974 INFO [5/10] 1002343683 (audio)
2026-10-06 20:42:01,795 INFO [6/10] 1002342085 (audio)
2026-10-06 20:42:10,645 INFO [7/10] 1002343631 (audio)
2026-10-06 20:42:22,003 INFO [8/10] 1002342644 (audio)
2026-10-06 20:42:31,275 INFO [9/10] 1002341546 (audio)
2026-10-06 20:42:38,639 INFO [10/10] 1002342288 (audio)
2026-10-06 20:42:48,792 INFO == Curso: Two space pincer   -> Two space pincer  (7 videos)
2026-10-06 20:42:48,793 INFO [1/7] 1126800602 (audio)
2026-10-06 20:42:55,868 INFO [2/7] 1126801988 (audio)
2026-10-06 20:43:06,615 INFO [3/7] 1126802670 (audio)
2026-10-06 20:43:24,326 INFO [4/7] 1126804066 (audio)
2026-10-06 20:43:43,552 INFO [5/7] 1126799877 (audio)
2026-10-06 20:43:53,271 INFO [6/7] 1126801405 (audio)
2026-10-06 20:44:06,197 INFO [7/7] 1126816007 (audio)
2026-10-06 20:44:13,975 INFO == Curso: Beginner Course 8 Lines, Corner, Side, Center  -> Beginner Course 8 Lines, Corner, Side, Center  (16 videos)
2026-10-06 20:44:13,977 INFO [1/16] 689941535 (audio)
2026-10-06 20:44:50,677 INFO [2/16] 689942501 (audio)
2026-10-06 20:45:13,188 INFO [3/16] 689942844 (audio)
2026-10-06 20:45:21,129 INFO [4/16] 689940094 (audio)
2026-10-06 20:45:28,072 INFO [5/16] 689940211 (audio)
2026-10-06 20:45:35,263 INFO [6/16] 689941682 (audio)
2026-10-06 20:45:42,355 INFO [7/16] 689942692 (audio)
2026-10-06 20:45:49,990 INFO [8/16] 689942720 (audio)
2026-10-06 20:45:57,435 INFO [9/16] 689940403 (audio)
2026-10-06 20:46:04,889 INFO [10/16] 689940257 (audio)
2026-10-06 20:46:12,081 INFO [11/16] 689940358 (audio)
2026-10-06 20:46:19,224 INFO [12/16] 689942627 (audio)
2026-10-06 20:46:28,276 INFO [13/16] 689941788 (audio)
2026-10-06 20:46:38,603 INFO [14/16] 689940291 (audio)
2026-10-06 20:46:45,139 INFO [15/16] 689940390 (audio)
2026-10-06 20:46:53,131 INFO [16/16] 689940134 (audio)
2026-10-06 20:47:00,016 INFO == Curso: Connection Skill 1  -> Connection Skill 1  (5 videos)
2026-10-06 20:47:00,017 INFO [1/5] 769428730 (audio)
2026-10-06 20:47:20,841 INFO [2/5] 769431027 (audio)
2026-10-06 20:47:42,333 INFO [3/5] 769433180 (audio)
2026-10-06 20:48:10,373 INFO [4/5] 769426725 (audio)
2026-10-06 20:48:17,990 INFO [5/5] 769426787 (audio)
2026-10-06 20:48:24,674 WARNING 769426787 [audio] intento 1/3 fallo: ERROR: unable to download video data: HTTP Error 503: Backend unavailable, connection timeout
2026-10-06 20:48:32,784 INFO == Curso: Typical Mistakes 3  -> Typical Mistakes 3  (6 videos)
2026-10-06 20:48:32,785 INFO [1/6] 796642456 (audio)
2026-10-06 20:48:40,800 INFO [2/6] 796644814 (audio)
2026-10-06 20:49:04,371 INFO [3/6] 796647455 (audio)
2026-10-06 20:49:37,598 INFO [4/6] 796642092 (audio)
2026-10-06 20:49:44,910 INFO [5/6] 796642154 (audio)
2026-10-06 20:49:52,049 INFO [6/6] 796642278 (audio)
2026-10-06 20:49:59,195 INFO == Curso: Tenuki and play better place  -> Tenuki and play better place  (3 videos)
2026-10-06 20:49:59,196 INFO [1/3] 999074818 (audio)
2026-10-06 20:50:08,939 INFO [2/3] 999075560 (audio)
2026-10-06 20:50:25,248 INFO [3/3] 999076487 (audio)
2026-10-06 20:50:43,129 INFO == Curso: Beginner Course 10 Review Of 9x9 Board Game.  -> Beginner Course 10 Review Of 9x9 Board Game  (13 videos)
2026-10-06 20:50:43,130 INFO [1/13] 689985533 (audio)
2026-10-06 20:51:03,664 INFO [2/13] 689987299 (audio)
2026-10-06 20:51:29,107 INFO [3/13] 689973766 (audio)
2026-10-06 20:51:36,868 INFO [4/13] 689984467 (audio)
2026-10-06 20:51:43,560 INFO [5/13] 689984586 (audio)
2026-10-06 20:51:52,114 INFO [6/13] 689973932 (audio)
2026-10-06 20:51:59,232 INFO [7/13] 689973861 (audio)
2026-10-06 20:52:07,144 INFO [8/13] 689973881 (audio)
2026-10-06 20:52:14,040 INFO [9/13] 689974001 (audio)
2026-10-06 20:52:20,828 INFO [10/13] 689975142 (audio)
2026-10-06 20:52:32,324 INFO [11/13] 689974027 (audio)
2026-10-06 20:52:39,683 INFO [12/13] 689973916 (audio)
2026-10-06 20:52:46,394 INFO [13/13] 689973805 (audio)
2026-10-06 20:52:53,392 INFO == Curso: Endgame-Using Stone To Connect  -> Endgame-Using Stone To Connect  (13 videos)
2026-10-06 20:52:53,393 INFO [1/13] 709792117 (audio)
2026-10-06 20:53:02,591 INFO [2/13] 709793650 (audio)
2026-10-06 20:53:18,220 INFO [3/13] 709794235 (audio)
2026-10-06 20:53:33,780 INFO [4/13] 709795550 (audio)
2026-10-06 20:54:13,481 INFO [5/13] 709791607 (audio)
2026-10-06 20:54:21,141 INFO [6/13] 709793104 (audio)
2026-10-06 20:54:30,603 INFO [7/13] 709792864 (audio)
2026-10-06 20:54:53,208 INFO [8/13] 709791394 (audio)
2026-10-06 20:55:01,992 INFO [9/13] 709791118 (audio)
2026-10-06 20:55:10,288 INFO [10/13] 709791722 (audio)
2026-10-06 20:55:19,568 INFO [11/13] 709791966 (audio)
2026-10-06 20:55:27,897 INFO [12/13] 709791546 (audio)
2026-10-06 20:55:37,332 INFO [13/13] 709791275 (audio)
2026-10-06 20:55:44,549 INFO == Curso: Can't Avoid This Trick Move  -> Can't Avoid This Trick Move  (2 videos)
2026-10-06 20:55:44,551 INFO [1/2] 1031912478 (audio)
2026-10-06 20:56:12,974 INFO [2/2] 1031914021 (audio)
2026-10-06 20:56:37,666 INFO == Curso: Beginner Course 7 Completing Boundary & Endgame  -> Beginner Course 7 Completing Boundary & Endgame  (13 videos)
2026-10-06 20:56:37,667 INFO [1/13] 687405238 (audio)
2026-10-06 20:56:56,830 INFO [2/13] 687405807 (audio)
2026-10-06 20:57:17,854 INFO [3/13] 687449024 (audio)
2026-10-06 20:57:46,330 INFO [4/13] 687404316 (audio)
2026-10-06 20:57:53,423 INFO [5/13] 687404595 (audio)
2026-10-06 20:58:01,101 INFO [6/13] 687404532 (audio)
2026-10-06 20:58:08,737 INFO [7/13] 687404216 (audio)
2026-10-06 20:58:15,593 INFO [8/13] 687404396 (audio)
2026-10-06 20:58:23,404 INFO [9/13] 687404422 (audio)
2026-10-06 20:58:30,667 INFO [10/13] 687404494 (audio)
2026-10-06 20:58:37,780 INFO [11/13] 687404299 (audio)
2026-10-06 20:58:45,106 INFO [12/13] 687404362 (audio)
2026-10-06 20:58:52,382 INFO [13/13] 687404551 (audio)
2026-10-06 20:58:59,273 INFO == Curso: Beginner Course 18 Common Mistakes Top 3  -> Beginner Course 18 Common Mistakes Top 3  (7 videos)
2026-10-06 20:58:59,274 INFO [1/7] 708531152 (audio)
2026-10-06 20:59:23,741 INFO [2/7] 708532429 (audio)
2026-10-06 20:59:41,584 INFO [3/7] 708534147 (audio)
2026-10-06 20:59:54,615 INFO [4/7] 708535317 (audio)
2026-10-06 21:00:12,767 INFO [5/7] 708534194 (audio)
2026-10-06 21:00:20,344 INFO [6/7] 708531462 (audio)
2026-10-06 21:00:27,791 INFO [7/7] 708531501 (audio)
2026-10-06 21:00:35,160 INFO == Curso: New course  -> New course [HAQWWQbxZApmALv6Kidz]  (1 videos)
2026-10-06 21:00:35,161 INFO [1/1] 1072158957 (audio)
2026-10-06 21:00:43,385 INFO == Curso: Never play those moves!  -> Never play those moves!  (6 videos)
2026-10-06 21:00:43,386 INFO [1/6] 543754609 (audio)
2026-10-06 21:01:21,376 INFO [2/6] 543754607 (audio)
2026-10-06 21:02:09,017 INFO [3/6] 543754608 (audio)
2026-10-06 21:02:40,953 INFO [4/6] 543754606 (audio)
2026-10-06 21:03:13,319 INFO [5/6] 544223407 (audio)
2026-10-06 21:03:44,939 INFO [6/6] 544223409 (audio)
2026-10-06 21:04:32,359 INFO == Curso: How To Break Through In Opponent's Area?  -> How To Break Through In Opponent's Area_  (11 videos)
2026-10-06 21:04:32,360 INFO [1/11] 599975588 (audio)
2026-10-06 21:04:40,395 INFO [2/11] 599981908 (audio)
2026-10-06 21:05:25,103 INFO [3/11] 599987273 (audio)
2026-10-06 21:05:52,246 INFO [4/11] 599992115 (audio)
2026-10-06 21:06:21,637 INFO [5/11] 599983993 (audio)
2026-10-06 21:06:30,403 INFO [6/11] 599983436 (audio)
2026-10-06 21:06:37,079 INFO [7/11] 599975326 (audio)
2026-10-06 21:06:44,076 INFO [8/11] 599976498 (audio)
2026-10-06 21:06:52,577 INFO [9/11] 599977015 (audio)
2026-10-06 21:06:59,947 INFO [10/11] 599976115 (audio)
2026-10-06 21:07:07,711 INFO [11/11] 599976774 (audio)
2026-10-06 21:07:15,408 INFO == Curso: Tiger's Mouth Vital PointㅣBaduk Proverb  -> Tiger's Mouth Vital PointㅣBaduk Proverb  (6 videos)
2026-10-06 21:07:15,409 INFO [1/6] 787485806 (audio)
2026-10-06 21:07:24,019 INFO [2/6] 787487507 (audio)
2026-10-06 21:07:54,833 INFO [3/6] 787489043 (audio)
2026-10-06 21:08:28,834 INFO [4/6] 787485927 (audio)
2026-10-06 21:08:36,129 INFO [5/6] 787485901 (audio)
2026-10-06 21:08:43,251 INFO [6/6] 787485682 (audio)
2026-10-06 21:08:51,646 INFO == Curso: Mastering The Ko Fight  -> Mastering The Ko Fight  (17 videos)
2026-10-06 21:08:51,648 INFO [1/17] 1137782558 (audio)
2026-10-06 21:09:01,078 INFO [2/17] 1137784658 (audio)
2026-10-06 21:09:23,606 INFO [3/17] 1137787457 (audio)
2026-10-06 21:09:55,438 INFO [4/17] 1137775995 (audio)
2026-10-06 21:10:03,003 INFO [5/17] 1137781891 (audio)
2026-10-06 21:10:11,606 INFO [6/17] 1137772881 (audio)
2026-10-06 21:10:18,896 INFO [7/17] 1137779151 (audio)
2026-10-06 21:10:26,719 INFO [8/17] 1137780405 (audio)
2026-10-06 21:10:35,218 INFO [9/17] 1137778975 (audio)
2026-10-06 21:10:40,317 WARNING 1137778975 [audio] intento 1/3 fallo: ERROR: [vimeo] 1137778975: Requested format is not available. Use --list-formats for a list of available formats
2026-10-06 21:10:45,383 WARNING 1137778975 [audio] intento 2/3 fallo: ERROR: [vimeo] 1137778975: Requested format is not available. Use --list-formats for a list of available formats
2026-10-06 21:10:52,142 WARNING 1137778975 [audio] intento 3/3 fallo: ERROR: [vimeo] 1137778975: Requested format is not available. Use --list-formats for a list of available formats
2026-10-06 21:10:58,143 ERROR 1137778975 [audio] FALLO: ERROR: [vimeo] 1137778975: Requested format is not available. Use --list-formats for a list of available formats
2026-10-06 21:10:59,154 INFO [10/17] 1137782173 (audio)
2026-10-06 21:11:07,911 INFO [11/17] 1137780771 (audio)
2026-10-06 21:11:16,120 INFO [12/17] 1137781372 (audio)
2026-10-06 21:11:24,160 INFO [13/17] 1137780174 (audio)
2026-10-06 21:11:34,848 INFO [14/17] 1137779479 (audio)
2026-10-06 21:11:40,417 WARNING 1137779479 [audio] intento 1/3 fallo: ERROR: [vimeo] 1137779479: Requested format is not available. Use --list-formats for a list of available formats
2026-10-06 21:11:45,134 WARNING 1137779479 [audio] intento 2/3 fallo: ERROR: [vimeo] 1137779479: Requested format is not available. Use --list-formats for a list of available formats
2026-10-06 21:11:52,082 WARNING 1137779479 [audio] intento 3/3 fallo: ERROR: [vimeo] 1137779479: Requested format is not available. Use --list-formats for a list of available formats
2026-10-06 21:11:58,083 ERROR 1137779479 [audio] FALLO: ERROR: [vimeo] 1137779479: Requested format is not available. Use --list-formats for a list of available formats
2026-10-06 21:11:59,102 INFO [15/17] 1137778780 (audio)
2026-10-06 21:12:04,296 WARNING 1137778780 [audio] intento 1/3 fallo: ERROR: [vimeo] 1137778780: Requested format is not available. Use --list-formats for a list of available formats
2026-10-06 21:12:09,241 WARNING 1137778780 [audio] intento 2/3 fallo: ERROR: [vimeo] 1137778780: Requested format is not available. Use --list-formats for a list of available formats
2026-10-06 21:12:16,252 WARNING 1137778780 [audio] intento 3/3 fallo: ERROR: [vimeo] 1137778780: Requested format is not available. Use --list-formats for a list of available formats
2026-10-06 21:12:22,253 ERROR 1137778780 [audio] FALLO: ERROR: [vimeo] 1137778780: Requested format is not available. Use --list-formats for a list of available formats
2026-10-06 21:12:23,274 INFO [16/17] 1137781622 (audio)
2026-10-06 21:12:32,642 INFO [17/17] 1137778376 (audio)
2026-10-06 21:12:47,054 INFO == Curso: Super Attachment Lecture  -> Super Attachment Lecture  (11 videos)
2026-10-06 21:12:47,054 INFO [1/11] 672610534 (audio)
2026-10-06 21:13:01,915 INFO [2/11] 672613855 (audio)
2026-10-06 21:13:22,630 INFO [3/11] 672615006 (audio)
2026-10-06 21:13:56,623 INFO [4/11] 672615518 (audio)
2026-10-06 21:14:14,685 INFO [5/11] 672616638 (audio)
2026-10-06 21:14:38,599 INFO [6/11] 672612741 (audio)
2026-10-06 21:14:55,626 INFO [7/11] 672612912 (audio)
2026-10-06 21:15:05,852 INFO [8/11] 672610236 (audio)
2026-10-06 21:15:13,507 INFO [9/11] 672612284 (audio)
2026-10-06 21:15:20,527 INFO [10/11] 672613045 (audio)
2026-10-06 21:15:30,318 INFO [11/11] 672610268 (audio)
2026-10-06 21:15:38,183 INFO == Curso: Removing the Base – A Key Technique in Attack  -> Removing the Base – A Key Technique in Attack  (6 videos)
2026-10-06 21:15:38,184 INFO [1/6] 1116645302 (audio)
2026-10-06 21:16:06,058 INFO [2/6] 1116646170 (audio)
2026-10-06 21:16:28,713 INFO [3/6] 1116644373 (audio)
2026-10-06 21:16:35,661 INFO [4/6] 1116644384 (audio)
2026-10-06 21:16:42,939 INFO [5/6] 1116644321 (audio)
2026-10-06 21:16:50,523 INFO [6/6] 1116644409 (audio)
2026-10-06 21:16:57,801 INFO == Curso: Beginner Course 25 Corner Pattern 2  -> Beginner Course 25 Corner Pattern 2  (3 videos)
2026-10-06 21:16:57,802 INFO [1/3] 727330177 (audio)
2026-10-06 21:17:27,562 INFO [2/3] 727331983 (audio)
2026-10-06 21:17:51,544 INFO [3/3] 727328557 (audio)
2026-10-06 21:17:59,369 INFO == Curso: Playing In The Center  -> Playing In The Center  (3 videos)
2026-10-06 21:17:59,370 INFO [1/3] 1163447226 (audio)
2026-10-06 21:18:09,025 INFO [2/3] 1163447138 (audio)
2026-10-06 21:18:33,899 INFO [3/3] 1163447044 (audio)
2026-10-06 21:18:59,968 INFO == Curso: Let's get to know about the Trend Jeongseok!!   -> Let's get to know about the Trend Jeongseok!!  (9 videos)
2026-10-06 21:18:59,969 INFO [1/9] 797529574 (audio)
2026-10-06 21:19:09,816 INFO [2/9] 797535382 (audio)
2026-10-06 21:19:48,275 INFO [3/9] 797537335 (audio)
2026-10-06 21:20:25,715 INFO [4/9] 797532163 (audio)
2026-10-06 21:21:01,636 INFO [5/9] 797529345 (audio)
2026-10-06 21:21:10,980 INFO [6/9] 797528982 (audio)
2026-10-06 21:21:23,163 INFO [7/9] 797528531 (audio)
2026-10-06 21:21:30,766 INFO [8/9] 797530276 (audio)
2026-10-06 21:21:37,846 INFO [9/9] 797530208 (audio)
2026-10-06 21:21:48,070 INFO == Curso: Ask before defense   -> Ask before defense  (7 videos)
2026-10-06 21:21:48,072 INFO [1/7] 1046616306 (audio)
2026-10-06 21:21:59,796 INFO [2/7] 1046616575 (audio)
2026-10-06 21:22:13,025 INFO [3/7] 1046617101 (audio)
2026-10-06 21:22:27,523 INFO [4/7] 1046615920 (audio)
2026-10-06 21:22:35,695 INFO [5/7] 1046616132 (audio)
2026-10-06 21:22:43,353 INFO [6/7] 1046616080 (audio)
2026-10-06 21:22:51,340 INFO [7/7] 1046615860 (audio)
2026-10-06 21:22:58,540 INFO == Curso: How to sabaki  -> How to sabaki  (7 videos)
2026-10-06 21:22:58,540 INFO [1/7] 979550386 (audio)
2026-10-06 21:23:07,272 INFO [2/7] 979551536 (audio)
2026-10-06 21:23:24,144 INFO [3/7] 979553268 (audio)
2026-10-06 21:23:50,636 INFO [4/7] 979546620 (audio)
2026-10-06 21:23:59,273 INFO [5/7] 979546388 (audio)
2026-10-06 21:24:14,600 INFO [6/7] 979549574 (audio)
2026-10-06 21:24:43,151 INFO [7/7] 979545463 (audio)
2026-10-06 21:24:51,809 INFO == Curso: New course  -> New course [IngyWEtvjSvS2lP2o6sY]  (13 videos)
2026-10-06 21:24:51,811 INFO [1/13] 857343521 (audio)
2026-10-06 21:24:57,866 WARNING 857343521 [audio] intento 1/3 fallo: ERROR: [vimeo] 857343521: Requested format is not available. Use --list-formats for a list of available formats
2026-10-06 21:25:02,723 WARNING 857343521 [audio] intento 2/3 fallo: ERROR: [vimeo] 857343521: Requested format is not available. Use --list-formats for a list of available formats
2026-10-06 21:25:09,579 WARNING 857343521 [audio] intento 3/3 fallo: ERROR: [vimeo] 857343521: Requested format is not available. Use --list-formats for a list of available formats
2026-10-06 21:25:15,581 ERROR 857343521 [audio] FALLO: ERROR: [vimeo] 857343521: Requested format is not available. Use --list-formats for a list of available formats
2026-10-06 21:25:16,600 INFO [2/13] 857345262 (audio)
2026-10-06 21:25:21,711 WARNING 857345262 [audio] intento 1/3 fallo: ERROR: [vimeo] 857345262: Requested format is not available. Use --list-formats for a list of available formats
2026-10-06 21:25:26,697 WARNING 857345262 [audio] intento 2/3 fallo: ERROR: [vimeo] 857345262: Requested format is not available. Use --list-formats for a list of available formats
2026-10-06 21:25:33,504 WARNING 857345262 [audio] intento 3/3 fallo: ERROR: [vimeo] 857345262: Requested format is not available. Use --list-formats for a list of available formats
2026-10-06 21:25:39,505 ERROR 857345262 [audio] FALLO: ERROR: [vimeo] 857345262: Requested format is not available. Use --list-formats for a list of available formats
2026-10-06 21:25:40,526 INFO [3/13] 857345476 (audio)
2026-10-06 21:25:45,181 WARNING 857345476 [audio] intento 1/3 fallo: ERROR: [vimeo] 857345476: Requested format is not available. Use --list-formats for a list of available formats
2026-10-06 21:25:49,935 WARNING 857345476 [audio] intento 2/3 fallo: ERROR: [vimeo] 857345476: Requested format is not available. Use --list-formats for a list of available formats
2026-10-06 21:25:56,747 WARNING 857345476 [audio] intento 3/3 fallo: ERROR: [vimeo] 857345476: Requested format is not available. Use --list-formats for a list of available formats
2026-10-06 21:26:02,749 ERROR 857345476 [audio] FALLO: ERROR: [vimeo] 857345476: Requested format is not available. Use --list-formats for a list of available formats
2026-10-06 21:26:03,769 INFO [4/13] 857345416 (audio)
2026-10-06 21:26:08,913 WARNING 857345416 [audio] intento 1/3 fallo: ERROR: [vimeo] 857345416: Requested format is not available. Use --list-formats for a list of available formats
2026-10-06 21:26:13,673 WARNING 857345416 [audio] intento 2/3 fallo: ERROR: [vimeo] 857345416: Requested format is not available. Use --list-formats for a list of available formats
2026-10-06 21:26:20,488 WARNING 857345416 [audio] intento 3/3 fallo: ERROR: [vimeo] 857345416: Requested format is not available. Use --list-formats for a list of available formats
2026-10-06 21:26:26,489 ERROR 857345416 [audio] FALLO: ERROR: [vimeo] 857345416: Requested format is not available. Use --list-formats for a list of available formats
2026-10-06 21:26:27,510 INFO [5/13] 857340775 (audio)
2026-10-06 21:26:35,833 INFO [6/13] 857342244 (audio)
2026-10-06 21:26:41,990 WARNING 857342244 [audio] intento 1/3 fallo: ERROR: [vimeo] 857342244: Requested format is not available. Use --list-formats for a list of available formats
2026-10-06 21:26:46,932 WARNING 857342244 [audio] intento 2/3 fallo: ERROR: [vimeo] 857342244: Requested format is not available. Use --list-formats for a list of available formats
2026-10-06 21:26:54,409 WARNING 857342244 [audio] intento 3/3 fallo: ERROR: [vimeo] 857342244: Requested format is not available. Use --list-formats for a list of available formats
2026-10-06 21:27:00,410 ERROR 857342244 [audio] FALLO: ERROR: [vimeo] 857342244: Requested format is not available. Use --list-formats for a list of available formats
2026-10-06 21:27:01,419 INFO [7/13] 857340357 (audio)
2026-10-06 21:27:09,469 INFO [8/13] 857341794 (audio)
2026-10-06 21:27:15,186 WARNING 857341794 [audio] intento 1/3 fallo: ERROR: [vimeo] 857341794: Requested format is not available. Use --list-formats for a list of available formats
2026-10-06 21:27:20,276 WARNING 857341794 [audio] intento 2/3 fallo: ERROR: [vimeo] 857341794: Requested format is not available. Use --list-formats for a list of available formats
2026-10-06 21:27:27,125 WARNING 857341794 [audio] intento 3/3 fallo: ERROR: [vimeo] 857341794: Requested format is not available. Use --list-formats for a list of available formats
2026-10-06 21:27:33,126 ERROR 857341794 [audio] FALLO: ERROR: [vimeo] 857341794: Requested format is not available. Use --list-formats for a list of available formats
2026-10-06 21:27:34,148 INFO [9/13] 857340514 (audio)
2026-10-06 21:27:41,655 INFO [10/13] 857342012 (audio)
2026-10-06 21:27:47,168 WARNING 857342012 [audio] intento 1/3 fallo: ERROR: [vimeo] 857342012: Requested format is not available. Use --list-formats for a list of available formats
2026-10-06 21:27:51,992 WARNING 857342012 [audio] intento 2/3 fallo: ERROR: [vimeo] 857342012: Requested format is not available. Use --list-formats for a list of available formats
2026-10-06 21:27:59,056 WARNING 857342012 [audio] intento 3/3 fallo: ERROR: [vimeo] 857342012: Requested format is not available. Use --list-formats for a list of available formats
2026-10-06 21:28:05,057 ERROR 857342012 [audio] FALLO: ERROR: [vimeo] 857342012: Requested format is not available. Use --list-formats for a list of available formats
2026-10-06 21:28:06,077 INFO [11/13] 857341817 (audio)
2026-10-06 21:28:11,666 WARNING 857341817 [audio] intento 1/3 fallo: ERROR: [vimeo] 857341817: Requested format is not available. Use --list-formats for a list of available formats
2026-10-06 21:28:18,192 WARNING 857341817 [audio] intento 2/3 fallo: ERROR: [vimeo] 857341817: Requested format is not available. Use --list-formats for a list of available formats
2026-10-06 21:28:25,109 WARNING 857341817 [audio] intento 3/3 fallo: ERROR: [vimeo] 857341817: Requested format is not available. Use --list-formats for a list of available formats
2026-10-06 21:28:31,110 ERROR 857341817 [audio] FALLO: ERROR: [vimeo] 857341817: Requested format is not available. Use --list-formats for a list of available formats
2026-10-06 21:28:32,121 INFO [12/13] 857340408 (audio)
2026-10-06 21:28:34,579 WARNING 857340408 [audio] intento 1/3 fallo: ERROR: [vimeo] 857340408: Unable to download webpage: HTTP Error 404: Not Found (caused by <HTTPError 404: Not Found>)
2026-10-06 21:28:38,839 WARNING 857340408 [audio] intento 2/3 fallo: ERROR: [vimeo] 857340408: Unable to download webpage: HTTP Error 404: Not Found (caused by <HTTPError 404: Not Found>)
2026-10-06 21:28:45,363 WARNING 857340408 [audio] intento 3/3 fallo: ERROR: [vimeo] 857340408: Unable to download webpage: HTTP Error 404: Not Found (caused by <HTTPError 404: Not Found>)
2026-10-06 21:28:51,364 ERROR 857340408 [audio] FALLO: ERROR: [vimeo] 857340408: Unable to download webpage: HTTP Error 404: Not Found (caused by <HTTPError 404: Not Found>)
2026-10-06 21:28:52,386 INFO [13/13] 857341235 (audio)
2026-10-06 21:28:58,337 WARNING 857341235 [audio] intento 1/3 fallo: ERROR: [vimeo] 857341235: Requested format is not available. Use --list-formats for a list of available formats
2026-10-06 21:29:03,500 WARNING 857341235 [audio] intento 2/3 fallo: ERROR: [vimeo] 857341235: Requested format is not available. Use --list-formats for a list of available formats
2026-10-06 21:29:10,297 WARNING 857341235 [audio] intento 3/3 fallo: ERROR: [vimeo] 857341235: Requested format is not available. Use --list-formats for a list of available formats
2026-10-06 21:29:16,299 ERROR 857341235 [audio] FALLO: ERROR: [vimeo] 857341235: Requested format is not available. Use --list-formats for a list of available formats
2026-10-06 21:29:17,314 INFO == Curso: After Jeong-Seock 4 - 4.4 point  -> After Jeong-Seock 4 - 4.4 point  (2 videos)
2026-10-06 21:29:17,315 INFO [1/2] 524313656 (audio)
2026-10-06 21:29:33,645 INFO [2/2] 524313655 (audio)
2026-10-06 21:30:05,589 INFO == Curso: Good choice in the Opening  -> Good choice in the Opening  (17 videos)
2026-10-06 21:30:05,590 INFO [1/17] 825619443 (audio)
2026-10-06 21:30:14,723 INFO [2/17] 825623694 (audio)
2026-10-06 21:30:51,273 INFO [3/17] 825625372 (audio)
2026-10-06 21:31:16,012 INFO [4/17] 825626570 (audio)
2026-10-06 21:31:27,190 INFO [5/17] 825621148 (audio)
2026-10-06 21:31:35,342 INFO [6/17] 825625850 (audio)
2026-10-06 21:31:44,693 INFO [7/17] 825618505 (audio)
2026-10-06 21:31:54,220 INFO [8/17] 825626078 (audio)
2026-10-06 21:32:01,095 INFO [9/17] 825617972 (audio)
2026-10-06 21:32:07,422 WARNING 825617972 [audio] intento 1/3 fallo: ERROR: unable to download video data: HTTP Error 503: Backend unavailable, connection timeout
2026-10-06 21:32:16,355 INFO [10/17] 825620933 (audio)
2026-10-06 21:32:37,581 INFO [11/17] 825616958 (audio)
2026-10-06 21:32:58,895 INFO [12/17] 825619143 (audio)
2026-10-06 21:33:08,955 INFO [13/17] 825618177 (audio)
2026-10-06 21:33:17,110 INFO [14/17] 825625429 (audio)
2026-10-06 21:33:24,753 INFO [15/17] 825617119 (audio)
2026-10-06 21:33:33,030 INFO [16/17] 825619549 (audio)
2026-10-06 21:33:40,608 INFO [17/17] 825618836 (audio)
2026-10-06 21:33:48,671 INFO == Curso: Escaping Techniques  -> Escaping Techniques  (11 videos)
2026-10-06 21:33:48,672 INFO [1/11] 897670794 (audio)
2026-10-06 21:33:59,177 INFO [2/11] 897671343 (audio)
2026-10-06 21:34:24,055 INFO [3/11] 897671969 (audio)
2026-10-06 21:34:51,324 INFO [4/11] 897670518 (audio)
2026-10-06 21:35:00,466 INFO [5/11] 897670561 (audio)
2026-10-06 21:35:08,921 INFO [6/11] 897670676 (audio)
2026-10-06 21:35:17,505 INFO [7/11] 897670257 (audio)
2026-10-06 21:35:25,805 INFO [8/11] 897670372 (audio)
2026-10-06 21:35:34,797 INFO [9/11] 897671327 (audio)
2026-10-06 21:35:41,797 INFO [10/11] 897670458 (audio)
2026-10-06 21:35:49,662 INFO [11/11] 897670175 (audio)
2026-10-06 21:35:58,848 INFO == Curso: Choosing the perfect Jeong-Seock 2  -> Choosing the perfect Jeong-Seock 2  (7 videos)
2026-10-06 21:35:58,849 INFO [1/7] 524318188 (audio)
2026-10-06 21:36:21,776 INFO [2/7] 524318191 (audio)
2026-10-06 21:36:33,819 INFO [3/7] 524318189 (audio)
2026-10-06 21:36:44,277 INFO [4/7] 524318194 (audio)
2026-10-06 21:36:59,930 INFO [5/7] 524318190 (audio)
2026-10-06 21:37:11,730 INFO [6/7] 524318187 (audio)
2026-10-06 21:37:23,422 INFO [7/7] 524318186 (audio)
2026-10-06 21:37:39,374 INFO == Curso: Useful Endgame - Attachment  -> Useful Endgame - Attachment  (9 videos)
2026-10-06 21:37:39,375 INFO [1/9] 872885157 (audio)
2026-10-06 21:37:47,444 INFO [2/9] 872887050 (audio)
2026-10-06 21:38:10,528 INFO [3/9] 872889633 (audio)
2026-10-06 21:38:33,387 INFO [4/9] 872884043 (audio)
2026-10-06 21:38:40,968 INFO [5/9] 872887386 (audio)
2026-10-06 21:38:48,908 INFO [6/9] 872884394 (audio)
2026-10-06 21:38:58,227 INFO [7/9] 872884872 (audio)
2026-10-06 21:39:05,656 INFO [8/9] 872883650 (audio)
2026-10-06 21:39:13,008 INFO [9/9] 872883451 (audio)
2026-10-06 21:39:21,008 INFO == Curso: Tips For Finding Better Space  -> Tips For Finding Better Space  (7 videos)
2026-10-06 21:39:21,008 INFO [1/7] 778842755 (audio)
2026-10-06 21:39:30,273 INFO [2/7] 778845554 (audio)
2026-10-06 21:39:58,355 INFO [3/7] 778846679 (audio)
2026-10-06 21:40:20,108 INFO [4/7] 778848268 (audio)
2026-10-06 21:40:38,650 INFO [5/7] 778843919 (audio)
2026-10-06 21:40:50,974 INFO [6/7] 778842405 (audio)
2026-10-06 21:40:59,054 INFO [7/7] 778843400 (audio)
2026-10-06 21:41:05,602 INFO == Curso: Capturing Race 2   -> Capturing Race 2  (2 videos)
2026-10-06 21:41:05,604 INFO [1/2] 783253462 (audio)
2026-10-06 21:41:50,074 INFO [2/2] 783255421 (audio)
2026-10-06 21:42:15,584 INFO == Curso: Why Not Cut!   -> Why Not Cut!  (11 videos)
2026-10-06 21:42:15,585 INFO [1/11] 682196348 (audio)
2026-10-06 21:42:25,457 INFO [2/11] 682198194 (audio)
2026-10-06 21:43:01,311 INFO [3/11] 682199082 (audio)
2026-10-06 21:43:22,044 INFO [4/11] 682200765 (audio)
2026-10-06 21:43:44,005 INFO [5/11] 682195698 (audio)
2026-10-06 21:43:51,015 INFO [6/11] 682195447 (audio)
2026-10-06 21:43:59,356 INFO [7/11] 682196026 (audio)
2026-10-06 21:44:09,825 INFO [8/11] 682196697 (audio)
2026-10-06 21:44:17,201 INFO [9/11] 682195571 (audio)
2026-10-06 21:44:26,545 INFO [10/11] 682196092 (audio)
2026-10-06 21:44:34,431 INFO [11/11] 682199676 (audio)
2026-10-06 21:44:49,574 INFO == Curso: Pull Up the Roots: Attacking The Base   -> Pull Up the Roots_ Attacking The Base  (10 videos)
2026-10-06 21:44:49,575 INFO [1/10] 1231249778 (audio)
2026-10-06 21:45:05,784 INFO [2/10] 1231251027 (audio)
2026-10-06 21:45:24,705 INFO [3/10] 1231251725 (audio)
2026-10-06 21:45:39,904 INFO [4/10] 1231252338 (audio)
2026-10-06 21:45:53,363 INFO [5/10] 1231252947 (audio)
2026-10-06 21:46:04,965 INFO [6/10] 1231253540 (audio)
2026-10-06 21:46:18,323 INFO [7/10] 1231248876 (audio)
2026-10-06 21:46:27,099 INFO [8/10] 1231250987 (audio)
2026-10-06 21:46:33,913 INFO [9/10] 1231249026 (audio)
2026-10-06 21:46:41,553 INFO [10/10] 1231249151 (audio)
2026-10-06 21:46:49,604 INFO == Curso: Wang Xinghao 9 dan won the 5th Nie Weiping Cup  -> Wang Xinghao 9 dan won the 5th Nie Weiping Cup  (14 videos)
2026-10-06 21:46:49,605 INFO [1/14] 875998248 (audio)
2026-10-06 21:47:36,405 INFO [2/14] 875988745 (audio)
2026-10-06 21:47:44,183 INFO [3/14] 875972848 (audio)
2026-10-06 21:47:49,735 WARNING 875972848 [audio] intento 1/3 fallo: ERROR: [vimeo] 875972848: Requested format is not available. Use --list-formats for a list of available formats
2026-10-06 21:47:56,566 WARNING 875972848 [audio] intento 2/3 fallo: ERROR: [vimeo] 875972848: Requested format is not available. Use --list-formats for a list of available formats
2026-10-06 21:48:03,561 WARNING 875972848 [audio] intento 3/3 fallo: ERROR: [vimeo] 875972848: Requested format is not available. Use --list-formats for a list of available formats
2026-10-06 21:48:09,562 ERROR 875972848 [audio] FALLO: ERROR: [vimeo] 875972848: Requested format is not available. Use --list-formats for a list of available formats
2026-10-06 21:48:10,579 INFO [4/14] 875989010 (audio)
2026-10-06 21:48:20,962 INFO [5/14] 875970380 (audio)
2026-10-06 21:48:29,882 INFO [6/14] 875988395 (audio)
2026-10-06 21:48:35,502 WARNING 875988395 [audio] intento 1/3 fallo: ERROR: [vimeo] 875988395: Requested format is not available. Use --list-formats for a list of available formats
2026-10-06 21:48:40,302 WARNING 875988395 [audio] intento 2/3 fallo: ERROR: [vimeo] 875988395: Requested format is not available. Use --list-formats for a list of available formats
2026-10-06 21:48:47,505 WARNING 875988395 [audio] intento 3/3 fallo: ERROR: [vimeo] 875988395: Requested format is not available. Use --list-formats for a list of available formats
2026-10-06 21:48:53,506 ERROR 875988395 [audio] FALLO: ERROR: [vimeo] 875988395: Requested format is not available. Use --list-formats for a list of available formats
2026-10-06 21:48:54,523 INFO [7/14] 875988465 (audio)
2026-10-06 21:49:02,300 INFO [8/14] 875972710 (audio)
2026-10-06 21:49:07,560 WARNING 875972710 [audio] intento 1/3 fallo: ERROR: [vimeo] 875972710: Requested format is not available. Use --list-formats for a list of available formats
2026-10-06 21:49:12,554 WARNING 875972710 [audio] intento 2/3 fallo: ERROR: [vimeo] 875972710: Requested format is not available. Use --list-formats for a list of available formats
2026-10-06 21:49:19,642 WARNING 875972710 [audio] intento 3/3 fallo: ERROR: [vimeo] 875972710: Requested format is not available. Use --list-formats for a list of available formats
2026-10-06 21:49:25,644 ERROR 875972710 [audio] FALLO: ERROR: [vimeo] 875972710: Requested format is not available. Use --list-formats for a list of available formats
2026-10-06 21:49:26,663 INFO [9/14] 875972132 (audio)
2026-10-06 21:49:32,253 WARNING 875972132 [audio] intento 1/3 fallo: ERROR: [vimeo] 875972132: Requested format is not available. Use --list-formats for a list of available formats
2026-10-06 21:49:37,349 WARNING 875972132 [audio] intento 2/3 fallo: ERROR: [vimeo] 875972132: Requested format is not available. Use --list-formats for a list of available formats
2026-10-06 21:49:44,568 WARNING 875972132 [audio] intento 3/3 fallo: ERROR: [vimeo] 875972132: Requested format is not available. Use --list-formats for a list of available formats
2026-10-06 21:49:50,570 ERROR 875972132 [audio] FALLO: ERROR: [vimeo] 875972132: Requested format is not available. Use --list-formats for a list of available formats
2026-10-06 21:49:51,581 INFO [10/14] 875975154 (audio)
2026-10-06 21:49:57,086 WARNING 875975154 [audio] intento 1/3 fallo: ERROR: [vimeo] 875975154: Requested format is not available. Use --list-formats for a list of available formats
2026-10-06 21:50:02,135 WARNING 875975154 [audio] intento 2/3 fallo: ERROR: [vimeo] 875975154: Requested format is not available. Use --list-formats for a list of available formats
2026-10-06 21:50:08,965 WARNING 875975154 [audio] intento 3/3 fallo: ERROR: [vimeo] 875975154: Requested format is not available. Use --list-formats for a list of available formats
2026-10-06 21:50:14,967 ERROR 875975154 [audio] FALLO: ERROR: [vimeo] 875975154: Requested format is not available. Use --list-formats for a list of available formats
2026-10-06 21:50:15,990 INFO [11/14] 875972383 (audio)
2026-10-06 21:50:22,632 WARNING 875972383 [audio] intento 1/3 fallo: ERROR: [vimeo] 875972383: Requested format is not available. Use --list-formats for a list of available formats
2026-10-06 21:50:27,675 WARNING 875972383 [audio] intento 2/3 fallo: ERROR: [vimeo] 875972383: Requested format is not available. Use --list-formats for a list of available formats
2026-10-06 21:50:34,528 WARNING 875972383 [audio] intento 3/3 fallo: ERROR: [vimeo] 875972383: Requested format is not available. Use --list-formats for a list of available formats
2026-10-06 21:50:40,530 ERROR 875972383 [audio] FALLO: ERROR: [vimeo] 875972383: Requested format is not available. Use --list-formats for a list of available formats
2026-10-06 21:50:41,542 INFO [12/14] 875972117 (audio)
2026-10-06 21:50:46,368 WARNING 875972117 [audio] intento 1/3 fallo: ERROR: [vimeo] 875972117: Requested format is not available. Use --list-formats for a list of available formats
2026-10-06 21:50:51,088 WARNING 875972117 [audio] intento 2/3 fallo: ERROR: [vimeo] 875972117: Requested format is not available. Use --list-formats for a list of available formats
2026-10-06 21:50:57,812 WARNING 875972117 [audio] intento 3/3 fallo: ERROR: [vimeo] 875972117: Requested format is not available. Use --list-formats for a list of available formats
2026-10-06 21:51:03,814 ERROR 875972117 [audio] FALLO: ERROR: [vimeo] 875972117: Requested format is not available. Use --list-formats for a list of available formats
2026-10-06 21:51:04,824 INFO [13/14] 875988321 (audio)
2026-10-06 21:51:10,706 WARNING 875988321 [audio] intento 1/3 fallo: ERROR: [vimeo] 875988321: Requested format is not available. Use --list-formats for a list of available formats
2026-10-06 21:51:15,518 WARNING 875988321 [audio] intento 2/3 fallo: ERROR: [vimeo] 875988321: Requested format is not available. Use --list-formats for a list of available formats
2026-10-06 21:51:22,494 WARNING 875988321 [audio] intento 3/3 fallo: ERROR: [vimeo] 875988321: Requested format is not available. Use --list-formats for a list of available formats
2026-10-06 21:51:28,495 ERROR 875988321 [audio] FALLO: ERROR: [vimeo] 875988321: Requested format is not available. Use --list-formats for a list of available formats
2026-10-06 21:51:29,516 INFO [14/14] 875980431 (audio)
2026-10-06 21:51:35,093 WARNING 875980431 [audio] intento 1/3 fallo: ERROR: [vimeo] 875980431: Requested format is not available. Use --list-formats for a list of available formats
2026-10-06 21:51:39,849 WARNING 875980431 [audio] intento 2/3 fallo: ERROR: [vimeo] 875980431: Requested format is not available. Use --list-formats for a list of available formats
2026-10-06 21:51:46,541 WARNING 875980431 [audio] intento 3/3 fallo: ERROR: [vimeo] 875980431: Requested format is not available. Use --list-formats for a list of available formats
2026-10-06 21:51:52,544 ERROR 875980431 [audio] FALLO: ERROR: [vimeo] 875980431: Requested format is not available. Use --list-formats for a list of available formats
2026-10-06 21:51:53,568 INFO == Curso: Capturing Race 3 Tips  -> Capturing Race 3 Tips  (5 videos)
2026-10-06 21:51:53,569 INFO [1/5] 740227256 (audio)
2026-10-06 21:52:04,037 INFO [2/5] 740228770 (audio)
2026-10-06 21:52:34,841 INFO [3/5] 740229767 (audio)
2026-10-06 21:52:55,245 INFO [4/5] 740230911 (audio)
2026-10-07 07:52:52,749 INFO [5/5] 740227040 (audio)
2026-10-07 07:53:00,753 INFO lessons.json: 452 curso(s)
2026-10-07 07:53:00,773 INFO == Curso: How to Escape? How?  -> How to Escape_ How_  (3 videos)
2026-10-07 07:53:00,774 INFO [1/3] 893284210 (audio)
2026-10-07 07:53:01,793 INFO [2/3] 893285403 (audio)
2026-10-07 07:53:02,812 INFO [3/3] 893286382 (audio)
2026-10-07 07:53:03,831 INFO == Curso: Winning Way In The Most Important Moment  -> Winning Way In The Most Important Moment  (6 videos)
2026-10-07 07:53:03,831 INFO [1/6] 749549754 (audio)
2026-10-07 07:53:04,844 INFO [2/6] 749556741 (audio)
2026-10-07 07:53:05,858 INFO [3/6] 749560073 (audio)
2026-10-07 07:53:06,873 INFO [4/6] 749553098 (audio)
2026-10-07 07:53:07,888 INFO [5/6] 749549411 (audio)
2026-10-07 07:53:08,909 INFO [6/6] 749549321 (audio)
2026-10-07 07:53:09,930 INFO == Curso: Which way?  -> Which way_  (5 videos)
2026-10-07 07:53:09,930 INFO [1/5] 936885646 (audio)
2026-10-07 07:53:10,946 INFO [2/5] 936885967 (audio)
2026-10-07 07:53:11,981 INFO [3/5] 936886347 (audio)
2026-10-07 07:53:12,989 INFO [4/5] 936886735 (audio)
2026-10-07 07:53:13,996 INFO [5/5] 936885550 (audio)
2026-10-07 07:53:15,009 INFO == Curso: Beginner Course 3 Forbidden Place  -> Beginner Course 3 Forbidden Place  (3 videos)
2026-10-07 07:53:15,010 INFO [1/3] 685134987 (audio)
2026-10-07 07:53:16,018 INFO [2/3] 685135902 (audio)
2026-10-07 07:53:17,026 INFO [3/3] 685134226 (audio)
2026-10-07 07:53:18,038 INFO == Curso: Reduction Skill & Timing  -> Reduction Skill & Timing  (3 videos)
2026-10-07 07:53:18,038 INFO [1/3] 807224090 (audio)
2026-10-07 07:53:19,047 INFO [2/3] 807224578 (audio)
2026-10-07 07:53:20,057 INFO [3/3] 807225098 (audio)
2026-10-07 07:53:21,073 INFO == Curso: How to Defense 3-3 Invasion?  -> How to Defense 3-3 Invasion_  (3 videos)
2026-10-07 07:53:21,073 INFO [1/3] 910013947 (audio)
2026-10-07 07:53:22,081 INFO [2/3] 910015338 (audio)
2026-10-07 07:53:23,088 INFO [3/3] 910012089 (audio)
2026-10-07 07:53:24,109 INFO == Curso: The upper attachment  -> The upper attachment  (5 videos)
2026-10-07 07:53:24,110 INFO [1/5] 1144114171 (audio)
2026-10-07 07:53:25,123 INFO [2/5] 1144114710 (audio)
2026-10-07 07:53:26,132 INFO [3/5] 1144112710 (audio)
2026-10-07 07:53:27,140 INFO [4/5] 1144112379 (audio)
2026-10-07 07:53:28,149 INFO [5/5] 1144113396 (audio)
2026-10-07 07:53:29,161 INFO == Curso: New course  -> New course  (3 videos)
2026-10-07 07:53:29,162 INFO [1/3] 1072152550 (audio)
2026-10-07 07:53:30,171 INFO [2/3] 1072153110 (audio)
2026-10-07 07:53:31,180 INFO [3/3] 1072151955 (audio)
2026-10-07 07:53:32,191 INFO == Curso: Beginner Course 4 Ko Rule  -> Beginner Course 4 Ko Rule  (7 videos)
2026-10-07 07:53:32,191 INFO [1/7] 686651003 (audio)
2026-10-07 07:53:33,201 INFO [2/7] 686704658 (audio)
2026-10-07 07:53:34,210 INFO [3/7] 686647016 (audio)
2026-10-07 07:53:35,222 INFO [4/7] 686646786 (audio)
2026-10-07 07:53:36,230 INFO [5/7] 686648921 (audio)
2026-10-07 07:53:37,241 INFO [6/7] 686646932 (audio)
2026-10-07 07:53:38,251 INFO [7/7] 686646524 (audio)
2026-10-07 07:53:39,266 INFO == Curso: Reduce Territory  -> Reduce Territory  (5 videos)
2026-10-07 07:53:39,267 INFO [1/5] 1099221923 (audio)
2026-10-07 07:53:40,279 INFO [2/5] 1099222589 (audio)
2026-10-07 07:53:41,289 INFO [3/5] 1099223049 (audio)
2026-10-07 07:53:42,297 INFO [4/5] 1099221826 (audio)
2026-10-07 07:53:43,310 INFO [5/5] 1099221548 (audio)
2026-10-07 07:53:44,322 INFO == Curso: Fighting Skills -  Catch After Threat  -> Fighting Skills - Catch After Threat  (12 videos)
2026-10-07 07:53:44,322 INFO [1/12] 575290242 (audio)
2026-10-07 07:53:45,332 INFO [2/12] 575292747 (audio)
2026-10-07 07:53:46,341 INFO [3/12] 575294285 (audio)
2026-10-07 07:53:47,353 INFO [4/12] 575296463 (audio)
2026-10-07 07:53:48,363 INFO [5/12] 575288567 (audio)
2026-10-07 07:53:49,372 INFO [6/12] 575292967 (audio)
2026-10-07 07:53:50,395 INFO [7/12] 575289844 (audio)
2026-10-07 07:53:51,409 INFO [8/12] 575294554 (audio)
2026-10-07 07:53:52,420 INFO [9/12] 575289031 (audio)
2026-10-07 07:53:53,435 INFO [10/12] 575289504 (audio)
2026-10-07 07:53:54,460 INFO [11/12] 575290875 (audio)
2026-10-07 07:53:55,475 INFO [12/12] 575288098 (audio)
2026-10-07 07:53:56,512 INFO == Curso: Is This Invasion Or Reduction? - Attach! If you don't know..  -> Is This Invasion Or Reduction_ - Attach! If you don't know  (28 videos)
2026-10-07 07:53:56,513 INFO [1/28] 589240396 (audio)
2026-10-07 07:53:57,528 INFO [2/28] 589245708 (audio)
2026-10-07 07:53:58,555 INFO [3/28] 589248095 (audio)
2026-10-07 07:53:59,568 INFO [4/28] 589251889 (audio)
2026-10-07 07:54:00,589 INFO [5/28] 589254501 (audio)
2026-10-07 07:54:01,613 INFO [6/28] 589236840 (audio)
2026-10-07 07:54:02,634 INFO [7/28] 589239899 (audio)
2026-10-07 07:54:03,650 INFO [8/28] 589238085 (audio)
2026-10-07 07:54:04,678 INFO [9/28] 589249219 (audio)
2026-10-07 07:54:05,695 INFO [10/28] 589235086 (audio)
2026-10-07 07:54:06,722 INFO [11/28] 589239638 (audio)
2026-10-07 07:54:07,740 INFO [12/28] 589241652 (audio)
2026-10-07 07:54:08,760 INFO [13/28] 589238601 (audio)
2026-10-07 07:54:09,775 INFO [14/28] 589235724 (audio)
2026-10-07 07:54:10,787 INFO [15/28] 589240071 (audio)
2026-10-07 07:54:11,802 INFO [16/28] 589242777 (audio)
2026-10-07 07:54:12,823 INFO [17/28] 589242583 (audio)
2026-10-07 07:54:13,839 INFO [18/28] 589238401 (audio)
2026-10-07 07:54:14,854 INFO [19/28] 589235316 (audio)
2026-10-07 07:54:15,881 INFO [20/28] 589239971 (audio)
2026-10-07 07:54:16,897 INFO [21/28] 589236164 (audio)
2026-10-07 07:54:17,911 INFO [22/28] 589237274 (audio)
2026-10-07 07:54:18,938 INFO [23/28] 589250099 (audio)
2026-10-07 07:54:19,960 INFO [24/28] 589238028 (audio)
2026-10-07 07:54:20,973 INFO [25/28] 589241374 (audio)
2026-10-07 07:54:21,990 INFO [26/28] 589237917 (audio)
2026-10-07 07:54:23,005 INFO [27/28] 589237943 (audio)
2026-10-07 07:54:24,018 INFO [28/28] 589242984 (audio)
2026-10-07 07:54:25,043 INFO == Curso: Important stones vs Useless stones  -> Important stones vs Useless stones  (4 videos)
2026-10-07 07:54:25,044 INFO [1/4] 545959984 (audio)
2026-10-07 07:54:26,057 INFO [2/4] 545959981 (audio)
2026-10-07 07:54:27,072 INFO [3/4] 545959983 (audio)
2026-10-07 07:54:28,090 INFO [4/4] 545959982 (audio)
2026-10-07 07:54:29,106 INFO == Curso: Punishment  -> Punishment  (11 videos)
2026-10-07 07:54:29,106 INFO [1/11] 906212721 (audio)
2026-10-07 07:54:30,119 INFO [2/11] 906581128 (audio)
2026-10-07 07:54:31,132 INFO [3/11] 906582139 (audio)
2026-10-07 07:54:32,146 INFO [4/11] 906208711 (audio)
2026-10-07 07:54:33,157 INFO [5/11] 906208251 (audio)
2026-10-07 07:54:34,169 INFO [6/11] 906211657 (audio)
2026-10-07 07:54:35,181 INFO [7/11] 906214987 (audio)
2026-10-07 07:54:36,194 INFO [8/11] 906208855 (audio)
2026-10-07 07:54:37,206 INFO [9/11] 906211910 (audio)
2026-10-07 07:54:38,216 INFO [10/11] 906211426 (audio)
2026-10-07 07:54:39,228 INFO [11/11] 906212347 (audio)
2026-10-07 07:54:40,254 INFO == Curso: Alumni meet at the Final   -> Alumni meet at the Final  (6 videos)
2026-10-07 07:54:40,254 INFO [1/6] 803849426 (audio)
2026-10-07 07:54:41,263 INFO [2/6] 803855409 (audio)
2026-10-07 07:54:42,271 INFO [3/6] 803861849 (audio)
2026-10-07 07:54:43,282 INFO [4/6] 803851891 (audio)
2026-10-07 07:54:44,292 INFO [5/6] 803848905 (audio)
2026-10-07 07:54:45,301 INFO [6/6] 803848586 (audio)
2026-10-07 07:54:46,323 INFO == Curso: My Typical Mistakes 3  -> My Typical Mistakes 3  (14 videos)
2026-10-07 07:54:46,324 INFO [1/14] 743726802 (audio)
2026-10-07 07:54:47,374 INFO [2/14] 743729067 (audio)
2026-10-07 07:54:48,396 INFO [3/14] 743730200 (audio)
2026-10-07 07:54:49,406 INFO [4/14] 743732737 (audio)
2026-10-07 07:54:50,415 INFO [5/14] 743727420 (audio)
2026-10-07 07:54:51,424 INFO [6/14] 743731521 (audio)
2026-10-07 07:54:52,436 INFO [7/14] 743731603 (audio)
2026-10-07 07:54:53,444 INFO [8/14] 743727064 (audio)
2026-10-07 07:54:54,456 INFO [9/14] 743726598 (audio)
2026-10-07 07:54:55,464 INFO [10/14] 743727965 (audio)
2026-10-07 07:54:56,476 INFO [11/14] 743726465 (audio)
2026-10-07 07:54:57,487 INFO [12/14] 743730463 (audio)
2026-10-07 07:54:58,499 INFO [13/14] 743728029 (audio)
2026-10-07 07:54:59,509 INFO [14/14] 743727228 (audio)
2026-10-07 07:55:00,532 INFO == Curso: LG CUP FINAL REVIEW 4 BIG DRAGON FIGHTING  -> LG CUP FINAL REVIEW 4 BIG DRAGON FIGHTING  (12 videos)
2026-10-07 07:55:00,533 INFO [1/12] 678027162 (audio)
2026-10-07 07:55:01,544 INFO [2/12] 678030294 (audio)
2026-10-07 07:55:02,552 INFO [3/12] 678032518 (audio)
2026-10-07 07:55:03,561 INFO [4/12] 678036249 (audio)
2026-10-07 07:55:04,575 INFO [5/12] 678028710 (audio)
2026-10-07 07:55:05,588 INFO [6/12] 678026383 (audio)
2026-10-07 07:55:06,597 INFO [7/12] 678025905 (audio)
2026-10-07 07:55:07,605 INFO [8/12] 678025789 (audio)
2026-10-07 07:55:08,615 INFO [9/12] 678033138 (audio)
2026-10-07 07:55:09,624 INFO [10/12] 678032527 (audio)
2026-10-07 07:55:10,633 INFO [11/12] 678028811 (audio)
2026-10-07 07:55:11,645 INFO [12/12] 678026151 (audio)
2026-10-07 07:55:12,673 INFO == Curso: Mastering Connections Can Make You Stronger  -> Mastering Connections Can Make You Stronger  (2 videos)
2026-10-07 07:55:12,674 INFO [1/2] 1083531052 (audio)
2026-10-07 07:55:13,684 INFO [2/2] 1083533543 (audio)
2026-10-07 07:55:14,707 INFO == Curso: Unforgettable Mistake  -> Unforgettable Mistake  (5 videos)
2026-10-07 07:55:14,708 INFO [1/5] 951801559 (audio)
2026-10-07 07:55:15,725 INFO [2/5] 951802228 (audio)
2026-10-07 07:55:16,737 INFO [3/5] 951802656 (audio)
2026-10-07 07:55:17,755 INFO [4/5] 951798959 (audio)
2026-10-07 07:55:18,772 INFO [5/5] 951801242 (audio)
2026-10-07 07:55:19,801 INFO == Curso: What is this move?  -> What is this move_  (7 videos)
2026-10-07 07:55:19,804 INFO [1/7] 820930958 (audio)
2026-10-07 07:55:20,820 INFO [2/7] 820932237 (audio)
2026-10-07 07:55:21,834 INFO [3/7] 820933729 (audio)
2026-10-07 07:55:22,842 INFO [4/7] 820936703 (audio)
2026-10-07 07:55:35,384 INFO [5/7] 820938896 (audio)
2026-10-07 07:55:36,398 INFO [6/7] 820940004 (audio)
2026-10-07 07:55:37,412 INFO [7/7] 820930347 (audio)
2026-10-07 07:55:38,427 INFO == Curso: Potential Judgement Between Corner & Side  -> Potential Judgement Between Corner & Side  (3 videos)
2026-10-07 07:55:38,428 INFO [1/3] 1062014199 (audio)
2026-10-07 07:55:39,437 INFO [2/3] 1062016301 (audio)
2026-10-07 07:55:40,447 INFO [3/3] 1062012810 (audio)
2026-10-07 07:55:41,462 INFO == Curso: "Let's master the one-space pincer!" 2  -> _Let's master the one-space pincer!_ 2  (4 videos)
2026-10-07 07:55:41,462 INFO [1/4] 1087519010 (audio)
2026-10-07 07:55:42,473 INFO [2/4] 1087519247 (audio)
2026-10-07 07:55:43,491 INFO [3/4] 1087520439 (audio)
2026-10-07 07:55:44,509 INFO [4/4] 1087518901 (audio)
2026-10-07 07:55:45,536 INFO == Curso: How To Punish Thin Shapes In Go  -> How To Punish Thin Shapes In Go  (2 videos)
2026-10-07 07:55:45,537 INFO [1/2] 1142392286 (audio)
2026-10-07 07:55:46,552 INFO [2/2] 1142394852 (audio)
2026-10-07 07:55:47,575 INFO == Curso: Let`s study End game-2  -> Let`s study End game-2  (7 videos)
2026-10-07 07:55:47,575 INFO [1/7] 1190455047 (audio)
2026-10-07 07:55:48,593 INFO [2/7] 1190458147 (audio)
2026-10-07 07:55:49,610 INFO [3/7] 1190452779 (audio)
2026-10-07 07:55:50,622 INFO [4/7] 1190454752 (audio)
2026-10-07 07:55:51,643 INFO [5/7] 1190455266 (audio)
2026-10-07 07:55:52,653 INFO [6/7] 1190453023 (audio)
2026-10-07 07:55:53,675 INFO [7/7] 1190455518 (audio)
2026-10-07 07:55:54,703 INFO == Curso: Corner & Side's Secret Rule - Side 6/8   -> Corner & Side's Secret Rule - Side 6_8  (12 videos)
2026-10-07 07:55:54,704 INFO [1/12] 587114978 (audio)
2026-10-07 07:55:55,736 INFO [2/12] 587116318 (audio)
2026-10-07 07:55:56,766 INFO [3/12] 587117500 (audio)
2026-10-07 07:55:57,777 INFO [4/12] 587114157 (audio)
2026-10-07 07:55:58,797 INFO [5/12] 587113764 (audio)
2026-10-07 07:55:59,820 INFO [6/12] 587113479 (audio)
2026-10-07 07:56:00,833 INFO [7/12] 587113927 (audio)
2026-10-07 07:56:01,849 INFO [8/12] 587113662 (audio)
2026-10-07 07:56:02,872 INFO [9/12] 587114278 (audio)
2026-10-07 07:56:03,900 INFO [10/12] 587114072 (audio)
2026-10-07 07:56:04,916 INFO [11/12] 587113360 (audio)
2026-10-07 07:56:05,937 INFO [12/12] 587113724 (audio)
2026-10-07 07:56:06,977 INFO == Curso: Test  -> Test  (1 videos)
2026-10-07 07:56:06,981 INFO [1/1] 905192838 (audio)
2026-10-07 07:56:08,011 INFO == Curso: Nongsim cup legendary match Lee-ChangHo vs Wangsi   -> Nongsim cup legendary match Lee-ChangHo vs Wangsi  (20 videos)
2026-10-07 07:56:08,011 INFO [1/20] 800047916 (audio)
2026-10-07 07:56:09,025 INFO [2/20] 800048634 (audio)
2026-10-07 07:56:10,036 INFO [3/20] 800050165 (audio)
2026-10-07 07:56:11,050 INFO [4/20] 800047957 (audio)
2026-10-07 07:56:12,065 INFO [5/20] 800047274 (audio)
2026-10-07 07:56:13,079 INFO [6/20] 800047789 (audio)
2026-10-07 07:56:14,097 INFO [7/20] 800047297 (audio)
2026-10-07 07:56:15,119 INFO [8/20] 800047475 (audio)
2026-10-07 07:56:16,136 INFO [9/20] 800047184 (audio)
2026-10-07 07:56:17,151 INFO [10/20] 800047567 (audio)
2026-10-07 07:56:18,177 INFO [11/20] 800047168 (audio)
2026-10-07 07:56:19,190 INFO [12/20] 800047123 (audio)
2026-10-07 07:56:20,220 INFO [13/20] 800047363 (audio)
2026-10-07 07:56:21,234 INFO [14/20] 800047227 (audio)
2026-10-07 07:56:22,252 INFO [15/20] 800047340 (audio)
2026-10-07 07:56:23,272 INFO [16/20] 800047463 (audio)
2026-10-07 07:56:24,289 INFO [17/20] 800047507 (audio)
2026-10-07 07:56:25,311 INFO [18/20] 800047249 (audio)
2026-10-07 07:56:26,335 INFO [19/20] 800047490 (audio)
2026-10-07 07:56:27,350 INFO [20/20] 800047147 (audio)
2026-10-07 07:56:28,388 INFO == Curso: How can you ensure a victory when you are in the lead?  -> How can you ensure a victory when you are in the lead_  (10 videos)
2026-10-07 07:56:28,389 INFO [1/10] 1041852247 (audio)
2026-10-07 07:56:29,406 INFO [2/10] 1041852869 (audio)
2026-10-07 07:56:30,427 INFO [3/10] 1041863867 (audio)
2026-10-07 07:56:31,449 INFO [4/10] 1041851635 (audio)
2026-10-07 07:56:32,464 INFO [5/10] 1041861655 (audio)
2026-10-07 07:56:33,480 INFO [6/10] 1041851996 (audio)
2026-10-07 07:56:34,495 INFO [7/10] 1041855647 (audio)
2026-10-07 07:56:37,653 WARNING 1041855647 [audio] intento 1/3 fallo: ERROR: [vimeo] 1041855647: Requested format is not available. Use --list-formats for a list of available formats
2026-10-07 07:56:45,308 WARNING 1041855647 [audio] intento 2/3 fallo: ERROR: [vimeo] 1041855647: Requested format is not available. Use --list-formats for a list of available formats
2026-10-07 07:56:52,378 WARNING 1041855647 [audio] intento 3/3 fallo: ERROR: [vimeo] 1041855647: Requested format is not available. Use --list-formats for a list of available formats
2026-10-07 07:56:58,379 ERROR 1041855647 [audio] FALLO: ERROR: [vimeo] 1041855647: Requested format is not available. Use --list-formats for a list of available formats
2026-10-07 07:56:59,395 INFO [8/10] 1041851829 (audio)
2026-10-07 07:57:00,415 INFO [9/10] 1041862580 (audio)
2026-10-07 07:57:03,475 WARNING 1041862580 [audio] intento 1/3 fallo: ERROR: [vimeo] 1041862580: Requested format is not available. Use --list-formats for a list of available formats
2026-10-07 07:57:08,404 WARNING 1041862580 [audio] intento 2/3 fallo: ERROR: [vimeo] 1041862580: Requested format is not available. Use --list-formats for a list of available formats
2026-10-07 07:57:15,281 WARNING 1041862580 [audio] intento 3/3 fallo: ERROR: [vimeo] 1041862580: Requested format is not available. Use --list-formats for a list of available formats
2026-10-07 07:57:21,282 ERROR 1041862580 [audio] FALLO: ERROR: [vimeo] 1041862580: Requested format is not available. Use --list-formats for a list of available formats
2026-10-07 07:57:22,304 INFO [10/10] 1041853488 (audio)
2026-10-07 07:57:23,339 INFO == Curso: Best Reduction Timing  -> Best Reduction Timing  (7 videos)
2026-10-07 07:57:23,340 INFO [1/7] 680240950 (audio)
2026-10-07 07:57:24,353 INFO [2/7] 680244627 (audio)
2026-10-07 07:57:25,368 INFO [3/7] 680245952 (audio)
2026-10-07 07:57:26,388 INFO [4/7] 680248309 (audio)
2026-10-07 07:57:27,404 INFO [5/7] 680242920 (audio)
2026-10-07 07:57:28,419 INFO [6/7] 680243164 (audio)
2026-10-07 07:57:29,434 INFO [7/7] 680243122 (audio)
2026-10-07 07:57:30,455 INFO == Curso: How do you handle vulnerable groups?  -> How do you handle vulnerable groups_  (9 videos)
2026-10-07 07:57:30,455 INFO [1/9] 950891696 (audio)
2026-10-07 07:57:31,475 INFO [2/9] 950892945 (audio)
2026-10-07 07:57:32,494 INFO [3/9] 950895409 (audio)
2026-10-07 07:57:33,513 INFO [4/9] 950890835 (audio)
2026-10-07 07:57:34,538 INFO [5/9] 950891231 (audio)
2026-10-07 07:57:35,548 INFO [6/9] 950890953 (audio)
2026-10-07 07:57:36,558 INFO [7/9] 950893532 (audio)
2026-10-07 07:57:37,568 INFO [8/9] 950891137 (audio)
2026-10-07 07:57:38,583 INFO [9/9] 950890330 (audio)
2026-10-07 07:57:39,611 INFO == Curso: Escape -  Practical Attachment & Cut  -> Escape - Practical Attachment & Cut  (15 videos)
2026-10-07 07:57:39,612 INFO [1/15] 679442030 (audio)
2026-10-07 07:57:40,632 INFO [2/15] 679444677 (audio)
2026-10-07 07:57:41,655 INFO [3/15] 679445358 (audio)
2026-10-07 07:57:42,673 INFO [4/15] 679446802 (audio)
2026-10-07 07:57:43,692 INFO [5/15] 679443319 (audio)
2026-10-07 07:57:44,711 INFO [6/15] 679442423 (audio)
2026-10-07 07:57:45,729 INFO [7/15] 679441856 (audio)
2026-10-07 07:57:46,743 INFO [8/15] 679443385 (audio)
2026-10-07 07:57:47,764 INFO [9/15] 679440892 (audio)
2026-10-07 07:57:48,778 INFO [10/15] 679445896 (audio)
2026-10-07 07:57:49,799 INFO [11/15] 679441606 (audio)
2026-10-07 07:57:50,824 INFO [12/15] 679441251 (audio)
2026-10-07 07:57:51,850 INFO [13/15] 679441070 (audio)
2026-10-07 07:57:52,872 INFO [14/15] 679444794 (audio)
2026-10-07 07:57:53,885 INFO [15/15] 679441726 (audio)
2026-10-07 07:57:54,915 INFO == Curso: 20th Meijin Final, Game 5 - Cosmic Style vs Subway Style  -> 20th Meijin Final, Game 5 - Cosmic Style vs Subway Style  (19 videos)
2026-10-07 07:57:54,916 INFO [1/19] 839748836 (audio)
2026-10-07 07:57:55,926 INFO [2/19] 839753489 (audio)
2026-10-07 07:57:56,938 INFO [3/19] 839757536 (audio)
2026-10-07 07:57:57,982 INFO [4/19] 839744637 (audio)
2026-10-07 07:57:59,001 INFO [5/19] 839748900 (audio)
2026-10-07 07:58:00,019 INFO [6/19] 839745016 (audio)
2026-10-07 07:58:01,038 INFO [7/19] 839746336 (audio)
2026-10-07 07:58:02,048 INFO [8/19] 839744186 (audio)
2026-10-07 07:58:03,061 INFO [9/19] 839746232 (audio)
2026-10-07 07:58:04,072 INFO [10/19] 839744619 (audio)
2026-10-07 07:58:05,091 INFO [11/19] 839749113 (audio)
2026-10-07 07:58:06,115 INFO [12/19] 839748857 (audio)
2026-10-07 07:58:07,129 INFO [13/19] 839746457 (audio)
2026-10-07 07:58:08,139 INFO [14/19] 839749064 (audio)
2026-10-07 07:58:09,157 INFO [15/19] 839746886 (audio)
2026-10-07 07:58:10,175 INFO [16/19] 839747739 (audio)
2026-10-07 07:58:11,196 INFO [17/19] 839745998 (audio)
2026-10-07 07:58:12,210 INFO [18/19] 839745771 (audio)
2026-10-07 07:58:13,221 INFO [19/19] 839746015 (audio)
2026-10-07 07:58:14,249 INFO == Curso: Must Know Endgame 2 - Sacrifice 1 / Using Aji 2  -> Must Know Endgame 2 - Sacrifice 1 _ Using Aji 2  (5 videos)
2026-10-07 07:58:14,249 INFO [1/5] 567418551 (audio)
2026-10-07 07:58:15,263 INFO [2/5] 567420266 (audio)
2026-10-07 07:58:16,278 INFO [3/5] 567422059 (audio)
2026-10-07 07:58:17,293 INFO [4/5] 567416479 (audio)
2026-10-07 07:58:18,315 INFO [5/5] 567416369 (audio)
2026-10-07 07:58:19,348 INFO == Curso: 3-3 joseki variation! (kosumi attachment)  -> 3-3 joseki variation! (kosumi attachment)  (5 videos)
2026-10-07 07:58:19,348 INFO [1/5] 1053278600 (audio)
2026-10-07 07:58:20,369 INFO [2/5] 1053279100 (audio)
2026-10-07 07:58:21,395 INFO [3/5] 1053279769 (audio)
2026-10-07 07:58:22,413 INFO [4/5] 1053278452 (audio)
2026-10-07 07:58:23,430 INFO [5/5] 1053279249 (audio)
2026-10-07 07:58:24,452 INFO == Curso: Beginner Course 28 19X19 Review 2  -> Beginner Course 28 19X19 Review 2  (5 videos)
2026-10-07 07:58:24,453 INFO [1/5] 733872018 (audio)
2026-10-07 07:58:25,474 INFO [2/5] 733875699 (audio)
2026-10-07 07:58:26,490 INFO [3/5] 733871574 (audio)
2026-10-07 07:58:27,512 INFO [4/5] 733871339 (audio)
2026-10-07 07:58:28,525 INFO [5/5] 733871734 (audio)
2026-10-07 07:58:29,542 INFO == Curso: After Joseki  -> After Joseki  (3 videos)
2026-10-07 07:58:29,544 INFO [1/3] 1059182373 (audio)
2026-10-07 07:58:30,576 INFO [2/3] 1059183280 (audio)
2026-10-07 07:58:31,598 INFO [3/3] 1059184129 (audio)
2026-10-07 07:58:32,626 INFO == Curso: Hane VS Nobi   -> Hane VS Nobi  (14 videos)
2026-10-07 07:58:32,626 INFO [1/14] 734704960 (audio)
2026-10-07 07:58:33,655 INFO [2/14] 734709440 (audio)
2026-10-07 07:58:34,682 INFO [3/14] 734713256 (audio)
2026-10-07 07:58:35,706 INFO [4/14] 734715504 (audio)
2026-10-07 07:58:36,735 INFO [5/14] 734713885 (audio)
2026-10-07 07:58:37,760 INFO [6/14] 734706629 (audio)
2026-10-07 07:58:38,777 INFO [7/14] 734705474 (audio)
2026-10-07 07:58:39,793 INFO [8/14] 734704293 (audio)
2026-10-07 07:58:40,805 INFO [9/14] 734713593 (audio)
2026-10-07 07:58:41,819 INFO [10/14] 734710851 (audio)
2026-10-07 07:58:42,835 INFO [11/14] 734704574 (audio)
2026-10-07 07:58:43,857 INFO [12/14] 734707503 (audio)
2026-10-07 07:58:44,870 INFO [13/14] 734707640 (audio)
2026-10-07 07:58:45,888 INFO [14/14] 734705624 (audio)
2026-10-07 07:58:46,926 INFO == Curso: Counting Liberties  - Increase 2  -> Counting Liberties - Increase 2  (4 videos)
2026-10-07 07:58:46,926 INFO [1/4] 562692579 (audio)
2026-10-07 07:58:47,940 INFO [2/4] 562692611 (audio)
2026-10-07 07:58:48,953 INFO [3/4] 562692641 (audio)
2026-10-07 07:58:49,976 INFO [4/4] 562692666 (audio)
2026-10-07 07:58:51,006 INFO == Curso: Chunlan Cup Best 8 - Shin Jin Seo 9p VS Ke Jie 9p  -> Chunlan Cup Best 8 - Shin Jin Seo 9p VS Ke Jie 9p  (19 videos)
2026-10-07 07:58:51,007 INFO [1/19] 783880209 (audio)
2026-10-07 07:58:52,024 INFO [2/19] 783885604 (audio)
2026-10-07 07:58:53,038 INFO [3/19] 783889528 (audio)
2026-10-07 07:58:54,054 INFO [4/19] 783879380 (audio)
2026-10-07 07:58:55,070 INFO [5/19] 783883633 (audio)
2026-10-07 07:58:56,083 INFO [6/19] 783878734 (audio)
2026-10-07 07:58:57,096 INFO [7/19] 783878421 (audio)
2026-10-07 07:58:58,122 INFO [8/19] 783878200 (audio)
2026-10-07 07:58:59,141 INFO [9/19] 783882103 (audio)
2026-10-07 07:59:00,158 INFO [10/19] 783881507 (audio)
2026-10-07 07:59:01,173 INFO [11/19] 783878226 (audio)
2026-10-07 07:59:02,194 INFO [12/19] 783879118 (audio)
2026-10-07 07:59:03,221 INFO [13/19] 783879246 (audio)
2026-10-07 07:59:04,234 INFO [14/19] 783879734 (audio)
2026-10-07 07:59:05,257 INFO [15/19] 783883747 (audio)
2026-10-07 07:59:06,273 INFO [16/19] 783885986 (audio)
2026-10-07 07:59:07,307 INFO [17/19] 783881023 (audio)
2026-10-07 07:59:08,319 INFO [18/19] 783879575 (audio)
2026-10-07 07:59:09,335 INFO [19/19] 783879926 (audio)
2026-10-07 07:59:10,362 INFO == Curso: Capturing race- One Eye vs No Eye  -> Capturing race- One Eye vs No Eye  (7 videos)
2026-10-07 07:59:10,363 INFO [1/7] 1207793746 (audio)
2026-10-07 07:59:11,383 INFO [2/7] 1207797692 (audio)
2026-10-07 07:59:12,398 INFO [3/7] 1207800910 (audio)
2026-10-07 07:59:13,418 INFO [4/7] 1207794459 (audio)
2026-10-07 07:59:14,432 INFO [5/7] 1207793939 (audio)
2026-10-07 07:59:15,445 INFO [6/7] 1207794377 (audio)
2026-10-07 07:59:16,459 INFO [7/7] 1207794123 (audio)
2026-10-07 07:59:17,491 INFO == Curso: How to attack with a night's move  -> How to attack with a night's move  (6 videos)
2026-10-07 07:59:17,492 INFO [1/6] 1175858356 (audio)
2026-10-07 07:59:18,507 INFO [2/6] 1175858727 (audio)
2026-10-07 07:59:19,529 INFO [3/6] 1175860675 (audio)
2026-10-07 07:59:20,544 INFO [4/6] 1175861535 (audio)
2026-10-07 07:59:21,562 INFO [5/6] 1175860025 (audio)
2026-10-07 07:59:22,581 INFO [6/6] 1175860158 (audio)
2026-10-07 07:59:23,609 INFO == Curso: 4 corner patterns you must know to be 9kyu 3  -> 4 corner patterns you must know to be 9kyu 3  (2 videos)
2026-10-07 07:59:23,610 INFO [1/2] 511890770 (audio)
2026-10-07 07:59:24,629 INFO [2/2] 511890771 (audio)
2026-10-07 07:59:25,655 INFO == Curso: 3 Tips For Making Good Extension  -> 3 Tips For Making Good Extension  (5 videos)
2026-10-07 07:59:25,656 INFO [1/5] 585374409 (audio)
2026-10-07 07:59:26,675 INFO [2/5] 585379783 (audio)
2026-10-07 07:59:27,690 INFO [3/5] 585384087 (audio)
2026-10-07 07:59:28,706 INFO [4/5] 585374192 (audio)
2026-10-07 07:59:29,729 INFO [5/5] 585374975 (audio)
2026-10-07 07:59:30,767 INFO == Curso: AI's Favorite Move - Shoulder Hit  -> AI's Favorite Move - Shoulder Hit  (15 videos)
2026-10-07 07:59:30,767 INFO [1/15] 633765692 (audio)
2026-10-07 07:59:31,789 INFO [2/15] 633775178 (audio)
2026-10-07 07:59:32,817 INFO [3/15] 633779613 (audio)
2026-10-07 07:59:33,835 INFO [4/15] 633781679 (audio)
2026-10-07 07:59:34,861 INFO [5/15] 633788388 (audio)
2026-10-07 07:59:35,883 INFO [6/15] 633790974 (audio)
2026-10-07 07:59:36,901 INFO [7/15] 633768162 (audio)
2026-10-07 07:59:37,919 INFO [8/15] 633767549 (audio)
2026-10-07 07:59:38,932 INFO [9/15] 633767111 (audio)
2026-10-07 07:59:39,950 INFO [10/15] 633776425 (audio)
2026-10-07 07:59:40,964 INFO [11/15] 633768694 (audio)
2026-10-07 07:59:41,980 INFO [12/15] 633765277 (audio)
2026-10-07 07:59:43,008 INFO [13/15] 633758934 (audio)
2026-10-07 07:59:44,035 INFO [14/15] 633768963 (audio)
2026-10-07 07:59:45,053 INFO [15/15] 633766434 (audio)
2026-10-07 07:59:46,083 INFO == Curso: How to invade  -> How to invade  (5 videos)
2026-10-07 07:59:46,084 INFO [1/5] 923678600 (audio)
2026-10-07 07:59:47,105 INFO [2/5] 923682740 (audio)
2026-10-07 07:59:48,132 INFO [3/5] 923684719 (audio)
2026-10-07 07:59:49,153 INFO [4/5] 923678168 (audio)
2026-10-07 07:59:50,171 INFO [5/5] 923680718 (audio)
2026-10-07 07:59:51,211 INFO == Curso: Who can ends his Winning race?  -> Who can ends his Winning race_  (4 videos)
2026-10-07 07:59:51,212 INFO [1/4] 834998610 (audio)
2026-10-07 07:59:52,225 INFO [2/4] 834999433 (audio)
2026-10-07 07:59:53,239 INFO [3/4] 835000271 (audio)
2026-10-07 07:59:54,261 INFO [4/4] 834998369 (audio)
2026-10-07 07:59:55,285 INFO == Curso: Choosing the perfect Jeong-Seock 4  -> Choosing the perfect Jeong-Seock 4  (4 videos)
2026-10-07 07:59:55,285 INFO [1/4] 524325398 (audio)
2026-10-07 07:59:56,296 INFO [2/4] 524325397 (audio)
2026-10-07 07:59:57,315 INFO [3/4] 524325399 (audio)
2026-10-07 07:59:58,325 INFO [4/4] 524325396 (audio)
2026-10-07 07:59:59,337 INFO == Curso: New course  -> New course [6lCBz6XlfanKZ4CPp4kg]  (9 videos)
2026-10-07 07:59:59,337 INFO [1/9] 1072562125 (audio)
2026-10-07 08:00:00,352 INFO [2/9] 1072560891 (audio)
2026-10-07 08:00:01,370 INFO [3/9] 1072559624 (audio)
2026-10-07 08:00:02,392 INFO [4/9] 1072558206 (audio)
2026-10-07 08:00:03,405 INFO [5/9] 1072558672 (audio)
2026-10-07 08:00:04,419 INFO [6/9] 1072560022 (audio)
2026-10-07 08:00:05,432 INFO [7/9] 1072561351 (audio)
2026-10-07 08:00:06,446 INFO [8/9] 1072560617 (audio)
2026-10-07 08:00:07,463 INFO [9/9] 1072558460 (audio)
2026-10-07 08:00:08,486 INFO == Curso: A Gentle Erosion In The Endgame  -> A Gentle Erosion In The Endgame  (8 videos)
2026-10-07 08:00:08,487 INFO [1/8] 1189162084 (audio)
2026-10-07 08:00:09,499 INFO [2/8] 1189165071 (audio)
2026-10-07 08:00:10,518 INFO [3/8] 1189170179 (audio)
2026-10-07 08:00:11,533 INFO [4/8] 1189161464 (audio)
2026-10-07 08:00:12,544 INFO [5/8] 1189163457 (audio)
2026-10-07 08:00:13,558 INFO [6/8] 1189165307 (audio)
2026-10-07 08:00:14,571 INFO [7/8] 1189162830 (audio)
2026-10-07 08:00:15,589 INFO [8/8] 1189167820 (audio)
2026-10-07 08:00:18,894 WARNING 1189167820 [audio] intento 1/3 fallo: ERROR: [vimeo] 1189167820: Requested format is not available. Use --list-formats for a list of available formats
2026-10-07 08:00:24,055 WARNING 1189167820 [audio] intento 2/3 fallo: ERROR: [vimeo] 1189167820: Requested format is not available. Use --list-formats for a list of available formats
2026-10-07 08:00:31,268 WARNING 1189167820 [audio] intento 3/3 fallo: ERROR: [vimeo] 1189167820: Requested format is not available. Use --list-formats for a list of available formats
2026-10-07 08:00:37,269 ERROR 1189167820 [audio] FALLO: ERROR: [vimeo] 1189167820: Requested format is not available. Use --list-formats for a list of available formats
2026-10-07 08:00:38,292 INFO == Curso: Side Fighting Skill 1  -> Side Fighting Skill 1  (15 videos)
2026-10-07 08:00:38,292 INFO [1/15] 595142032 (audio)
2026-10-07 08:00:39,317 INFO [2/15] 595154625 (audio)
2026-10-07 08:00:40,336 INFO [3/15] 595156543 (audio)
2026-10-07 08:00:41,353 INFO [4/15] 595158205 (audio)
2026-10-07 08:00:42,369 INFO [5/15] 595165848 (audio)
2026-10-07 08:00:43,391 INFO [6/15] 595149223 (audio)
2026-10-07 08:00:44,417 INFO [7/15] 595149476 (audio)
2026-10-07 08:00:45,437 INFO [8/15] 595148626 (audio)
2026-10-07 08:00:46,458 INFO [9/15] 595152821 (audio)
2026-10-07 08:00:47,484 INFO [10/15] 595141702 (audio)
2026-10-07 08:00:48,509 INFO [11/15] 595148761 (audio)
2026-10-07 08:00:49,533 INFO [12/15] 595147166 (audio)
2026-10-07 08:00:50,556 INFO [13/15] 595149558 (audio)
2026-10-07 08:00:51,577 INFO [14/15] 595163359 (audio)
2026-10-07 08:00:52,591 INFO [15/15] 595148902 (audio)
2026-10-07 08:00:53,620 INFO == Curso: Large Knight’s Move enclosure-1  -> Large Knight’s Move enclosure-1  (4 videos)
2026-10-07 08:00:53,620 INFO [1/4] 1091518826 (audio)
2026-10-07 08:00:54,639 INFO [2/4] 1091519088 (audio)
2026-10-07 08:00:55,653 INFO [3/4] 1091520040 (audio)
2026-10-07 08:00:56,680 INFO [4/4] 1091519131 (audio)
2026-10-07 08:00:57,708 INFO == Curso: Bad Aji in the Endgame  -> Bad Aji in the Endgame  (11 videos)
2026-10-07 08:00:57,708 INFO [1/11] 1171373616 (audio)
2026-10-07 08:00:58,732 INFO [2/11] 1171375279 (audio)
2026-10-07 08:00:59,747 INFO [3/11] 1171376164 (audio)
2026-10-07 08:01:00,764 INFO [4/11] 1171373240 (audio)
2026-10-07 08:01:03,768 WARNING 1171373240 [audio] intento 1/3 fallo: ERROR: [vimeo] 1171373240: Requested format is not available. Use --list-formats for a list of available formats
2026-10-07 08:01:08,678 WARNING 1171373240 [audio] intento 2/3 fallo: ERROR: [vimeo] 1171373240: Requested format is not available. Use --list-formats for a list of available formats
2026-10-07 08:01:15,494 WARNING 1171373240 [audio] intento 3/3 fallo: ERROR: [vimeo] 1171373240: Requested format is not available. Use --list-formats for a list of available formats
2026-10-07 08:01:21,495 ERROR 1171373240 [audio] FALLO: ERROR: [vimeo] 1171373240: Requested format is not available. Use --list-formats for a list of available formats
2026-10-07 08:01:22,514 INFO [5/11] 1171372650 (audio)
2026-10-07 08:01:23,528 INFO [6/11] 1171374419 (audio)
2026-10-07 08:01:27,492 WARNING 1171374419 [audio] intento 1/3 fallo: ERROR: [vimeo] 1171374419: Requested format is not available. Use --list-formats for a list of available formats
2026-10-07 08:01:32,984 WARNING 1171374419 [audio] intento 2/3 fallo: ERROR: [vimeo] 1171374419: Requested format is not available. Use --list-formats for a list of available formats
2026-10-07 08:01:40,358 WARNING 1171374419 [audio] intento 3/3 fallo: ERROR: [vimeo] 1171374419: Requested format is not available. Use --list-formats for a list of available formats
2026-10-07 08:01:46,358 ERROR 1171374419 [audio] FALLO: ERROR: [vimeo] 1171374419: Requested format is not available. Use --list-formats for a list of available formats
2026-10-07 08:01:47,374 INFO [7/11] 1171372792 (audio)
2026-10-07 08:01:48,386 INFO [8/11] 1171374391 (audio)
2026-10-07 08:01:51,858 WARNING 1171374391 [audio] intento 1/3 fallo: ERROR: [vimeo] 1171374391: Requested format is not available. Use --list-formats for a list of available formats
2026-10-07 08:01:57,736 WARNING 1171374391 [audio] intento 2/3 fallo: ERROR: [vimeo] 1171374391: Requested format is not available. Use --list-formats for a list of available formats
2026-10-07 08:02:04,932 WARNING 1171374391 [audio] intento 3/3 fallo: ERROR: [vimeo] 1171374391: Requested format is not available. Use --list-formats for a list of available formats
2026-10-07 08:02:10,933 ERROR 1171374391 [audio] FALLO: ERROR: [vimeo] 1171374391: Requested format is not available. Use --list-formats for a list of available formats
2026-10-07 08:02:11,951 INFO [9/11] 1171373359 (audio)
2026-10-07 08:02:15,785 WARNING 1171373359 [audio] intento 1/3 fallo: ERROR: [vimeo] 1171373359: Requested format is not available. Use --list-formats for a list of available formats
2026-10-07 08:02:22,896 WARNING 1171373359 [audio] intento 2/3 fallo: ERROR: [vimeo] 1171373359: Requested format is not available. Use --list-formats for a list of available formats
2026-10-07 08:02:30,264 WARNING 1171373359 [audio] intento 3/3 fallo: ERROR: [vimeo] 1171373359: Requested format is not available. Use --list-formats for a list of available formats
2026-10-07 08:02:36,265 ERROR 1171373359 [audio] FALLO: ERROR: [vimeo] 1171373359: Requested format is not available. Use --list-formats for a list of available formats
2026-10-07 08:02:37,278 INFO [10/11] 1171373067 (audio)
2026-10-07 08:02:42,713 WARNING 1171373067 [audio] intento 1/3 fallo: ERROR: [vimeo] 1171373067: Requested format is not available. Use --list-formats for a list of available formats
2026-10-07 08:02:50,718 WARNING 1171373067 [audio] intento 2/3 fallo: ERROR: [vimeo] 1171373067: Requested format is not available. Use --list-formats for a list of available formats
2026-10-07 08:02:57,548 WARNING 1171373067 [audio] intento 3/3 fallo: ERROR: [vimeo] 1171373067: Requested format is not available. Use --list-formats for a list of available formats
2026-10-07 08:03:03,549 ERROR 1171373067 [audio] FALLO: ERROR: [vimeo] 1171373067: Requested format is not available. Use --list-formats for a list of available formats
2026-10-07 08:03:04,558 INFO [11/11] 1171372949 (audio)
2026-10-07 08:03:07,515 WARNING 1171372949 [audio] intento 1/3 fallo: ERROR: [vimeo] 1171372949: Requested format is not available. Use --list-formats for a list of available formats
2026-10-07 08:03:12,265 WARNING 1171372949 [audio] intento 2/3 fallo: ERROR: [vimeo] 1171372949: Requested format is not available. Use --list-formats for a list of available formats
2026-10-07 08:03:19,090 WARNING 1171372949 [audio] intento 3/3 fallo: ERROR: [vimeo] 1171372949: Requested format is not available. Use --list-formats for a list of available formats
2026-10-07 08:03:25,091 ERROR 1171372949 [audio] FALLO: ERROR: [vimeo] 1171372949: Requested format is not available. Use --list-formats for a list of available formats
2026-10-07 08:03:26,111 INFO == Curso: One of the Greatest Games: A Perfect Calculation of Central InfluenceㅣShin-Jinseo vs Dang-Yifei  -> One of the Greatest Games_ A Perfect Calculation of Central InfluenceㅣShin-Jinseo vs Dang-Yifei  (4 videos)
2026-10-07 08:03:26,112 INFO [1/4] 1094043361 (audio)
2026-10-07 08:03:27,121 INFO [2/4] 1094045164 (audio)
2026-10-07 08:03:28,129 INFO [3/4] 1094046839 (audio)
2026-10-07 08:03:29,138 INFO [4/4] 1094041567 (audio)
2026-10-07 08:03:30,148 INFO == Curso: Invade or Reduce?  -> Invade or Reduce_  (5 videos)
2026-10-07 08:03:30,148 INFO [1/5] 926836408 (audio)
2026-10-07 08:03:31,159 INFO [2/5] 926836941 (audio)
2026-10-07 08:03:32,169 INFO [3/5] 926837413 (audio)
2026-10-07 08:03:33,178 INFO [4/5] 926837843 (audio)
2026-10-07 08:03:34,186 INFO [5/5] 926838402 (audio)
2026-10-07 08:03:35,210 INFO == Curso: Professional's Tenuki In Their Games  -> Professional's Tenuki In Their Games  (5 videos)
2026-10-07 08:03:55,008 INFO [1/5] 995040671 (audio)
2026-10-07 08:03:56,024 INFO [2/5] 995041471 (audio)
2026-10-07 08:03:57,034 INFO [3/5] 995043215 (audio)
2026-10-07 08:03:58,042 INFO [4/5] 995038571 (audio)
2026-10-07 08:03:59,053 INFO [5/5] 995038634 (audio)
2026-10-07 08:04:00,077 INFO == Curso: Invasion against a 3-star formation  -> Invasion against a 3-star formation  (17 videos)
2026-10-07 08:04:00,078 INFO [1/17] 795959707 (audio)
2026-10-07 08:04:01,087 INFO [2/17] 795961259 (audio)
2026-10-07 08:04:02,096 INFO [3/17] 795961906 (audio)
2026-10-07 08:04:03,106 INFO [4/17] 795962131 (audio)
2026-10-07 08:04:04,118 INFO [5/17] 795959615 (audio)
2026-10-07 08:04:05,128 INFO [6/17] 795957859 (audio)
2026-10-07 08:04:06,139 INFO [7/17] 795961974 (audio)
2026-10-07 08:04:07,155 INFO [8/17] 795958710 (audio)
2026-10-07 08:04:08,165 INFO [9/17] 795959651 (audio)
2026-10-07 08:04:09,177 INFO [10/17] 795961303 (audio)
2026-10-07 08:04:10,193 INFO [11/17] 795961922 (audio)
2026-10-07 08:04:11,202 INFO [12/17] 795958801 (audio)
2026-10-07 08:04:12,216 INFO [13/17] 795959813 (audio)
2026-10-07 08:04:13,225 INFO [14/17] 795957780 (audio)
2026-10-07 08:04:14,235 INFO [15/17] 795960273 (audio)
2026-10-07 08:04:15,245 INFO [16/17] 795962013 (audio)
2026-10-07 08:04:16,257 INFO [17/17] 795959557 (audio)
2026-10-07 08:04:17,281 INFO == Curso: Side Fighting 1-2  -> Side Fighting 1-2  (5 videos)
2026-10-07 08:04:17,282 INFO [1/5] 595737209 (audio)
2026-10-07 08:04:18,289 INFO [2/5] 595740523 (audio)
2026-10-07 08:04:19,298 INFO [3/5] 595734925 (audio)
2026-10-07 08:04:20,306 INFO [4/5] 595734531 (audio)
2026-10-07 08:04:21,326 INFO [5/5] 595734561 (audio)
2026-10-07 08:04:22,353 INFO == Curso: My favourite opening!   -> My favourite opening!  (9 videos)
2026-10-07 08:04:22,354 INFO [1/9] 1015099002 (audio)
2026-10-07 08:04:23,367 INFO [2/9] 1015099547 (audio)
2026-10-07 08:04:24,378 INFO [3/9] 1015099953 (audio)
2026-10-07 08:04:25,391 INFO [4/9] 1015100754 (audio)
2026-10-07 08:04:26,402 INFO [5/9] 1015098758 (audio)
2026-10-07 08:04:27,413 INFO [6/9] 1015098362 (audio)
2026-10-07 08:04:28,429 INFO [7/9] 1015097960 (audio)
2026-10-07 08:04:29,446 INFO [8/9] 1015098781 (audio)
2026-10-07 08:04:30,458 INFO [9/9] 1015098650 (audio)
2026-10-07 08:04:31,476 INFO == Curso: Beginner Course 16 Weak Points In Territory 2  -> Beginner Course 16 Weak Points In Territory 2  (2 videos)
2026-10-07 08:04:31,478 INFO [1/2] 702550041 (audio)
2026-10-07 08:04:32,496 INFO [2/2] 702906437 (audio)
2026-10-07 08:04:33,521 INFO == Curso: A Miracle In The Endgame  -> A Miracle In The Endgame  (5 videos)
2026-10-07 08:04:33,522 INFO [1/5] 881658397 (audio)
2026-10-07 08:04:34,535 INFO [2/5] 881662370 (audio)
2026-10-07 08:04:35,551 INFO [3/5] 881778897 (audio)
2026-10-07 08:04:36,562 INFO [4/5] 881657638 (audio)
2026-10-07 08:04:37,572 INFO [5/5] 881662252 (audio)
2026-10-07 08:04:40,614 WARNING 881662252 [audio] intento 1/3 fallo: ERROR: [vimeo] 881662252: Requested format is not available. Use --list-formats for a list of available formats
2026-10-07 08:04:45,292 WARNING 881662252 [audio] intento 2/3 fallo: ERROR: [vimeo] 881662252: Requested format is not available. Use --list-formats for a list of available formats
2026-10-07 08:04:52,127 WARNING 881662252 [audio] intento 3/3 fallo: ERROR: [vimeo] 881662252: Requested format is not available. Use --list-formats for a list of available formats
2026-10-07 08:04:58,128 ERROR 881662252 [audio] FALLO: ERROR: [vimeo] 881662252: Requested format is not available. Use --list-formats for a list of available formats
2026-10-07 08:04:59,157 INFO == Curso: Invasion & Attacking 1  -> Invasion & Attacking 1  (15 videos)
2026-10-07 08:04:59,157 INFO [1/15] 639337672 (audio)
2026-10-07 08:05:00,167 INFO [2/15] 639339958 (audio)
2026-10-07 08:05:01,179 INFO [3/15] 639341598 (audio)
2026-10-07 08:05:02,189 INFO [4/15] 639344375 (audio)
2026-10-07 08:05:03,201 INFO [5/15] 639346135 (audio)
2026-10-07 08:05:04,212 INFO [6/15] 639347909 (audio)
2026-10-07 08:05:05,222 INFO [7/15] 639337207 (audio)
2026-10-07 08:05:06,237 INFO [8/15] 639337385 (audio)
2026-10-07 08:05:07,249 INFO [9/15] 639337271 (audio)
2026-10-07 08:05:08,261 INFO [10/15] 639342119 (audio)
2026-10-07 08:05:09,272 INFO [11/15] 639338191 (audio)
2026-10-07 08:05:10,284 INFO [12/15] 639337474 (audio)
2026-10-07 08:05:11,294 INFO [13/15] 639342948 (audio)
2026-10-07 08:05:12,306 INFO [14/15] 639338212 (audio)
2026-10-07 08:05:13,319 INFO [15/15] 639337915 (audio)
2026-10-07 08:05:14,341 INFO == Curso: Beginner Course 22 Throw-In & False Eye  -> Beginner Course 22 Throw-In & False Eye  (5 videos)
2026-10-07 08:05:14,342 INFO [1/5] 720670375 (audio)
2026-10-07 08:05:15,354 INFO [2/5] 720673697 (audio)
2026-10-07 08:05:16,364 INFO [3/5] 720667457 (audio)
2026-10-07 08:05:17,375 INFO [4/5] 720667179 (audio)
2026-10-07 08:05:18,387 INFO [5/5] 720667611 (audio)
2026-10-07 08:05:19,404 INFO == Curso: Choose The Correct Jeong-Seock!  -> Choose The Correct Jeong-Seock!  (7 videos)
2026-10-07 08:05:19,405 INFO [1/7] 758218072 (audio)
2026-10-07 08:05:20,417 INFO [2/7] 758220694 (audio)
2026-10-07 08:05:21,426 INFO [3/7] 758222464 (audio)
2026-10-07 08:05:22,437 INFO [4/7] 758217946 (audio)
2026-10-07 08:05:23,447 INFO [5/7] 758219643 (audio)
2026-10-07 08:05:24,456 INFO [6/7] 758218900 (audio)
2026-10-07 08:05:25,465 INFO [7/7] 758220843 (audio)
2026-10-07 08:05:26,496 INFO == Curso: Professional's Marvelous Sabaki Or Living  -> Professional's Marvelous Sabaki Or Living  (4 videos)
2026-10-07 08:05:26,497 INFO [1/4] 980650087 (audio)
2026-10-07 08:05:27,509 INFO [2/4] 980654759 (audio)
2026-10-07 08:05:28,520 INFO [3/4] 980649969 (audio)
2026-10-07 08:05:29,534 INFO [4/4] 980644027 (audio)
2026-10-07 08:05:30,552 INFO == Curso: Cross Cut  -> Cross Cut  (11 videos)
2026-10-07 08:05:30,553 INFO [1/11] 691316272 (audio)
2026-10-07 08:05:31,564 INFO [2/11] 691319412 (audio)
2026-10-07 08:05:32,572 INFO [3/11] 691322286 (audio)
2026-10-07 08:05:33,584 INFO [4/11] 691315148 (audio)
2026-10-07 08:05:34,592 INFO [5/11] 691319980 (audio)
2026-10-07 08:05:35,609 INFO [6/11] 691314895 (audio)
2026-10-07 08:05:36,619 INFO [7/11] 691314326 (audio)
2026-10-07 08:05:37,631 INFO [8/11] 691313605 (audio)
2026-10-07 08:05:38,641 INFO [9/11] 691315504 (audio)
2026-10-07 08:05:39,653 INFO [10/11] 691316759 (audio)
2026-10-07 08:05:40,669 INFO [11/11] 691315839 (audio)
2026-10-07 08:05:41,701 INFO == Curso: Studying Endgame  -> Studying Endgame  (9 videos)
2026-10-07 08:05:41,702 INFO [1/9] 1156220153 (audio)
2026-10-07 08:05:42,710 INFO [2/9] 1156223323 (audio)
2026-10-07 08:05:43,720 INFO [3/9] 1156226120 (audio)
2026-10-07 08:05:44,731 INFO [4/9] 1156217454 (audio)
2026-10-07 08:05:45,747 INFO [5/9] 1156218758 (audio)
2026-10-07 08:05:48,756 WARNING 1156218758 [audio] intento 1/3 fallo: ERROR: [vimeo] 1156218758: Requested format is not available. Use --list-formats for a list of available formats
2026-10-07 08:05:53,444 WARNING 1156218758 [audio] intento 2/3 fallo: ERROR: [vimeo] 1156218758: Requested format is not available. Use --list-formats for a list of available formats
2026-10-07 08:06:00,199 WARNING 1156218758 [audio] intento 3/3 fallo: ERROR: [vimeo] 1156218758: Requested format is not available. Use --list-formats for a list of available formats
2026-10-07 08:06:06,201 ERROR 1156218758 [audio] FALLO: ERROR: [vimeo] 1156218758: Requested format is not available. Use --list-formats for a list of available formats
2026-10-07 08:06:07,216 INFO [6/9] 1156217639 (audio)
2026-10-07 08:06:09,976 WARNING 1156217639 [audio] intento 1/3 fallo: ERROR: [vimeo] 1156217639: Requested format is not available. Use --list-formats for a list of available formats
2026-10-07 08:06:14,616 WARNING 1156217639 [audio] intento 2/3 fallo: ERROR: [vimeo] 1156217639: Requested format is not available. Use --list-formats for a list of available formats
2026-10-07 08:06:21,481 WARNING 1156217639 [audio] intento 3/3 fallo: ERROR: [vimeo] 1156217639: Requested format is not available. Use --list-formats for a list of available formats
2026-10-07 08:06:27,483 ERROR 1156217639 [audio] FALLO: ERROR: [vimeo] 1156217639: Requested format is not available. Use --list-formats for a list of available formats
2026-10-07 08:06:28,495 INFO [7/9] 1156219106 (audio)
2026-10-07 08:06:31,446 WARNING 1156219106 [audio] intento 1/3 fallo: ERROR: [vimeo] 1156219106: Requested format is not available. Use --list-formats for a list of available formats
2026-10-07 08:06:36,101 WARNING 1156219106 [audio] intento 2/3 fallo: ERROR: [vimeo] 1156219106: Requested format is not available. Use --list-formats for a list of available formats
2026-10-07 08:06:42,798 WARNING 1156219106 [audio] intento 3/3 fallo: ERROR: [vimeo] 1156219106: Requested format is not available. Use --list-formats for a list of available formats
2026-10-07 08:06:48,799 ERROR 1156219106 [audio] FALLO: ERROR: [vimeo] 1156219106: Requested format is not available. Use --list-formats for a list of available formats
2026-10-07 08:06:49,808 INFO [8/9] 1156218032 (audio)
2026-10-07 08:06:50,817 INFO [9/9] 1156219550 (audio)
2026-10-07 08:06:53,487 WARNING 1156219550 [audio] intento 1/3 fallo: ERROR: [vimeo] 1156219550: Requested format is not available. Use --list-formats for a list of available formats
2026-10-07 08:07:00,071 WARNING 1156219550 [audio] intento 2/3 fallo: ERROR: [vimeo] 1156219550: Requested format is not available. Use --list-formats for a list of available formats
2026-10-07 08:07:06,736 WARNING 1156219550 [audio] intento 3/3 fallo: ERROR: [vimeo] 1156219550: Requested format is not available. Use --list-formats for a list of available formats
2026-10-07 08:07:12,737 ERROR 1156219550 [audio] FALLO: ERROR: [vimeo] 1156219550: Requested format is not available. Use --list-formats for a list of available formats
2026-10-07 08:07:13,766 INFO == Curso: Trick joseki?  -> Trick joseki_  (4 videos)
2026-10-07 08:07:13,766 INFO [1/4] 1118085973 (audio)
2026-10-07 08:07:14,777 INFO [2/4] 1118086709 (audio)
2026-10-07 08:07:15,785 INFO [3/4] 1118087679 (audio)
2026-10-07 08:07:16,796 INFO [4/4] 1118089024 (audio)
2026-10-07 08:07:17,820 INFO == Curso: Loose Ladder  -> Loose Ladder  (19 videos)
2026-10-07 08:07:17,821 INFO [1/19] 732693825 (audio)
2026-10-07 08:07:18,834 INFO [2/19] 732697414 (audio)
2026-10-07 08:07:19,845 INFO [3/19] 732698126 (audio)
2026-10-07 08:07:20,860 INFO [4/19] 732691798 (audio)
2026-10-07 08:07:21,874 INFO [5/19] 732695119 (audio)
2026-10-07 08:07:22,885 INFO [6/19] 732693225 (audio)
2026-10-07 08:07:23,895 INFO [7/19] 732696557 (audio)
2026-10-07 08:07:24,903 INFO [8/19] 732695896 (audio)
2026-10-07 08:07:25,915 INFO [9/19] 732692480 (audio)
2026-10-07 08:07:26,924 INFO [10/19] 732692104 (audio)
2026-10-07 08:07:27,934 INFO [11/19] 732692842 (audio)
2026-10-07 08:07:28,945 INFO [12/19] 732693113 (audio)
2026-10-07 08:07:29,958 INFO [13/19] 732692986 (audio)
2026-10-07 08:07:30,970 INFO [14/19] 732692267 (audio)
2026-10-07 08:07:31,978 INFO [15/19] 732692681 (audio)
2026-10-07 08:07:32,990 INFO [16/19] 732693352 (audio)
2026-10-07 08:07:34,005 INFO [17/19] 732694008 (audio)
2026-10-07 08:07:35,015 INFO [18/19] 732691968 (audio)
2026-10-07 08:07:36,027 INFO [19/19] 732693696 (audio)
2026-10-07 08:07:37,052 INFO == Curso: Old Joseki  -> Old Joseki  (10 videos)
2026-10-07 08:07:37,053 INFO [1/10] 1173255617 (audio)
2026-10-07 08:07:38,069 INFO [2/10] 1173257636 (audio)
2026-10-07 08:07:39,078 INFO [3/10] 1173259871 (audio)
2026-10-07 08:07:40,090 INFO [4/10] 1173261449 (audio)
2026-10-07 08:07:41,102 INFO [5/10] 1173257822 (audio)
2026-10-07 08:07:42,116 INFO [6/10] 1173255451 (audio)
2026-10-07 08:07:43,125 INFO [7/10] 1173255312 (audio)
2026-10-07 08:07:44,139 INFO [8/10] 1173256061 (audio)
2026-10-07 08:07:45,155 INFO [9/10] 1173257118 (audio)
2026-10-07 08:07:46,166 INFO [10/10] 1173258257 (audio)
2026-10-07 08:07:47,192 INFO == Curso: A rare mild trick move  -> A rare mild trick move  (9 videos)
2026-10-07 08:07:47,192 INFO [1/9] 1033276208 (audio)
2026-10-07 08:07:48,203 INFO [2/9] 1033277168 (audio)
2026-10-07 08:07:49,215 INFO [3/9] 1033278862 (audio)
2026-10-07 08:07:50,231 INFO [4/9] 1033224225 (audio)
2026-10-07 08:07:51,246 INFO [5/9] 1033275653 (audio)
2026-10-07 08:07:52,259 INFO [6/9] 1033274841 (audio)
2026-10-07 08:07:53,271 INFO [7/9] 1033275372 (audio)
2026-10-07 08:07:54,283 INFO [8/9] 1033275183 (audio)
2026-10-07 08:07:55,295 INFO [9/9] 1033275683 (audio)
2026-10-07 08:07:56,310 INFO == Curso: If it was your game 1  -> If it was your game 1  (6 videos)
2026-10-07 08:07:56,311 INFO [1/6] 823423830 (audio)
2026-10-07 08:07:57,324 INFO [2/6] 823425540 (audio)
2026-10-07 08:07:58,336 INFO [3/6] 823426704 (audio)
2026-10-07 08:07:59,351 INFO [4/6] 823429234 (audio)
2026-10-07 08:08:00,361 INFO [5/6] 823422853 (audio)
2026-10-07 08:08:01,370 INFO [6/6] 823422562 (audio)
2026-10-07 08:08:03,845 WARNING 823422562 [audio] intento 1/3 fallo: ERROR: [vimeo] 823422562: Unable to download webpage: HTTP Error 404: Not Found (caused by <HTTPError 404: Not Found>)
2026-10-07 08:08:08,213 WARNING 823422562 [audio] intento 2/3 fallo: ERROR: [vimeo] 823422562: Unable to download webpage: HTTP Error 404: Not Found (caused by <HTTPError 404: Not Found>)
2026-10-07 08:08:14,599 WARNING 823422562 [audio] intento 3/3 fallo: ERROR: [vimeo] 823422562: Unable to download webpage: HTTP Error 404: Not Found (caused by <HTTPError 404: Not Found>)
2026-10-07 08:08:20,600 ERROR 823422562 [audio] FALLO: ERROR: [vimeo] 823422562: Unable to download webpage: HTTP Error 404: Not Found (caused by <HTTPError 404: Not Found>)
2026-10-07 08:08:21,619 INFO == Curso: The Easiest Way to Reduce   -> The Easiest Way to Reduce  (15 videos)
2026-10-07 08:08:21,619 INFO [1/15] 676546306 (audio)
2026-10-07 08:08:22,628 INFO [2/15] 676547706 (audio)
2026-10-07 08:08:23,636 INFO [3/15] 676548566 (audio)
2026-10-07 08:08:24,648 INFO [4/15] 676549232 (audio)
2026-10-07 08:08:25,658 INFO [5/15] 676550283 (audio)
2026-10-07 08:08:26,666 INFO [6/15] 676545899 (audio)
2026-10-07 08:08:27,676 INFO [7/15] 676546221 (audio)
2026-10-07 08:08:28,686 INFO [8/15] 676545259 (audio)
2026-10-07 08:08:29,699 INFO [9/15] 676545514 (audio)
2026-10-07 08:08:30,708 INFO [10/15] 676545617 (audio)
2026-10-07 08:08:31,718 INFO [11/15] 676546182 (audio)
2026-10-07 08:08:32,726 INFO [12/15] 676546497 (audio)
2026-10-07 08:08:33,739 INFO [13/15] 676545399 (audio)
2026-10-07 08:08:34,750 INFO [14/15] 676545730 (audio)
2026-10-07 08:08:35,760 INFO [15/15] 676546046 (audio)
2026-10-07 08:08:36,775 INFO == Curso: Know the Key Points of Attack, Make Attacking Easy  -> Know the Key Points of Attack, Make Attacking Easy  (4 videos)
2026-10-07 08:08:36,776 INFO [1/4] 1108984441 (audio)
2026-10-07 08:08:37,785 INFO [2/4] 1108985736 (audio)
2026-10-07 08:08:38,793 INFO [3/4] 1108983047 (audio)
2026-10-07 08:08:39,801 INFO [4/4] 1108983114 (audio)
2026-10-07 08:08:40,813 INFO == Curso: 이 영상 보시면 삼삼침입 100% 잡을 수 있습니다  -> 이 영상 보시면 삼삼침입 100% 잡을 수 있습니다  (4 videos)
2026-10-07 08:08:40,814 INFO [1/4] 1022132167 (audio)
2026-10-07 08:08:41,826 INFO [2/4] 1022135327 (audio)
2026-10-07 08:08:42,836 INFO [3/4] 1022129733 (audio)
2026-10-07 08:08:43,844 INFO [4/4] 1022129886 (audio)
2026-10-07 08:08:44,862 INFO == Curso: The Art of Sabaki  -> The Art of Sabaki  (6 videos)
2026-10-07 08:08:44,863 INFO [1/6] 1217102909 (audio)
2026-10-07 08:08:45,876 INFO [2/6] 1217104879 (audio)
2026-10-07 08:08:46,885 INFO [3/6] 1217106844 (audio)
2026-10-07 08:08:47,901 INFO [4/6] 1217102511 (audio)
2026-10-07 08:08:48,912 INFO [5/6] 1217102687 (audio)
2026-10-07 08:08:49,923 INFO [6/6] 1217103060 (audio)
2026-10-07 08:08:50,945 INFO == Curso: Dealing with Overplays: How to Punish Mistakes  -> Dealing with Overplays_ How to Punish Mistakes  (3 videos)
2026-10-07 08:08:50,945 INFO [1/3] 1158757073 (audio)
2026-10-07 08:08:51,955 INFO [2/3] 1158757277 (audio)
2026-10-07 08:08:52,966 INFO [3/3] 1158757172 (audio)
2026-10-07 08:08:53,983 INFO == Curso: Those Moves Appear In Every Game 3  - Large Knight's Move   -> Those Moves Appear In Every Game 3 - Large Knight's Move  (2 videos)
2026-10-07 08:08:53,984 INFO [1/2] 565195066 (audio)
2026-10-07 08:08:54,995 INFO [2/2] 565002360 (audio)
2026-10-07 08:08:56,019 INFO == Curso: Repeated Mistakes  -> Repeated Mistakes  (10 videos)
2026-10-07 08:08:56,020 INFO [1/10] 746092514 (audio)
2026-10-07 08:08:57,030 INFO [2/10] 746094511 (audio)
2026-10-07 08:08:58,038 INFO [3/10] 746095534 (audio)
2026-10-07 08:08:59,053 INFO [4/10] 746092304 (audio)
2026-10-07 08:09:00,063 INFO [5/10] 746092971 (audio)
2026-10-07 08:09:01,073 INFO [6/10] 746092097 (audio)
2026-10-07 08:09:02,089 INFO [7/10] 746092947 (audio)
2026-10-07 08:09:03,100 INFO [8/10] 746094658 (audio)
2026-10-07 08:09:04,109 INFO [9/10] 746093110 (audio)
2026-10-07 08:09:05,121 INFO [10/10] 746092390 (audio)
2026-10-07 08:09:06,145 INFO == Curso: Nongsim Cup Review Iyamayuta vs Shin-Minjun  -> Nongsim Cup Review Iyamayuta vs Shin-Minjun  (13 videos)
2026-10-07 08:09:06,146 INFO [1/13] 651957380 (audio)
2026-10-07 08:09:07,162 INFO [2/13] 651963296 (audio)
2026-10-07 08:09:08,174 INFO [3/13] 651965787 (audio)
2026-10-07 08:09:09,188 INFO [4/13] 651968284 (audio)
2026-10-07 08:09:10,199 INFO [5/13] 651959554 (audio)
2026-10-07 08:09:11,209 INFO [6/13] 651956193 (audio)
2026-10-07 08:09:12,217 INFO [7/13] 651956294 (audio)
2026-10-07 08:09:13,225 INFO [8/13] 651956603 (audio)
2026-10-07 08:09:14,234 INFO [9/13] 651960857 (audio)
2026-10-07 08:09:15,241 INFO [10/13] 651956757 (audio)
2026-10-07 08:09:16,249 INFO [11/13] 651959332 (audio)
2026-10-07 08:09:17,257 INFO [12/13] 651956442 (audio)
2026-10-07 08:09:18,266 INFO [13/13] 651960455 (audio)
2026-10-07 08:09:19,284 INFO == Curso: The Only Invasion Patterns You Need to Know  -> The Only Invasion Patterns You Need to Know  (5 videos)
2026-10-07 08:09:19,285 INFO [1/5] 1128718600 (audio)
2026-10-07 08:09:20,298 INFO [2/5] 1128719281 (audio)
2026-10-07 08:09:21,306 INFO [3/5] 1128719589 (audio)
2026-10-07 08:09:22,316 INFO [4/5] 1128717778 (audio)
2026-10-07 08:09:23,330 INFO [5/5] 1128717938 (audio)
2026-10-07 08:09:24,347 INFO == Curso: Different value of extensions  -> Different value of extensions  (12 videos)
2026-10-07 08:09:24,348 INFO [1/12] 802664337 (audio)
2026-10-07 08:09:25,356 INFO [2/12] 802666352 (audio)
2026-10-07 08:09:26,366 INFO [3/12] 802670275 (audio)
2026-10-07 08:09:27,378 INFO [4/12] 802663075 (audio)
2026-10-07 08:09:30,726 WARNING 802663075 [audio] intento 1/3 fallo: ERROR: [vimeo] 802663075: Requested format is not available. Use --list-formats for a list of available formats
2026-10-07 08:09:35,396 WARNING 802663075 [audio] intento 2/3 fallo: ERROR: [vimeo] 802663075: Requested format is not available. Use --list-formats for a list of available formats
2026-10-07 08:09:42,104 WARNING 802663075 [audio] intento 3/3 fallo: ERROR: [vimeo] 802663075: Requested format is not available. Use --list-formats for a list of available formats
2026-10-07 08:09:48,105 ERROR 802663075 [audio] FALLO: ERROR: [vimeo] 802663075: Requested format is not available. Use --list-formats for a list of available formats
2026-10-07 08:09:49,113 INFO [5/12] 802662497 (audio)
2026-10-07 08:09:50,121 INFO [6/12] 802663440 (audio)
2026-10-07 08:09:51,132 INFO [7/12] 802664202 (audio)
2026-10-07 08:09:52,140 INFO [8/12] 802662877 (audio)
2026-10-07 08:09:55,065 WARNING 802662877 [audio] intento 1/3 fallo: ERROR: [vimeo] 802662877: Requested format is not available. Use --list-formats for a list of available formats
2026-10-07 08:09:59,734 WARNING 802662877 [audio] intento 2/3 fallo: ERROR: [vimeo] 802662877: Requested format is not available. Use --list-formats for a list of available formats
2026-10-07 08:10:06,975 WARNING 802662877 [audio] intento 3/3 fallo: ERROR: [vimeo] 802662877: Requested format is not available. Use --list-formats for a list of available formats
2026-10-07 08:10:12,976 ERROR 802662877 [audio] FALLO: ERROR: [vimeo] 802662877: Requested format is not available. Use --list-formats for a list of available formats
2026-10-07 08:10:13,992 INFO [9/12] 802663686 (audio)
2026-10-07 08:10:15,000 INFO [10/12] 802663206 (audio)
2026-10-07 08:10:17,818 WARNING 802663206 [audio] intento 1/3 fallo: ERROR: [vimeo] 802663206: Requested format is not available. Use --list-formats for a list of available formats
2026-10-07 08:10:22,660 WARNING 802663206 [audio] intento 2/3 fallo: ERROR: [vimeo] 802663206: Requested format is not available. Use --list-formats for a list of available formats
2026-10-07 08:10:29,372 WARNING 802663206 [audio] intento 3/3 fallo: ERROR: [vimeo] 802663206: Requested format is not available. Use --list-formats for a list of available formats
2026-10-07 08:10:35,374 ERROR 802663206 [audio] FALLO: ERROR: [vimeo] 802663206: Requested format is not available. Use --list-formats for a list of available formats
2026-10-07 08:10:36,383 INFO [11/12] 802663989 (audio)
2026-10-07 08:10:37,394 INFO [12/12] 802662740 (audio)
2026-10-07 08:10:38,422 INFO == Curso: Am I Hikaru? - Hikaru VS Suyoung  -> Am I Hikaru_ - Hikaru VS Suyoung  (15 videos)
2026-10-07 08:10:38,423 INFO [1/15] 645534136 (audio)
2026-10-07 08:10:39,434 INFO [2/15] 645536066 (audio)
2026-10-07 08:10:40,444 INFO [3/15] 645536872 (audio)
2026-10-07 08:10:41,455 INFO [4/15] 645537488 (audio)
2026-10-07 08:10:42,470 INFO [5/15] 645539119 (audio)
2026-10-07 08:10:43,482 INFO [6/15] 645540357 (audio)
2026-10-07 08:10:44,490 INFO [7/15] 645533108 (audio)
2026-10-07 08:10:45,503 INFO [8/15] 645534922 (audio)
2026-10-07 08:10:46,517 INFO [9/15] 645537615 (audio)
2026-10-07 08:10:47,527 INFO [10/15] 645533803 (audio)
2026-10-07 08:10:48,541 INFO [11/15] 645533535 (audio)
2026-10-07 08:10:49,552 INFO [12/15] 645537015 (audio)
2026-10-07 08:10:50,563 INFO [13/15] 645532859 (audio)
2026-10-07 08:10:51,575 INFO [14/15] 645535109 (audio)
2026-10-07 08:10:52,587 INFO [15/15] 645532506 (audio)
2026-10-07 08:10:53,615 INFO == Curso: Continuation  After An Invasion  -> Continuation After An Invasion  (9 videos)
2026-10-07 08:10:53,616 INFO [1/9] 1012085177 (audio)
2026-10-07 08:10:54,629 INFO [2/9] 1012088548 (audio)
2026-10-07 08:10:55,638 INFO [3/9] 1012090128 (audio)
2026-10-07 08:10:56,650 INFO [4/9] 1012084258 (audio)
2026-10-07 08:10:57,662 INFO [5/9] 1012084766 (audio)
2026-10-07 08:10:58,678 INFO [6/9] 1012074730 (audio)
2026-10-07 08:10:59,691 INFO [7/9] 1012083795 (audio)
2026-10-07 08:11:00,705 INFO [8/9] 1012084428 (audio)
2026-10-07 08:11:01,721 INFO [9/9] 1012083924 (audio)
2026-10-07 08:11:02,733 INFO == Curso: Tips for best 50 moves in the opening for 10kyu level 2  -> Tips for best 50 moves in the opening for 10kyu level 2  (4 videos)
2026-10-07 08:11:02,734 INFO [1/4] 517500070 (audio)
2026-10-07 08:11:03,743 INFO [2/4] 517500067 (audio)
2026-10-07 08:11:04,755 INFO [3/4] 517500068 (audio)
2026-10-07 08:11:05,766 INFO [4/4] 517500069 (audio)
2026-10-07 08:11:06,790 INFO == Curso: Harass Your Opponent! - Use Aji 2  -> Harass Your Opponent! - Use Aji 2  (5 videos)
2026-10-07 08:11:06,791 INFO [1/5] 608963155 (audio)
2026-10-07 08:11:07,800 INFO [2/5] 608969744 (audio)
2026-10-07 08:11:08,808 INFO [3/5] 609229575 (audio)
2026-10-07 08:11:09,817 INFO [4/5] 608958835 (audio)
2026-10-07 08:11:10,826 INFO [5/5] 608958740 (audio)
2026-10-07 08:11:11,852 INFO == Curso: Trendy New Interesting Move  -> Trendy New Interesting Move  (28 videos)
2026-10-07 08:11:11,853 INFO [1/28] 659228789 (audio)
2026-10-07 08:11:12,865 INFO [2/28] 659232168 (audio)
2026-10-07 08:11:13,875 INFO [3/28] 659234683 (audio)
2026-10-07 08:11:14,886 INFO [4/28] 659231051 (audio)
2026-10-07 08:11:15,900 INFO [5/28] 659226046 (audio)
2026-10-07 08:11:16,913 INFO [6/28] 659227558 (audio)
2026-10-07 08:11:17,927 INFO [7/28] 659230706 (audio)
2026-10-07 08:11:18,939 INFO [8/28] 659228025 (audio)
2026-10-07 08:11:19,952 INFO [9/28] 659226130 (audio)
2026-10-07 08:11:20,963 INFO [10/28] 659227527 (audio)
2026-10-07 08:11:21,971 INFO [11/28] 659229926 (audio)
2026-10-07 08:11:22,984 INFO [12/28] 659228215 (audio)
2026-10-07 08:11:23,995 INFO [13/28] 659227469 (audio)
2026-10-07 08:11:25,009 INFO [14/28] 659227205 (audio)
2026-10-07 08:11:26,026 INFO [15/28] 659232602 (audio)
2026-10-07 08:11:27,038 INFO [16/28] 659232439 (audio)
2026-10-07 08:11:28,048 INFO [17/28] 659227245 (audio)
2026-10-07 08:11:29,060 INFO [18/28] 659225969 (audio)
2026-10-07 08:11:30,075 INFO [19/28] 659226601 (audio)
2026-10-07 08:11:31,091 INFO [20/28] 659232396 (audio)
2026-10-07 08:11:32,102 INFO [21/28] 659227182 (audio)
2026-10-07 08:11:33,111 INFO [22/28] 659225943 (audio)
2026-10-07 08:11:34,119 INFO [23/28] 659230602 (audio)
2026-10-07 08:11:35,129 INFO [24/28] 659228261 (audio)
2026-10-07 08:11:36,143 INFO [25/28] 659227837 (audio)
2026-10-07 08:11:37,154 INFO [26/28] 659228384 (audio)
2026-10-07 08:11:38,167 INFO [27/28] 659227299 (audio)
2026-10-07 08:11:39,182 INFO [28/28] 659232527 (audio)
2026-10-07 08:11:40,209 INFO == Curso: Probing Moves and Responses by ProfessionalsㅣPark-Junghwan vs Guzihao  -> Probing Moves and Responses by ProfessionalsㅣPark-Junghwan vs Guzihao  (3 videos)
2026-10-07 08:11:40,211 INFO [1/3] 1044234153 (audio)
2026-10-07 08:11:41,222 INFO [2/3] 1044235479 (audio)
2026-10-07 08:11:42,231 INFO [3/3] 1044232764 (audio)
2026-10-07 08:11:43,257 INFO == Curso: Let`s study endgame-1  -> Let`s study endgame-1  (7 videos)
2026-10-07 08:11:43,259 INFO [1/7] 1151105106 (audio)
2026-10-07 08:11:44,271 INFO [2/7] 1151281598 (audio)
2026-10-07 08:11:45,280 INFO [3/7] 1151281697 (audio)
2026-10-07 08:11:46,291 INFO [4/7] 1151281837 (audio)
2026-10-07 08:11:47,302 INFO [5/7] 1151282602 (audio)
2026-10-07 08:11:48,314 INFO [6/7] 1151105008 (audio)
2026-10-07 08:11:49,328 INFO [7/7] 1151282179 (audio)
2026-10-07 08:11:50,342 INFO == Curso: How to play in the corner  -> How to play in the corner  (7 videos)
2026-10-07 08:11:50,343 INFO [1/7] 1166655097 (audio)
2026-10-07 08:11:51,355 INFO [2/7] 1166655540 (audio)
2026-10-07 08:11:52,364 INFO [3/7] 1166655723 (audio)
2026-10-07 08:11:53,376 INFO [4/7] 1166656936 (audio)
2026-10-07 08:11:54,386 INFO [5/7] 1166658836 (audio)
2026-10-07 08:11:55,397 INFO [6/7] 1166657711 (audio)
2026-10-07 08:11:56,408 INFO [7/7] 1166654841 (audio)
2026-10-07 08:11:57,436 INFO == Curso: Don't Miss This Vital Point!  -> Don't Miss This Vital Point!  (11 videos)
2026-10-07 08:11:57,437 INFO [1/11] 774972246 (audio)
2026-10-07 08:11:58,448 INFO [2/11] 774974725 (audio)
2026-10-07 08:11:59,459 INFO [3/11] 774970094 (audio)
2026-10-07 08:12:00,468 INFO [4/11] 774970596 (audio)
2026-10-07 08:12:01,480 INFO [5/11] 774972004 (audio)
2026-10-07 08:12:02,493 INFO [6/11] 774971804 (audio)
2026-10-07 08:12:03,505 INFO [7/11] 774971090 (audio)
2026-10-07 08:12:04,515 INFO [8/11] 774970451 (audio)
2026-10-07 08:12:05,527 INFO [9/11] 774971543 (audio)
2026-10-07 08:12:06,538 INFO [10/11] 774972475 (audio)
2026-10-07 08:12:07,549 INFO [11/11] 774970809 (audio)
2026-10-07 08:12:08,577 INFO == Curso: The attachment tesuji  -> The attachment tesuji  (7 videos)
2026-10-07 08:12:08,578 INFO [1/7] 1211128356 (audio)
2026-10-07 08:12:09,591 INFO [2/7] 1211128613 (audio)
2026-10-07 08:12:10,604 INFO [3/7] 1211128721 (audio)
2026-10-07 08:12:11,615 INFO [4/7] 1211128884 (audio)
2026-10-07 08:12:12,626 INFO [5/7] 1211129033 (audio)
2026-10-07 08:12:13,638 INFO [6/7] 1211129197 (audio)
2026-10-07 08:12:14,650 INFO [7/7] 1211127587 (audio)
2026-10-07 08:12:15,677 INFO == Curso: Typical Mistakes 2 For DDK  -> Typical Mistakes 2 For DDK  (4 videos)
2026-10-07 08:12:15,678 INFO [1/4] 747265317 (audio)
2026-10-07 08:12:16,689 INFO [2/4] 747274340 (audio)
2026-10-07 08:12:17,697 INFO [3/4] 747271284 (audio)
2026-10-07 08:12:18,709 INFO [4/4] 747261940 (audio)
2026-10-07 08:12:19,721 INFO == Curso: 14th Chunlan Cup Final Game 1  -> 14th Chunlan Cup Final Game 1  (1 videos)
2026-10-07 08:12:19,723 INFO [1/1] 850000703 (audio)
2026-10-07 08:12:20,741 INFO == Curso: Invisible Fight!  -> Invisible Fight!  (5 videos)
2026-10-07 08:12:20,741 INFO [1/5] 942908597 (audio)
2026-10-07 08:12:21,754 INFO [2/5] 942909609 (audio)
2026-10-07 08:12:22,766 INFO [3/5] 942909972 (audio)
2026-10-07 08:12:23,781 INFO [4/5] 942908418 (audio)
2026-10-07 08:12:24,794 INFO [5/5] 942908039 (audio)
2026-10-07 08:12:25,807 INFO == Curso: The Strongest AI - Golaxy VS TianGo  -> The Strongest AI - Golaxy VS TianGo  (11 videos)
2026-10-07 08:12:25,808 INFO [1/11] 655652938 (audio)
2026-10-07 08:12:26,818 INFO [2/11] 655655274 (audio)
2026-10-07 08:12:27,828 INFO [3/11] 655656432 (audio)
2026-10-07 08:12:28,842 INFO [4/11] 655657398 (audio)
2026-10-07 08:12:29,855 INFO [5/11] 655652625 (audio)
2026-10-07 08:12:30,865 INFO [6/11] 655651610 (audio)
2026-10-07 08:12:33,655 WARNING 655651610 [audio] intento 1/3 fallo: ERROR: [vimeo] 655651610: Requested format is not available. Use --list-formats for a list of available formats
2026-10-07 08:12:38,597 WARNING 655651610 [audio] intento 2/3 fallo: ERROR: [vimeo] 655651610: Requested format is not available. Use --list-formats for a list of available formats
2026-10-07 08:12:45,227 WARNING 655651610 [audio] intento 3/3 fallo: ERROR: [vimeo] 655651610: Requested format is not available. Use --list-formats for a list of available formats
2026-10-07 08:12:51,228 ERROR 655651610 [audio] FALLO: ERROR: [vimeo] 655651610: Requested format is not available. Use --list-formats for a list of available formats
2026-10-07 08:12:52,241 INFO [7/11] 655652138 (audio)
2026-10-07 08:12:53,252 INFO [8/11] 655652041 (audio)
2026-10-07 08:12:55,951 WARNING 655652041 [audio] intento 1/3 fallo: ERROR: [vimeo] 655652041: Requested format is not available. Use --list-formats for a list of available formats
2026-10-07 08:13:00,621 WARNING 655652041 [audio] intento 2/3 fallo: ERROR: [vimeo] 655652041: Requested format is not available. Use --list-formats for a list of available formats
2026-10-07 08:13:07,237 WARNING 655652041 [audio] intento 3/3 fallo: ERROR: [vimeo] 655652041: Requested format is not available. Use --list-formats for a list of available formats
2026-10-07 08:13:13,238 ERROR 655652041 [audio] FALLO: ERROR: [vimeo] 655652041: Requested format is not available. Use --list-formats for a list of available formats
2026-10-07 08:13:14,252 INFO [9/11] 655656501 (audio)
2026-10-07 08:13:15,264 INFO [10/11] 655652419 (audio)
2026-10-07 08:13:16,276 INFO [11/11] 655652261 (audio)
2026-10-07 08:13:17,292 INFO == Curso: Good Shape vs Bad Shape 1  -> Good Shape vs Bad Shape 1  (5 videos)
2026-10-07 08:13:17,293 INFO [1/5] 759003879 (audio)
2026-10-07 08:13:18,303 INFO [2/5] 759009237 (audio)
2026-10-07 08:13:19,318 INFO [3/5] 759012569 (audio)
2026-10-07 08:13:20,330 INFO [4/5] 759003458 (audio)
2026-10-07 08:13:21,351 INFO [5/5] 759006806 (audio)
2026-10-07 08:13:22,382 INFO == Curso: Direction  -> Direction  (10 videos)
2026-10-07 08:13:22,383 INFO [1/10] 933551236 (audio)
2026-10-07 08:13:23,391 INFO [2/10] 933553886 (audio)
2026-10-07 08:13:24,402 INFO [3/10] 933758239 (audio)
2026-10-07 08:13:25,411 INFO [4/10] 933746870 (audio)
2026-10-07 08:13:26,427 INFO [5/10] 933749673 (audio)
2026-10-07 08:13:27,437 INFO [6/10] 933559790 (audio)
2026-10-07 08:13:28,448 INFO [7/10] 933746161 (audio)
2026-10-07 08:13:29,463 INFO [8/10] 933750997 (audio)
2026-10-07 08:13:30,471 INFO [9/10] 933751642 (audio)
2026-10-07 08:13:31,481 INFO [10/10] 933751424 (audio)
2026-10-07 08:13:32,502 INFO == Curso: wedge  -> wedge  (4 videos)
2026-10-07 08:13:32,504 INFO [1/4] 1200993500 (audio)
2026-10-07 08:13:33,517 INFO [2/4] 1200994437 (audio)
2026-10-07 08:13:34,525 INFO [3/4] 1200994858 (audio)
2026-10-07 08:13:35,538 INFO [4/4] 1200993378 (audio)
2026-10-07 08:13:36,563 INFO == Curso: Magic Of Ko Smart Way To Do Ko  -> Magic Of Ko Smart Way To Do Ko  (4 videos)
2026-10-07 08:13:36,564 INFO [1/4] 899009779 (audio)
2026-10-07 08:13:37,579 INFO [2/4] 899010086 (audio)
2026-10-07 08:13:38,588 INFO [3/4] 899008749 (audio)
2026-10-07 08:13:39,600 INFO [4/4] 899008647 (audio)
2026-10-07 08:13:40,627 INFO == Curso: Where are my Ko threats?  -> Where are my Ko threats_  (5 videos)
2026-10-07 08:13:40,628 INFO [1/5] 901468639 (audio)
2026-10-07 08:13:41,640 INFO [2/5] 901471862 (audio)
2026-10-07 08:13:42,648 INFO [3/5] 901472777 (audio)
2026-10-07 08:13:43,659 INFO [4/5] 901468116 (audio)
2026-10-07 08:13:44,671 INFO [5/5] 901468031 (audio)
2026-10-07 08:13:45,701 INFO == Curso: Do Not Jump  -> Do Not Jump  (7 videos)
2026-10-07 08:13:45,702 INFO [1/7] 662556380 (audio)
2026-10-07 08:13:46,709 INFO [2/7] 662560190 (audio)
2026-10-07 08:13:47,719 INFO [3/7] 662563125 (audio)
2026-10-07 08:13:48,730 INFO [4/7] 662558838 (audio)
2026-10-07 08:13:49,742 INFO [5/7] 662557302 (audio)
2026-10-07 08:13:50,759 INFO [6/7] 662556052 (audio)
2026-10-07 08:13:51,774 INFO [7/7] 662556191 (audio)
2026-10-07 08:13:52,799 INFO == Curso: Important & Urgent Place - Look At The Whole Board!  -> Important & Urgent Place - Look At The Whole Board!  (11 videos)
2026-10-07 08:13:52,800 INFO [1/11] 760544791 (audio)
2026-10-07 08:13:53,808 INFO [2/11] 760547033 (audio)
2026-10-07 08:13:54,815 INFO [3/11] 760548592 (audio)
2026-10-07 08:13:55,825 INFO [4/11] 760545392 (audio)
2026-10-07 08:13:56,833 INFO [5/11] 760547307 (audio)
2026-10-07 08:13:57,846 INFO [6/11] 760546039 (audio)
2026-10-07 08:13:58,859 INFO [7/11] 760544434 (audio)
2026-10-07 08:13:59,874 INFO [8/11] 760544226 (audio)
2026-10-07 08:14:00,887 INFO [9/11] 760545685 (audio)
2026-10-07 08:14:01,902 INFO [10/11] 760544595 (audio)
2026-10-07 08:14:02,912 INFO [11/11] 760545015 (audio)
2026-10-07 08:14:03,940 INFO == Curso: Never lose Capturing Race 4 - Vital point  -> Never lose Capturing Race 4 - Vital point  (3 videos)
2026-10-07 08:14:03,941 INFO [1/3] 541326978 (audio)
2026-10-07 08:14:04,952 INFO [2/3] 541326979 (audio)
2026-10-07 08:14:05,962 INFO [3/3] 541326977 (audio)
2026-10-07 08:14:06,971 INFO == Curso: How to Fix Your Shape  -> How to Fix Your Shape  (8 videos)
2026-10-07 08:14:06,971 INFO [1/8] 1186961005 (audio)
2026-10-07 08:14:07,983 INFO [2/8] 1186962307 (audio)
2026-10-07 08:14:08,991 INFO [3/8] 1186963395 (audio)
2026-10-07 08:14:10,004 INFO [4/8] 1186958901 (audio)
2026-10-07 08:14:11,026 INFO [5/8] 1186959069 (audio)
2026-10-07 08:14:12,047 INFO [6/8] 1186958601 (audio)
2026-10-07 08:14:13,069 INFO [7/8] 1186958724 (audio)
2026-10-07 08:14:14,087 INFO [8/8] 1186958996 (audio)
2026-10-07 08:14:15,118 INFO == Curso: Big Place VS Urgent Place  -> Big Place VS Urgent Place  (11 videos)
2026-10-07 08:14:15,119 INFO [1/11] 612461368 (audio)
2026-10-07 08:14:16,144 INFO [2/11] 612472090 (audio)
2026-10-07 08:14:17,163 INFO [3/11] 612479696 (audio)
2026-10-07 08:14:18,176 INFO [4/11] 612489872 (audio)
2026-10-07 08:14:19,196 INFO [5/11] 612460554 (audio)
2026-10-07 08:14:20,218 INFO [6/11] 612463085 (audio)
2026-10-07 08:14:21,233 INFO [7/11] 612468178 (audio)
2026-10-07 08:14:22,256 INFO [8/11] 612465523 (audio)
2026-10-07 08:14:23,278 INFO [9/11] 612460261 (audio)
2026-10-07 08:14:24,291 INFO [10/11] 612467090 (audio)
2026-10-07 08:14:25,303 INFO [11/11] 612464137 (audio)
2026-10-07 08:14:26,339 INFO == Curso: Escaping Golden Rule   -> Escaping Golden Rule  (5 videos)
2026-10-07 08:14:26,340 INFO [1/5] 646830234 (audio)
2026-10-07 08:14:27,361 INFO [2/5] 646832558 (audio)
2026-10-07 08:14:28,372 INFO [3/5] 646835077 (audio)
2026-10-07 08:14:29,384 INFO [4/5] 646828139 (audio)
2026-10-07 08:14:30,397 INFO [5/5] 646827980 (audio)
2026-10-07 08:14:31,421 INFO == Curso: Using Sente to Connect, Capture, Escape In A Fight  -> Using Sente to Connect, Capture, Escape In A Fight  (20 videos)
2026-10-07 08:14:31,879 INFO [1/20] 687462940 (audio)
2026-10-07 08:14:33,380 INFO [2/20] 687465165 (audio)
2026-10-07 08:14:34,392 INFO [3/20] 687466647 (audio)
2026-10-07 08:14:35,407 INFO [4/20] 687467989 (audio)
2026-10-07 08:14:36,418 INFO [5/20] 687465472 (audio)
2026-10-07 08:14:37,427 INFO [6/20] 687463597 (audio)
2026-10-07 08:14:38,442 INFO [7/20] 687464151 (audio)
2026-10-07 08:14:39,462 INFO [8/20] 687460981 (audio)
2026-10-07 08:14:40,475 INFO [9/20] 687463306 (audio)
2026-10-07 08:14:41,494 INFO [10/20] 687462690 (audio)
2026-10-07 08:14:42,514 INFO [11/20] 687460698 (audio)
2026-10-07 08:14:43,535 INFO [12/20] 687461782 (audio)
2026-10-07 08:14:44,554 INFO [13/20] 687461717 (audio)
2026-10-07 08:14:45,573 INFO [14/20] 687461431 (audio)
2026-10-07 08:14:46,585 INFO [15/20] 687461290 (audio)
2026-10-07 08:14:47,596 INFO [16/20] 687464076 (audio)
2026-10-07 08:14:48,608 INFO [17/20] 687462068 (audio)
2026-10-07 08:14:49,620 INFO [18/20] 687462422 (audio)
2026-10-07 08:14:50,637 INFO [19/20] 687461129 (audio)
2026-10-07 08:14:51,650 INFO [20/20] 687463918 (audio)
2026-10-07 08:14:52,674 INFO == Curso: Fight on the side  -> Fight on the side  (10 videos)
2026-10-07 08:14:52,675 INFO [1/10] 1002342800 (audio)
2026-10-07 08:14:53,700 INFO [2/10] 1002343471 (audio)
2026-10-07 08:14:54,713 INFO [3/10] 1002344304 (audio)
2026-10-07 08:14:55,727 INFO [4/10] 1002342593 (audio)
2026-10-07 08:14:56,740 INFO [5/10] 1002343683 (audio)
2026-10-07 08:14:57,752 INFO [6/10] 1002342085 (audio)
2026-10-07 08:14:58,772 INFO [7/10] 1002343631 (audio)
2026-10-07 08:14:59,785 INFO [8/10] 1002342644 (audio)
2026-10-07 08:15:00,798 INFO [9/10] 1002341546 (audio)
2026-10-07 08:15:01,817 INFO [10/10] 1002342288 (audio)
2026-10-07 08:15:02,837 INFO == Curso: Two space pincer   -> Two space pincer  (7 videos)
2026-10-07 08:15:02,838 INFO [1/7] 1126800602 (audio)
2026-10-07 08:15:03,854 INFO [2/7] 1126801988 (audio)
2026-10-07 08:15:04,866 INFO [3/7] 1126802670 (audio)
2026-10-07 08:15:05,888 INFO [4/7] 1126804066 (audio)
2026-10-07 08:15:06,905 INFO [5/7] 1126799877 (audio)
2026-10-07 08:15:07,919 INFO [6/7] 1126801405 (audio)
2026-10-07 08:15:08,940 INFO [7/7] 1126816007 (audio)
2026-10-07 08:15:09,973 INFO == Curso: Beginner Course 8 Lines, Corner, Side, Center  -> Beginner Course 8 Lines, Corner, Side, Center  (16 videos)
2026-10-07 08:15:09,974 INFO [1/16] 689941535 (audio)
2026-10-07 08:15:10,999 INFO [2/16] 689942501 (audio)
2026-10-07 08:15:12,012 INFO [3/16] 689942844 (audio)
2026-10-07 08:15:13,031 INFO [4/16] 689940094 (audio)
2026-10-07 08:15:14,050 INFO [5/16] 689940211 (audio)
2026-10-07 08:15:15,074 INFO [6/16] 689941682 (audio)
2026-10-07 08:15:16,093 INFO [7/16] 689942692 (audio)
2026-10-07 08:15:17,106 INFO [8/16] 689942720 (audio)
2026-10-07 08:15:18,117 INFO [9/16] 689940403 (audio)
2026-10-07 08:15:19,140 INFO [10/16] 689940257 (audio)
2026-10-07 08:15:20,151 INFO [11/16] 689940358 (audio)
2026-10-07 08:15:21,163 INFO [12/16] 689942627 (audio)
2026-10-07 08:15:22,176 INFO [13/16] 689941788 (audio)
2026-10-07 08:15:23,201 INFO [14/16] 689940291 (audio)
2026-10-07 08:15:24,211 INFO [15/16] 689940390 (audio)
2026-10-07 08:15:25,223 INFO [16/16] 689940134 (audio)
2026-10-07 08:15:26,252 INFO == Curso: Connection Skill 1  -> Connection Skill 1  (5 videos)
2026-10-07 08:15:26,253 INFO [1/5] 769428730 (audio)
2026-10-07 08:15:27,276 INFO [2/5] 769431027 (audio)
2026-10-07 08:15:28,284 INFO [3/5] 769433180 (audio)
2026-10-07 08:15:29,304 INFO [4/5] 769426725 (audio)
2026-10-07 08:15:30,317 INFO [5/5] 769426787 (audio)
2026-10-07 08:15:31,336 INFO == Curso: Typical Mistakes 3  -> Typical Mistakes 3  (6 videos)
2026-10-07 08:15:31,338 INFO [1/6] 796642456 (audio)
2026-10-07 08:15:32,386 INFO [2/6] 796644814 (audio)
2026-10-07 08:15:33,425 INFO [3/6] 796647455 (audio)
2026-10-07 08:15:34,446 INFO [4/6] 796642092 (audio)
2026-10-07 08:15:35,458 INFO [5/6] 796642154 (audio)
2026-10-07 08:15:36,470 INFO [6/6] 796642278 (audio)
2026-10-07 08:15:37,494 INFO == Curso: Tenuki and play better place  -> Tenuki and play better place  (3 videos)
2026-10-07 08:15:37,495 INFO [1/3] 999074818 (audio)
2026-10-07 08:15:38,520 INFO [2/3] 999075560 (audio)
2026-10-07 08:15:39,532 INFO [3/3] 999076487 (audio)
2026-10-07 08:15:40,560 INFO == Curso: Beginner Course 10 Review Of 9x9 Board Game.  -> Beginner Course 10 Review Of 9x9 Board Game  (13 videos)
2026-10-07 08:15:40,562 INFO [1/13] 689985533 (audio)
2026-10-07 08:15:41,584 INFO [2/13] 689987299 (audio)
2026-10-07 08:15:42,596 INFO [3/13] 689973766 (audio)
2026-10-07 08:15:43,607 INFO [4/13] 689984467 (audio)
2026-10-07 08:15:44,621 INFO [5/13] 689984586 (audio)
2026-10-07 08:15:45,633 INFO [6/13] 689973932 (audio)
2026-10-07 08:15:46,651 INFO [7/13] 689973861 (audio)
2026-10-07 08:15:47,664 INFO [8/13] 689973881 (audio)
2026-10-07 08:15:48,683 INFO [9/13] 689974001 (audio)
2026-10-07 08:15:49,694 INFO [10/13] 689975142 (audio)
2026-10-07 08:15:50,703 INFO [11/13] 689974027 (audio)
2026-10-07 08:15:51,715 INFO [12/13] 689973916 (audio)
2026-10-07 08:15:52,729 INFO [13/13] 689973805 (audio)
2026-10-07 08:15:53,745 INFO == Curso: Endgame-Using Stone To Connect  -> Endgame-Using Stone To Connect  (13 videos)
2026-10-07 08:15:53,746 INFO [1/13] 709792117 (audio)
2026-10-07 08:15:54,760 INFO [2/13] 709793650 (audio)
2026-10-07 08:15:55,771 INFO [3/13] 709794235 (audio)
2026-10-07 08:15:56,792 INFO [4/13] 709795550 (audio)
2026-10-07 08:15:57,803 INFO [5/13] 709791607 (audio)
2026-10-07 08:15:58,816 INFO [6/13] 709793104 (audio)
2026-10-07 08:15:59,827 INFO [7/13] 709792864 (audio)
2026-10-07 08:16:00,839 INFO [8/13] 709791394 (audio)
2026-10-07 08:16:01,858 INFO [9/13] 709791118 (audio)
2026-10-07 08:16:02,871 INFO [10/13] 709791722 (audio)
2026-10-07 08:16:03,892 INFO [11/13] 709791966 (audio)
2026-10-07 08:16:04,913 INFO [12/13] 709791546 (audio)
2026-10-07 08:16:05,925 INFO [13/13] 709791275 (audio)
2026-10-07 08:16:06,952 INFO == Curso: Can't Avoid This Trick Move  -> Can't Avoid This Trick Move  (2 videos)
2026-10-07 08:16:06,953 INFO [1/2] 1031912478 (audio)
2026-10-07 08:16:07,977 INFO [2/2] 1031914021 (audio)
2026-10-07 08:16:09,003 INFO == Curso: Beginner Course 7 Completing Boundary & Endgame  -> Beginner Course 7 Completing Boundary & Endgame  (13 videos)
2026-10-07 08:16:09,004 INFO [1/13] 687405238 (audio)
2026-10-07 08:16:10,055 INFO [2/13] 687405807 (audio)
2026-10-07 08:16:11,066 INFO [3/13] 687449024 (audio)
2026-10-07 08:16:12,087 INFO [4/13] 687404316 (audio)
2026-10-07 08:16:13,107 INFO [5/13] 687404595 (audio)
2026-10-07 08:16:14,121 INFO [6/13] 687404532 (audio)
2026-10-07 08:16:15,142 INFO [7/13] 687404216 (audio)
2026-10-07 08:16:16,161 INFO [8/13] 687404396 (audio)
2026-10-07 08:16:17,174 INFO [9/13] 687404422 (audio)
2026-10-07 08:16:18,185 INFO [10/13] 687404494 (audio)
2026-10-07 08:16:19,196 INFO [11/13] 687404299 (audio)
2026-10-07 08:16:20,208 INFO [12/13] 687404362 (audio)
2026-10-07 08:16:21,220 INFO [13/13] 687404551 (audio)
2026-10-07 08:16:22,254 INFO == Curso: Beginner Course 18 Common Mistakes Top 3  -> Beginner Course 18 Common Mistakes Top 3  (7 videos)
2026-10-07 08:16:22,255 INFO [1/7] 708531152 (audio)
2026-10-07 08:16:23,274 INFO [2/7] 708532429 (audio)
2026-10-07 08:16:24,296 INFO [3/7] 708534147 (audio)
2026-10-07 08:16:25,319 INFO [4/7] 708535317 (audio)
2026-10-07 08:16:26,328 INFO [5/7] 708534194 (audio)
2026-10-07 08:16:27,341 INFO [6/7] 708531462 (audio)
2026-10-07 08:16:28,352 INFO [7/7] 708531501 (audio)
2026-10-07 08:16:29,368 INFO == Curso: New course  -> New course [HAQWWQbxZApmALv6Kidz]  (1 videos)
2026-10-07 08:16:29,369 INFO [1/1] 1072158957 (audio)
2026-10-07 08:16:30,411 INFO == Curso: Never play those moves!  -> Never play those moves!  (6 videos)
2026-10-07 08:16:30,412 INFO [1/6] 543754609 (audio)
2026-10-07 08:16:31,431 INFO [2/6] 543754607 (audio)
2026-10-07 08:16:32,455 INFO [3/6] 543754608 (audio)
2026-10-07 08:16:33,476 INFO [4/6] 543754606 (audio)
2026-10-07 08:16:34,496 INFO [5/6] 544223407 (audio)
2026-10-07 08:16:35,508 INFO [6/6] 544223409 (audio)
2026-10-07 08:16:36,543 INFO == Curso: How To Break Through In Opponent's Area?  -> How To Break Through In Opponent's Area_  (11 videos)
2026-10-07 08:16:36,544 INFO [1/11] 599975588 (audio)
2026-10-07 08:16:37,569 INFO [2/11] 599981908 (audio)
2026-10-07 08:16:38,587 INFO [3/11] 599987273 (audio)
2026-10-07 08:16:39,598 INFO [4/11] 599992115 (audio)
2026-10-07 08:16:40,620 INFO [5/11] 599983993 (audio)
2026-10-07 08:16:41,639 INFO [6/11] 599983436 (audio)
2026-10-07 08:16:42,651 INFO [7/11] 599975326 (audio)
2026-10-07 08:16:43,672 INFO [8/11] 599976498 (audio)
2026-10-07 08:16:44,692 INFO [9/11] 599977015 (audio)
2026-10-07 08:16:45,703 INFO [10/11] 599976115 (audio)
2026-10-07 08:16:46,726 INFO [11/11] 599976774 (audio)
2026-10-07 08:16:47,753 INFO == Curso: Tiger's Mouth Vital PointㅣBaduk Proverb  -> Tiger's Mouth Vital PointㅣBaduk Proverb  (6 videos)
2026-10-07 08:16:47,754 INFO [1/6] 787485806 (audio)
2026-10-07 08:16:48,805 INFO [2/6] 787487507 (audio)
2026-10-07 08:16:49,825 INFO [3/6] 787489043 (audio)
2026-10-07 08:16:50,845 INFO [4/6] 787485927 (audio)
2026-10-07 08:16:51,866 INFO [5/6] 787485901 (audio)
2026-10-07 08:16:52,878 INFO [6/6] 787485682 (audio)
2026-10-07 08:16:53,915 INFO == Curso: Mastering The Ko Fight  -> Mastering The Ko Fight  (17 videos)
2026-10-07 08:16:53,916 INFO [1/17] 1137782558 (audio)
2026-10-07 08:16:54,932 INFO [2/17] 1137784658 (audio)
2026-10-07 08:16:55,944 INFO [3/17] 1137787457 (audio)
2026-10-07 08:16:56,958 INFO [4/17] 1137775995 (audio)
2026-10-07 08:16:57,971 INFO [5/17] 1137781891 (audio)
2026-10-07 08:16:58,992 INFO [6/17] 1137772881 (audio)
2026-10-07 08:17:00,006 INFO [7/17] 1137779151 (audio)
2026-10-07 08:17:01,020 INFO [8/17] 1137780405 (audio)
2026-10-07 08:17:02,032 INFO [9/17] 1137778975 (audio)
2026-10-07 08:17:04,833 WARNING 1137778975 [audio] intento 1/3 fallo: ERROR: [vimeo] 1137778975: Requested format is not available. Use --list-formats for a list of available formats
2026-10-07 08:17:09,410 WARNING 1137778975 [audio] intento 2/3 fallo: ERROR: [vimeo] 1137778975: Requested format is not available. Use --list-formats for a list of available formats
2026-10-07 08:17:16,056 WARNING 1137778975 [audio] intento 3/3 fallo: ERROR: [vimeo] 1137778975: Requested format is not available. Use --list-formats for a list of available formats
2026-10-07 08:17:22,057 ERROR 1137778975 [audio] FALLO: ERROR: [vimeo] 1137778975: Requested format is not available. Use --list-formats for a list of available formats
2026-10-07 08:17:23,068 INFO [10/17] 1137782173 (audio)
2026-10-07 08:17:24,077 INFO [11/17] 1137780771 (audio)
2026-10-07 08:17:25,091 INFO [12/17] 1137781372 (audio)
2026-10-07 08:17:26,110 INFO [13/17] 1137780174 (audio)
2026-10-07 08:17:27,121 INFO [14/17] 1137779479 (audio)
2026-10-07 08:17:29,839 WARNING 1137779479 [audio] intento 1/3 fallo: ERROR: [vimeo] 1137779479: Requested format is not available. Use --list-formats for a list of available formats
2026-10-07 08:17:34,773 WARNING 1137779479 [audio] intento 2/3 fallo: ERROR: [vimeo] 1137779479: Requested format is not available. Use --list-formats for a list of available formats
2026-10-07 08:17:41,414 WARNING 1137779479 [audio] intento 3/3 fallo: ERROR: [vimeo] 1137779479: Requested format is not available. Use --list-formats for a list of available formats
2026-10-07 08:17:47,415 ERROR 1137779479 [audio] FALLO: ERROR: [vimeo] 1137779479: Requested format is not available. Use --list-formats for a list of available formats
2026-10-07 08:17:48,436 INFO [15/17] 1137778780 (audio)
2026-10-07 08:17:51,345 WARNING 1137778780 [audio] intento 1/3 fallo: ERROR: [vimeo] 1137778780: Requested format is not available. Use --list-formats for a list of available formats
2026-10-07 08:17:56,105 WARNING 1137778780 [audio] intento 2/3 fallo: ERROR: [vimeo] 1137778780: Requested format is not available. Use --list-formats for a list of available formats
2026-10-07 08:18:02,867 WARNING 1137778780 [audio] intento 3/3 fallo: ERROR: [vimeo] 1137778780: Requested format is not available. Use --list-formats for a list of available formats
2026-10-07 08:18:08,868 ERROR 1137778780 [audio] FALLO: ERROR: [vimeo] 1137778780: Requested format is not available. Use --list-formats for a list of available formats
2026-10-07 08:18:09,889 INFO [16/17] 1137781622 (audio)
2026-10-07 08:18:10,901 INFO [17/17] 1137778376 (audio)
2026-10-07 08:18:11,936 INFO == Curso: Super Attachment Lecture  -> Super Attachment Lecture  (11 videos)
2026-10-07 08:18:11,937 INFO [1/11] 672610534 (audio)
2026-10-07 08:18:12,954 INFO [2/11] 672613855 (audio)
2026-10-07 08:18:13,974 INFO [3/11] 672615006 (audio)
2026-10-07 08:18:14,994 INFO [4/11] 672615518 (audio)
2026-10-07 08:18:16,015 INFO [5/11] 672616638 (audio)
2026-10-07 08:18:17,030 INFO [6/11] 672612741 (audio)
2026-10-07 08:18:18,047 INFO [7/11] 672612912 (audio)
2026-10-07 08:18:19,064 INFO [8/11] 672610236 (audio)
2026-10-07 08:18:20,082 INFO [9/11] 672612284 (audio)
2026-10-07 08:18:21,092 INFO [10/11] 672613045 (audio)
2026-10-07 08:18:22,113 INFO [11/11] 672610268 (audio)
2026-10-07 08:18:23,132 INFO == Curso: Removing the Base – A Key Technique in Attack  -> Removing the Base – A Key Technique in Attack  (6 videos)
2026-10-07 08:18:23,133 INFO [1/6] 1116645302 (audio)
2026-10-07 08:18:24,147 INFO [2/6] 1116646170 (audio)
2026-10-07 08:18:25,160 INFO [3/6] 1116644373 (audio)
2026-10-07 08:18:26,172 INFO [4/6] 1116644384 (audio)
2026-10-07 08:18:27,185 INFO [5/6] 1116644321 (audio)
2026-10-07 08:18:28,197 INFO [6/6] 1116644409 (audio)
2026-10-07 08:18:29,225 INFO == Curso: Beginner Course 25 Corner Pattern 2  -> Beginner Course 25 Corner Pattern 2  (3 videos)
2026-10-07 08:18:29,226 INFO [1/3] 727330177 (audio)
2026-10-07 08:18:30,243 INFO [2/3] 727331983 (audio)
2026-10-07 08:18:31,255 INFO [3/3] 727328557 (audio)
2026-10-07 08:18:32,289 INFO == Curso: Playing In The Center  -> Playing In The Center  (3 videos)
2026-10-07 08:18:32,291 INFO [1/3] 1163447226 (audio)
2026-10-07 08:18:33,305 INFO [2/3] 1163447138 (audio)
2026-10-07 08:18:34,324 INFO [3/3] 1163447044 (audio)
2026-10-07 08:18:35,341 INFO == Curso: Let's get to know about the Trend Jeongseok!!   -> Let's get to know about the Trend Jeongseok!!  (9 videos)
2026-10-07 08:18:35,342 INFO [1/9] 797529574 (audio)
2026-10-07 08:18:36,361 INFO [2/9] 797535382 (audio)
2026-10-07 08:18:37,378 INFO [3/9] 797537335 (audio)
2026-10-07 08:18:38,390 INFO [4/9] 797532163 (audio)
2026-10-07 08:18:39,402 INFO [5/9] 797529345 (audio)
2026-10-07 08:18:40,422 INFO [6/9] 797528982 (audio)
2026-10-07 08:18:41,444 INFO [7/9] 797528531 (audio)
2026-10-07 08:18:42,458 INFO [8/9] 797530276 (audio)
2026-10-07 08:18:43,479 INFO [9/9] 797530208 (audio)
2026-10-07 08:18:44,512 INFO == Curso: Ask before defense   -> Ask before defense  (7 videos)
2026-10-07 08:18:44,512 INFO [1/7] 1046616306 (audio)
2026-10-07 08:18:45,523 INFO [2/7] 1046616575 (audio)
2026-10-07 08:18:46,537 INFO [3/7] 1046617101 (audio)
2026-10-07 08:18:47,550 INFO [4/7] 1046615920 (audio)
2026-10-07 08:18:48,569 INFO [5/7] 1046616132 (audio)
2026-10-07 08:18:49,582 INFO [6/7] 1046616080 (audio)
2026-10-07 08:18:50,600 INFO [7/7] 1046615860 (audio)
2026-10-07 08:18:51,625 INFO == Curso: How to sabaki  -> How to sabaki  (7 videos)
2026-10-07 08:18:51,626 INFO [1/7] 979550386 (audio)
2026-10-07 08:18:52,637 INFO [2/7] 979551536 (audio)
2026-10-07 08:18:53,655 INFO [3/7] 979553268 (audio)
2026-10-07 08:18:54,676 INFO [4/7] 979546620 (audio)
2026-10-07 08:18:55,688 INFO [5/7] 979546388 (audio)
2026-10-07 08:18:56,707 INFO [6/7] 979549574 (audio)
2026-10-07 08:18:57,726 INFO [7/7] 979545463 (audio)
2026-10-07 08:18:58,745 INFO == Curso: New course  -> New course [IngyWEtvjSvS2lP2o6sY]  (13 videos)
2026-10-07 08:18:58,746 INFO [1/13] 857343521 (audio)
2026-10-07 08:19:01,794 WARNING 857343521 [audio] intento 1/3 fallo: ERROR: [vimeo] 857343521: Requested format is not available. Use --list-formats for a list of available formats
2026-10-07 08:19:06,412 WARNING 857343521 [audio] intento 2/3 fallo: ERROR: [vimeo] 857343521: Requested format is not available. Use --list-formats for a list of available formats
2026-10-07 08:19:14,820 WARNING 857343521 [audio] intento 3/3 fallo: ERROR: [vimeo] 857343521: Requested format is not available. Use --list-formats for a list of available formats
2026-10-07 08:19:20,821 ERROR 857343521 [audio] FALLO: ERROR: [vimeo] 857343521: Requested format is not available. Use --list-formats for a list of available formats
2026-10-07 08:19:21,836 INFO [2/13] 857345262 (audio)
2026-10-07 08:19:24,630 WARNING 857345262 [audio] intento 1/3 fallo: ERROR: [vimeo] 857345262: Requested format is not available. Use --list-formats for a list of available formats
2026-10-07 08:19:29,339 WARNING 857345262 [audio] intento 2/3 fallo: ERROR: [vimeo] 857345262: Requested format is not available. Use --list-formats for a list of available formats
2026-10-07 08:19:36,058 WARNING 857345262 [audio] intento 3/3 fallo: ERROR: [vimeo] 857345262: Requested format is not available. Use --list-formats for a list of available formats
2026-10-07 08:19:42,059 ERROR 857345262 [audio] FALLO: ERROR: [vimeo] 857345262: Requested format is not available. Use --list-formats for a list of available formats
2026-10-07 08:19:43,070 INFO [3/13] 857345476 (audio)
2026-10-07 08:19:45,919 WARNING 857345476 [audio] intento 1/3 fallo: ERROR: [vimeo] 857345476: Requested format is not available. Use --list-formats for a list of available formats
2026-10-07 08:19:50,536 WARNING 857345476 [audio] intento 2/3 fallo: ERROR: [vimeo] 857345476: Requested format is not available. Use --list-formats for a list of available formats
2026-10-07 08:19:57,226 WARNING 857345476 [audio] intento 3/3 fallo: ERROR: [vimeo] 857345476: Requested format is not available. Use --list-formats for a list of available formats
2026-10-07 08:20:03,227 ERROR 857345476 [audio] FALLO: ERROR: [vimeo] 857345476: Requested format is not available. Use --list-formats for a list of available formats
2026-10-07 08:20:04,246 INFO [4/13] 857345416 (audio)
2026-10-07 08:20:07,328 WARNING 857345416 [audio] intento 1/3 fallo: ERROR: [vimeo] 857345416: Requested format is not available. Use --list-formats for a list of available formats
2026-10-07 08:20:11,901 WARNING 857345416 [audio] intento 2/3 fallo: ERROR: [vimeo] 857345416: Requested format is not available. Use --list-formats for a list of available formats
2026-10-07 08:20:18,551 WARNING 857345416 [audio] intento 3/3 fallo: ERROR: [vimeo] 857345416: Requested format is not available. Use --list-formats for a list of available formats
2026-10-07 08:20:24,553 ERROR 857345416 [audio] FALLO: ERROR: [vimeo] 857345416: Requested format is not available. Use --list-formats for a list of available formats
2026-10-07 08:20:25,564 INFO [5/13] 857340775 (audio)
2026-10-07 08:20:26,578 INFO [6/13] 857342244 (audio)
2026-10-07 08:20:29,445 WARNING 857342244 [audio] intento 1/3 fallo: ERROR: [vimeo] 857342244: Requested format is not available. Use --list-formats for a list of available formats
2026-10-07 08:20:33,987 WARNING 857342244 [audio] intento 2/3 fallo: ERROR: [vimeo] 857342244: Requested format is not available. Use --list-formats for a list of available formats
2026-10-07 08:20:40,620 WARNING 857342244 [audio] intento 3/3 fallo: ERROR: [vimeo] 857342244: Requested format is not available. Use --list-formats for a list of available formats
2026-10-07 08:20:46,621 ERROR 857342244 [audio] FALLO: ERROR: [vimeo] 857342244: Requested format is not available. Use --list-formats for a list of available formats
2026-10-07 08:20:47,634 INFO [7/13] 857340357 (audio)
2026-10-07 08:20:48,652 INFO [8/13] 857341794 (audio)
2026-10-07 08:20:51,553 WARNING 857341794 [audio] intento 1/3 fallo: ERROR: [vimeo] 857341794: Requested format is not available. Use --list-formats for a list of available formats
2026-10-07 08:20:56,207 WARNING 857341794 [audio] intento 2/3 fallo: ERROR: [vimeo] 857341794: Requested format is not available. Use --list-formats for a list of available formats
2026-10-07 08:21:03,691 WARNING 857341794 [audio] intento 3/3 fallo: ERROR: [vimeo] 857341794: Requested format is not available. Use --list-formats for a list of available formats
2026-10-07 08:21:09,692 ERROR 857341794 [audio] FALLO: ERROR: [vimeo] 857341794: Requested format is not available. Use --list-formats for a list of available formats
2026-10-07 08:21:10,704 INFO [9/13] 857340514 (audio)
2026-10-07 08:21:11,725 INFO [10/13] 857342012 (audio)
2026-10-07 08:21:14,758 WARNING 857342012 [audio] intento 1/3 fallo: ERROR: [vimeo] 857342012: Requested format is not available. Use --list-formats for a list of available formats
2026-10-07 08:21:19,347 WARNING 857342012 [audio] intento 2/3 fallo: ERROR: [vimeo] 857342012: Requested format is not available. Use --list-formats for a list of available formats
2026-10-07 08:21:25,910 WARNING 857342012 [audio] intento 3/3 fallo: ERROR: [vimeo] 857342012: Requested format is not available. Use --list-formats for a list of available formats
2026-10-07 08:21:31,911 ERROR 857342012 [audio] FALLO: ERROR: [vimeo] 857342012: Requested format is not available. Use --list-formats for a list of available formats
2026-10-07 08:21:32,930 INFO [11/13] 857341817 (audio)
2026-10-07 08:21:35,728 WARNING 857341817 [audio] intento 1/3 fallo: ERROR: [vimeo] 857341817: Requested format is not available. Use --list-formats for a list of available formats
2026-10-07 08:21:40,339 WARNING 857341817 [audio] intento 2/3 fallo: ERROR: [vimeo] 857341817: Requested format is not available. Use --list-formats for a list of available formats
2026-10-07 08:21:47,057 WARNING 857341817 [audio] intento 3/3 fallo: ERROR: [vimeo] 857341817: Requested format is not available. Use --list-formats for a list of available formats
2026-10-07 08:21:53,058 ERROR 857341817 [audio] FALLO: ERROR: [vimeo] 857341817: Requested format is not available. Use --list-formats for a list of available formats
2026-10-07 08:21:54,075 INFO [12/13] 857340408 (audio)
2026-10-07 08:21:56,522 WARNING 857340408 [audio] intento 1/3 fallo: ERROR: [vimeo] 857340408: Unable to download webpage: HTTP Error 404: Not Found (caused by <HTTPError 404: Not Found>)
2026-10-07 08:22:01,195 WARNING 857340408 [audio] intento 2/3 fallo: ERROR: [vimeo] 857340408: Unable to download webpage: HTTP Error 404: Not Found (caused by <HTTPError 404: Not Found>)
2026-10-07 08:22:07,667 WARNING 857340408 [audio] intento 3/3 fallo: ERROR: [vimeo] 857340408: Unable to download webpage: HTTP Error 404: Not Found (caused by <HTTPError 404: Not Found>)
2026-10-07 08:22:13,668 ERROR 857340408 [audio] FALLO: ERROR: [vimeo] 857340408: Unable to download webpage: HTTP Error 404: Not Found (caused by <HTTPError 404: Not Found>)
2026-10-07 08:22:14,680 INFO [13/13] 857341235 (audio)
2026-10-07 08:22:17,453 WARNING 857341235 [audio] intento 1/3 fallo: ERROR: [vimeo] 857341235: Requested format is not available. Use --list-formats for a list of available formats
2026-10-07 08:22:22,327 WARNING 857341235 [audio] intento 2/3 fallo: ERROR: [vimeo] 857341235: Requested format is not available. Use --list-formats for a list of available formats
2026-10-07 08:22:29,163 WARNING 857341235 [audio] intento 3/3 fallo: ERROR: [vimeo] 857341235: Requested format is not available. Use --list-formats for a list of available formats
2026-10-07 08:22:35,164 ERROR 857341235 [audio] FALLO: ERROR: [vimeo] 857341235: Requested format is not available. Use --list-formats for a list of available formats
2026-10-07 08:22:36,202 INFO == Curso: After Jeong-Seock 4 - 4.4 point  -> After Jeong-Seock 4 - 4.4 point  (2 videos)
2026-10-07 08:22:36,203 INFO [1/2] 524313656 (audio)
2026-10-07 08:22:37,223 INFO [2/2] 524313655 (audio)
2026-10-07 08:22:38,250 INFO == Curso: Good choice in the Opening  -> Good choice in the Opening  (17 videos)
2026-10-07 08:22:38,251 INFO [1/17] 825619443 (audio)
2026-10-07 08:22:39,261 INFO [2/17] 825623694 (audio)
2026-10-07 08:22:40,273 INFO [3/17] 825625372 (audio)
2026-10-07 08:22:41,284 INFO [4/17] 825626570 (audio)
2026-10-07 08:22:42,304 INFO [5/17] 825621148 (audio)
2026-10-07 08:22:43,322 INFO [6/17] 825625850 (audio)
2026-10-07 08:22:44,340 INFO [7/17] 825618505 (audio)
2026-10-07 08:22:45,353 INFO [8/17] 825626078 (audio)
2026-10-07 08:22:46,373 INFO [9/17] 825617972 (audio)
2026-10-07 08:22:47,393 INFO [10/17] 825620933 (audio)
2026-10-07 08:22:48,405 INFO [11/17] 825616958 (audio)
2026-10-07 08:22:49,420 INFO [12/17] 825619143 (audio)
2026-10-07 08:22:50,439 INFO [13/17] 825618177 (audio)
2026-10-07 08:22:51,453 INFO [14/17] 825625429 (audio)
2026-10-07 08:22:52,474 INFO [15/17] 825617119 (audio)
2026-10-07 08:22:53,495 INFO [16/17] 825619549 (audio)
2026-10-07 08:22:54,506 INFO [17/17] 825618836 (audio)
2026-10-07 08:22:55,534 INFO == Curso: Escaping Techniques  -> Escaping Techniques  (11 videos)
2026-10-07 08:22:55,535 INFO [1/11] 897670794 (audio)
2026-10-07 08:22:56,546 INFO [2/11] 897671343 (audio)
2026-10-07 08:22:57,562 INFO [3/11] 897671969 (audio)
2026-10-07 08:22:58,580 INFO [4/11] 897670518 (audio)
2026-10-07 08:22:59,593 INFO [5/11] 897670561 (audio)
2026-10-07 08:23:00,607 INFO [6/11] 897670676 (audio)
2026-10-07 08:23:01,624 INFO [7/11] 897670257 (audio)
2026-10-07 08:23:02,642 INFO [8/11] 897670372 (audio)
2026-10-07 08:23:03,663 INFO [9/11] 897671327 (audio)
2026-10-07 08:23:04,674 INFO [10/11] 897670458 (audio)
2026-10-07 08:23:05,682 INFO [11/11] 897670175 (audio)
2026-10-07 08:23:06,699 INFO == Curso: Choosing the perfect Jeong-Seock 2  -> Choosing the perfect Jeong-Seock 2  (7 videos)
2026-10-07 08:23:06,700 INFO [1/7] 524318188 (audio)
2026-10-07 08:23:07,712 INFO [2/7] 524318191 (audio)
2026-10-07 08:23:08,723 INFO [3/7] 524318189 (audio)
2026-10-07 08:23:09,739 INFO [4/7] 524318194 (audio)
2026-10-07 08:23:10,750 INFO [5/7] 524318190 (audio)
2026-10-07 08:23:11,759 INFO [6/7] 524318187 (audio)
2026-10-07 08:23:12,776 INFO [7/7] 524318186 (audio)
2026-10-07 08:23:13,812 INFO == Curso: Useful Endgame - Attachment  -> Useful Endgame - Attachment  (9 videos)
2026-10-07 08:23:13,813 INFO [1/9] 872885157 (audio)
2026-10-07 08:23:14,830 INFO [2/9] 872887050 (audio)
2026-10-07 08:23:15,845 INFO [3/9] 872889633 (audio)
2026-10-07 08:23:16,861 INFO [4/9] 872884043 (audio)
2026-10-07 08:23:17,878 INFO [5/9] 872887386 (audio)
2026-10-07 08:23:18,898 INFO [6/9] 872884394 (audio)
2026-10-07 08:23:19,921 INFO [7/9] 872884872 (audio)
2026-10-07 08:23:20,953 INFO [8/9] 872883650 (audio)
2026-10-07 08:23:21,972 INFO [9/9] 872883451 (audio)
2026-10-07 08:23:22,985 INFO == Curso: Tips For Finding Better Space  -> Tips For Finding Better Space  (7 videos)
2026-10-07 08:23:22,985 INFO [1/7] 778842755 (audio)
2026-10-07 08:23:24,013 INFO [2/7] 778845554 (audio)
2026-10-07 08:23:25,026 INFO [3/7] 778846679 (audio)
2026-10-07 08:23:26,038 INFO [4/7] 778848268 (audio)
2026-10-07 08:23:27,055 INFO [5/7] 778843919 (audio)
2026-10-07 08:23:28,070 INFO [6/7] 778842405 (audio)
2026-10-07 08:23:29,090 INFO [7/7] 778843400 (audio)
2026-10-07 08:23:30,109 INFO == Curso: Capturing Race 2   -> Capturing Race 2  (2 videos)
2026-10-07 08:23:30,109 INFO [1/2] 783253462 (audio)
2026-10-07 08:23:31,117 INFO [2/2] 783255421 (audio)
2026-10-07 08:23:32,133 INFO == Curso: Why Not Cut!   -> Why Not Cut!  (11 videos)
2026-10-07 08:23:32,134 INFO [1/11] 682196348 (audio)
2026-10-07 08:23:33,151 INFO [2/11] 682198194 (audio)
2026-10-07 08:23:34,160 INFO [3/11] 682199082 (audio)
2026-10-07 08:23:35,177 INFO [4/11] 682200765 (audio)
2026-10-07 08:23:36,195 INFO [5/11] 682195698 (audio)
2026-10-07 08:23:37,209 INFO [6/11] 682195447 (audio)
2026-10-07 08:23:38,223 INFO [7/11] 682196026 (audio)
2026-10-07 08:23:39,235 INFO [8/11] 682196697 (audio)
2026-10-07 08:23:40,250 INFO [9/11] 682195571 (audio)
2026-10-07 08:23:41,262 INFO [10/11] 682196092 (audio)
2026-10-07 08:23:42,274 INFO [11/11] 682199676 (audio)
2026-10-07 08:23:43,299 INFO == Curso: Pull Up the Roots: Attacking The Base   -> Pull Up the Roots_ Attacking The Base  (10 videos)
2026-10-07 08:23:43,300 INFO [1/10] 1231249778 (audio)
2026-10-07 08:23:44,318 INFO [2/10] 1231251027 (audio)
2026-10-07 08:23:45,332 INFO [3/10] 1231251725 (audio)
2026-10-07 08:23:46,343 INFO [4/10] 1231252338 (audio)
2026-10-07 08:23:47,358 INFO [5/10] 1231252947 (audio)
2026-10-07 08:23:48,370 INFO [6/10] 1231253540 (audio)
2026-10-07 08:23:49,381 INFO [7/10] 1231248876 (audio)
2026-10-07 08:23:50,388 INFO [8/10] 1231250987 (audio)
2026-10-07 08:23:51,400 INFO [9/10] 1231249026 (audio)
2026-10-07 08:23:52,412 INFO [10/10] 1231249151 (audio)
2026-10-07 08:23:53,435 INFO == Curso: Wang Xinghao 9 dan won the 5th Nie Weiping Cup  -> Wang Xinghao 9 dan won the 5th Nie Weiping Cup  (14 videos)
2026-10-07 08:23:53,436 INFO [1/14] 875998248 (audio)
2026-10-07 08:23:54,447 INFO [2/14] 875988745 (audio)
2026-10-07 08:23:55,465 INFO [3/14] 875972848 (audio)
2026-10-07 08:23:58,611 WARNING 875972848 [audio] intento 1/3 fallo: ERROR: [vimeo] 875972848: Requested format is not available. Use --list-formats for a list of available formats
2026-10-07 08:24:03,542 WARNING 875972848 [audio] intento 2/3 fallo: ERROR: [vimeo] 875972848: Requested format is not available. Use --list-formats for a list of available formats
2026-10-07 08:24:10,375 WARNING 875972848 [audio] intento 3/3 fallo: ERROR: [vimeo] 875972848: Requested format is not available. Use --list-formats for a list of available formats
2026-10-07 08:24:16,376 ERROR 875972848 [audio] FALLO: ERROR: [vimeo] 875972848: Requested format is not available. Use --list-formats for a list of available formats
2026-10-07 08:24:17,388 INFO [4/14] 875989010 (audio)
2026-10-07 08:24:18,403 INFO [5/14] 875970380 (audio)
2026-10-07 08:24:19,424 INFO [6/14] 875988395 (audio)
2026-10-07 08:24:22,804 WARNING 875988395 [audio] intento 1/3 fallo: ERROR: [vimeo] 875988395: Requested format is not available. Use --list-formats for a list of available formats
2026-10-07 08:24:27,612 WARNING 875988395 [audio] intento 2/3 fallo: ERROR: [vimeo] 875988395: Requested format is not available. Use --list-formats for a list of available formats
2026-10-07 08:24:34,530 WARNING 875988395 [audio] intento 3/3 fallo: ERROR: [vimeo] 875988395: Requested format is not available. Use --list-formats for a list of available formats
2026-10-07 08:24:40,532 ERROR 875988395 [audio] FALLO: ERROR: [vimeo] 875988395: Requested format is not available. Use --list-formats for a list of available formats
2026-10-07 08:24:41,551 INFO [7/14] 875988465 (audio)
2026-10-07 08:24:42,567 INFO [8/14] 875972710 (audio)
2026-10-07 08:24:45,639 WARNING 875972710 [audio] intento 1/3 fallo: ERROR: [vimeo] 875972710: Requested format is not available. Use --list-formats for a list of available formats
2026-10-07 08:24:50,604 WARNING 875972710 [audio] intento 2/3 fallo: ERROR: [vimeo] 875972710: Requested format is not available. Use --list-formats for a list of available formats
2026-10-07 08:24:57,534 WARNING 875972710 [audio] intento 3/3 fallo: ERROR: [vimeo] 875972710: Requested format is not available. Use --list-formats for a list of available formats
2026-10-07 08:25:03,535 ERROR 875972710 [audio] FALLO: ERROR: [vimeo] 875972710: Requested format is not available. Use --list-formats for a list of available formats
2026-10-07 08:25:04,547 INFO [9/14] 875972132 (audio)
2026-10-07 08:25:07,773 WARNING 875972132 [audio] intento 1/3 fallo: ERROR: [vimeo] 875972132: Requested format is not available. Use --list-formats for a list of available formats
2026-10-07 08:25:12,577 WARNING 875972132 [audio] intento 2/3 fallo: ERROR: [vimeo] 875972132: Requested format is not available. Use --list-formats for a list of available formats
2026-10-07 08:25:19,562 WARNING 875972132 [audio] intento 3/3 fallo: ERROR: [vimeo] 875972132: Requested format is not available. Use --list-formats for a list of available formats
2026-10-07 08:25:25,563 ERROR 875972132 [audio] FALLO: ERROR: [vimeo] 875972132: Requested format is not available. Use --list-formats for a list of available formats
2026-10-07 08:25:26,575 INFO [10/14] 875975154 (audio)
2026-10-07 08:25:29,384 WARNING 875975154 [audio] intento 1/3 fallo: ERROR: [vimeo] 875975154: Requested format is not available. Use --list-formats for a list of available formats
2026-10-07 08:25:34,241 WARNING 875975154 [audio] intento 2/3 fallo: ERROR: [vimeo] 875975154: Requested format is not available. Use --list-formats for a list of available formats
2026-10-07 08:25:41,085 WARNING 875975154 [audio] intento 3/3 fallo: ERROR: [vimeo] 875975154: Requested format is not available. Use --list-formats for a list of available formats
2026-10-07 08:25:47,086 ERROR 875975154 [audio] FALLO: ERROR: [vimeo] 875975154: Requested format is not available. Use --list-formats for a list of available formats
2026-10-07 08:25:48,100 INFO [11/14] 875972383 (audio)
2026-10-07 08:25:51,042 WARNING 875972383 [audio] intento 1/3 fallo: ERROR: [vimeo] 875972383: Requested format is not available. Use --list-formats for a list of available formats
2026-10-07 08:25:55,767 WARNING 875972383 [audio] intento 2/3 fallo: ERROR: [vimeo] 875972383: Requested format is not available. Use --list-formats for a list of available formats
2026-10-07 08:26:02,578 WARNING 875972383 [audio] intento 3/3 fallo: ERROR: [vimeo] 875972383: Requested format is not available. Use --list-formats for a list of available formats
2026-10-07 08:26:08,579 ERROR 875972383 [audio] FALLO: ERROR: [vimeo] 875972383: Requested format is not available. Use --list-formats for a list of available formats
2026-10-07 08:26:09,597 INFO [12/14] 875972117 (audio)
2026-10-07 08:26:13,119 WARNING 875972117 [audio] intento 1/3 fallo: ERROR: [vimeo] 875972117: Requested format is not available. Use --list-formats for a list of available formats
2026-10-07 08:26:18,585 WARNING 875972117 [audio] intento 2/3 fallo: ERROR: [vimeo] 875972117: Requested format is not available. Use --list-formats for a list of available formats
2026-10-07 08:26:25,987 WARNING 875972117 [audio] intento 3/3 fallo: ERROR: [vimeo] 875972117: Requested format is not available. Use --list-formats for a list of available formats
2026-10-07 08:26:31,988 ERROR 875972117 [audio] FALLO: ERROR: [vimeo] 875972117: Requested format is not available. Use --list-formats for a list of available formats
2026-10-07 08:26:33,000 INFO [13/14] 875988321 (audio)
2026-10-07 08:26:37,136 WARNING 875988321 [audio] intento 1/3 fallo: ERROR: [vimeo] 875988321: Requested format is not available. Use --list-formats for a list of available formats
2026-10-07 08:26:43,139 WARNING 875988321 [audio] intento 2/3 fallo: ERROR: [vimeo] 875988321: Requested format is not available. Use --list-formats for a list of available formats
2026-10-07 08:26:50,609 WARNING 875988321 [audio] intento 3/3 fallo: ERROR: [vimeo] 875988321: Requested format is not available. Use --list-formats for a list of available formats
2026-10-07 08:26:56,610 ERROR 875988321 [audio] FALLO: ERROR: [vimeo] 875988321: Requested format is not available. Use --list-formats for a list of available formats
2026-10-07 08:26:57,628 INFO [14/14] 875980431 (audio)
2026-10-07 08:27:01,614 WARNING 875980431 [audio] intento 1/3 fallo: ERROR: [vimeo] 875980431: Requested format is not available. Use --list-formats for a list of available formats
2026-10-07 08:27:07,156 WARNING 875980431 [audio] intento 2/3 fallo: ERROR: [vimeo] 875980431: Requested format is not available. Use --list-formats for a list of available formats
2026-10-07 08:27:16,716 WARNING 875980431 [audio] intento 3/3 fallo: ERROR: [vimeo] 875980431: Requested format is not available. Use --list-formats for a list of available formats
2026-10-07 08:27:22,717 ERROR 875980431 [audio] FALLO: ERROR: [vimeo] 875980431: Requested format is not available. Use --list-formats for a list of available formats
2026-10-07 08:27:23,734 INFO == Curso: Capturing Race 3 Tips  -> Capturing Race 3 Tips  (5 videos)
2026-10-07 08:27:23,734 INFO [1/5] 740227256 (audio)
2026-10-07 08:27:24,757 INFO [2/5] 740228770 (audio)
2026-10-07 08:27:25,771 INFO [3/5] 740229767 (audio)
2026-10-07 08:27:26,787 INFO [4/5] 740230911 (audio)
2026-10-07 08:27:27,800 INFO [5/5] 740227040 (audio)
2026-10-07 08:27:36,452 INFO == Curso: Unbelievable losing moves  -> Unbelievable losing moves  (4 videos)
2026-10-07 08:27:36,452 INFO [1/4] 1085830494 (audio)
2026-10-07 08:27:49,340 INFO [2/4] 1085832609 (audio)
2026-10-07 08:28:29,005 INFO [3/4] 1085834238 (audio)
2026-10-07 08:29:01,192 INFO [4/4] 1085829951 (audio)
2026-10-07 08:29:12,072 INFO == Curso: Those Moves Appear In Every Game 4 -  Knight's Move Or Large Knight's Move  -> Those Moves Appear In Every Game 4 - Knight's Move Or Large Knight's Move  (2 videos)
2026-10-07 08:29:12,072 INFO [1/2] 565007523 (audio)
2026-10-07 08:29:42,261 INFO [2/2] 565195167 (audio)
2026-10-07 08:30:03,873 INFO == Curso: Easy&Wise  Split  -> Easy&Wise Split  (9 videos)
2026-10-07 08:30:03,873 INFO [1/9] 726255364 (audio)
2026-10-07 08:30:13,533 INFO [2/9] 726256492 (audio)
2026-10-07 08:30:51,082 INFO [3/9] 726258438 (audio)
2026-10-07 08:31:17,009 INFO [4/9] 726259130 (audio)
2026-10-07 08:31:38,981 INFO [5/9] 726255214 (audio)
2026-10-07 09:09:18,640 INFO [6/9] 726255065 (audio)
2026-10-07 09:09:26,240 INFO [7/9] 726258537 (audio)
2026-10-07 09:09:32,886 INFO [8/9] 726254908 (audio)
2026-10-07 09:09:39,550 INFO [9/9] 726257334 (audio)
2026-10-07 09:10:11,194 INFO == Curso: Gaining 20 Points In Endgame  -> Gaining 20 Points In Endgame  (9 videos)
2026-10-07 09:10:11,195 INFO [1/9] 578756576 (audio)
2026-10-07 09:10:18,857 INFO [2/9] 578759510 (audio)
2026-10-07 09:10:46,058 INFO [3/9] 578761143 (audio)
2026-10-07 09:11:18,611 INFO [4/9] 578757002 (audio)
2026-10-07 09:11:29,981 INFO [5/9] 578757806 (audio)
2026-10-07 09:11:44,778 INFO [6/9] 578756690 (audio)
2026-10-07 09:11:52,097 INFO [7/9] 578757802 (audio)
2026-10-07 09:11:59,565 INFO [8/9] 578757886 (audio)
2026-10-07 09:12:08,556 INFO [9/9] 578757423 (audio)
2026-10-07 09:12:19,329 INFO == Curso: Endgame In The Actual Game 2  -> Endgame In The Actual Game 2  (4 videos)
2026-10-07 09:12:19,329 INFO [1/4] 870021283 (audio)
2026-10-07 09:12:55,645 INFO [2/4] 870021759 (audio)
2026-10-07 09:13:09,977 INFO [3/4] 870022053 (audio)
2026-10-07 09:13:22,360 INFO [4/4] 870020385 (audio)
2026-10-07 09:13:31,087 INFO == Curso: 가장 많이 나오는 유단자 문제 - 이렇게 쉬웠어?  -> 가장 많이 나오는 유단자 문제 - 이렇게 쉬웠어_  (29 videos)
2026-10-07 09:13:31,088 INFO [1/29] 988975359 (audio)
2026-10-07 09:13:43,910 INFO [2/29] 988984443 (audio)
2026-10-07 09:14:14,603 INFO [3/29] 988987264 (audio)
2026-10-07 09:14:34,766 INFO [4/29] 988990286 (audio)
2026-10-07 09:14:44,224 INFO [5/29] 988971015 (audio)
2026-10-07 09:14:49,498 WARNING 988971015 [audio] intento 1/3 fallo: ERROR: [vimeo] 988971015: Requested format is not available. Use --list-formats for a list of available formats
2026-10-07 09:14:54,216 WARNING 988971015 [audio] intento 2/3 fallo: ERROR: [vimeo] 988971015: Requested format is not available. Use --list-formats for a list of available formats
2026-10-07 09:15:02,102 WARNING 988971015 [audio] intento 3/3 fallo: ERROR: [vimeo] 988971015: Requested format is not available. Use --list-formats for a list of available formats
2026-10-07 09:15:08,103 ERROR 988971015 [audio] FALLO: ERROR: [vimeo] 988971015: Requested format is not available. Use --list-formats for a list of available formats
2026-10-07 09:15:09,123 INFO [6/29] 988980106 (audio)
2026-10-07 09:15:22,905 INFO [7/29] 988973295 (audio)
2026-10-07 09:15:30,918 INFO [8/29] 988974577 (audio)
2026-10-07 09:15:39,305 INFO [9/29] 988971433 (audio)
2026-10-07 09:15:47,644 INFO [10/29] 988972130 (audio)
2026-10-07 09:15:58,753 INFO [11/29] 988970523 (audio)
2026-10-07 09:16:07,896 INFO [12/29] 988977758 (audio)
2026-10-07 09:16:19,788 INFO [13/29] 988971756 (audio)
2026-10-07 09:16:28,812 INFO [14/29] 988974195 (audio)
2026-10-07 09:16:38,165 INFO [15/29] 988966345 (audio)
2026-10-07 09:16:49,564 INFO [16/29] 988987945 (audio)
2026-10-07 09:16:58,934 INFO [17/29] 988967772 (audio)
2026-10-07 09:17:08,544 INFO [18/29] 988978534 (audio)
2026-10-07 09:17:16,826 INFO [19/29] 988973210 (audio)
2026-10-07 09:17:24,111 INFO [20/29] 988973755 (audio)
2026-10-07 09:17:33,785 INFO [21/29] 988972537 (audio)
2026-10-07 09:17:40,000 WARNING 988972537 [audio] intento 1/3 fallo: ERROR: [vimeo] 988972537: Requested format is not available. Use --list-formats for a list of available formats
2026-10-07 09:17:45,002 WARNING 988972537 [audio] intento 2/3 fallo: ERROR: [vimeo] 988972537: Requested format is not available. Use --list-formats for a list of available formats
2026-10-07 09:17:54,756 WARNING 988972537 [audio] intento 3/3 fallo: ERROR: [vimeo] 988972537: Requested format is not available. Use --list-formats for a list of available formats
2026-10-07 09:18:00,757 ERROR 988972537 [audio] FALLO: ERROR: [vimeo] 988972537: Requested format is not available. Use --list-formats for a list of available formats
2026-10-07 09:18:01,777 INFO [22/29] 988976900 (audio)
2026-10-07 09:18:10,834 INFO [23/29] 988988891 (audio)
2026-10-07 09:18:22,916 INFO [24/29] 988972983 (audio)
2026-10-07 09:18:28,827 WARNING 988972983 [audio] intento 1/3 fallo: ERROR: [vimeo] 988972983: Requested format is not available. Use --list-formats for a list of available formats
2026-10-07 09:18:33,694 WARNING 988972983 [audio] intento 2/3 fallo: ERROR: [vimeo] 988972983: Requested format is not available. Use --list-formats for a list of available formats
2026-10-07 09:18:41,591 WARNING 988972983 [audio] intento 3/3 fallo: ERROR: [vimeo] 988972983: Requested format is not available. Use --list-formats for a list of available formats
2026-10-07 09:18:47,592 ERROR 988972983 [audio] FALLO: ERROR: [vimeo] 988972983: Requested format is not available. Use --list-formats for a list of available formats
2026-10-07 09:18:48,610 INFO [25/29] 988964775 (audio)
2026-10-07 09:19:01,462 INFO [26/29] 988980894 (audio)
2026-10-07 09:19:11,796 INFO [27/29] 988989442 (audio)
2026-10-07 09:19:21,993 INFO [28/29] 988979016 (audio)
2026-10-07 09:19:30,122 INFO [29/29] 988969654 (audio)
2026-10-07 09:19:43,200 INFO == Curso: Don't Invade Here   -> Don't Invade Here  (3 videos)
2026-10-07 09:19:43,201 INFO [1/3] 781127733 (audio)
2026-10-07 09:20:10,178 INFO [2/3] 781130018 (audio)
2026-10-07 09:20:46,411 INFO [3/3] 781124748 (audio)
2026-10-07 09:20:56,123 INFO == Curso: My Typical Mistakes 2   -> My Typical Mistakes 2  (25 videos)
2026-10-07 09:20:56,124 INFO [1/25] 614495584 (audio)
2026-10-07 09:21:06,271 INFO [2/25] 614519179 (audio)
2026-10-07 09:21:37,043 INFO [3/25] 614521257 (audio)
2026-10-07 09:22:01,491 INFO [4/25] 614523261 (audio)
2026-10-07 09:22:19,689 INFO [5/25] 614524668 (audio)
2026-10-07 09:22:35,632 INFO [6/25] 614528886 (audio)
2026-10-07 09:23:07,065 INFO [7/25] 614533545 (audio)
2026-10-07 09:23:48,410 INFO [8/25] 614502544 (audio)
2026-10-07 09:23:55,718 INFO [9/25] 614525962 (audio)
2026-10-07 09:24:03,945 INFO [10/25] 614512610 (audio)
2026-10-07 09:24:12,557 INFO [11/25] 614496678 (audio)
2026-10-07 09:24:20,016 INFO [12/25] 614525266 (audio)
2026-10-07 09:24:27,155 INFO [13/25] 614497537 (audio)
2026-10-07 09:24:38,050 INFO [14/25] 614509557 (audio)
2026-10-07 09:25:26,096 INFO [15/25] 614494414 (audio)
2026-10-07 09:25:33,858 INFO [16/25] 614519220 (audio)
2026-10-07 09:25:41,528 INFO [17/25] 614512721 (audio)
2026-10-07 09:25:48,323 INFO [18/25] 614497760 (audio)
2026-10-07 09:25:56,592 INFO [19/25] 614494538 (audio)
2026-10-07 09:26:03,214 INFO [20/25] 614494774 (audio)
2026-10-07 09:26:11,153 INFO [21/25] 614501755 (audio)
2026-10-07 09:26:40,352 INFO [22/25] 614511147 (audio)
2026-10-07 09:26:47,021 INFO [23/25] 614510840 (audio)
2026-10-07 09:26:55,092 INFO [24/25] 614495354 (audio)
2026-10-07 09:27:01,763 INFO [25/25] 614503513 (audio)
2026-10-07 09:27:14,203 INFO == Curso: Beginner Course 14 Capturing Race  -> Beginner Course 14 Capturing Race  (8 videos)
2026-10-07 09:27:14,204 INFO [1/8] 696014231 (audio)
2026-10-07 09:27:48,885 INFO [2/8] 696021062 (audio)
2026-10-07 09:28:17,823 INFO [3/8] 696025736 (audio)
2026-10-07 09:28:45,078 INFO [4/8] 696027311 (audio)
2026-10-07 09:29:05,524 INFO [5/8] 696012204 (audio)
2026-10-07 09:29:12,676 INFO [6/8] 696024124 (audio)
2026-10-07 09:29:19,547 INFO [7/8] 696019814 (audio)
2026-10-07 09:29:28,887 INFO [8/8] 696023040 (audio)
2026-10-07 09:30:04,482 INFO == Curso: The hidden truth of Jeong-Seock 4  -> The hidden truth of Jeong-Seock 4  (5 videos)
2026-10-07 09:30:04,483 INFO [1/5] 523812887 (audio)
2026-10-07 09:30:28,270 INFO [2/5] 523812886 (audio)
2026-10-07 09:30:43,318 INFO [3/5] 523812885 (audio)
2026-10-07 09:31:01,989 INFO [4/5] 523812889 (audio)
2026-10-07 09:31:18,417 INFO [5/5] 523812888 (audio)
2026-10-07 09:31:30,031 INFO == Curso: Attacking Two Space Extension  -> Attacking Two Space Extension  (8 videos)
2026-10-07 09:31:30,032 INFO [1/8] 566440805 (audio)
2026-10-07 09:31:40,658 INFO [2/8] 566444918 (audio)
2026-10-07 09:32:27,752 INFO [3/8] 566449617 (audio)
2026-10-07 09:33:32,633 INFO [4/8] 566445169 (audio)
2026-10-07 09:33:40,793 INFO [5/8] 566440399 (audio)
2026-10-07 09:33:49,685 INFO [6/8] 566441477 (audio)
2026-10-07 09:33:56,143 INFO [7/8] 566440160 (audio)
2026-10-07 09:34:02,398 INFO [8/8] 566440112 (audio)
2026-10-07 09:34:09,572 INFO == Curso: Knowing The Variations After Jeong-Seok Levels Up Your Game  -> Knowing The Variations After Jeong-Seok Levels Up Your Game  (3 videos)
2026-10-07 09:34:09,573 INFO [1/3] 1052669232 (audio)
2026-10-07 09:34:27,833 INFO [2/3] 1052669746 (audio)
2026-10-07 09:34:49,080 INFO [3/3] 1052668728 (audio)
2026-10-07 09:34:56,644 INFO == Curso: 여기는 두지 마세요!ㅣ실전에 자주 나오는 실수  -> 여기는 두지 마세요!ㅣ실전에 자주 나오는 실수  (4 videos)
2026-10-07 09:34:56,645 INFO [1/4] 1003181591 (audio)
2026-10-07 09:35:15,483 INFO [2/4] 1003183086 (audio)
2026-10-07 09:35:40,865 INFO [3/4] 1003181579 (audio)
2026-10-07 09:35:48,611 INFO [4/4] 1003179679 (audio)
2026-10-07 09:35:56,618 INFO == Curso: Is This Stone Important? - Useless Stones  -> Is This Stone Important_ - Useless Stones  (15 videos)
2026-10-07 09:35:56,619 INFO [1/15] 692533757 (audio)
2026-10-07 09:36:07,087 INFO [2/15] 692534356 (audio)
2026-10-07 09:36:24,204 INFO [3/15] 692535570 (audio)
2026-10-07 09:36:45,288 INFO [4/15] 692536522 (audio)
2026-10-07 09:37:08,152 INFO [5/15] 692537279 (audio)
2026-10-07 09:37:25,869 INFO [6/15] 692534697 (audio)
2026-10-07 09:37:34,185 INFO [7/15] 692532919 (audio)
2026-10-07 09:37:41,523 INFO [8/15] 692532187 (audio)
2026-10-07 09:37:49,773 INFO [9/15] 692533623 (audio)
2026-10-07 09:37:57,507 INFO [10/15] 692534966 (audio)
2026-10-07 09:38:06,622 INFO [11/15] 692531864 (audio)
2026-10-07 09:38:16,340 INFO [12/15] 692532704 (audio)
2026-10-07 09:38:24,528 INFO [13/15] 692533400 (audio)
2026-10-07 09:38:32,071 INFO [14/15] 692533091 (audio)
2026-10-07 09:38:39,800 INFO [15/15] 692535710 (audio)
2026-10-07 09:38:46,104 INFO == Curso: Magic of the corner 4  -> Magic of the corner 4  (2 videos)
2026-10-07 09:38:46,104 INFO [1/2] 524302117 (audio)
2026-10-07 09:39:13,058 INFO [2/2] 524302113 (audio)
2026-10-07 09:39:35,785 INFO == Curso: When & How To Count Territory?  -> When & How To Count Territory_  (18 videos)
2026-10-07 09:39:35,786 INFO [1/18] 730551978 (audio)
2026-10-07 09:39:44,573 INFO [2/18] 730552646 (audio)
2026-10-07 09:40:03,625 INFO [3/18] 730553509 (audio)
2026-10-07 09:40:19,177 INFO [4/18] 730554610 (audio)
2026-10-07 09:40:58,965 INFO [5/18] 730550760 (audio)
2026-10-07 09:41:05,730 INFO [6/18] 730551025 (audio)
2026-10-07 09:41:12,479 WARNING 730551025 [audio] intento 1/3 fallo: ERROR: [vimeo] 730551025: Requested format is not available. Use --list-formats for a list of available formats
2026-10-07 09:41:20,649 WARNING 730551025 [audio] intento 2/3 fallo: ERROR: [vimeo] 730551025: Requested format is not available. Use --list-formats for a list of available formats
2026-10-07 09:41:27,950 WARNING 730551025 [audio] intento 3/3 fallo: ERROR: [vimeo] 730551025: Requested format is not available. Use --list-formats for a list of available formats
2026-10-07 09:41:33,951 ERROR 730551025 [audio] FALLO: ERROR: [vimeo] 730551025: Requested format is not available. Use --list-formats for a list of available formats
2026-10-07 09:41:34,972 INFO [7/18] 730551725 (audio)
2026-10-07 09:41:46,505 INFO [8/18] 730551498 (audio)
2026-10-07 09:41:50,883 WARNING 730551498 [audio] intento 1/3 fallo: ERROR: [vimeo] 730551498: Requested format is not available. Use --list-formats for a list of available formats
2026-10-07 09:41:55,646 WARNING 730551498 [audio] intento 2/3 fallo: ERROR: [vimeo] 730551498: Requested format is not available. Use --list-formats for a list of available formats
2026-10-07 09:42:05,457 WARNING 730551498 [audio] intento 3/3 fallo: ERROR: [vimeo] 730551498: Requested format is not available. Use --list-formats for a list of available formats
2026-10-07 09:42:11,458 ERROR 730551498 [audio] FALLO: ERROR: [vimeo] 730551498: Requested format is not available. Use --list-formats for a list of available formats
2026-10-07 09:42:12,473 INFO [9/18] 730551207 (audio)
2026-10-07 09:42:19,232 WARNING 730551207 [audio] intento 1/3 fallo: ERROR: [vimeo] 730551207: Requested format is not available. Use --list-formats for a list of available formats
2026-10-07 09:42:26,822 WARNING 730551207 [audio] intento 2/3 fallo: ERROR: [vimeo] 730551207: Requested format is not available. Use --list-formats for a list of available formats
2026-10-07 09:42:33,608 WARNING 730551207 [audio] intento 3/3 fallo: ERROR: [vimeo] 730551207: Requested format is not available. Use --list-formats for a list of available formats
2026-10-07 09:42:39,609 ERROR 730551207 [audio] FALLO: ERROR: [vimeo] 730551207: Requested format is not available. Use --list-formats for a list of available formats
2026-10-07 09:42:40,628 INFO [10/18] 730551342 (audio)
2026-10-07 09:42:45,136 WARNING 730551342 [audio] intento 1/3 fallo: ERROR: [vimeo] 730551342: Requested format is not available. Use --list-formats for a list of available formats
2026-10-07 09:42:50,617 WARNING 730551342 [audio] intento 2/3 fallo: ERROR: [vimeo] 730551342: Requested format is not available. Use --list-formats for a list of available formats
2026-10-07 09:43:02,701 WARNING 730551342 [audio] intento 3/3 fallo: ERROR: [vimeo] 730551342: Requested format is not available. Use --list-formats for a list of available formats
2026-10-07 09:43:08,702 ERROR 730551342 [audio] FALLO: ERROR: [vimeo] 730551342: Requested format is not available. Use --list-formats for a list of available formats
2026-10-07 09:43:09,710 INFO [11/18] 730551837 (audio)
2026-10-07 09:43:17,618 INFO [12/18] 730551138 (audio)
2026-10-07 09:43:22,089 WARNING 730551138 [audio] intento 1/3 fallo: ERROR: [vimeo] 730551138: Requested format is not available. Use --list-formats for a list of available formats
2026-10-07 09:43:26,891 WARNING 730551138 [audio] intento 2/3 fallo: ERROR: [vimeo] 730551138: Requested format is not available. Use --list-formats for a list of available formats
2026-10-07 09:43:33,619 WARNING 730551138 [audio] intento 3/3 fallo: ERROR: [vimeo] 730551138: Requested format is not available. Use --list-formats for a list of available formats
2026-10-07 09:43:39,619 ERROR 730551138 [audio] FALLO: ERROR: [vimeo] 730551138: Requested format is not available. Use --list-formats for a list of available formats
2026-10-07 09:43:40,632 INFO [13/18] 730550829 (audio)
2026-10-07 09:43:48,370 INFO [14/18] 730553602 (audio)
2026-10-07 09:43:55,575 INFO [15/18] 730550675 (audio)
2026-10-07 09:44:06,276 INFO [16/18] 730552178 (audio)
2026-10-07 09:44:14,752 INFO [17/18] 730551099 (audio)
2026-10-07 09:44:19,784 WARNING 730551099 [audio] intento 1/3 fallo: ERROR: [vimeo] 730551099: Requested format is not available. Use --list-formats for a list of available formats
2026-10-07 09:44:24,671 WARNING 730551099 [audio] intento 2/3 fallo: ERROR: [vimeo] 730551099: Requested format is not available. Use --list-formats for a list of available formats
2026-10-07 09:44:31,447 WARNING 730551099 [audio] intento 3/3 fallo: ERROR: [vimeo] 730551099: Requested format is not available. Use --list-formats for a list of available formats
2026-10-07 09:44:37,448 ERROR 730551099 [audio] FALLO: ERROR: [vimeo] 730551099: Requested format is not available. Use --list-formats for a list of available formats
2026-10-07 09:44:38,467 INFO [18/18] 730551561 (audio)
2026-10-07 09:44:45,675 INFO == Curso: Mistake!  -> Mistake!  (4 videos)
2026-10-07 09:44:45,676 INFO [1/4] 956542621 (audio)
2026-10-07 09:44:58,785 INFO [2/4] 956545414 (audio)
2026-10-07 09:45:27,362 INFO [3/4] 956550016 (audio)
2026-10-07 09:46:12,680 INFO [4/4] 956541701 (audio)
2026-10-07 09:46:20,495 INFO == Curso: How To Avoid Empty Triangle?   -> How To Avoid Empty Triangle_  (16 videos)
2026-10-07 09:46:20,495 INFO [1/16] 657408271 (audio)
2026-10-07 09:46:31,518 INFO [2/16] 657411826 (audio)
2026-10-07 09:46:49,564 INFO [3/16] 657413735 (audio)
2026-10-07 09:47:12,410 INFO [4/16] 657417112 (audio)
2026-10-07 09:47:39,301 INFO [5/16] 657407782 (audio)
2026-10-07 09:47:45,395 INFO [6/16] 657406470 (audio)
2026-10-07 09:47:52,834 INFO [7/16] 657409183 (audio)
2026-10-07 09:48:04,651 INFO [8/16] 657407906 (audio)
2026-10-07 09:48:11,721 INFO [9/16] 657407632 (audio)
2026-10-07 09:48:23,352 INFO [10/16] 657409976 (audio)
2026-10-07 09:48:29,934 INFO [11/16] 657408834 (audio)
2026-10-07 09:48:38,137 INFO [12/16] 657406794 (audio)
2026-10-07 09:48:44,753 INFO [13/16] 657405954 (audio)
2026-10-07 09:48:49,892 WARNING 657405954 [audio] intento 1/3 fallo: ERROR: [vimeo] 657405954: Requested format is not available. Use --list-formats for a list of available formats
2026-10-07 09:48:54,693 WARNING 657405954 [audio] intento 2/3 fallo: ERROR: [vimeo] 657405954: Requested format is not available. Use --list-formats for a list of available formats
2026-10-07 09:49:01,390 WARNING 657405954 [audio] intento 3/3 fallo: ERROR: [vimeo] 657405954: Requested format is not available. Use --list-formats for a list of available formats
2026-10-07 09:49:07,391 ERROR 657405954 [audio] FALLO: ERROR: [vimeo] 657405954: Requested format is not available. Use --list-formats for a list of available formats
2026-10-07 09:49:08,400 INFO [14/16] 657404754 (audio)
2026-10-07 09:49:19,250 INFO [15/16] 657415255 (audio)
2026-10-07 09:49:44,623 INFO [16/16] 657405669 (audio)
2026-10-07 09:49:49,760 WARNING 657405669 [audio] intento 1/3 fallo: ERROR: [vimeo] 657405669: Requested format is not available. Use --list-formats for a list of available formats
2026-10-07 09:49:56,752 WARNING 657405669 [audio] intento 2/3 fallo: ERROR: [vimeo] 657405669: Requested format is not available. Use --list-formats for a list of available formats
2026-10-07 09:50:03,462 WARNING 657405669 [audio] intento 3/3 fallo: ERROR: [vimeo] 657405669: Requested format is not available. Use --list-formats for a list of available formats
2026-10-07 09:50:09,463 ERROR 657405669 [audio] FALLO: ERROR: [vimeo] 657405669: Requested format is not available. Use --list-formats for a list of available formats
2026-10-07 09:50:10,477 INFO == Curso: Haengma Skills for Escaping Dangerous Situations  -> Haengma Skills for Escaping Dangerous Situations  (3 videos)
2026-10-07 09:50:10,478 INFO [1/3] 1075325669 (audio)
2026-10-07 09:50:51,771 INFO [2/3] 1075327892 (audio)
2026-10-07 09:51:21,605 INFO [3/3] 1075321805 (audio)
2026-10-07 09:51:31,457 INFO == Curso: Confuse Your Opponents With This Invasion!  -> Confuse Your Opponents With This Invasion!  (42 videos)
2026-10-07 09:51:31,458 INFO [1/42] 683713557 (audio)
2026-10-07 09:51:40,391 INFO [2/42] 683715407 (audio)
2026-10-07 09:52:00,711 INFO [3/42] 683717688 (audio)
2026-10-07 09:52:27,929 INFO [4/42] 683720097 (audio)
2026-10-07 09:52:56,931 INFO [5/42] 683701904 (audio)
2026-10-07 09:53:05,064 INFO [6/42] 683706303 (audio)
2026-10-07 09:53:11,831 INFO [7/42] 683710609 (audio)
2026-10-07 09:53:21,573 INFO [8/42] 683708975 (audio)
2026-10-07 09:53:28,488 INFO [9/42] 683702585 (audio)
2026-10-07 09:53:35,127 INFO [10/42] 683705999 (audio)
2026-10-07 09:53:45,803 INFO [11/42] 683706988 (audio)
2026-10-07 09:53:53,419 INFO [12/42] 683709669 (audio)
2026-10-07 09:54:00,986 INFO [13/42] 683702468 (audio)
2026-10-07 09:54:07,174 INFO [14/42] 683708690 (audio)
2026-10-07 09:54:14,700 INFO [15/42] 683705539 (audio)
2026-10-07 09:54:21,932 INFO [16/42] 683705111 (audio)
2026-10-07 09:54:29,205 INFO [17/42] 683711912 (audio)
2026-10-07 09:54:35,941 INFO [18/42] 683707744 (audio)
2026-10-07 09:54:42,267 INFO [19/42] 683708327 (audio)
2026-10-07 09:54:49,592 INFO [20/42] 683706517 (audio)
2026-10-07 09:54:57,536 INFO [21/42] 683708088 (audio)
2026-10-07 09:55:04,235 INFO [22/42] 683703833 (audio)
2026-10-07 09:55:10,957 INFO [23/42] 683713129 (audio)
2026-10-07 09:55:18,213 INFO [24/42] 683709510 (audio)
2026-10-07 09:55:25,727 INFO [25/42] 683711173 (audio)
2026-10-07 09:55:34,809 INFO [26/42] 683709183 (audio)
2026-10-07 09:55:42,102 INFO [27/42] 683703074 (audio)
2026-10-07 09:55:48,701 INFO [28/42] 683714145 (audio)
2026-10-07 09:55:57,789 INFO [29/42] 683711250 (audio)
2026-10-07 09:56:06,185 INFO [30/42] 683708796 (audio)
2026-10-07 09:56:12,771 INFO [31/42] 683712591 (audio)
2026-10-07 09:56:22,620 INFO [32/42] 683702331 (audio)
2026-10-07 09:56:30,017 INFO [33/42] 683705281 (audio)
2026-10-07 09:56:37,429 INFO [34/42] 683712916 (audio)
2026-10-07 09:56:45,518 INFO [35/42] 683707513 (audio)
2026-10-07 09:56:54,287 INFO [36/42] 683704181 (audio)
2026-10-07 09:57:03,595 INFO [37/42] 683710037 (audio)
2026-10-07 09:57:12,182 INFO [38/42] 683707924 (audio)
2026-10-07 09:57:21,077 INFO [39/42] 683711791 (audio)
2026-10-07 09:57:29,182 INFO [40/42] 683702687 (audio)
2026-10-07 09:57:37,315 INFO [41/42] 683711688 (audio)
2026-10-07 09:57:45,127 INFO [42/42] 683707666 (audio)
2026-10-07 09:57:53,452 INFO == Curso: How To Punish Overplay Moves?  -> How To Punish Overplay Moves_  (7 videos)
2026-10-07 09:57:53,452 INFO [1/7] 895859490 (audio)
2026-10-07 09:58:07,401 INFO [2/7] 895860244 (audio)
2026-10-07 09:58:21,228 INFO [3/7] 895861391 (audio)
2026-10-07 09:58:40,870 INFO [4/7] 895852185 (audio)
2026-10-07 09:59:01,058 INFO [5/7] 895853199 (audio)
2026-10-07 09:59:14,130 INFO [6/7] 895850355 (audio)
2026-10-07 09:59:22,040 INFO [7/7] 895850747 (audio)
2026-10-07 09:59:29,712 INFO == Curso: Opening  -> Opening  (7 videos)
2026-10-07 09:59:29,713 INFO [1/7] 1067948591 (audio)
2026-10-07 09:59:38,407 INFO [2/7] 1067952219 (audio)
2026-10-07 09:59:58,855 INFO [3/7] 1067953283 (audio)
2026-10-07 10:00:28,410 INFO [4/7] 1067947840 (audio)
2026-10-07 10:00:37,840 INFO [5/7] 1067950258 (audio)
2026-10-07 10:00:54,528 INFO [6/7] 1067947739 (audio)
2026-10-07 10:01:01,472 INFO [7/7] 1067949169 (audio)
2026-10-07 10:01:15,440 INFO == Curso:  5 Sacrifice Techniques  -> 5 Sacrifice Techniques  (21 videos)
2026-10-07 10:01:15,440 INFO [1/21] 619702984 (audio)
2026-10-07 10:01:25,689 INFO [2/21] 619709294 (audio)
2026-10-07 10:01:54,699 INFO [3/21] 619717368 (audio)
2026-10-07 10:02:14,994 INFO [4/21] 619721413 (audio)
2026-10-07 10:02:35,781 INFO [5/21] 619725644 (audio)
2026-10-07 10:02:43,840 WARNING 619725644 [audio] intento 1/3 fallo: ERROR: unable to download video data: HTTP Error 503: Backend unavailable, connection timeout
2026-10-07 10:03:16,460 INFO [6/21] 619731500 (audio)
2026-10-07 10:03:55,630 INFO [7/21] 619710654 (audio)
2026-10-07 10:04:02,485 INFO [8/21] 619699617 (audio)
2026-10-07 10:04:14,667 INFO [9/21] 619704274 (audio)
2026-10-07 10:04:22,768 INFO [10/21] 619711390 (audio)
2026-10-07 10:04:30,949 INFO [11/21] 619702319 (audio)
2026-10-07 10:04:38,025 INFO [12/21] 619721522 (audio)
2026-10-07 10:04:47,361 INFO [13/21] 619713535 (audio)
2026-10-07 10:05:05,422 INFO [14/21] 619701304 (audio)
2026-10-07 10:05:12,985 INFO [15/21] 619700327 (audio)
2026-10-07 10:05:20,707 INFO [16/21] 619710612 (audio)
2026-10-07 10:05:37,280 INFO [17/21] 619700729 (audio)
2026-10-07 10:05:45,077 INFO [18/21] 619701750 (audio)
2026-10-07 10:05:54,161 INFO [19/21] 619713877 (audio)
2026-10-07 10:06:01,716 INFO [20/21] 619705255 (audio)
2026-10-07 10:06:15,038 INFO [21/21] 619701919 (audio)
2026-10-07 10:06:23,278 INFO == Curso: Which direction should I go? 4 - Important place  -> Which direction should I go_ 4 - Important place  (2 videos)
2026-10-07 10:06:23,279 INFO [1/2] 559391987 (audio)
2026-10-07 10:06:45,812 INFO [2/2] 559391973 (audio)
2026-10-07 10:07:09,724 INFO == Curso: Beginner Course 20 Life & Death   -> Beginner Course 20 Life & Death  (14 videos)
2026-10-07 10:07:09,725 INFO [1/14] 713123558 (audio)
2026-10-07 10:07:28,843 INFO [2/14] 713125201 (audio)
2026-10-07 10:08:12,553 INFO [3/14] 713126058 (audio)
2026-10-07 10:08:37,428 INFO [4/14] 713142341 (audio)
2026-10-07 10:09:10,359 INFO [5/14] 713122252 (audio)
2026-10-07 10:09:17,557 INFO [6/14] 713122208 (audio)
2026-10-07 10:09:25,281 INFO [7/14] 713122595 (audio)
2026-10-07 10:09:31,999 INFO [8/14] 713126774 (audio)
2026-10-07 10:09:46,348 INFO [9/14] 713122168 (audio)
2026-10-07 10:09:53,845 INFO [10/14] 713122287 (audio)
2026-10-07 10:10:00,799 INFO [11/14] 713122363 (audio)
2026-10-07 10:10:08,965 INFO [12/14] 713122731 (audio)
2026-10-07 10:10:16,651 INFO [13/14] 713122476 (audio)
2026-10-07 10:10:23,838 INFO [14/14] 713122439 (audio)
2026-10-07 10:10:30,766 INFO == Curso: Let's master 3-3 invasion during Jeong-seok 3  -> Let's master 3-3 invasion during Jeong-seok 3  (1 videos)
2026-10-07 10:10:30,767 INFO [1/1] 520276397 (audio)
2026-10-07 10:11:34,920 INFO == Curso: Get Out Of Attack - Break Out  -> Get Out Of Attack - Break Out  (16 videos)
2026-10-07 10:11:34,921 INFO [1/16] 684962217 (audio)
2026-10-07 10:11:44,728 INFO [2/16] 684964655 (audio)
2026-10-07 10:12:28,103 INFO [3/16] 684967168 (audio)
2026-10-07 10:12:56,992 INFO [4/16] 684960432 (audio)
2026-10-07 10:13:04,400 INFO [5/16] 684962865 (audio)
2026-10-07 10:13:16,792 INFO [6/16] 684965548 (audio)
2026-10-07 10:13:39,989 INFO [7/16] 684961777 (audio)
2026-10-07 10:13:50,648 INFO [8/16] 684959451 (audio)
2026-10-07 10:14:01,178 INFO [9/16] 684960495 (audio)
2026-10-07 10:14:08,816 INFO [10/16] 684961579 (audio)
2026-10-07 10:14:16,118 INFO [11/16] 684966140 (audio)
2026-10-07 10:14:25,808 INFO [12/16] 684961192 (audio)
2026-10-07 10:14:34,699 INFO [13/16] 684965654 (audio)
2026-10-07 10:14:45,021 INFO [14/16] 684961966 (audio)
2026-10-07 10:14:54,911 INFO [15/16] 684959770 (audio)
2026-10-07 10:15:03,279 INFO [16/16] 684960749 (audio)
2026-10-07 10:15:11,310 INFO == Curso: Studying Endgame - Proper Monkey Jumps  -> Studying Endgame - Proper Monkey Jumps  (6 videos)
2026-10-07 10:15:11,312 INFO [1/6] 877143123 (audio)
2026-10-07 10:15:25,819 INFO [2/6] 877146066 (audio)
2026-10-07 10:15:49,246 INFO [3/6] 877148093 (audio)
2026-10-07 10:16:17,338 INFO [4/6] 877142452 (audio)
2026-10-07 10:16:30,036 INFO [5/6] 877143598 (audio)
2026-10-07 10:16:41,387 INFO [6/6] 877143165 (audio)
2026-10-07 10:16:51,170 INFO == Curso: Trick move!   -> Trick move!  (7 videos)
2026-10-07 10:16:51,171 INFO [1/7] 1029210915 (audio)
2026-10-07 10:17:02,098 INFO [2/7] 1029211799 (audio)
2026-10-07 10:17:21,598 INFO [3/7] 1029212641 (audio)
2026-10-07 10:17:36,329 INFO [4/7] 1029209817 (audio)
2026-10-07 10:17:44,149 INFO [5/7] 1029210297 (audio)
2026-10-07 10:17:54,407 INFO [6/7] 1029210639 (audio)
2026-10-07 10:18:06,363 INFO [7/7] 1029211770 (audio)
2026-10-07 10:18:13,114 INFO == Curso: Why did this Joseki vanish?  -> Why did this Joseki vanish_  (7 videos)
2026-10-07 10:18:13,115 INFO [1/7] 1120853764 (audio)
2026-10-07 10:18:21,376 INFO [2/7] 1120856550 (audio)
2026-10-07 10:18:59,773 INFO [3/7] 1120858832 (audio)
2026-10-07 10:19:37,849 INFO [4/7] 1120851855 (audio)
2026-10-07 10:19:47,333 INFO [5/7] 1120853921 (audio)
2026-10-07 10:19:55,048 INFO [6/7] 1120856443 (audio)
2026-10-07 10:20:03,971 INFO [7/7] 1120853156 (audio)
2026-10-07 10:20:12,177 INFO == Curso: Invasion Or Reduction?  -> Invasion Or Reduction_  (3 videos)
2026-10-07 10:20:12,179 INFO [1/3] 919586626 (audio)
2026-10-07 10:21:05,264 INFO [2/3] 919589666 (audio)
2026-10-07 10:21:31,877 INFO [3/3] 919582375 (audio)
2026-10-07 10:21:40,803 INFO == Curso: How do you escape?  -> How do you escape_  (5 videos)
2026-10-07 10:21:40,804 INFO [1/5] 891227603 (audio)
2026-10-07 10:21:57,692 INFO [2/5] 891229233 (audio)
2026-10-07 10:22:18,866 INFO [3/5] 891231507 (audio)
2026-10-07 10:22:44,160 INFO [4/5] 891226966 (audio)
2026-10-07 10:22:57,903 INFO [5/5] 891226016 (audio)
2026-10-07 10:23:05,405 INFO == Curso: Side Invasion And Fight  -> Side Invasion And Fight  (2 videos)
2026-10-07 10:23:05,406 INFO [1/2] 1009845708 (audio)
2026-10-07 10:23:31,517 INFO [2/2] 1009846685 (audio)
2026-10-07 10:23:48,627 INFO == Curso: Never lose Capturing Race 3 - Cut,Extend,Throw in   -> Never lose Capturing Race 3 - Cut,Extend,Throw in  (3 videos)
2026-10-07 10:23:48,628 INFO [1/3] 541046838 (audio)
2026-10-07 10:24:09,130 INFO [2/3] 541046836 (audio)
2026-10-07 10:24:29,366 INFO [3/3] 541046837 (audio)
2026-10-07 10:24:56,233 INFO == Curso: Strange Invasion - Don't get tricked!  -> Strange Invasion - Don't get tricked!  (17 videos)
2026-10-07 10:24:56,234 INFO [1/17] 843778648 (audio)
2026-10-07 10:25:05,063 INFO [2/17] 843780033 (audio)
2026-10-07 10:25:16,700 INFO [3/17] 843781815 (audio)
2026-10-07 10:25:30,681 INFO [4/17] 843782680 (audio)
2026-10-07 10:25:43,799 INFO [5/17] 843782810 (audio)
2026-10-07 10:25:53,298 INFO [6/17] 843781026 (audio)
2026-10-07 10:26:01,733 INFO [7/17] 843780720 (audio)
2026-10-07 10:26:09,092 INFO [8/17] 843777567 (audio)
2026-10-07 10:26:17,611 INFO [9/17] 843781437 (audio)
2026-10-07 10:26:25,547 INFO [10/17] 843778927 (audio)
2026-10-07 10:26:33,377 INFO [11/17] 843779435 (audio)
2026-10-07 10:26:46,897 INFO [12/17] 843777904 (audio)
2026-10-07 10:26:56,716 INFO [13/17] 843778264 (audio)
2026-10-07 10:27:06,369 INFO [14/17] 843778425 (audio)
2026-10-07 10:27:14,978 INFO [15/17] 843780945 (audio)
2026-10-07 10:27:25,437 INFO [16/17] 843781294 (audio)
2026-10-07 10:27:35,604 INFO [17/17] 843780654 (audio)
2026-10-07 10:27:43,895 INFO == Curso: Beginner Course 24 Corner Pattern 1  -> Beginner Course 24 Corner Pattern 1  (6 videos)
2026-10-07 10:27:43,896 INFO [1/6] 725240843 (audio)
2026-10-07 10:27:55,385 INFO [2/6] 725244609 (audio)
2026-10-07 10:28:29,374 INFO [3/6] 725246224 (audio)
2026-10-07 10:28:56,128 INFO [4/6] 725241032 (audio)
2026-10-07 10:29:03,678 INFO [5/6] 725241311 (audio)
2026-10-07 10:29:10,754 INFO [6/6] 725241160 (audio)
2026-10-07 10:29:17,388 INFO == Curso: Ko Threat, Respond or Ignore?  -> Ko Threat, Respond or Ignore_  (15 videos)
2026-10-07 10:29:17,389 INFO [1/15] 905103306 (audio)
2026-10-07 10:29:27,449 INFO [2/15] 905107047 (audio)
2026-10-07 10:30:09,462 INFO [3/15] 905202307 (audio)
2026-10-07 10:30:49,801 INFO [4/15] 905103520 (audio)
2026-10-07 10:30:58,469 INFO [5/15] 905107011 (audio)
2026-10-07 10:31:06,510 INFO [6/15] 905104662 (audio)
2026-10-07 10:31:21,220 INFO [7/15] 905205282 (audio)
2026-10-07 10:31:29,424 INFO [8/15] 905104178 (audio)
2026-10-07 10:31:45,328 INFO [9/15] 905103767 (audio)
2026-10-07 10:31:54,729 INFO [10/15] 905104877 (audio)
2026-10-07 10:32:04,677 INFO [11/15] 905102716 (audio)
2026-10-07 10:32:13,088 INFO [12/15] 905199713 (audio)
2026-10-07 10:32:21,623 INFO [13/15] 905104887 (audio)
2026-10-07 10:32:29,305 INFO [14/15] 905105164 (audio)
2026-10-07 10:32:42,416 INFO [15/15] 905199275 (audio)
2026-10-07 10:32:50,488 INFO == Curso: Harass Your Opponent! - Take a Base 1 - 2  -> Harass Your Opponent! - Take a Base 1 - 2  (16 videos)
2026-10-07 10:32:50,489 INFO [1/16] 608939387 (audio)
2026-10-07 10:32:59,793 INFO [2/16] 608946107 (audio)
2026-10-07 10:33:26,130 INFO [3/16] 608949903 (audio)
2026-10-07 10:33:59,694 INFO [4/16] 608952516 (audio)
2026-10-07 10:34:17,206 INFO [5/16] 608957122 (audio)
2026-10-07 10:34:46,396 INFO [6/16] 608942681 (audio)
2026-10-07 10:34:54,707 INFO [7/16] 608938556 (audio)
2026-10-07 10:35:05,550 INFO [8/16] 608937774 (audio)
2026-10-07 10:35:12,154 INFO [9/16] 608935006 (audio)
2026-10-07 10:35:19,370 INFO [10/16] 608932496 (audio)
2026-10-07 10:35:31,360 INFO [11/16] 608936337 (audio)
2026-10-07 10:35:41,339 INFO [12/16] 608942449 (audio)
2026-10-07 10:35:49,632 INFO [13/16] 608937832 (audio)
2026-10-07 10:35:56,692 INFO [14/16] 608941429 (audio)
2026-10-07 10:36:10,202 INFO [15/16] 608937313 (audio)
2026-10-07 10:36:19,645 INFO [16/16] 608950426 (audio)
2026-10-07 10:36:27,858 INFO == Curso: Beginner Course 5 Life & Death  -> Beginner Course 5 Life & Death  (7 videos)
2026-10-07 10:36:27,859 INFO [1/7] 686671340 (audio)
2026-10-07 10:36:54,260 INFO [2/7] 686672818 (audio)
2026-10-07 10:37:18,069 INFO [3/7] 686676450 (audio)
2026-10-07 10:38:01,051 INFO [4/7] 686669838 (audio)
2026-10-07 10:38:09,564 INFO [5/7] 686669576 (audio)
2026-10-07 10:38:16,904 INFO [6/7] 686669713 (audio)
2026-10-07 10:38:25,509 INFO [7/7] 686669346 (audio)
2026-10-07 10:38:32,295 INFO == Curso: Territory VS Influence Cho-SeongA vs Wang-Chenxing  -> Territory VS Influence Cho-SeongA vs Wang-Chenxing  (12 videos)
2026-10-07 10:38:32,296 INFO [1/12] 776566259 (audio)
2026-10-07 10:38:40,166 INFO [2/12] 776569943 (audio)
2026-10-07 10:39:15,480 INFO [3/12] 776571479 (audio)
2026-10-07 10:39:43,581 INFO [4/12] 776573331 (audio)
2026-10-07 10:40:08,353 INFO [5/12] 776575106 (audio)
2026-10-07 10:40:39,294 INFO [6/12] 776564549 (audio)
2026-10-07 10:40:46,760 INFO [7/12] 776567363 (audio)
2026-10-07 10:41:02,547 INFO [8/12] 776567519 (audio)
2026-10-07 10:41:09,199 INFO [9/12] 776565827 (audio)
2026-10-07 10:41:17,556 INFO [10/12] 776566002 (audio)
2026-10-07 10:41:26,380 INFO [11/12] 776567488 (audio)
2026-10-07 10:41:34,153 INFO [12/12] 776567422 (audio)
2026-10-07 10:41:41,008 INFO == Curso: Evaluate & Judge   -> Evaluate & Judge  (8 videos)
2026-10-07 10:41:41,009 INFO [1/8] 1066711775 (audio)
2026-10-07 10:41:50,557 INFO [2/8] 1066713501 (audio)
2026-10-07 10:42:19,527 INFO [3/8] 1066716000 (audio)
2026-10-07 10:42:56,976 INFO [4/8] 1066713731 (audio)
2026-10-07 10:43:05,624 INFO [5/8] 1066713448 (audio)
2026-10-07 10:43:13,419 INFO [6/8] 1066711368 (audio)
2026-10-07 10:43:23,796 INFO [7/8] 1066711434 (audio)
2026-10-07 10:43:31,672 INFO [8/8] 1066713802 (audio)
2026-10-07 10:43:39,240 INFO == Curso: All About The L-Shape + One Leg 2  -> All About The L-Shape + One Leg 2  (14 videos)
2026-10-07 10:43:39,241 INFO [1/14] 573573093 (audio)
2026-10-07 10:43:47,872 INFO [2/14] 573574841 (audio)
2026-10-07 10:44:15,921 INFO [3/14] 573575712 (audio)
2026-10-07 10:44:50,548 INFO [4/14] 573577042 (audio)
2026-10-07 10:45:24,871 INFO [5/14] 573578657 (audio)
2026-10-07 10:45:53,793 INFO [6/14] 573572405 (audio)
2026-10-07 10:46:03,571 INFO [7/14] 573576088 (audio)
2026-10-07 10:46:17,055 INFO [8/14] 573573270 (audio)
2026-10-07 10:46:23,936 INFO [9/14] 573573720 (audio)
2026-10-07 10:46:31,257 INFO [10/14] 573577576 (audio)
2026-10-07 10:46:38,663 INFO [11/14] 573572591 (audio)
2026-10-07 10:46:49,931 INFO [12/14] 573572307 (audio)
2026-10-07 10:46:57,076 INFO [13/14] 573573621 (audio)
2026-10-07 10:47:12,399 INFO [14/14] 573572883 (audio)
2026-10-07 11:16:28,910 INFO == Curso: Which extension do you choose?  -> Which extension do you choose_  (8 videos)
2026-10-07 11:16:28,911 INFO [1/8] 865369019 (audio)
2026-10-07 11:16:41,522 INFO [2/8] 865372088 (audio)
2026-10-07 11:17:08,520 INFO [3/8] 865372995 (audio)
2026-10-07 11:17:26,698 INFO [4/8] 865368606 (audio)
2026-10-07 11:17:36,339 INFO [5/8] 865368825 (audio)
2026-10-07 11:17:45,466 INFO [6/8] 865370317 (audio)
2026-10-07 11:17:50,779 WARNING 865370317 [audio] intento 1/3 fallo: ERROR: [vimeo] 865370317: Requested format is not available. Use --list-formats for a list of available formats
2026-10-07 11:17:55,918 WARNING 865370317 [audio] intento 2/3 fallo: ERROR: [vimeo] 865370317: Requested format is not available. Use --list-formats for a list of available formats
2026-10-07 11:18:03,035 WARNING 865370317 [audio] intento 3/3 fallo: ERROR: [vimeo] 865370317: Requested format is not available. Use --list-formats for a list of available formats
2026-10-07 11:18:09,036 ERROR 865370317 [audio] FALLO: ERROR: [vimeo] 865370317: Requested format is not available. Use --list-formats for a list of available formats
2026-10-07 11:18:10,055 INFO [7/8] 865371102 (audio)
2026-10-07 11:18:15,745 WARNING 865371102 [audio] intento 1/3 fallo: ERROR: [vimeo] 865371102: Requested format is not available. Use --list-formats for a list of available formats
2026-10-07 11:18:22,398 WARNING 865371102 [audio] intento 2/3 fallo: ERROR: [vimeo] 865371102: Requested format is not available. Use --list-formats for a list of available formats
2026-10-07 11:18:29,393 WARNING 865371102 [audio] intento 3/3 fallo: ERROR: [vimeo] 865371102: Requested format is not available. Use --list-formats for a list of available formats
2026-10-07 11:18:35,395 ERROR 865371102 [audio] FALLO: ERROR: [vimeo] 865371102: Requested format is not available. Use --list-formats for a list of available formats
2026-10-07 11:18:36,409 INFO [8/8] 865368680 (audio)
2026-10-07 11:18:45,928 INFO == Curso: Asking Move - Attachment  -> Asking Move - Attachment  (11 videos)
2026-10-07 11:18:45,928 INFO [1/11] 741554889 (audio)
2026-10-07 11:18:53,636 INFO [2/11] 741556237 (audio)
2026-10-07 11:19:18,857 INFO lessons.json: 452 curso(s)
2026-10-07 11:19:18,866 INFO == Curso: How to Escape? How?  -> How to Escape_ How_  (3 videos de clips)
2026-10-07 11:19:18,866 INFO [1/3] 893284210 (audio)
2026-10-07 11:19:19,876 INFO [2/3] 893285403 (audio)
2026-10-07 11:19:20,894 INFO [3/3] 893286382 (audio)
2026-10-07 11:19:21,910 INFO == Curso: Winning Way In The Most Important Moment  -> Winning Way In The Most Important Moment  (3 videos de clips, 3 sobrantes omitidos)
2026-10-07 11:19:21,910 INFO [1/3] 749549754 (audio)
2026-10-07 11:19:22,925 INFO [2/3] 749556741 (audio)
2026-10-07 11:19:23,943 INFO [3/3] 749560073 (audio)
2026-10-07 11:19:24,957 INFO == Curso: Which way?  -> Which way_  (4 videos de clips, 1 sobrantes omitidos)
2026-10-07 11:19:24,958 INFO [1/4] 936885646 (audio)
2026-10-07 11:19:25,970 INFO [2/4] 936885967 (audio)
2026-10-07 11:19:26,983 INFO [3/4] 936886347 (audio)
2026-10-07 11:19:27,996 INFO [4/4] 936886735 (audio)
2026-10-07 11:19:29,013 INFO == Curso: Beginner Course 3 Forbidden Place  -> Beginner Course 3 Forbidden Place  (2 videos de clips, 1 sobrantes omitidos)
2026-10-07 11:19:29,014 INFO [1/2] 685134987 (audio)
2026-10-07 11:19:30,026 INFO [2/2] 685135902 (audio)
2026-10-07 11:19:31,044 INFO == Curso: Reduction Skill & Timing  -> Reduction Skill & Timing  (3 videos de clips)
2026-10-07 11:19:31,045 INFO [1/3] 807224090 (audio)
2026-10-07 11:19:32,060 INFO [2/3] 807224578 (audio)
2026-10-07 11:19:33,073 INFO [3/3] 807225098 (audio)
2026-10-07 11:19:34,089 INFO == Curso: How to Defense 3-3 Invasion?  -> How to Defense 3-3 Invasion_  (2 videos de clips, 1 sobrantes omitidos)
2026-10-07 11:19:34,089 INFO [1/2] 910013947 (audio)
2026-10-07 11:19:35,101 INFO [2/2] 910015338 (audio)
2026-10-07 11:19:36,118 INFO == Curso: The upper attachment  -> The upper attachment  (2 videos de clips, 3 sobrantes omitidos)
2026-10-07 11:19:36,119 INFO [1/2] 1144114171 (audio)
2026-10-07 11:19:37,131 INFO [2/2] 1144114710 (audio)
2026-10-07 11:19:38,145 INFO == Curso: New course  -> New course  (2 videos de clips, 1 sobrantes omitidos)
2026-10-07 11:19:38,145 INFO [1/2] 1072152550 (audio)
2026-10-07 11:19:39,155 INFO [2/2] 1072153110 (audio)
2026-10-07 11:19:40,181 INFO == Curso: Beginner Course 4 Ko Rule  -> Beginner Course 4 Ko Rule  (2 videos de clips, 5 sobrantes omitidos)
2026-10-07 11:19:40,182 INFO [1/2] 686651003 (audio)
2026-10-07 11:19:41,201 INFO [2/2] 686704658 (audio)
2026-10-07 11:19:42,217 INFO == Curso: Reduce Territory  -> Reduce Territory  (3 videos de clips, 2 sobrantes omitidos)
2026-10-07 11:19:42,217 INFO [1/3] 1099221923 (audio)
2026-10-07 11:19:43,232 INFO [2/3] 1099222589 (audio)
2026-10-07 11:19:44,258 INFO [3/3] 1099223049 (audio)
2026-10-07 11:19:45,276 INFO == Curso: Fighting Skills -  Catch After Threat  -> Fighting Skills - Catch After Threat  (4 videos de clips, 8 sobrantes omitidos)
2026-10-07 11:19:45,277 INFO [1/4] 575290242 (audio)
2026-10-07 11:19:46,290 INFO [2/4] 575292747 (audio)
2026-10-07 11:19:47,300 INFO [3/4] 575294285 (audio)
2026-10-07 11:19:48,310 INFO [4/4] 575296463 (audio)
2026-10-07 11:19:49,333 INFO == Curso: Is This Invasion Or Reduction? - Attach! If you don't know..  -> Is This Invasion Or Reduction_ - Attach! If you don't know  (5 videos de clips, 23 sobrantes omitidos)
2026-10-07 11:19:49,334 INFO [1/5] 589240396 (audio)
2026-10-07 11:19:50,346 INFO [2/5] 589245708 (audio)
2026-10-07 11:19:51,359 INFO [3/5] 589248095 (audio)
2026-10-07 11:19:52,370 INFO [4/5] 589251889 (audio)
2026-10-07 11:19:53,386 INFO [5/5] 589254501 (audio)
2026-10-07 11:19:54,415 INFO == Curso: Important stones vs Useless stones  -> Important stones vs Useless stones  (4 videos de clips)
2026-10-07 11:19:54,416 INFO [1/4] 545959984 (audio)
2026-10-07 11:19:55,430 INFO [2/4] 545959981 (audio)
2026-10-07 11:19:56,443 INFO [3/4] 545959983 (audio)
2026-10-07 11:19:57,454 INFO [4/4] 545959982 (audio)
2026-10-07 11:19:58,466 INFO == Curso: Punishment  -> Punishment  (3 videos de clips, 8 sobrantes omitidos)
2026-10-07 11:19:58,467 INFO [1/3] 906212721 (audio)
2026-10-07 11:19:59,477 INFO [2/3] 906581128 (audio)
2026-10-07 11:20:00,487 INFO [3/3] 906582139 (audio)
2026-10-07 11:20:01,505 INFO == Curso: Alumni meet at the Final   -> Alumni meet at the Final  (3 videos de clips, 3 sobrantes omitidos)
2026-10-07 11:20:01,506 INFO [1/3] 803849426 (audio)
2026-10-07 11:20:02,516 INFO [2/3] 803855409 (audio)
2026-10-07 11:20:03,529 INFO [3/3] 803861849 (audio)
2026-10-07 11:20:04,541 INFO == Curso: My Typical Mistakes 3  -> My Typical Mistakes 3  (4 videos de clips, 10 sobrantes omitidos)
2026-10-07 11:20:04,542 INFO [1/4] 743726802 (audio)
2026-10-07 11:20:05,555 INFO [2/4] 743729067 (audio)
2026-10-07 11:20:06,566 INFO [3/4] 743730200 (audio)
2026-10-07 11:20:07,579 INFO [4/4] 743732737 (audio)
2026-10-07 11:20:08,609 INFO == Curso: LG CUP FINAL REVIEW 4 BIG DRAGON FIGHTING  -> LG CUP FINAL REVIEW 4 BIG DRAGON FIGHTING  (4 videos de clips, 8 sobrantes omitidos)
2026-10-07 11:20:08,609 INFO [1/4] 678027162 (audio)
2026-10-07 11:20:09,623 INFO [2/4] 678030294 (audio)
2026-10-07 11:20:10,637 INFO [3/4] 678032518 (audio)
2026-10-07 11:20:11,651 INFO [4/4] 678036249 (audio)
2026-10-07 11:20:12,669 INFO == Curso: Mastering Connections Can Make You Stronger  -> Mastering Connections Can Make You Stronger  (2 videos de clips)
2026-10-07 11:20:12,670 INFO [1/2] 1083531052 (audio)
2026-10-07 11:20:13,682 INFO [2/2] 1083533543 (audio)
2026-10-07 11:20:14,699 INFO == Curso: Unforgettable Mistake  -> Unforgettable Mistake  (3 videos de clips, 2 sobrantes omitidos)
2026-10-07 11:20:14,700 INFO [1/3] 951801559 (audio)
2026-10-07 11:20:15,714 INFO [2/3] 951802228 (audio)
2026-10-07 11:20:16,726 INFO [3/3] 951802656 (audio)
2026-10-07 11:20:17,740 INFO == Curso: What is this move?  -> What is this move_  (6 videos de clips, 1 sobrantes omitidos)
2026-10-07 11:20:17,740 INFO [1/6] 820930958 (audio)
2026-10-07 11:20:18,750 INFO [2/6] 820932237 (audio)
2026-10-07 11:20:19,763 INFO [3/6] 820933729 (audio)
2026-10-07 11:20:20,773 INFO [4/6] 820936703 (audio)
2026-10-07 11:20:21,791 INFO [5/6] 820938896 (audio)
2026-10-07 11:20:22,808 INFO [6/6] 820940004 (audio)
2026-10-07 11:20:23,825 INFO == Curso: Potential Judgement Between Corner & Side  -> Potential Judgement Between Corner & Side  (2 videos de clips, 1 sobrantes omitidos)
2026-10-07 11:20:23,826 INFO [1/2] 1062014199 (audio)
2026-10-07 11:20:24,836 INFO [2/2] 1062016301 (audio)
2026-10-07 11:20:25,857 INFO == Curso: "Let's master the one-space pincer!" 2  -> _Let's master the one-space pincer!_ 2  (3 videos de clips, 1 sobrantes omitidos)
2026-10-07 11:20:25,858 INFO [1/3] 1087519010 (audio)
2026-10-07 11:20:26,873 INFO [2/3] 1087519247 (audio)
2026-10-07 11:20:27,890 INFO [3/3] 1087520439 (audio)
2026-10-07 11:20:28,915 INFO == Curso: How To Punish Thin Shapes In Go  -> How To Punish Thin Shapes In Go  (2 videos de clips)
2026-10-07 11:20:28,917 INFO [1/2] 1142392286 (audio)
2026-10-07 11:20:29,930 INFO [2/2] 1142394852 (audio)
2026-10-07 11:20:30,942 INFO == Curso: Let`s study End game-2  -> Let`s study End game-2  (2 videos de clips, 5 sobrantes omitidos)
2026-10-07 11:20:30,942 INFO [1/2] 1190455047 (audio)
2026-10-07 11:20:31,953 INFO [2/2] 1190458147 (audio)
2026-10-07 11:20:32,969 INFO == Curso: Corner & Side's Secret Rule - Side 6/8   -> Corner & Side's Secret Rule - Side 6_8  (3 videos de clips, 9 sobrantes omitidos)
2026-10-07 11:20:32,970 INFO [1/3] 587114978 (audio)
2026-10-07 11:20:33,982 INFO [2/3] 587116318 (audio)
2026-10-07 11:20:34,995 INFO [3/3] 587117500 (audio)
2026-10-07 11:20:36,009 INFO == Curso: Test  -> Test  (1 videos de clips)
2026-10-07 11:20:36,010 INFO [1/1] 905192838 (audio)
2026-10-07 11:20:37,028 INFO == Curso: Nongsim cup legendary match Lee-ChangHo vs Wangsi   -> Nongsim cup legendary match Lee-ChangHo vs Wangsi  (3 videos de clips, 17 sobrantes omitidos)
2026-10-07 11:20:37,029 INFO [1/3] 800047916 (audio)
2026-10-07 11:20:38,047 INFO [2/3] 800048634 (audio)
2026-10-07 11:20:39,061 INFO [3/3] 800050165 (audio)
2026-10-07 11:20:40,078 INFO == Curso: How can you ensure a victory when you are in the lead?  -> How can you ensure a victory when you are in the lead_  (3 videos de clips, 7 sobrantes omitidos)
2026-10-07 11:20:40,079 INFO [1/3] 1041852247 (audio)
2026-10-07 11:20:41,089 INFO [2/3] 1041852869 (audio)
2026-10-07 11:20:42,101 INFO [3/3] 1041863867 (audio)
2026-10-07 11:20:43,118 INFO == Curso: Best Reduction Timing  -> Best Reduction Timing  (4 videos de clips, 3 sobrantes omitidos)
2026-10-07 11:20:43,120 INFO [1/4] 680240950 (audio)
2026-10-07 11:20:44,133 INFO [2/4] 680244627 (audio)
2026-10-07 11:20:45,158 INFO [3/4] 680245952 (audio)
2026-10-07 11:20:46,173 INFO [4/4] 680248309 (audio)
2026-10-07 11:20:47,199 INFO == Curso: How do you handle vulnerable groups?  -> How do you handle vulnerable groups_  (3 videos de clips, 6 sobrantes omitidos)
2026-10-07 11:20:47,200 INFO [1/3] 950891696 (audio)
2026-10-07 11:20:48,214 INFO [2/3] 950892945 (audio)
2026-10-07 11:20:49,227 INFO [3/3] 950895409 (audio)
2026-10-07 11:20:50,246 INFO == Curso: Escape -  Practical Attachment & Cut  -> Escape - Practical Attachment & Cut  (4 videos de clips, 11 sobrantes omitidos)
2026-10-07 11:20:50,246 INFO [1/4] 679442030 (audio)
2026-10-07 11:20:51,257 INFO [2/4] 679444677 (audio)
2026-10-07 11:20:52,270 INFO [3/4] 679445358 (audio)
2026-10-07 11:20:53,283 INFO [4/4] 679446802 (audio)
2026-10-07 11:20:54,297 INFO == Curso: 20th Meijin Final, Game 5 - Cosmic Style vs Subway Style  -> 20th Meijin Final, Game 5 - Cosmic Style vs Subway Style  (3 videos de clips, 16 sobrantes omitidos)
2026-10-07 11:20:54,297 INFO [1/3] 839748836 (audio)
2026-10-07 11:20:55,309 INFO [2/3] 839753489 (audio)
2026-10-07 11:20:56,326 INFO [3/3] 839757536 (audio)
2026-10-07 11:20:57,339 INFO == Curso: Must Know Endgame 2 - Sacrifice 1 / Using Aji 2  -> Must Know Endgame 2 - Sacrifice 1 _ Using Aji 2  (3 videos de clips, 2 sobrantes omitidos)
2026-10-07 11:20:57,340 INFO [1/3] 567418551 (audio)
2026-10-07 11:20:58,353 INFO [2/3] 567420266 (audio)
2026-10-07 11:20:59,370 INFO [3/3] 567422059 (audio)
2026-10-07 11:21:00,387 INFO == Curso: 3-3 joseki variation! (kosumi attachment)  -> 3-3 joseki variation! (kosumi attachment)  (3 videos de clips, 2 sobrantes omitidos)
2026-10-07 11:21:00,388 INFO [1/3] 1053278600 (audio)
2026-10-07 11:21:01,406 INFO [2/3] 1053279100 (audio)
2026-10-07 11:21:02,423 INFO [3/3] 1053279769 (audio)
2026-10-07 11:21:03,443 INFO == Curso: Beginner Course 28 19X19 Review 2  -> Beginner Course 28 19X19 Review 2  (2 videos de clips, 3 sobrantes omitidos)
2026-10-07 11:21:03,444 INFO [1/2] 733872018 (audio)
2026-10-07 11:21:04,459 INFO [2/2] 733875699 (audio)
2026-10-07 11:21:05,477 INFO == Curso: After Joseki  -> After Joseki  (3 videos de clips)
2026-10-07 11:21:05,478 INFO [1/3] 1059182373 (audio)
2026-10-07 11:21:06,488 INFO [2/3] 1059183280 (audio)
2026-10-07 11:21:07,498 INFO [3/3] 1059184129 (audio)
2026-10-07 11:21:08,522 INFO == Curso: Hane VS Nobi   -> Hane VS Nobi  (4 videos de clips, 10 sobrantes omitidos)
2026-10-07 11:21:08,523 INFO [1/4] 734704960 (audio)
2026-10-07 11:21:09,538 INFO [2/4] 734709440 (audio)
2026-10-07 11:21:10,552 INFO [3/4] 734713256 (audio)
2026-10-07 11:21:11,563 INFO [4/4] 734715504 (audio)
2026-10-07 11:21:12,576 INFO == Curso: Counting Liberties  - Increase 2  -> Counting Liberties - Increase 2  (4 videos de clips)
2026-10-07 11:21:12,576 INFO [1/4] 562692579 (audio)
2026-10-07 11:21:13,589 INFO [2/4] 562692611 (audio)
2026-10-07 11:21:14,607 INFO [3/4] 562692641 (audio)
2026-10-07 11:21:15,627 INFO [4/4] 562692666 (audio)
2026-10-07 11:21:16,660 INFO == Curso: Chunlan Cup Best 8 - Shin Jin Seo 9p VS Ke Jie 9p  -> Chunlan Cup Best 8 - Shin Jin Seo 9p VS Ke Jie 9p  (3 videos de clips, 16 sobrantes omitidos)
2026-10-07 11:21:16,661 INFO [1/3] 783880209 (audio)
2026-10-07 11:21:17,674 INFO [2/3] 783885604 (audio)
2026-10-07 11:21:18,696 INFO [3/3] 783889528 (audio)
2026-10-07 11:21:19,715 INFO == Curso: Capturing race- One Eye vs No Eye  -> Capturing race- One Eye vs No Eye  (3 videos de clips, 4 sobrantes omitidos)
2026-10-07 11:21:19,716 INFO [1/3] 1207793746 (audio)
2026-10-07 11:21:20,738 INFO [2/3] 1207797692 (audio)
2026-10-07 11:21:21,749 INFO [3/3] 1207800910 (audio)
2026-10-07 11:21:22,777 INFO == Curso: How to attack with a night's move  -> How to attack with a night's move  (4 videos de clips, 2 sobrantes omitidos)
2026-10-07 11:21:22,779 INFO [1/4] 1175858356 (audio)
2026-10-07 11:21:23,799 INFO [2/4] 1175858727 (audio)
2026-10-07 11:21:24,815 INFO [3/4] 1175860675 (audio)
2026-10-07 11:21:25,839 INFO [4/4] 1175861535 (audio)
2026-10-07 11:21:26,859 INFO == Curso: 4 corner patterns you must know to be 9kyu 3  -> 4 corner patterns you must know to be 9kyu 3  (2 videos de clips)
2026-10-07 11:21:26,859 INFO [1/2] 511890770 (audio)
2026-10-07 11:21:27,873 INFO [2/2] 511890771 (audio)
2026-10-07 11:21:28,912 INFO == Curso: 3 Tips For Making Good Extension  -> 3 Tips For Making Good Extension  (3 videos de clips, 2 sobrantes omitidos)
2026-10-07 11:21:28,913 INFO [1/3] 585374409 (audio)
2026-10-07 11:21:29,931 INFO [2/3] 585379783 (audio)
2026-10-07 11:21:30,949 INFO [3/3] 585384087 (audio)
2026-10-07 11:21:31,971 INFO == Curso: AI's Favorite Move - Shoulder Hit  -> AI's Favorite Move - Shoulder Hit  (6 videos de clips, 9 sobrantes omitidos)
2026-10-07 11:21:31,971 INFO [1/6] 633765692 (audio)
2026-10-07 11:21:32,990 INFO [2/6] 633775178 (audio)
2026-10-07 11:21:34,005 INFO [3/6] 633779613 (audio)
2026-10-07 11:21:35,063 INFO [4/6] 633781679 (audio)
2026-10-07 11:21:36,085 INFO [5/6] 633788388 (audio)
2026-10-07 11:21:37,100 INFO [6/6] 633790974 (audio)
2026-10-07 11:21:38,117 INFO == Curso: How to invade  -> How to invade  (3 videos de clips, 2 sobrantes omitidos)
2026-10-07 11:21:38,118 INFO [1/3] 923678600 (audio)
2026-10-07 11:21:39,139 INFO [2/3] 923682740 (audio)
2026-10-07 11:21:40,161 INFO [3/3] 923684719 (audio)
2026-10-07 11:21:41,187 INFO == Curso: Who can ends his Winning race?  -> Who can ends his Winning race_  (3 videos de clips, 1 sobrantes omitidos)
2026-10-07 11:21:41,188 INFO [1/3] 834998610 (audio)
2026-10-07 11:21:42,217 INFO [2/3] 834999433 (audio)
2026-10-07 11:21:43,234 INFO [3/3] 835000271 (audio)
2026-10-07 11:21:44,253 INFO == Curso: Choosing the perfect Jeong-Seock 4  -> Choosing the perfect Jeong-Seock 4  (4 videos de clips)
2026-10-07 11:21:44,254 INFO [1/4] 524325398 (audio)
2026-10-07 11:21:45,271 INFO [2/4] 524325397 (audio)
2026-10-07 11:21:46,312 INFO [3/4] 524325399 (audio)
2026-10-07 11:21:47,336 INFO [4/4] 524325396 (audio)
2026-10-07 11:21:48,351 INFO == Curso: New course  -> New course [6lCBz6XlfanKZ4CPp4kg]  (1 videos de clips, 8 sobrantes omitidos)
2026-10-07 11:21:48,353 INFO [1/1] 1072562125 (audio)
2026-10-07 11:21:49,381 INFO == Curso: A Gentle Erosion In The Endgame  -> A Gentle Erosion In The Endgame  (3 videos de clips, 5 sobrantes omitidos)
2026-10-07 11:21:49,382 INFO [1/3] 1189162084 (audio)
2026-10-07 11:21:50,408 INFO [2/3] 1189165071 (audio)
2026-10-07 11:21:51,434 INFO [3/3] 1189170179 (audio)
2026-10-07 11:21:52,458 INFO == Curso: Side Fighting Skill 1  -> Side Fighting Skill 1  (5 videos de clips, 10 sobrantes omitidos)
2026-10-07 11:21:52,458 INFO [1/5] 595142032 (audio)
2026-10-07 11:21:53,470 INFO [2/5] 595154625 (audio)
2026-10-07 11:21:54,487 INFO [3/5] 595156543 (audio)
2026-10-07 11:21:55,518 INFO [4/5] 595158205 (audio)
2026-10-07 11:21:56,532 INFO [5/5] 595165848 (audio)
2026-10-07 11:21:57,558 INFO == Curso: Large Knight’s Move enclosure-1  -> Large Knight’s Move enclosure-1  (3 videos de clips, 1 sobrantes omitidos)
2026-10-07 11:21:57,558 INFO [1/3] 1091518826 (audio)
2026-10-07 11:21:58,582 INFO [2/3] 1091519088 (audio)
2026-10-07 11:21:59,596 INFO [3/3] 1091520040 (audio)
2026-10-07 11:22:00,613 INFO == Curso: Bad Aji in the Endgame  -> Bad Aji in the Endgame  (3 videos de clips, 8 sobrantes omitidos)
2026-10-07 11:22:00,614 INFO [1/3] 1171373616 (audio)
2026-10-07 11:22:01,629 INFO [2/3] 1171375279 (audio)
2026-10-07 11:22:02,654 INFO [3/3] 1171376164 (audio)
2026-10-07 11:22:03,680 INFO == Curso: One of the Greatest Games: A Perfect Calculation of Central InfluenceㅣShin-Jinseo vs Dang-Yifei  -> One of the Greatest Games_ A Perfect Calculation of Central InfluenceㅣShin-Jinseo vs Dang-Yifei  (3 videos de clips, 1 sobrantes omitidos)
2026-10-07 11:22:03,680 INFO [1/3] 1094043361 (audio)
2026-10-07 11:22:04,702 INFO [2/3] 1094045164 (audio)
2026-10-07 11:22:05,719 INFO [3/3] 1094046839 (audio)
2026-10-07 11:22:06,755 INFO == Curso: Invade or Reduce?  -> Invade or Reduce_  (5 videos de clips)
2026-10-07 11:22:06,755 INFO [1/5] 926836408 (audio)
2026-10-07 11:22:07,779 INFO [2/5] 926836941 (audio)
2026-10-07 11:22:08,796 INFO [3/5] 926837413 (audio)
2026-10-07 11:22:09,829 INFO [4/5] 926837843 (audio)
2026-10-07 11:22:10,846 INFO [5/5] 926838402 (audio)
2026-10-07 11:22:11,884 INFO == Curso: Professional's Tenuki In Their Games  -> Professional's Tenuki In Their Games  (3 videos de clips, 2 sobrantes omitidos)
2026-10-07 11:22:11,885 INFO [1/3] 995040671 (audio)
2026-10-07 11:22:12,907 INFO [2/3] 995041471 (audio)
2026-10-07 11:22:13,935 INFO [3/3] 995043215 (audio)
2026-10-07 11:22:14,960 INFO == Curso: Invasion against a 3-star formation  -> Invasion against a 3-star formation  (4 videos de clips, 13 sobrantes omitidos)
2026-10-07 11:22:14,961 INFO [1/4] 795959707 (audio)
2026-10-07 11:22:15,979 INFO [2/4] 795961259 (audio)
2026-10-07 11:22:17,009 INFO [3/4] 795961906 (audio)
2026-10-07 11:22:18,023 INFO [4/4] 795962131 (audio)
2026-10-07 11:22:19,042 INFO == Curso: Side Fighting 1-2  -> Side Fighting 1-2  (2 videos de clips, 3 sobrantes omitidos)
2026-10-07 11:22:19,043 INFO [1/2] 595737209 (audio)
2026-10-07 11:22:20,065 INFO [2/2] 595740523 (audio)
2026-10-07 11:22:21,089 INFO == Curso: My favourite opening!   -> My favourite opening!  (4 videos de clips, 5 sobrantes omitidos)
2026-10-07 11:22:21,089 INFO [1/4] 1015099002 (audio)
2026-10-07 11:22:22,124 INFO [2/4] 1015099547 (audio)
2026-10-07 11:22:23,138 INFO [3/4] 1015099953 (audio)
2026-10-07 11:22:24,163 INFO [4/4] 1015100754 (audio)
2026-10-07 11:22:25,192 INFO == Curso: Beginner Course 16 Weak Points In Territory 2  -> Beginner Course 16 Weak Points In Territory 2  (2 videos de clips)
2026-10-07 11:22:25,193 INFO [1/2] 702550041 (audio)
2026-10-07 11:22:26,210 INFO [2/2] 702906437 (audio)
2026-10-07 11:22:27,227 INFO == Curso: A Miracle In The Endgame  -> A Miracle In The Endgame  (3 videos de clips, 2 sobrantes omitidos)
2026-10-07 11:22:27,227 INFO [1/3] 881658397 (audio)
2026-10-07 11:22:28,253 INFO [2/3] 881662370 (audio)
2026-10-07 11:22:29,274 INFO [3/3] 881778897 (audio)
2026-10-07 11:22:30,291 INFO == Curso: Invasion & Attacking 1  -> Invasion & Attacking 1  (6 videos de clips, 9 sobrantes omitidos)
2026-10-07 11:22:30,292 INFO [1/6] 639337672 (audio)
2026-10-07 11:22:31,309 INFO [2/6] 639339958 (audio)
2026-10-07 11:22:32,323 INFO [3/6] 639341598 (audio)
2026-10-07 11:22:33,338 INFO [4/6] 639344375 (audio)
2026-10-07 11:22:34,362 INFO [5/6] 639346135 (audio)
2026-10-07 11:22:35,380 INFO [6/6] 639347909 (audio)
2026-10-07 11:22:36,398 INFO == Curso: Beginner Course 22 Throw-In & False Eye  -> Beginner Course 22 Throw-In & False Eye  (2 videos de clips, 3 sobrantes omitidos)
2026-10-07 11:22:36,399 INFO [1/2] 720670375 (audio)
2026-10-07 11:22:37,412 INFO [2/2] 720673697 (audio)
2026-10-07 11:22:38,440 INFO == Curso: Choose The Correct Jeong-Seock!  -> Choose The Correct Jeong-Seock!  (3 videos de clips, 4 sobrantes omitidos)
2026-10-07 11:22:38,440 INFO [1/3] 758218072 (audio)
2026-10-07 11:22:39,466 INFO [2/3] 758220694 (audio)
2026-10-07 11:22:40,483 INFO [3/3] 758222464 (audio)
2026-10-07 11:22:41,512 INFO == Curso: Professional's Marvelous Sabaki Or Living  -> Professional's Marvelous Sabaki Or Living  (2 videos de clips, 2 sobrantes omitidos)
2026-10-07 11:22:41,513 INFO [1/2] 980650087 (audio)
2026-10-07 11:22:42,524 INFO [2/2] 980654759 (audio)
2026-10-07 11:22:43,540 INFO == Curso: Cross Cut  -> Cross Cut  (3 videos de clips, 8 sobrantes omitidos)
2026-10-07 11:22:43,541 INFO [1/3] 691316272 (audio)
2026-10-07 11:22:44,555 INFO [2/3] 691319412 (audio)
2026-10-07 11:22:45,568 INFO [3/3] 691322286 (audio)
2026-10-07 11:22:46,585 INFO == Curso: Studying Endgame  -> Studying Endgame  (3 videos de clips, 6 sobrantes omitidos)
2026-10-07 11:22:46,585 INFO [1/3] 1156220153 (audio)
2026-10-07 11:22:47,612 INFO [2/3] 1156223323 (audio)
2026-10-07 11:22:48,638 INFO [3/3] 1156226120 (audio)
2026-10-07 11:22:49,654 INFO == Curso: Trick joseki?  -> Trick joseki_  (4 videos de clips)
2026-10-07 11:22:49,655 INFO [1/4] 1118085973 (audio)
2026-10-07 11:22:50,683 INFO [2/4] 1118086709 (audio)
2026-10-07 11:22:51,711 INFO [3/4] 1118087679 (audio)
2026-10-07 11:22:52,726 INFO [4/4] 1118089024 (audio)
2026-10-07 11:22:53,746 INFO == Curso: Loose Ladder  -> Loose Ladder  (3 videos de clips, 16 sobrantes omitidos)
2026-10-07 11:22:53,747 INFO [1/3] 732693825 (audio)
2026-10-07 11:22:54,770 INFO [2/3] 732697414 (audio)
2026-10-07 11:22:55,782 INFO [3/3] 732698126 (audio)
2026-10-07 11:22:56,809 INFO == Curso: Old Joseki  -> Old Joseki  (4 videos de clips, 6 sobrantes omitidos)
2026-10-07 11:22:56,810 INFO [1/4] 1173255617 (audio)
2026-10-07 11:22:57,820 INFO [2/4] 1173257636 (audio)
2026-10-07 11:22:58,839 INFO [3/4] 1173259871 (audio)
2026-10-07 11:22:59,860 INFO [4/4] 1173261449 (audio)
2026-10-07 11:23:00,890 INFO == Curso: A rare mild trick move  -> A rare mild trick move  (3 videos de clips, 6 sobrantes omitidos)
2026-10-07 11:23:00,891 INFO [1/3] 1033276208 (audio)
2026-10-07 11:23:01,912 INFO [2/3] 1033277168 (audio)
2026-10-07 11:23:02,938 INFO [3/3] 1033278862 (audio)
2026-10-07 11:23:03,957 INFO == Curso: If it was your game 1  -> If it was your game 1  (4 videos de clips, 2 sobrantes omitidos)
2026-10-07 11:23:03,958 INFO [1/4] 823423830 (audio)
2026-10-07 11:23:04,976 INFO [2/4] 823425540 (audio)
2026-10-07 11:23:05,992 INFO [3/4] 823426704 (audio)
2026-10-07 11:23:07,010 INFO [4/4] 823429234 (audio)
2026-10-07 11:23:08,043 INFO == Curso: The Easiest Way to Reduce   -> The Easiest Way to Reduce  (5 videos de clips, 10 sobrantes omitidos)
2026-10-07 11:23:08,044 INFO [1/5] 676546306 (audio)
2026-10-07 11:23:09,069 INFO [2/5] 676547706 (audio)
2026-10-07 11:23:10,092 INFO [3/5] 676548566 (audio)
2026-10-07 11:23:11,113 INFO [4/5] 676549232 (audio)
2026-10-07 11:23:12,149 INFO [5/5] 676550283 (audio)
2026-10-07 11:23:13,171 INFO == Curso: Know the Key Points of Attack, Make Attacking Easy  -> Know the Key Points of Attack, Make Attacking Easy  (2 videos de clips, 2 sobrantes omitidos)
2026-10-07 11:23:13,172 INFO [1/2] 1108984441 (audio)
2026-10-07 11:23:14,196 INFO [2/2] 1108985736 (audio)
2026-10-07 11:23:15,231 INFO == Curso: 이 영상 보시면 삼삼침입 100% 잡을 수 있습니다  -> 이 영상 보시면 삼삼침입 100% 잡을 수 있습니다  (2 videos de clips, 2 sobrantes omitidos)
2026-10-07 11:23:15,232 INFO [1/2] 1022132167 (audio)
2026-10-07 11:23:16,259 INFO [2/2] 1022135327 (audio)
2026-10-07 11:23:17,286 INFO == Curso: The Art of Sabaki  -> The Art of Sabaki  (3 videos de clips, 3 sobrantes omitidos)
2026-10-07 11:23:17,286 INFO [1/3] 1217102909 (audio)
2026-10-07 11:23:18,304 INFO [2/3] 1217104879 (audio)
2026-10-07 11:23:19,326 INFO [3/3] 1217106844 (audio)
2026-10-07 11:23:20,343 INFO == Curso: Dealing with Overplays: How to Punish Mistakes  -> Dealing with Overplays_ How to Punish Mistakes  (3 videos de clips)
2026-10-07 11:23:20,344 INFO [1/3] 1158757073 (audio)
2026-10-07 11:23:21,362 INFO [2/3] 1158757277 (audio)
2026-10-07 11:23:22,376 INFO [3/3] 1158757172 (audio)
2026-10-07 11:23:23,395 INFO == Curso: Those Moves Appear In Every Game 3  - Large Knight's Move   -> Those Moves Appear In Every Game 3 - Large Knight's Move  (1 videos de clips, 1 sobrantes omitidos)
2026-10-07 11:23:23,395 INFO [1/1] 565195066 (audio)
2026-10-07 11:23:24,413 INFO == Curso: Repeated Mistakes  -> Repeated Mistakes  (3 videos de clips, 7 sobrantes omitidos)
2026-10-07 11:23:24,414 INFO [1/3] 746092514 (audio)
2026-10-07 11:23:25,447 INFO [2/3] 746094511 (audio)
2026-10-07 11:23:26,465 INFO [3/3] 746095534 (audio)
2026-10-07 11:23:27,493 INFO == Curso: Nongsim Cup Review Iyamayuta vs Shin-Minjun  -> Nongsim Cup Review Iyamayuta vs Shin-Minjun  (4 videos de clips, 9 sobrantes omitidos)
2026-10-07 11:23:27,493 INFO [1/4] 651957380 (audio)
2026-10-07 11:23:28,510 INFO [2/4] 651963296 (audio)
2026-10-07 11:23:29,533 INFO [3/4] 651965787 (audio)
2026-10-07 11:23:30,548 INFO [4/4] 651968284 (audio)
2026-10-07 11:23:31,560 INFO == Curso: The Only Invasion Patterns You Need to Know  -> The Only Invasion Patterns You Need to Know  (3 videos de clips, 2 sobrantes omitidos)
2026-10-07 11:23:31,561 INFO [1/3] 1128718600 (audio)
2026-10-07 11:23:32,575 INFO [2/3] 1128719281 (audio)
2026-10-07 11:23:33,586 INFO [3/3] 1128719589 (audio)
2026-10-07 11:23:34,601 INFO == Curso: Different value of extensions  -> Different value of extensions  (3 videos de clips, 9 sobrantes omitidos)
2026-10-07 11:23:34,602 INFO [1/3] 802664337 (audio)
2026-10-07 11:23:35,615 INFO [2/3] 802666352 (audio)
2026-10-07 11:23:36,630 INFO [3/3] 802670275 (audio)
2026-10-07 11:23:37,645 INFO == Curso: Am I Hikaru? - Hikaru VS Suyoung  -> Am I Hikaru_ - Hikaru VS Suyoung  (6 videos de clips, 9 sobrantes omitidos)
2026-10-07 11:23:37,645 INFO [1/6] 645534136 (audio)
2026-10-07 11:23:38,669 INFO [2/6] 645536066 (audio)
2026-10-07 11:24:57,022 INFO lessons.json: 452 curso(s)
2026-10-07 11:24:57,030 INFO == Curso: How to Escape? How?  -> How to Escape_ How_  (3 videos de clips)
2026-10-07 11:24:57,030 INFO [1/3] 893284210 (audio)
2026-10-07 11:24:57,039 INFO [2/3] 893285403 (audio)
2026-10-07 11:24:57,047 INFO [3/3] 893286382 (audio)
2026-10-07 11:24:57,057 INFO == Curso: Winning Way In The Most Important Moment  -> Winning Way In The Most Important Moment  (3 videos de clips, 3 sobrantes omitidos)
2026-10-07 11:24:57,058 INFO [1/3] 749549754 (audio)
2026-10-07 11:24:57,066 INFO [2/3] 749556741 (audio)
2026-10-07 11:24:57,075 INFO [3/3] 749560073 (audio)
2026-10-07 11:24:57,085 INFO == Curso: Which way?  -> Which way_  (4 videos de clips, 1 sobrantes omitidos)
2026-10-07 11:24:57,085 INFO [1/4] 936885646 (audio)
2026-10-07 11:24:57,095 INFO [2/4] 936885967 (audio)
2026-10-07 11:24:57,103 INFO [3/4] 936886347 (audio)
2026-10-07 11:24:57,112 INFO [4/4] 936886735 (audio)
2026-10-07 11:24:57,121 INFO == Curso: Beginner Course 3 Forbidden Place  -> Beginner Course 3 Forbidden Place  (2 videos de clips, 1 sobrantes omitidos)
2026-10-07 11:24:57,122 INFO [1/2] 685134987 (audio)
2026-10-07 11:24:57,130 INFO [2/2] 685135902 (audio)
2026-10-07 11:24:57,142 INFO == Curso: Reduction Skill & Timing  -> Reduction Skill & Timing  (3 videos de clips)
2026-10-07 11:24:57,142 INFO [1/3] 807224090 (audio)
2026-10-07 11:24:57,150 INFO [2/3] 807224578 (audio)
2026-10-07 11:24:57,162 INFO [3/3] 807225098 (audio)
2026-10-07 11:24:57,172 INFO == Curso: How to Defense 3-3 Invasion?  -> How to Defense 3-3 Invasion_  (2 videos de clips, 1 sobrantes omitidos)
2026-10-07 11:24:57,173 INFO [1/2] 910013947 (audio)
2026-10-07 11:24:57,181 INFO [2/2] 910015338 (audio)
2026-10-07 11:24:57,192 INFO == Curso: The upper attachment  -> The upper attachment  (2 videos de clips, 3 sobrantes omitidos)
2026-10-07 11:24:57,192 INFO [1/2] 1144114171 (audio)
2026-10-07 11:24:57,201 INFO [2/2] 1144114710 (audio)
2026-10-07 11:24:57,211 INFO == Curso: New course  -> New course  (2 videos de clips, 1 sobrantes omitidos)
2026-10-07 11:24:57,212 INFO [1/2] 1072152550 (audio)
2026-10-07 11:24:57,221 INFO [2/2] 1072153110 (audio)
2026-10-07 11:24:57,232 INFO == Curso: Beginner Course 4 Ko Rule  -> Beginner Course 4 Ko Rule  (2 videos de clips, 5 sobrantes omitidos)
2026-10-07 11:24:57,232 INFO [1/2] 686651003 (audio)
2026-10-07 11:24:57,241 INFO [2/2] 686704658 (audio)
2026-10-07 11:24:57,251 INFO == Curso: Reduce Territory  -> Reduce Territory  (3 videos de clips, 2 sobrantes omitidos)
2026-10-07 11:24:57,251 INFO [1/3] 1099221923 (audio)
2026-10-07 11:24:57,260 INFO [2/3] 1099222589 (audio)
2026-10-07 11:24:57,268 INFO [3/3] 1099223049 (audio)
2026-10-07 11:24:57,280 INFO == Curso: Fighting Skills -  Catch After Threat  -> Fighting Skills - Catch After Threat  (4 videos de clips, 8 sobrantes omitidos)
2026-10-07 11:24:57,281 INFO [1/4] 575290242 (audio)
2026-10-07 11:24:57,290 INFO [2/4] 575292747 (audio)
2026-10-07 11:24:57,298 INFO [3/4] 575294285 (audio)
2026-10-07 11:24:57,307 INFO [4/4] 575296463 (audio)
2026-10-07 11:24:57,318 INFO == Curso: Is This Invasion Or Reduction? - Attach! If you don't know..  -> Is This Invasion Or Reduction_ - Attach! If you don't know  (5 videos de clips, 23 sobrantes omitidos)
2026-10-07 11:24:57,318 INFO [1/5] 589240396 (audio)
2026-10-07 11:24:57,329 INFO [2/5] 589245708 (audio)
2026-10-07 11:24:57,340 INFO [3/5] 589248095 (audio)
2026-10-07 11:24:57,350 INFO [4/5] 589251889 (audio)
2026-10-07 11:24:57,361 INFO [5/5] 589254501 (audio)
2026-10-07 11:24:57,374 INFO == Curso: Important stones vs Useless stones  -> Important stones vs Useless stones  (4 videos de clips)
2026-10-07 11:24:57,374 INFO [1/4] 545959984 (audio)
2026-10-07 11:24:57,384 INFO [2/4] 545959981 (audio)
2026-10-07 11:24:57,395 INFO [3/4] 545959983 (audio)
2026-10-07 11:24:57,406 INFO [4/4] 545959982 (audio)
2026-10-07 11:24:57,417 INFO == Curso: Punishment  -> Punishment  (3 videos de clips, 8 sobrantes omitidos)
2026-10-07 11:24:57,417 INFO [1/3] 906212721 (audio)
2026-10-07 11:24:57,427 INFO [2/3] 906581128 (audio)
2026-10-07 11:24:57,435 INFO [3/3] 906582139 (audio)
2026-10-07 11:24:57,445 INFO == Curso: Alumni meet at the Final   -> Alumni meet at the Final  (3 videos de clips, 3 sobrantes omitidos)
2026-10-07 11:24:57,445 INFO [1/3] 803849426 (audio)
2026-10-07 11:24:57,454 INFO [2/3] 803855409 (audio)
2026-10-07 11:24:57,462 INFO [3/3] 803861849 (audio)
2026-10-07 11:24:57,472 INFO == Curso: My Typical Mistakes 3  -> My Typical Mistakes 3  (4 videos de clips, 10 sobrantes omitidos)
2026-10-07 11:24:57,473 INFO [1/4] 743726802 (audio)
2026-10-07 11:24:57,481 INFO [2/4] 743729067 (audio)
2026-10-07 11:24:57,490 INFO [3/4] 743730200 (audio)
2026-10-07 11:24:57,500 INFO [4/4] 743732737 (audio)
2026-10-07 11:24:57,510 INFO == Curso: LG CUP FINAL REVIEW 4 BIG DRAGON FIGHTING  -> LG CUP FINAL REVIEW 4 BIG DRAGON FIGHTING  (4 videos de clips, 8 sobrantes omitidos)
2026-10-07 11:24:57,510 INFO [1/4] 678027162 (audio)
2026-10-07 11:24:57,519 INFO [2/4] 678030294 (audio)
2026-10-07 11:24:57,528 INFO [3/4] 678032518 (audio)
2026-10-07 11:24:57,537 INFO [4/4] 678036249 (audio)
2026-10-07 11:24:57,547 INFO == Curso: Mastering Connections Can Make You Stronger  -> Mastering Connections Can Make You Stronger  (2 videos de clips)
2026-10-07 11:24:57,548 INFO [1/2] 1083531052 (audio)
2026-10-07 11:24:57,557 INFO [2/2] 1083533543 (audio)
2026-10-07 11:24:57,567 INFO == Curso: Unforgettable Mistake  -> Unforgettable Mistake  (3 videos de clips, 2 sobrantes omitidos)
2026-10-07 11:24:57,567 INFO [1/3] 951801559 (audio)
2026-10-07 11:24:57,577 INFO [2/3] 951802228 (audio)
2026-10-07 11:24:57,587 INFO [3/3] 951802656 (audio)
2026-10-07 11:24:57,597 INFO == Curso: What is this move?  -> What is this move_  (6 videos de clips, 1 sobrantes omitidos)
2026-10-07 11:24:57,598 INFO [1/6] 820930958 (audio)
2026-10-07 11:24:57,606 INFO [2/6] 820932237 (audio)
2026-10-07 11:24:57,615 INFO [3/6] 820933729 (audio)
2026-10-07 11:24:57,625 INFO [4/6] 820936703 (audio)
2026-10-07 11:24:57,634 INFO [5/6] 820938896 (audio)
2026-10-07 11:24:57,644 INFO [6/6] 820940004 (audio)
2026-10-07 11:24:57,655 INFO == Curso: Potential Judgement Between Corner & Side  -> Potential Judgement Between Corner & Side  (2 videos de clips, 1 sobrantes omitidos)
2026-10-07 11:24:57,656 INFO [1/2] 1062014199 (audio)
2026-10-07 11:24:57,664 INFO [2/2] 1062016301 (audio)
2026-10-07 11:24:57,675 INFO == Curso: "Let's master the one-space pincer!" 2  -> _Let's master the one-space pincer!_ 2  (3 videos de clips, 1 sobrantes omitidos)
2026-10-07 11:24:57,675 INFO [1/3] 1087519010 (audio)
2026-10-07 11:24:57,683 INFO [2/3] 1087519247 (audio)
2026-10-07 11:24:57,692 INFO [3/3] 1087520439 (audio)
2026-10-07 11:24:57,703 INFO == Curso: How To Punish Thin Shapes In Go  -> How To Punish Thin Shapes In Go  (2 videos de clips)
2026-10-07 11:24:57,703 INFO [1/2] 1142392286 (audio)
2026-10-07 11:24:57,715 INFO [2/2] 1142394852 (audio)
2026-10-07 11:24:57,727 INFO == Curso: Let`s study End game-2  -> Let`s study End game-2  (2 videos de clips, 5 sobrantes omitidos)
2026-10-07 11:24:57,727 INFO [1/2] 1190455047 (audio)
2026-10-07 11:24:57,738 INFO [2/2] 1190458147 (audio)
2026-10-07 11:24:57,749 INFO == Curso: Corner & Side's Secret Rule - Side 6/8   -> Corner & Side's Secret Rule - Side 6_8  (3 videos de clips, 9 sobrantes omitidos)
2026-10-07 11:24:57,750 INFO [1/3] 587114978 (audio)
2026-10-07 11:24:57,760 INFO [2/3] 587116318 (audio)
2026-10-07 11:24:57,770 INFO [3/3] 587117500 (audio)
2026-10-07 11:24:57,781 INFO == Curso: Test  -> Test  (1 videos de clips)
2026-10-07 11:24:57,782 INFO [1/1] 905192838 (audio)
2026-10-07 11:24:57,793 INFO == Curso: Nongsim cup legendary match Lee-ChangHo vs Wangsi   -> Nongsim cup legendary match Lee-ChangHo vs Wangsi  (3 videos de clips, 17 sobrantes omitidos)
2026-10-07 11:24:57,793 INFO [1/3] 800047916 (audio)
2026-10-07 11:24:57,804 INFO [2/3] 800048634 (audio)
2026-10-07 11:24:57,814 INFO [3/3] 800050165 (audio)
2026-10-07 11:24:57,826 INFO == Curso: How can you ensure a victory when you are in the lead?  -> How can you ensure a victory when you are in the lead_  (3 videos de clips, 7 sobrantes omitidos)
2026-10-07 11:24:57,826 INFO [1/3] 1041852247 (audio)
2026-10-07 11:24:57,838 INFO [2/3] 1041852869 (audio)
2026-10-07 11:24:57,850 INFO [3/3] 1041863867 (audio)
2026-10-07 11:24:57,865 INFO == Curso: Best Reduction Timing  -> Best Reduction Timing  (4 videos de clips, 3 sobrantes omitidos)
2026-10-07 11:24:57,866 INFO [1/4] 680240950 (audio)
2026-10-07 11:24:57,878 INFO [2/4] 680244627 (audio)
2026-10-07 11:24:57,890 INFO [3/4] 680245952 (audio)
2026-10-07 11:24:57,903 INFO [4/4] 680248309 (audio)
2026-10-07 11:24:57,916 INFO == Curso: How do you handle vulnerable groups?  -> How do you handle vulnerable groups_  (3 videos de clips, 6 sobrantes omitidos)
2026-10-07 11:24:57,917 INFO [1/3] 950891696 (audio)
2026-10-07 11:24:57,926 INFO [2/3] 950892945 (audio)
2026-10-07 11:24:57,935 INFO [3/3] 950895409 (audio)
2026-10-07 11:24:57,947 INFO == Curso: Escape -  Practical Attachment & Cut  -> Escape - Practical Attachment & Cut  (4 videos de clips, 11 sobrantes omitidos)
2026-10-07 11:24:57,947 INFO [1/4] 679442030 (audio)
2026-10-07 11:24:57,957 INFO [2/4] 679444677 (audio)
2026-10-07 11:24:57,965 INFO [3/4] 679445358 (audio)
2026-10-07 11:24:57,975 INFO [4/4] 679446802 (audio)
2026-10-07 11:24:57,985 INFO == Curso: 20th Meijin Final, Game 5 - Cosmic Style vs Subway Style  -> 20th Meijin Final, Game 5 - Cosmic Style vs Subway Style  (3 videos de clips, 16 sobrantes omitidos)
2026-10-07 11:24:57,986 INFO [1/3] 839748836 (audio)
2026-10-07 11:24:57,994 INFO [2/3] 839753489 (audio)
2026-10-07 11:24:58,003 INFO [3/3] 839757536 (audio)
2026-10-07 11:24:58,014 INFO == Curso: Must Know Endgame 2 - Sacrifice 1 / Using Aji 2  -> Must Know Endgame 2 - Sacrifice 1 _ Using Aji 2  (3 videos de clips, 2 sobrantes omitidos)
2026-10-07 11:24:58,015 INFO [1/3] 567418551 (audio)
2026-10-07 11:24:58,024 INFO [2/3] 567420266 (audio)
2026-10-07 11:24:58,033 INFO [3/3] 567422059 (audio)
2026-10-07 11:24:58,043 INFO == Curso: 3-3 joseki variation! (kosumi attachment)  -> 3-3 joseki variation! (kosumi attachment)  (3 videos de clips, 2 sobrantes omitidos)
2026-10-07 11:24:58,044 INFO [1/3] 1053278600 (audio)
2026-10-07 11:24:58,052 INFO [2/3] 1053279100 (audio)
2026-10-07 11:24:58,062 INFO [3/3] 1053279769 (audio)
2026-10-07 11:24:58,072 INFO == Curso: Beginner Course 28 19X19 Review 2  -> Beginner Course 28 19X19 Review 2  (2 videos de clips, 3 sobrantes omitidos)
2026-10-07 11:24:58,072 INFO [1/2] 733872018 (audio)
2026-10-07 11:24:58,081 INFO [2/2] 733875699 (audio)
2026-10-07 11:24:58,092 INFO == Curso: After Joseki  -> After Joseki  (3 videos de clips)
2026-10-07 11:24:58,092 INFO [1/3] 1059182373 (audio)
2026-10-07 11:24:58,101 INFO [2/3] 1059183280 (audio)
2026-10-07 11:24:58,110 INFO [3/3] 1059184129 (audio)
2026-10-07 11:24:58,121 INFO == Curso: Hane VS Nobi   -> Hane VS Nobi  (4 videos de clips, 10 sobrantes omitidos)
2026-10-07 11:24:58,121 INFO [1/4] 734704960 (audio)
2026-10-07 11:24:58,130 INFO [2/4] 734709440 (audio)
2026-10-07 11:24:58,148 INFO [3/4] 734713256 (audio)
2026-10-07 11:24:58,158 INFO [4/4] 734715504 (audio)
2026-10-07 11:24:58,168 INFO == Curso: Counting Liberties  - Increase 2  -> Counting Liberties - Increase 2  (4 videos de clips)
2026-10-07 11:24:58,168 INFO [1/4] 562692579 (audio)
2026-10-07 11:24:58,177 INFO [2/4] 562692611 (audio)
2026-10-07 11:24:58,186 INFO [3/4] 562692641 (audio)
2026-10-07 11:24:58,196 INFO [4/4] 562692666 (audio)
2026-10-07 11:24:58,206 INFO == Curso: Chunlan Cup Best 8 - Shin Jin Seo 9p VS Ke Jie 9p  -> Chunlan Cup Best 8 - Shin Jin Seo 9p VS Ke Jie 9p  (3 videos de clips, 16 sobrantes omitidos)
2026-10-07 11:24:58,207 INFO [1/3] 783880209 (audio)
2026-10-07 11:24:58,216 INFO [2/3] 783885604 (audio)
2026-10-07 11:24:58,225 INFO [3/3] 783889528 (audio)
2026-10-07 11:24:58,235 INFO == Curso: Capturing race- One Eye vs No Eye  -> Capturing race- One Eye vs No Eye  (3 videos de clips, 4 sobrantes omitidos)
2026-10-07 11:24:58,236 INFO [1/3] 1207793746 (audio)
2026-10-07 11:24:58,245 INFO [2/3] 1207797692 (audio)
2026-10-07 11:24:58,255 INFO [3/3] 1207800910 (audio)
2026-10-07 11:24:58,265 INFO == Curso: How to attack with a night's move  -> How to attack with a night's move  (4 videos de clips, 2 sobrantes omitidos)
2026-10-07 11:24:58,265 INFO [1/4] 1175858356 (audio)
2026-10-07 11:24:58,275 INFO [2/4] 1175858727 (audio)
2026-10-07 11:24:58,285 INFO [3/4] 1175860675 (audio)
2026-10-07 11:24:58,294 INFO [4/4] 1175861535 (audio)
2026-10-07 11:24:58,304 INFO == Curso: 4 corner patterns you must know to be 9kyu 3  -> 4 corner patterns you must know to be 9kyu 3  (2 videos de clips)
2026-10-07 11:24:58,304 INFO [1/2] 511890770 (audio)
2026-10-07 11:24:58,314 INFO [2/2] 511890771 (audio)
2026-10-07 11:24:58,324 INFO == Curso: 3 Tips For Making Good Extension  -> 3 Tips For Making Good Extension  (3 videos de clips, 2 sobrantes omitidos)
2026-10-07 11:24:58,326 INFO [1/3] 585374409 (audio)
2026-10-07 11:24:58,334 INFO [2/3] 585379783 (audio)
2026-10-07 11:24:58,344 INFO [3/3] 585384087 (audio)
2026-10-07 11:24:58,354 INFO == Curso: AI's Favorite Move - Shoulder Hit  -> AI's Favorite Move - Shoulder Hit  (6 videos de clips, 9 sobrantes omitidos)
2026-10-07 11:24:58,355 INFO [1/6] 633765692 (audio)
2026-10-07 11:24:58,364 INFO [2/6] 633775178 (audio)
2026-10-07 11:24:58,373 INFO [3/6] 633779613 (audio)
2026-10-07 11:24:58,382 INFO [4/6] 633781679 (audio)
2026-10-07 11:24:58,392 INFO [5/6] 633788388 (audio)
2026-10-07 11:24:58,401 INFO [6/6] 633790974 (audio)
2026-10-07 11:24:58,412 INFO == Curso: How to invade  -> How to invade  (3 videos de clips, 2 sobrantes omitidos)
2026-10-07 11:24:58,412 INFO [1/3] 923678600 (audio)
2026-10-07 11:24:58,422 INFO [2/3] 923682740 (audio)
2026-10-07 11:24:58,431 INFO [3/3] 923684719 (audio)
2026-10-07 11:24:58,442 INFO == Curso: Who can ends his Winning race?  -> Who can ends his Winning race_  (3 videos de clips, 1 sobrantes omitidos)
2026-10-07 11:24:58,442 INFO [1/3] 834998610 (audio)
2026-10-07 11:24:58,451 INFO [2/3] 834999433 (audio)
2026-10-07 11:24:58,462 INFO [3/3] 835000271 (audio)
2026-10-07 11:24:58,472 INFO == Curso: Choosing the perfect Jeong-Seock 4  -> Choosing the perfect Jeong-Seock 4  (4 videos de clips)
2026-10-07 11:24:58,472 INFO [1/4] 524325398 (audio)
2026-10-07 11:24:58,481 INFO [2/4] 524325397 (audio)
2026-10-07 11:24:58,490 INFO [3/4] 524325399 (audio)
2026-10-07 11:24:58,499 INFO [4/4] 524325396 (audio)
2026-10-07 11:24:58,509 INFO == Curso: New course  -> New course [6lCBz6XlfanKZ4CPp4kg]  (1 videos de clips, 8 sobrantes omitidos)
2026-10-07 11:24:58,509 INFO [1/1] 1072562125 (audio)
2026-10-07 11:24:58,518 INFO == Curso: A Gentle Erosion In The Endgame  -> A Gentle Erosion In The Endgame  (3 videos de clips, 5 sobrantes omitidos)
2026-10-07 11:24:58,519 INFO [1/3] 1189162084 (audio)
2026-10-07 11:24:58,528 INFO [2/3] 1189165071 (audio)
2026-10-07 11:24:58,536 INFO [3/3] 1189170179 (audio)
2026-10-07 11:24:58,546 INFO == Curso: Side Fighting Skill 1  -> Side Fighting Skill 1  (5 videos de clips, 10 sobrantes omitidos)
2026-10-07 11:24:58,547 INFO [1/5] 595142032 (audio)
2026-10-07 11:24:58,557 INFO [2/5] 595154625 (audio)
2026-10-07 11:24:58,565 INFO [3/5] 595156543 (audio)
2026-10-07 11:24:58,574 INFO [4/5] 595158205 (audio)
2026-10-07 11:24:58,583 INFO [5/5] 595165848 (audio)
2026-10-07 11:24:58,593 INFO == Curso: Large Knight’s Move enclosure-1  -> Large Knight’s Move enclosure-1  (3 videos de clips, 1 sobrantes omitidos)
2026-10-07 11:24:58,594 INFO [1/3] 1091518826 (audio)
2026-10-07 11:24:58,602 INFO [2/3] 1091519088 (audio)
2026-10-07 11:24:58,611 INFO [3/3] 1091520040 (audio)
2026-10-07 11:24:58,620 INFO == Curso: Bad Aji in the Endgame  -> Bad Aji in the Endgame  (3 videos de clips, 8 sobrantes omitidos)
2026-10-07 11:24:58,621 INFO [1/3] 1171373616 (audio)
2026-10-07 11:24:58,629 INFO [2/3] 1171375279 (audio)
2026-10-07 11:24:58,638 INFO [3/3] 1171376164 (audio)
2026-10-07 11:24:58,648 INFO == Curso: One of the Greatest Games: A Perfect Calculation of Central InfluenceㅣShin-Jinseo vs Dang-Yifei  -> One of the Greatest Games_ A Perfect Calculation of Central InfluenceㅣShin-Jinseo vs Dang-Yifei  (3 videos de clips, 1 sobrantes omitidos)
2026-10-07 11:24:58,648 INFO [1/3] 1094043361 (audio)
2026-10-07 11:24:58,657 INFO [2/3] 1094045164 (audio)
2026-10-07 11:24:58,666 INFO [3/3] 1094046839 (audio)
2026-10-07 11:24:58,675 INFO == Curso: Invade or Reduce?  -> Invade or Reduce_  (5 videos de clips)
2026-10-07 11:24:58,676 INFO [1/5] 926836408 (audio)
2026-10-07 11:24:58,684 INFO [2/5] 926836941 (audio)
2026-10-07 11:24:58,693 INFO [3/5] 926837413 (audio)
2026-10-07 11:24:58,701 INFO [4/5] 926837843 (audio)
2026-10-07 11:24:58,711 INFO [5/5] 926838402 (audio)
2026-10-07 11:24:58,720 INFO == Curso: Professional's Tenuki In Their Games  -> Professional's Tenuki In Their Games  (3 videos de clips, 2 sobrantes omitidos)
2026-10-07 11:24:58,722 INFO [1/3] 995040671 (audio)
2026-10-07 11:24:58,730 INFO [2/3] 995041471 (audio)
2026-10-07 11:24:58,740 INFO [3/3] 995043215 (audio)
2026-10-07 11:24:58,749 INFO == Curso: Invasion against a 3-star formation  -> Invasion against a 3-star formation  (4 videos de clips, 13 sobrantes omitidos)
2026-10-07 11:24:58,750 INFO [1/4] 795959707 (audio)
2026-10-07 11:24:58,759 INFO [2/4] 795961259 (audio)
2026-10-07 11:24:58,767 INFO [3/4] 795961906 (audio)
2026-10-07 11:24:58,776 INFO [4/4] 795962131 (audio)
2026-10-07 11:24:58,786 INFO == Curso: Side Fighting 1-2  -> Side Fighting 1-2  (2 videos de clips, 3 sobrantes omitidos)
2026-10-07 11:24:58,786 INFO [1/2] 595737209 (audio)
2026-10-07 11:24:58,795 INFO [2/2] 595740523 (audio)
2026-10-07 11:24:58,805 INFO == Curso: My favourite opening!   -> My favourite opening!  (4 videos de clips, 5 sobrantes omitidos)
2026-10-07 11:24:58,806 INFO [1/4] 1015099002 (audio)
2026-10-07 11:24:58,815 INFO [2/4] 1015099547 (audio)
2026-10-07 11:24:58,824 INFO [3/4] 1015099953 (audio)
2026-10-07 11:24:58,834 INFO [4/4] 1015100754 (audio)
2026-10-07 11:24:58,847 INFO == Curso: Beginner Course 16 Weak Points In Territory 2  -> Beginner Course 16 Weak Points In Territory 2  (2 videos de clips)
2026-10-07 11:24:58,847 INFO [1/2] 702550041 (audio)
2026-10-07 11:24:58,857 INFO [2/2] 702906437 (audio)
2026-10-07 11:24:58,870 INFO == Curso: A Miracle In The Endgame  -> A Miracle In The Endgame  (3 videos de clips, 2 sobrantes omitidos)
2026-10-07 11:24:58,870 INFO [1/3] 881658397 (audio)
2026-10-07 11:24:58,880 INFO [2/3] 881662370 (audio)
2026-10-07 11:24:58,899 INFO [3/3] 881778897 (audio)
2026-10-07 11:24:58,909 INFO == Curso: Invasion & Attacking 1  -> Invasion & Attacking 1  (6 videos de clips, 9 sobrantes omitidos)
2026-10-07 11:24:58,909 INFO [1/6] 639337672 (audio)
2026-10-07 11:24:58,919 INFO [2/6] 639339958 (audio)
2026-10-07 11:24:58,928 INFO [3/6] 639341598 (audio)
2026-10-07 11:24:58,937 INFO [4/6] 639344375 (audio)
2026-10-07 11:24:58,945 INFO [5/6] 639346135 (audio)
2026-10-07 11:24:58,954 INFO [6/6] 639347909 (audio)
2026-10-07 11:24:58,964 INFO == Curso: Beginner Course 22 Throw-In & False Eye  -> Beginner Course 22 Throw-In & False Eye  (2 videos de clips, 3 sobrantes omitidos)
2026-10-07 11:24:58,965 INFO [1/2] 720670375 (audio)
2026-10-07 11:24:58,974 INFO [2/2] 720673697 (audio)
2026-10-07 11:24:58,985 INFO == Curso: Choose The Correct Jeong-Seock!  -> Choose The Correct Jeong-Seock!  (3 videos de clips, 4 sobrantes omitidos)
2026-10-07 11:24:58,985 INFO [1/3] 758218072 (audio)
2026-10-07 11:24:58,994 INFO [2/3] 758220694 (audio)
2026-10-07 11:24:59,003 INFO [3/3] 758222464 (audio)
2026-10-07 11:24:59,014 INFO == Curso: Professional's Marvelous Sabaki Or Living  -> Professional's Marvelous Sabaki Or Living  (2 videos de clips, 2 sobrantes omitidos)
2026-10-07 11:24:59,014 INFO [1/2] 980650087 (audio)
2026-10-07 11:24:59,023 INFO [2/2] 980654759 (audio)
2026-10-07 11:24:59,034 INFO == Curso: Cross Cut  -> Cross Cut  (3 videos de clips, 8 sobrantes omitidos)
2026-10-07 11:24:59,035 INFO [1/3] 691316272 (audio)
2026-10-07 11:24:59,044 INFO [2/3] 691319412 (audio)
2026-10-07 11:24:59,052 INFO [3/3] 691322286 (audio)
2026-10-07 11:24:59,063 INFO == Curso: Studying Endgame  -> Studying Endgame  (3 videos de clips, 6 sobrantes omitidos)
2026-10-07 11:24:59,064 INFO [1/3] 1156220153 (audio)
2026-10-07 11:24:59,073 INFO [2/3] 1156223323 (audio)
2026-10-07 11:24:59,082 INFO [3/3] 1156226120 (audio)
2026-10-07 11:24:59,093 INFO == Curso: Trick joseki?  -> Trick joseki_  (4 videos de clips)
2026-10-07 11:24:59,093 INFO [1/4] 1118085973 (audio)
2026-10-07 11:24:59,103 INFO [2/4] 1118086709 (audio)
2026-10-07 11:24:59,112 INFO [3/4] 1118087679 (audio)
2026-10-07 11:24:59,121 INFO [4/4] 1118089024 (audio)
2026-10-07 11:24:59,131 INFO == Curso: Loose Ladder  -> Loose Ladder  (3 videos de clips, 16 sobrantes omitidos)
2026-10-07 11:24:59,132 INFO [1/3] 732693825 (audio)
2026-10-07 11:24:59,141 INFO [2/3] 732697414 (audio)
2026-10-07 11:24:59,149 INFO [3/3] 732698126 (audio)
2026-10-07 11:24:59,160 INFO == Curso: Old Joseki  -> Old Joseki  (4 videos de clips, 6 sobrantes omitidos)
2026-10-07 11:24:59,160 INFO [1/4] 1173255617 (audio)
2026-10-07 11:24:59,168 INFO [2/4] 1173257636 (audio)
2026-10-07 11:24:59,177 INFO [3/4] 1173259871 (audio)
2026-10-07 11:24:59,185 INFO [4/4] 1173261449 (audio)
2026-10-07 11:24:59,196 INFO == Curso: A rare mild trick move  -> A rare mild trick move  (3 videos de clips, 6 sobrantes omitidos)
2026-10-07 11:24:59,196 INFO [1/3] 1033276208 (audio)
2026-10-07 11:24:59,206 INFO [2/3] 1033277168 (audio)
2026-10-07 11:24:59,216 INFO [3/3] 1033278862 (audio)
2026-10-07 11:24:59,226 INFO == Curso: If it was your game 1  -> If it was your game 1  (4 videos de clips, 2 sobrantes omitidos)
2026-10-07 11:24:59,227 INFO [1/4] 823423830 (audio)
2026-10-07 11:24:59,236 INFO [2/4] 823425540 (audio)
2026-10-07 11:24:59,245 INFO [3/4] 823426704 (audio)
2026-10-07 11:24:59,254 INFO [4/4] 823429234 (audio)
2026-10-07 11:24:59,265 INFO == Curso: The Easiest Way to Reduce   -> The Easiest Way to Reduce  (5 videos de clips, 10 sobrantes omitidos)
2026-10-07 11:24:59,266 INFO [1/5] 676546306 (audio)
2026-10-07 11:24:59,275 INFO [2/5] 676547706 (audio)
2026-10-07 11:24:59,283 INFO [3/5] 676548566 (audio)
2026-10-07 11:24:59,292 INFO [4/5] 676549232 (audio)
2026-10-07 11:24:59,301 INFO [5/5] 676550283 (audio)
2026-10-07 11:24:59,323 INFO == Curso: Know the Key Points of Attack, Make Attacking Easy  -> Know the Key Points of Attack, Make Attacking Easy  (2 videos de clips, 2 sobrantes omitidos)
2026-10-07 11:24:59,323 INFO [1/2] 1108984441 (audio)
2026-10-07 11:24:59,332 INFO [2/2] 1108985736 (audio)
2026-10-07 11:24:59,342 INFO == Curso: 이 영상 보시면 삼삼침입 100% 잡을 수 있습니다  -> 이 영상 보시면 삼삼침입 100% 잡을 수 있습니다  (2 videos de clips, 2 sobrantes omitidos)
2026-10-07 11:24:59,342 INFO [1/2] 1022132167 (audio)
2026-10-07 11:24:59,351 INFO [2/2] 1022135327 (audio)
2026-10-07 11:24:59,361 INFO == Curso: The Art of Sabaki  -> The Art of Sabaki  (3 videos de clips, 3 sobrantes omitidos)
2026-10-07 11:24:59,362 INFO [1/3] 1217102909 (audio)
2026-10-07 11:24:59,371 INFO [2/3] 1217104879 (audio)
2026-10-07 11:24:59,380 INFO [3/3] 1217106844 (audio)
2026-10-07 11:24:59,390 INFO == Curso: Dealing with Overplays: How to Punish Mistakes  -> Dealing with Overplays_ How to Punish Mistakes  (3 videos de clips)
2026-10-07 11:24:59,391 INFO [1/3] 1158757073 (audio)
2026-10-07 11:24:59,399 INFO [2/3] 1158757277 (audio)
2026-10-07 11:24:59,411 INFO [3/3] 1158757172 (audio)
2026-10-07 11:24:59,422 INFO == Curso: Those Moves Appear In Every Game 3  - Large Knight's Move   -> Those Moves Appear In Every Game 3 - Large Knight's Move  (1 videos de clips, 1 sobrantes omitidos)
2026-10-07 11:24:59,422 INFO [1/1] 565195066 (audio)
2026-10-07 11:24:59,433 INFO == Curso: Repeated Mistakes  -> Repeated Mistakes  (3 videos de clips, 7 sobrantes omitidos)
2026-10-07 11:24:59,434 INFO [1/3] 746092514 (audio)
2026-10-07 11:24:59,443 INFO [2/3] 746094511 (audio)
2026-10-07 11:24:59,452 INFO [3/3] 746095534 (audio)
2026-10-07 11:24:59,463 INFO == Curso: Nongsim Cup Review Iyamayuta vs Shin-Minjun  -> Nongsim Cup Review Iyamayuta vs Shin-Minjun  (4 videos de clips, 9 sobrantes omitidos)
2026-10-07 11:24:59,463 INFO [1/4] 651957380 (audio)
2026-10-07 11:24:59,472 INFO [2/4] 651963296 (audio)
2026-10-07 11:24:59,481 INFO [3/4] 651965787 (audio)
2026-10-07 11:24:59,489 INFO [4/4] 651968284 (audio)
2026-10-07 11:24:59,501 INFO == Curso: The Only Invasion Patterns You Need to Know  -> The Only Invasion Patterns You Need to Know  (3 videos de clips, 2 sobrantes omitidos)
2026-10-07 11:24:59,501 INFO [1/3] 1128718600 (audio)
2026-10-07 11:24:59,511 INFO [2/3] 1128719281 (audio)
2026-10-07 11:24:59,520 INFO [3/3] 1128719589 (audio)
2026-10-07 11:24:59,531 INFO == Curso: Different value of extensions  -> Different value of extensions  (3 videos de clips, 9 sobrantes omitidos)
2026-10-07 11:24:59,531 INFO [1/3] 802664337 (audio)
2026-10-07 11:24:59,540 INFO [2/3] 802666352 (audio)
2026-10-07 11:24:59,549 INFO [3/3] 802670275 (audio)
2026-10-07 11:24:59,560 INFO == Curso: Am I Hikaru? - Hikaru VS Suyoung  -> Am I Hikaru_ - Hikaru VS Suyoung  (6 videos de clips, 9 sobrantes omitidos)
2026-10-07 11:24:59,560 INFO [1/6] 645534136 (audio)
2026-10-07 11:24:59,569 INFO [2/6] 645536066 (audio)
2026-10-07 11:24:59,578 INFO [3/6] 645536872 (audio)
2026-10-07 11:24:59,587 INFO [4/6] 645537488 (audio)
2026-10-07 11:24:59,596 INFO [5/6] 645539119 (audio)
2026-10-07 11:24:59,606 INFO [6/6] 645540357 (audio)
2026-10-07 11:24:59,616 INFO == Curso: Continuation  After An Invasion  -> Continuation After An Invasion  (3 videos de clips, 6 sobrantes omitidos)
2026-10-07 11:24:59,616 INFO [1/3] 1012085177 (audio)
2026-10-07 11:24:59,626 INFO [2/3] 1012088548 (audio)
2026-10-07 11:24:59,635 INFO [3/3] 1012090128 (audio)
2026-10-07 11:24:59,645 INFO == Curso: Tips for best 50 moves in the opening for 10kyu level 2  -> Tips for best 50 moves in the opening for 10kyu level 2  (4 videos de clips)
2026-10-07 11:24:59,646 INFO [1/4] 517500070 (audio)
2026-10-07 11:24:59,655 INFO [2/4] 517500067 (audio)
2026-10-07 11:24:59,664 INFO [3/4] 517500068 (audio)
2026-10-07 11:24:59,673 INFO [4/4] 517500069 (audio)
2026-10-07 11:24:59,684 INFO == Curso: Harass Your Opponent! - Use Aji 2  -> Harass Your Opponent! - Use Aji 2  (3 videos de clips, 2 sobrantes omitidos)
2026-10-07 11:24:59,685 INFO [1/3] 608963155 (audio)
2026-10-07 11:24:59,694 INFO [2/3] 608969744 (audio)
2026-10-07 11:24:59,703 INFO [3/3] 609229575 (audio)
2026-10-07 11:24:59,714 INFO == Curso: Trendy New Interesting Move  -> Trendy New Interesting Move  (3 videos de clips, 25 sobrantes omitidos)
2026-10-07 11:24:59,714 INFO [1/3] 659228789 (audio)
2026-10-07 11:24:59,724 INFO [2/3] 659232168 (audio)
2026-10-07 11:24:59,733 INFO [3/3] 659234683 (audio)
2026-10-07 11:24:59,746 INFO == Curso: Probing Moves and Responses by ProfessionalsㅣPark-Junghwan vs Guzihao  -> Probing Moves and Responses by ProfessionalsㅣPark-Junghwan vs Guzihao  (2 videos de clips, 1 sobrantes omitidos)
2026-10-07 11:24:59,747 INFO [1/2] 1044234153 (audio)
2026-10-07 11:24:59,756 INFO [2/2] 1044235479 (audio)
2026-10-07 11:24:59,767 INFO == Curso: Let`s study endgame-1  -> Let`s study endgame-1  (5 videos de clips, 2 sobrantes omitidos)
2026-10-07 11:24:59,767 INFO [1/5] 1151105106 (audio)
2026-10-07 11:24:59,778 INFO [2/5] 1151281598 (audio)
2026-10-07 11:24:59,787 INFO [3/5] 1151281697 (audio)
2026-10-07 11:24:59,797 INFO [4/5] 1151281837 (audio)
2026-10-07 11:24:59,806 INFO [5/5] 1151282602 (audio)
2026-10-07 11:24:59,819 INFO == Curso: How to play in the corner  -> How to play in the corner  (5 videos de clips, 2 sobrantes omitidos)
2026-10-07 11:24:59,819 INFO [1/5] 1166655097 (audio)
2026-10-07 11:24:59,830 INFO [2/5] 1166655540 (audio)
2026-10-07 11:24:59,839 INFO [3/5] 1166655723 (audio)
2026-10-07 11:24:59,849 INFO [4/5] 1166656936 (audio)
2026-10-07 11:24:59,860 INFO [5/5] 1166658836 (audio)
2026-10-07 11:24:59,871 INFO == Curso: Don't Miss This Vital Point!  -> Don't Miss This Vital Point!  (2 videos de clips, 9 sobrantes omitidos)
2026-10-07 11:24:59,871 INFO [1/2] 774972246 (audio)
2026-10-07 11:24:59,880 INFO [2/2] 774974725 (audio)
2026-10-07 11:24:59,893 INFO == Curso: The attachment tesuji  -> The attachment tesuji  (6 videos de clips, 1 sobrantes omitidos)
2026-10-07 11:24:59,893 INFO [1/6] 1211128356 (audio)
2026-10-07 11:24:59,903 INFO [2/6] 1211128613 (audio)
2026-10-07 11:24:59,913 INFO [3/6] 1211128721 (audio)
2026-10-07 11:24:59,924 INFO [4/6] 1211128884 (audio)
2026-10-07 11:24:59,934 INFO [5/6] 1211129033 (audio)
2026-10-07 11:24:59,945 INFO [6/6] 1211129197 (audio)
2026-10-07 11:24:59,955 INFO == Curso: Typical Mistakes 2 For DDK  -> Typical Mistakes 2 For DDK  (2 videos de clips, 2 sobrantes omitidos)
2026-10-07 11:24:59,955 INFO [1/2] 747265317 (audio)
2026-10-07 11:24:59,966 INFO [2/2] 747274340 (audio)
2026-10-07 11:24:59,978 INFO == Curso: 14th Chunlan Cup Final Game 1  -> 14th Chunlan Cup Final Game 1  (1 videos de clips)
2026-10-07 11:24:59,978 INFO [1/1] 850000703 (audio)
2026-10-07 11:24:59,990 INFO == Curso: Invisible Fight!  -> Invisible Fight!  (3 videos de clips, 2 sobrantes omitidos)
2026-10-07 11:24:59,990 INFO [1/3] 942908597 (audio)
2026-10-07 11:25:00,001 INFO [2/3] 942909609 (audio)
2026-10-07 11:25:00,011 INFO [3/3] 942909972 (audio)
2026-10-07 11:25:00,023 INFO == Curso: The Strongest AI - Golaxy VS TianGo  -> The Strongest AI - Golaxy VS TianGo  (4 videos de clips, 7 sobrantes omitidos)
2026-10-07 11:25:00,024 INFO [1/4] 655652938 (audio)
2026-10-07 11:25:00,033 INFO [2/4] 655655274 (audio)
2026-10-07 11:25:00,044 INFO [3/4] 655656432 (audio)
2026-10-07 11:25:00,059 INFO [4/4] 655657398 (audio)
2026-10-07 11:25:00,073 INFO == Curso: Good Shape vs Bad Shape 1  -> Good Shape vs Bad Shape 1  (3 videos de clips, 2 sobrantes omitidos)
2026-10-07 11:25:00,073 INFO [1/3] 759003879 (audio)
2026-10-07 11:25:00,085 INFO [2/3] 759009237 (audio)
2026-10-07 11:25:00,097 INFO [3/3] 759012569 (audio)
2026-10-07 11:25:00,109 INFO == Curso: Direction  -> Direction  (3 videos de clips, 7 sobrantes omitidos)
2026-10-07 11:25:00,109 INFO [1/3] 933551236 (audio)
2026-10-07 11:25:00,122 INFO [2/3] 933553886 (audio)
2026-10-07 11:25:00,131 INFO [3/3] 933758239 (audio)
2026-10-07 11:25:00,146 INFO == Curso: wedge  -> wedge  (3 videos de clips, 1 sobrantes omitidos)
2026-10-07 11:25:00,146 INFO [1/3] 1200993500 (audio)
2026-10-07 11:25:00,156 INFO [2/3] 1200994437 (audio)
2026-10-07 11:25:00,165 INFO [3/3] 1200994858 (audio)
2026-10-07 11:25:00,177 INFO == Curso: Magic Of Ko Smart Way To Do Ko  -> Magic Of Ko Smart Way To Do Ko  (2 videos de clips, 2 sobrantes omitidos)
2026-10-07 11:25:00,177 INFO [1/2] 899009779 (audio)
2026-10-07 11:25:00,187 INFO [2/2] 899010086 (audio)
2026-10-07 11:25:00,198 INFO == Curso: Where are my Ko threats?  -> Where are my Ko threats_  (3 videos de clips, 2 sobrantes omitidos)
2026-10-07 11:25:00,199 INFO [1/3] 901468639 (audio)
2026-10-07 11:25:00,210 INFO [2/3] 901471862 (audio)
2026-10-07 11:25:00,220 INFO [3/3] 901472777 (audio)
2026-10-07 11:25:00,233 INFO == Curso: Do Not Jump  -> Do Not Jump  (3 videos de clips, 4 sobrantes omitidos)
2026-10-07 11:25:00,233 INFO [1/3] 662556380 (audio)
2026-10-07 11:25:00,243 INFO [2/3] 662560190 (audio)
2026-10-07 11:25:00,252 INFO [3/3] 662563125 (audio)
2026-10-07 11:25:00,265 INFO == Curso: Important & Urgent Place - Look At The Whole Board!  -> Important & Urgent Place - Look At The Whole Board!  (3 videos de clips, 8 sobrantes omitidos)
2026-10-07 11:25:00,265 INFO [1/3] 760544791 (audio)
2026-10-07 11:25:00,276 INFO [2/3] 760547033 (audio)
2026-10-07 11:25:00,291 INFO [3/3] 760548592 (audio)
2026-10-07 11:25:00,305 INFO == Curso: Never lose Capturing Race 4 - Vital point  -> Never lose Capturing Race 4 - Vital point  (3 videos de clips)
2026-10-07 11:25:00,305 INFO [1/3] 541326978 (audio)
2026-10-07 11:25:00,315 INFO [2/3] 541326979 (audio)
2026-10-07 11:25:00,325 INFO [3/3] 541326977 (audio)
2026-10-07 11:25:00,341 INFO == Curso: How to Fix Your Shape  -> How to Fix Your Shape  (3 videos de clips, 5 sobrantes omitidos)
2026-10-07 11:25:00,341 INFO [1/3] 1186961005 (audio)
2026-10-07 11:25:00,351 INFO [2/3] 1186962307 (audio)
2026-10-07 11:25:00,360 INFO [3/3] 1186963395 (audio)
2026-10-07 11:25:00,374 INFO == Curso: Big Place VS Urgent Place  -> Big Place VS Urgent Place  (4 videos de clips, 7 sobrantes omitidos)
2026-10-07 11:25:00,374 INFO [1/4] 612461368 (audio)
2026-10-07 11:25:00,383 INFO [2/4] 612472090 (audio)
2026-10-07 11:25:00,394 INFO [3/4] 612479696 (audio)
2026-10-07 11:25:00,404 INFO [4/4] 612489872 (audio)
2026-10-07 11:25:00,420 INFO == Curso: Escaping Golden Rule   -> Escaping Golden Rule  (3 videos de clips, 2 sobrantes omitidos)
2026-10-07 11:25:00,421 INFO [1/3] 646830234 (audio)
2026-10-07 11:25:00,431 INFO [2/3] 646832558 (audio)
2026-10-07 11:25:00,440 INFO [3/3] 646835077 (audio)
2026-10-07 11:25:00,454 INFO == Curso: Using Sente to Connect, Capture, Escape In A Fight  -> Using Sente to Connect, Capture, Escape In A Fight  (4 videos de clips, 16 sobrantes omitidos)
2026-10-07 11:25:00,455 INFO [1/4] 687462940 (audio)
2026-10-07 11:25:00,465 INFO [2/4] 687465165 (audio)
2026-10-07 11:25:00,479 INFO [3/4] 687466647 (audio)
2026-10-07 11:25:00,489 INFO [4/4] 687467989 (audio)
2026-10-07 11:25:00,501 INFO == Curso: Fight on the side  -> Fight on the side  (3 videos de clips, 7 sobrantes omitidos)
2026-10-07 11:25:00,501 INFO [1/3] 1002342800 (audio)
2026-10-07 11:25:00,511 INFO [2/3] 1002343471 (audio)
2026-10-07 11:25:00,521 INFO [3/3] 1002344304 (audio)
2026-10-07 11:25:00,532 INFO == Curso: Two space pincer   -> Two space pincer  (4 videos de clips, 3 sobrantes omitidos)
2026-10-07 11:25:00,533 INFO [1/4] 1126800602 (audio)
2026-10-07 11:25:00,542 INFO [2/4] 1126801988 (audio)
2026-10-07 11:25:00,559 INFO [3/4] 1126802670 (audio)
2026-10-07 11:25:00,571 INFO [4/4] 1126804066 (audio)
2026-10-07 11:25:00,582 INFO == Curso: Beginner Course 8 Lines, Corner, Side, Center  -> Beginner Course 8 Lines, Corner, Side, Center  (3 videos de clips, 13 sobrantes omitidos)
2026-10-07 11:25:00,582 INFO [1/3] 689941535 (audio)
2026-10-07 11:25:00,594 INFO [2/3] 689942501 (audio)
2026-10-07 11:25:00,611 INFO [3/3] 689942844 (audio)
2026-10-07 11:25:00,622 INFO == Curso: Connection Skill 1  -> Connection Skill 1  (3 videos de clips, 2 sobrantes omitidos)
2026-10-07 11:25:00,623 INFO [1/3] 769428730 (audio)
2026-10-07 11:25:00,632 INFO [2/3] 769431027 (audio)
2026-10-07 11:25:00,642 INFO [3/3] 769433180 (audio)
2026-10-07 11:25:00,656 INFO == Curso: Typical Mistakes 3  -> Typical Mistakes 3  (3 videos de clips, 3 sobrantes omitidos)
2026-10-07 11:25:00,657 INFO [1/3] 796642456 (audio)
2026-10-07 11:25:00,667 INFO [2/3] 796644814 (audio)
2026-10-07 11:25:00,678 INFO [3/3] 796647455 (audio)
2026-10-07 11:25:00,692 INFO == Curso: Tenuki and play better place  -> Tenuki and play better place  (3 videos de clips)
2026-10-07 11:25:00,692 INFO [1/3] 999074818 (audio)
2026-10-07 11:25:00,709 INFO [2/3] 999075560 (audio)
2026-10-07 11:25:00,724 INFO [3/3] 999076487 (audio)
2026-10-07 11:25:00,738 INFO == Curso: Beginner Course 10 Review Of 9x9 Board Game.  -> Beginner Course 10 Review Of 9x9 Board Game  (2 videos de clips, 11 sobrantes omitidos)
2026-10-07 11:25:00,739 INFO [1/2] 689985533 (audio)
2026-10-07 11:25:00,749 INFO [2/2] 689987299 (audio)
2026-10-07 11:25:00,761 INFO == Curso: Endgame-Using Stone To Connect  -> Endgame-Using Stone To Connect  (4 videos de clips, 9 sobrantes omitidos)
2026-10-07 11:25:00,762 INFO [1/4] 709792117 (audio)
2026-10-07 11:25:00,774 INFO [2/4] 709793650 (audio)
2026-10-07 11:25:00,784 INFO [3/4] 709794235 (audio)
2026-10-07 11:25:00,795 INFO [4/4] 709795550 (audio)
2026-10-07 11:25:00,806 INFO == Curso: Can't Avoid This Trick Move  -> Can't Avoid This Trick Move  (2 videos de clips)
2026-10-07 11:25:00,806 INFO [1/2] 1031912478 (audio)
2026-10-07 11:25:00,815 INFO [2/2] 1031914021 (audio)
2026-10-07 11:25:00,829 INFO == Curso: Beginner Course 7 Completing Boundary & Endgame  -> Beginner Course 7 Completing Boundary & Endgame  (3 videos de clips, 10 sobrantes omitidos)
2026-10-07 11:25:00,830 INFO [1/3] 687405238 (audio)
2026-10-07 11:25:00,840 INFO [2/3] 687405807 (audio)
2026-10-07 11:25:00,854 INFO [3/3] 687449024 (audio)
2026-10-07 11:25:00,870 INFO == Curso: Beginner Course 18 Common Mistakes Top 3  -> Beginner Course 18 Common Mistakes Top 3  (4 videos de clips, 3 sobrantes omitidos)
2026-10-07 11:25:00,871 INFO [1/4] 708531152 (audio)
2026-10-07 11:25:00,881 INFO [2/4] 708532429 (audio)
2026-10-07 11:25:00,892 INFO [3/4] 708534147 (audio)
2026-10-07 11:25:00,903 INFO [4/4] 708535317 (audio)
2026-10-07 11:25:00,914 INFO == Curso: New course  -> New course [HAQWWQbxZApmALv6Kidz]  (1 videos de clips)
2026-10-07 11:25:00,915 INFO [1/1] 1072158957 (audio)
2026-10-07 11:25:00,928 INFO == Curso: Never play those moves!  -> Never play those moves!  (6 videos de clips)
2026-10-07 11:25:00,928 INFO [1/6] 543754609 (audio)
2026-10-07 11:25:00,937 INFO [2/6] 543754607 (audio)
2026-10-07 11:25:00,947 INFO [3/6] 543754608 (audio)
2026-10-07 11:25:00,959 INFO [4/6] 543754606 (audio)
2026-10-07 11:25:00,976 INFO [5/6] 544223407 (audio)
2026-10-07 11:25:00,985 INFO [6/6] 544223409 (audio)
2026-10-07 11:25:00,997 INFO == Curso: How To Break Through In Opponent's Area?  -> How To Break Through In Opponent's Area_  (4 videos de clips, 7 sobrantes omitidos)
2026-10-07 11:25:00,997 INFO [1/4] 599975588 (audio)
2026-10-07 11:25:01,007 INFO [2/4] 599981908 (audio)
2026-10-07 11:25:01,017 INFO [3/4] 599987273 (audio)
2026-10-07 11:25:01,033 INFO [4/4] 599992115 (audio)
2026-10-07 11:25:01,046 INFO == Curso: Tiger's Mouth Vital PointㅣBaduk Proverb  -> Tiger's Mouth Vital PointㅣBaduk Proverb  (3 videos de clips, 3 sobrantes omitidos)
2026-10-07 11:25:01,047 INFO [1/3] 787485806 (audio)
2026-10-07 11:25:01,058 INFO [2/3] 787487507 (audio)
2026-10-07 11:25:01,067 INFO [3/3] 787489043 (audio)
2026-10-07 11:25:01,079 INFO == Curso: Mastering The Ko Fight  -> Mastering The Ko Fight  (3 videos de clips, 14 sobrantes omitidos)
2026-10-07 11:25:01,079 INFO [1/3] 1137782558 (audio)
2026-10-07 11:25:01,090 INFO [2/3] 1137784658 (audio)
2026-10-07 11:25:01,107 INFO [3/3] 1137787457 (audio)
2026-10-07 11:25:01,121 INFO == Curso: Super Attachment Lecture  -> Super Attachment Lecture  (5 videos de clips, 6 sobrantes omitidos)
2026-10-07 11:25:01,122 INFO [1/5] 672610534 (audio)
2026-10-07 11:25:01,131 INFO [2/5] 672613855 (audio)
2026-10-07 11:25:01,143 INFO [3/5] 672615006 (audio)
2026-10-07 11:25:01,157 INFO [4/5] 672615518 (audio)
2026-10-07 11:25:01,167 INFO [5/5] 672616638 (audio)
2026-10-07 11:25:01,179 INFO == Curso: Removing the Base – A Key Technique in Attack  -> Removing the Base – A Key Technique in Attack  (2 videos de clips, 4 sobrantes omitidos)
2026-10-07 11:25:01,180 INFO [1/2] 1116645302 (audio)
2026-10-07 11:25:01,190 INFO [2/2] 1116646170 (audio)
2026-10-07 11:25:01,203 INFO == Curso: Beginner Course 25 Corner Pattern 2  -> Beginner Course 25 Corner Pattern 2  (2 videos de clips, 1 sobrantes omitidos)
2026-10-07 11:25:01,203 INFO [1/2] 727330177 (audio)
2026-10-07 11:25:01,214 INFO [2/2] 727331983 (audio)
2026-10-07 11:25:01,227 INFO == Curso: Playing In The Center  -> Playing In The Center  (3 videos de clips)
2026-10-07 11:25:01,227 INFO [1/3] 1163447226 (audio)
2026-10-07 11:25:01,237 INFO [2/3] 1163447138 (audio)
2026-10-07 11:25:01,247 INFO [3/3] 1163447044 (audio)
2026-10-07 11:25:01,259 INFO == Curso: Let's get to know about the Trend Jeongseok!!   -> Let's get to know about the Trend Jeongseok!!  (3 videos de clips, 6 sobrantes omitidos)
2026-10-07 11:25:01,259 INFO [1/3] 797529574 (audio)
2026-10-07 11:25:01,271 INFO [2/3] 797535382 (audio)
2026-10-07 11:25:01,283 INFO [3/3] 797537335 (audio)
2026-10-07 11:25:01,295 INFO == Curso: Ask before defense   -> Ask before defense  (3 videos de clips, 4 sobrantes omitidos)
2026-10-07 11:25:01,296 INFO [1/3] 1046616306 (audio)
2026-10-07 11:25:01,305 INFO [2/3] 1046616575 (audio)
2026-10-07 11:25:01,315 INFO [3/3] 1046617101 (audio)
2026-10-07 11:25:01,328 INFO == Curso: How to sabaki  -> How to sabaki  (3 videos de clips, 4 sobrantes omitidos)
2026-10-07 11:25:01,329 INFO [1/3] 979550386 (audio)
2026-10-07 11:25:01,341 INFO [2/3] 979551536 (audio)
2026-10-07 11:25:01,351 INFO [3/3] 979553268 (audio)
2026-10-07 11:25:01,363 INFO == Curso: New course  -> New course [IngyWEtvjSvS2lP2o6sY]  (4 videos de clips, 9 sobrantes omitidos)
2026-10-07 11:25:01,363 INFO [1/4] 857343521 (audio)
2026-10-07 11:25:04,938 WARNING 857343521 [audio] intento 1/3 fallo: ERROR: [vimeo] 857343521: Requested format is not available. Use --list-formats for a list of available formats
2026-10-07 11:25:09,946 WARNING 857343521 [audio] intento 2/3 fallo: ERROR: [vimeo] 857343521: Requested format is not available. Use --list-formats for a list of available formats
2026-10-07 11:25:17,883 WARNING 857343521 [audio] intento 3/3 fallo: ERROR: [vimeo] 857343521: Requested format is not available. Use --list-formats for a list of available formats
2026-10-07 11:25:23,884 ERROR 857343521 [audio] FALLO: ERROR: [vimeo] 857343521: Requested format is not available. Use --list-formats for a list of available formats
2026-10-07 11:25:24,908 INFO [2/4] 857345262 (audio)
2026-10-07 11:25:28,866 WARNING 857345262 [audio] intento 1/3 fallo: ERROR: [vimeo] 857345262: Requested format is not available. Use --list-formats for a list of available formats
2026-10-07 11:25:33,776 WARNING 857345262 [audio] intento 2/3 fallo: ERROR: [vimeo] 857345262: Requested format is not available. Use --list-formats for a list of available formats
2026-10-07 11:25:40,928 WARNING 857345262 [audio] intento 3/3 fallo: ERROR: [vimeo] 857345262: Requested format is not available. Use --list-formats for a list of available formats
2026-10-07 11:25:46,929 ERROR 857345262 [audio] FALLO: ERROR: [vimeo] 857345262: Requested format is not available. Use --list-formats for a list of available formats
2026-10-07 11:25:47,951 INFO [3/4] 857345476 (audio)
2026-10-07 11:25:51,721 WARNING 857345476 [audio] intento 1/3 fallo: ERROR: [vimeo] 857345476: Requested format is not available. Use --list-formats for a list of available formats
2026-10-07 11:25:57,145 WARNING 857345476 [audio] intento 2/3 fallo: ERROR: [vimeo] 857345476: Requested format is not available. Use --list-formats for a list of available formats
2026-10-07 11:26:05,163 WARNING 857345476 [audio] intento 3/3 fallo: ERROR: [vimeo] 857345476: Requested format is not available. Use --list-formats for a list of available formats
2026-10-07 11:26:11,171 ERROR 857345476 [audio] FALLO: ERROR: [vimeo] 857345476: Requested format is not available. Use --list-formats for a list of available formats
2026-10-07 11:26:12,183 INFO [4/4] 857345416 (audio)
2026-10-07 11:26:16,267 WARNING 857345416 [audio] intento 1/3 fallo: ERROR: [vimeo] 857345416: Requested format is not available. Use --list-formats for a list of available formats
2026-10-07 11:26:21,150 WARNING 857345416 [audio] intento 2/3 fallo: ERROR: [vimeo] 857345416: Requested format is not available. Use --list-formats for a list of available formats
2026-10-07 11:26:28,793 WARNING 857345416 [audio] intento 3/3 fallo: ERROR: [vimeo] 857345416: Requested format is not available. Use --list-formats for a list of available formats
2026-10-07 11:26:34,794 ERROR 857345416 [audio] FALLO: ERROR: [vimeo] 857345416: Requested format is not available. Use --list-formats for a list of available formats
2026-10-07 11:26:35,813 INFO == Curso: After Jeong-Seock 4 - 4.4 point  -> After Jeong-Seock 4 - 4.4 point  (2 videos de clips)
2026-10-07 11:26:35,813 INFO [1/2] 524313656 (audio)
2026-10-07 11:26:35,825 INFO [2/2] 524313655 (audio)
2026-10-07 11:26:35,841 INFO == Curso: Good choice in the Opening  -> Good choice in the Opening  (4 videos de clips, 13 sobrantes omitidos)
2026-10-07 11:26:35,841 INFO [1/4] 825619443 (audio)
2026-10-07 11:26:35,854 INFO [2/4] 825623694 (audio)
2026-10-07 11:26:35,863 INFO [3/4] 825625372 (audio)
2026-10-07 11:26:35,875 INFO [4/4] 825626570 (audio)
2026-10-07 11:26:35,889 INFO == Curso: Escaping Techniques  -> Escaping Techniques  (3 videos de clips, 8 sobrantes omitidos)
2026-10-07 11:26:35,889 INFO [1/3] 897670794 (audio)
2026-10-07 11:26:35,902 INFO [2/3] 897671343 (audio)
2026-10-07 11:26:35,915 INFO [3/3] 897671969 (audio)
2026-10-07 11:26:35,928 INFO == Curso: Choosing the perfect Jeong-Seock 2  -> Choosing the perfect Jeong-Seock 2  (7 videos de clips)
2026-10-07 11:26:35,928 INFO [1/7] 524318188 (audio)
2026-10-07 11:26:35,942 INFO [2/7] 524318191 (audio)
2026-10-07 11:26:35,956 INFO [3/7] 524318189 (audio)
2026-10-07 11:26:35,969 INFO [4/7] 524318194 (audio)
2026-10-07 11:26:35,979 INFO [5/7] 524318190 (audio)
2026-10-07 11:26:35,991 INFO [6/7] 524318187 (audio)
2026-10-07 11:26:36,004 INFO [7/7] 524318186 (audio)
2026-10-07 11:26:36,016 INFO == Curso: Useful Endgame - Attachment  -> Useful Endgame - Attachment  (3 videos de clips, 6 sobrantes omitidos)
2026-10-07 11:26:36,017 INFO [1/3] 872885157 (audio)
2026-10-07 11:26:36,026 INFO [2/3] 872887050 (audio)
2026-10-07 11:26:36,036 INFO [3/3] 872889633 (audio)
2026-10-07 11:26:36,047 INFO == Curso: Tips For Finding Better Space  -> Tips For Finding Better Space  (4 videos de clips, 3 sobrantes omitidos)
2026-10-07 11:26:36,047 INFO [1/4] 778842755 (audio)
2026-10-07 11:26:36,061 INFO [2/4] 778845554 (audio)
2026-10-07 11:26:36,070 INFO [3/4] 778846679 (audio)
2026-10-07 11:26:36,080 INFO [4/4] 778848268 (audio)
2026-10-07 11:26:36,091 INFO == Curso: Capturing Race 2   -> Capturing Race 2  (2 videos de clips)
2026-10-07 11:26:36,091 INFO [1/2] 783253462 (audio)
2026-10-07 11:26:36,102 INFO [2/2] 783255421 (audio)
2026-10-07 11:26:36,118 INFO == Curso: Why Not Cut!   -> Why Not Cut!  (4 videos de clips, 7 sobrantes omitidos)
2026-10-07 11:26:36,118 INFO [1/4] 682196348 (audio)
2026-10-07 11:26:36,128 INFO [2/4] 682198194 (audio)
2026-10-07 11:26:36,138 INFO [3/4] 682199082 (audio)
2026-10-07 11:26:36,147 INFO [4/4] 682200765 (audio)
2026-10-07 11:26:36,162 INFO == Curso: Pull Up the Roots: Attacking The Base   -> Pull Up the Roots_ Attacking The Base  (6 videos de clips, 4 sobrantes omitidos)
2026-10-07 11:26:36,162 INFO [1/6] 1231249778 (audio)
2026-10-07 11:26:36,173 INFO [2/6] 1231251027 (audio)
2026-10-07 11:26:36,183 INFO [3/6] 1231251725 (audio)
2026-10-07 11:26:36,195 INFO [4/6] 1231252338 (audio)
2026-10-07 11:26:36,206 INFO [5/6] 1231252947 (audio)
2026-10-07 11:26:36,215 INFO [6/6] 1231253540 (audio)
2026-10-07 11:26:36,227 INFO == Curso: Wang Xinghao 9 dan won the 5th Nie Weiping Cup  -> Wang Xinghao 9 dan won the 5th Nie Weiping Cup  (1 videos de clips, 13 sobrantes omitidos)
2026-10-07 11:26:36,227 INFO [1/1] 875998248 (audio)
2026-10-07 11:26:36,239 INFO == Curso: Capturing Race 3 Tips  -> Capturing Race 3 Tips  (4 videos de clips, 1 sobrantes omitidos)
2026-10-07 11:26:36,239 INFO [1/4] 740227256 (audio)
2026-10-07 11:26:36,248 INFO [2/4] 740228770 (audio)
2026-10-07 11:26:36,264 INFO [3/4] 740229767 (audio)
2026-10-07 11:26:36,274 INFO [4/4] 740230911 (audio)
2026-10-07 11:26:36,284 INFO == Curso: Unbelievable losing moves  -> Unbelievable losing moves  (3 videos de clips, 1 sobrantes omitidos)
2026-10-07 11:26:36,285 INFO [1/3] 1085830494 (audio)
2026-10-07 11:26:36,296 INFO [2/3] 1085832609 (audio)
2026-10-07 11:26:36,307 INFO [3/3] 1085834238 (audio)
2026-10-07 11:26:36,319 INFO == Curso: Those Moves Appear In Every Game 4 -  Knight's Move Or Large Knight's Move  -> Those Moves Appear In Every Game 4 - Knight's Move Or Large Knight's Move  (2 videos de clips)
2026-10-07 11:26:36,319 INFO [1/2] 565007523 (audio)
2026-10-07 11:26:36,327 INFO [2/2] 565195167 (audio)
2026-10-07 11:26:36,345 INFO == Curso: Easy&Wise  Split  -> Easy&Wise Split  (4 videos de clips, 5 sobrantes omitidos)
2026-10-07 11:26:36,346 INFO [1/4] 726255364 (audio)
2026-10-07 11:26:36,357 INFO [2/4] 726256492 (audio)
2026-10-07 11:26:36,366 INFO [3/4] 726258438 (audio)
2026-10-07 11:26:36,386 INFO [4/4] 726259130 (audio)
2026-10-07 11:26:36,397 INFO == Curso: Gaining 20 Points In Endgame  -> Gaining 20 Points In Endgame  (3 videos de clips, 6 sobrantes omitidos)
2026-10-07 11:26:36,397 INFO [1/3] 578756576 (audio)
2026-10-07 11:26:36,411 INFO [2/3] 578759510 (audio)
2026-10-07 11:26:36,421 INFO [3/3] 578761143 (audio)
2026-10-07 11:26:36,432 INFO == Curso: Endgame In The Actual Game 2  -> Endgame In The Actual Game 2  (3 videos de clips, 1 sobrantes omitidos)
2026-10-07 11:26:36,433 INFO [1/3] 870021283 (audio)
2026-10-07 11:26:36,452 INFO [2/3] 870021759 (audio)
2026-10-07 11:26:36,467 INFO [3/3] 870022053 (audio)
2026-10-07 11:26:36,489 INFO == Curso: 가장 많이 나오는 유단자 문제 - 이렇게 쉬웠어?  -> 가장 많이 나오는 유단자 문제 - 이렇게 쉬웠어_  (4 videos de clips, 25 sobrantes omitidos)
2026-10-07 11:26:36,490 INFO [1/4] 988975359 (audio)
2026-10-07 11:26:36,506 INFO [2/4] 988984443 (audio)
2026-10-07 11:26:36,515 INFO [3/4] 988987264 (audio)
2026-10-07 11:26:36,525 INFO [4/4] 988990286 (audio)
2026-10-07 11:26:36,546 INFO == Curso: Don't Invade Here   -> Don't Invade Here  (2 videos de clips, 1 sobrantes omitidos)
2026-10-07 11:26:36,546 INFO [1/2] 781127733 (audio)
2026-10-07 11:26:36,560 INFO [2/2] 781130018 (audio)
2026-10-07 11:26:36,573 INFO == Curso: My Typical Mistakes 2   -> My Typical Mistakes 2  (7 videos de clips, 18 sobrantes omitidos)
2026-10-07 11:26:36,573 INFO [1/7] 614495584 (audio)
2026-10-07 11:26:36,584 INFO [2/7] 614519179 (audio)
2026-10-07 11:26:36,593 INFO [3/7] 614521257 (audio)
2026-10-07 11:26:36,604 INFO [4/7] 614523261 (audio)
2026-10-07 11:26:36,621 INFO [5/7] 614524668 (audio)
2026-10-07 11:26:36,630 INFO [6/7] 614528886 (audio)
2026-10-07 11:26:36,643 INFO [7/7] 614533545 (audio)
2026-10-07 11:26:36,657 INFO == Curso: Beginner Course 14 Capturing Race  -> Beginner Course 14 Capturing Race  (4 videos de clips, 4 sobrantes omitidos)
2026-10-07 11:26:36,657 INFO [1/4] 696014231 (audio)
2026-10-07 11:26:36,670 INFO [2/4] 696021062 (audio)
2026-10-07 11:26:36,679 INFO [3/4] 696025736 (audio)
2026-10-07 11:26:36,693 INFO [4/4] 696027311 (audio)
2026-10-07 11:26:36,705 INFO == Curso: The hidden truth of Jeong-Seock 4  -> The hidden truth of Jeong-Seock 4  (5 videos de clips)
2026-10-07 11:26:36,706 INFO [1/5] 523812887 (audio)
2026-10-07 11:26:36,716 INFO [2/5] 523812886 (audio)
2026-10-07 11:26:36,730 INFO [3/5] 523812885 (audio)
2026-10-07 11:26:36,744 INFO [4/5] 523812889 (audio)
2026-10-07 11:26:36,757 INFO [5/5] 523812888 (audio)
2026-10-07 11:26:36,770 INFO == Curso: Attacking Two Space Extension  -> Attacking Two Space Extension  (3 videos de clips, 5 sobrantes omitidos)
2026-10-07 11:26:36,771 INFO [1/3] 566440805 (audio)
2026-10-07 11:26:36,782 INFO [2/3] 566444918 (audio)
2026-10-07 11:26:36,792 INFO [3/3] 566449617 (audio)
2026-10-07 11:26:36,803 INFO == Curso: Knowing The Variations After Jeong-Seok Levels Up Your Game  -> Knowing The Variations After Jeong-Seok Levels Up Your Game  (2 videos de clips, 1 sobrantes omitidos)
2026-10-07 11:26:36,804 INFO [1/2] 1052669232 (audio)
2026-10-07 11:26:36,813 INFO [2/2] 1052669746 (audio)
2026-10-07 11:26:36,843 INFO == Curso: 여기는 두지 마세요!ㅣ실전에 자주 나오는 실수  -> 여기는 두지 마세요!ㅣ실전에 자주 나오는 실수  (2 videos de clips, 2 sobrantes omitidos)
2026-10-07 11:26:36,843 INFO [1/2] 1003181591 (audio)
2026-10-07 11:26:36,855 INFO [2/2] 1003183086 (audio)
2026-10-07 11:26:36,868 INFO == Curso: Is This Stone Important? - Useless Stones  -> Is This Stone Important_ - Useless Stones  (5 videos de clips, 10 sobrantes omitidos)
2026-10-07 11:26:36,868 INFO [1/5] 692533757 (audio)
2026-10-07 11:26:36,878 INFO [2/5] 692534356 (audio)
2026-10-07 11:26:36,888 INFO [3/5] 692535570 (audio)
2026-10-07 11:26:36,898 INFO [4/5] 692536522 (audio)
2026-10-07 11:26:36,909 INFO [5/5] 692537279 (audio)
2026-10-07 11:26:36,926 INFO == Curso: Magic of the corner 4  -> Magic of the corner 4  (2 videos de clips)
2026-10-07 11:26:36,926 INFO [1/2] 524302117 (audio)
2026-10-07 11:26:36,939 INFO [2/2] 524302113 (audio)
2026-10-07 11:26:36,953 INFO == Curso: When & How To Count Territory?  -> When & How To Count Territory_  (4 videos de clips, 14 sobrantes omitidos)
2026-10-07 11:26:36,954 INFO [1/4] 730551978 (audio)
2026-10-07 11:26:36,967 INFO [2/4] 730552646 (audio)
2026-10-07 11:26:36,977 INFO [3/4] 730553509 (audio)
2026-10-07 11:26:36,988 INFO [4/4] 730554610 (audio)
2026-10-07 11:26:37,001 INFO == Curso: Mistake!  -> Mistake!  (3 videos de clips, 1 sobrantes omitidos)
2026-10-07 11:26:37,001 INFO [1/3] 956542621 (audio)
2026-10-07 11:26:37,011 INFO [2/3] 956545414 (audio)
2026-10-07 11:26:37,024 INFO [3/3] 956550016 (audio)
2026-10-07 11:26:37,039 INFO == Curso: How To Avoid Empty Triangle?   -> How To Avoid Empty Triangle_  (4 videos de clips, 12 sobrantes omitidos)
2026-10-07 11:26:37,040 INFO [1/4] 657408271 (audio)
2026-10-07 11:26:37,049 INFO [2/4] 657411826 (audio)
2026-10-07 11:26:37,059 INFO [3/4] 657413735 (audio)
2026-10-07 11:26:37,070 INFO [4/4] 657417112 (audio)
2026-10-07 11:26:37,081 INFO == Curso: Haengma Skills for Escaping Dangerous Situations  -> Haengma Skills for Escaping Dangerous Situations  (2 videos de clips, 1 sobrantes omitidos)
2026-10-07 11:26:37,081 INFO [1/2] 1075325669 (audio)
2026-10-07 11:26:37,091 INFO [2/2] 1075327892 (audio)
2026-10-07 11:26:37,103 INFO == Curso: Confuse Your Opponents With This Invasion!  -> Confuse Your Opponents With This Invasion!  (4 videos de clips, 38 sobrantes omitidos)
2026-10-07 11:26:37,104 INFO [1/4] 683713557 (audio)
2026-10-07 11:26:37,120 INFO [2/4] 683715407 (audio)
2026-10-07 11:26:37,128 INFO [3/4] 683717688 (audio)
2026-10-07 11:26:37,143 INFO [4/4] 683720097 (audio)
2026-10-07 11:26:37,160 INFO == Curso: How To Punish Overplay Moves?  -> How To Punish Overplay Moves_  (3 videos de clips, 4 sobrantes omitidos)
2026-10-07 11:26:37,160 INFO [1/3] 895859490 (audio)
2026-10-07 11:26:37,169 INFO [2/3] 895860244 (audio)
2026-10-07 11:26:37,179 INFO [3/3] 895861391 (audio)
2026-10-07 11:26:37,190 INFO == Curso: Opening  -> Opening  (3 videos de clips, 4 sobrantes omitidos)
2026-10-07 11:26:37,191 INFO [1/3] 1067948591 (audio)
2026-10-07 11:26:37,199 INFO [2/3] 1067952219 (audio)
2026-10-07 11:26:37,209 INFO [3/3] 1067953283 (audio)
2026-10-07 11:26:37,225 INFO == Curso:  5 Sacrifice Techniques  -> 5 Sacrifice Techniques  (6 videos de clips, 15 sobrantes omitidos)
2026-10-07 11:26:37,226 INFO [1/6] 619702984 (audio)
2026-10-07 11:26:37,235 INFO [2/6] 619709294 (audio)
2026-10-07 11:26:37,252 INFO [3/6] 619717368 (audio)
2026-10-07 11:26:37,277 INFO [4/6] 619721413 (audio)
2026-10-07 11:26:37,299 INFO [5/6] 619725644 (audio)
2026-10-07 11:26:37,310 INFO [6/6] 619731500 (audio)
2026-10-07 11:26:37,329 INFO == Curso: Which direction should I go? 4 - Important place  -> Which direction should I go_ 4 - Important place  (2 videos de clips)
2026-10-07 11:26:37,330 INFO [1/2] 559391987 (audio)
2026-10-07 11:26:37,344 INFO [2/2] 559391973 (audio)
2026-10-07 11:26:37,357 INFO == Curso: Beginner Course 20 Life & Death   -> Beginner Course 20 Life & Death  (4 videos de clips, 10 sobrantes omitidos)
2026-10-07 11:26:37,357 INFO [1/4] 713123558 (audio)
2026-10-07 11:26:37,369 INFO [2/4] 713125201 (audio)
2026-10-07 11:26:37,378 INFO [3/4] 713126058 (audio)
2026-10-07 11:26:37,389 INFO [4/4] 713142341 (audio)
2026-10-07 11:26:37,401 INFO == Curso: Let's master 3-3 invasion during Jeong-seok 3  -> Let's master 3-3 invasion during Jeong-seok 3  (1 videos de clips)
2026-10-07 11:26:37,402 INFO [1/1] 520276397 (audio)
2026-10-07 11:26:37,417 INFO == Curso: Get Out Of Attack - Break Out  -> Get Out Of Attack - Break Out  (3 videos de clips, 13 sobrantes omitidos)
2026-10-07 11:26:37,417 INFO [1/3] 684962217 (audio)
2026-10-07 11:26:37,426 INFO [2/3] 684964655 (audio)
2026-10-07 11:26:37,438 INFO [3/3] 684967168 (audio)
2026-10-07 11:26:37,454 INFO == Curso: Studying Endgame - Proper Monkey Jumps  -> Studying Endgame - Proper Monkey Jumps  (3 videos de clips, 3 sobrantes omitidos)
2026-10-07 11:26:37,455 INFO [1/3] 877143123 (audio)
2026-10-07 11:26:37,474 INFO [2/3] 877146066 (audio)
2026-10-07 11:26:37,493 INFO [3/3] 877148093 (audio)
2026-10-07 11:26:37,505 INFO == Curso: Trick move!   -> Trick move!  (3 videos de clips, 4 sobrantes omitidos)
2026-10-07 11:26:37,506 INFO [1/3] 1029210915 (audio)
2026-10-07 11:26:37,514 INFO [2/3] 1029211799 (audio)
2026-10-07 11:26:37,525 INFO [3/3] 1029212641 (audio)
2026-10-07 11:26:37,541 INFO == Curso: Why did this Joseki vanish?  -> Why did this Joseki vanish_  (3 videos de clips, 4 sobrantes omitidos)
2026-10-07 11:26:37,541 INFO [1/3] 1120853764 (audio)
2026-10-07 11:26:37,550 INFO [2/3] 1120856550 (audio)
2026-10-07 11:26:37,559 INFO [3/3] 1120858832 (audio)
2026-10-07 11:26:37,570 INFO == Curso: Invasion Or Reduction?  -> Invasion Or Reduction_  (2 videos de clips, 1 sobrantes omitidos)
2026-10-07 11:26:37,570 INFO [1/2] 919586626 (audio)
2026-10-07 11:26:37,579 INFO [2/2] 919589666 (audio)
2026-10-07 11:26:37,595 INFO == Curso: How do you escape?  -> How do you escape_  (3 videos de clips, 2 sobrantes omitidos)
2026-10-07 11:26:37,595 INFO [1/3] 891227603 (audio)
2026-10-07 11:26:37,605 INFO [2/3] 891229233 (audio)
2026-10-07 11:26:37,614 INFO [3/3] 891231507 (audio)
2026-10-07 11:26:37,633 INFO == Curso: Side Invasion And Fight  -> Side Invasion And Fight  (2 videos de clips)
2026-10-07 11:26:37,633 INFO [1/2] 1009845708 (audio)
2026-10-07 11:26:37,645 INFO [2/2] 1009846685 (audio)
2026-10-07 11:26:37,660 INFO == Curso: Never lose Capturing Race 3 - Cut,Extend,Throw in   -> Never lose Capturing Race 3 - Cut,Extend,Throw in  (3 videos de clips)
2026-10-07 11:26:37,660 INFO [1/3] 541046838 (audio)
2026-10-07 11:26:37,670 INFO [2/3] 541046836 (audio)
2026-10-07 11:26:37,680 INFO [3/3] 541046837 (audio)
2026-10-07 11:26:37,693 INFO == Curso: Strange Invasion - Don't get tricked!  -> Strange Invasion - Don't get tricked!  (5 videos de clips, 12 sobrantes omitidos)
2026-10-07 11:26:37,694 INFO [1/5] 843778648 (audio)
2026-10-07 11:26:37,711 INFO [2/5] 843780033 (audio)
2026-10-07 11:26:37,721 INFO [3/5] 843781815 (audio)
2026-10-07 11:26:37,731 INFO [4/5] 843782680 (audio)
2026-10-07 11:26:37,741 INFO [5/5] 843782810 (audio)
2026-10-07 11:26:37,752 INFO == Curso: Beginner Course 24 Corner Pattern 1  -> Beginner Course 24 Corner Pattern 1  (3 videos de clips, 3 sobrantes omitidos)
2026-10-07 11:26:37,753 INFO [1/3] 725240843 (audio)
2026-10-07 11:26:37,761 INFO [2/3] 725244609 (audio)
2026-10-07 11:26:37,772 INFO [3/3] 725246224 (audio)
2026-10-07 11:26:37,783 INFO == Curso: Ko Threat, Respond or Ignore?  -> Ko Threat, Respond or Ignore_  (3 videos de clips, 12 sobrantes omitidos)
2026-10-07 11:26:37,783 INFO [1/3] 905103306 (audio)
2026-10-07 11:26:37,792 INFO [2/3] 905107047 (audio)
2026-10-07 11:26:37,804 INFO [3/3] 905202307 (audio)
2026-10-07 11:26:37,822 INFO == Curso: Harass Your Opponent! - Take a Base 1 - 2  -> Harass Your Opponent! - Take a Base 1 - 2  (5 videos de clips, 11 sobrantes omitidos)
2026-10-07 11:26:37,822 INFO [1/5] 608939387 (audio)
2026-10-07 11:26:37,834 INFO [2/5] 608946107 (audio)
2026-10-07 11:26:37,846 INFO [3/5] 608949903 (audio)
2026-10-07 11:26:37,863 INFO [4/5] 608952516 (audio)
2026-10-07 11:26:37,876 INFO [5/5] 608957122 (audio)
2026-10-07 11:26:37,891 INFO == Curso: Beginner Course 5 Life & Death  -> Beginner Course 5 Life & Death  (3 videos de clips, 4 sobrantes omitidos)
2026-10-07 11:26:37,891 INFO [1/3] 686671340 (audio)
2026-10-07 11:26:37,902 INFO [2/3] 686672818 (audio)
2026-10-07 11:26:37,911 INFO [3/3] 686676450 (audio)
2026-10-07 11:26:37,930 INFO == Curso: Territory VS Influence Cho-SeongA vs Wang-Chenxing  -> Territory VS Influence Cho-SeongA vs Wang-Chenxing  (5 videos de clips, 7 sobrantes omitidos)
2026-10-07 11:26:37,930 INFO [1/5] 776566259 (audio)
2026-10-07 11:26:37,950 INFO [2/5] 776569943 (audio)
2026-10-07 11:26:37,972 INFO [3/5] 776571479 (audio)
2026-10-07 11:26:37,984 INFO [4/5] 776573331 (audio)
2026-10-07 11:26:38,000 INFO [5/5] 776575106 (audio)
2026-10-07 11:26:38,018 INFO == Curso: Evaluate & Judge   -> Evaluate & Judge  (3 videos de clips, 5 sobrantes omitidos)
2026-10-07 11:26:38,019 INFO [1/3] 1066711775 (audio)
2026-10-07 11:26:38,031 INFO [2/3] 1066713501 (audio)
2026-10-07 11:26:38,045 INFO [3/3] 1066716000 (audio)
2026-10-07 11:26:38,058 INFO == Curso: All About The L-Shape + One Leg 2  -> All About The L-Shape + One Leg 2  (5 videos de clips, 9 sobrantes omitidos)
2026-10-07 11:26:38,058 INFO [1/5] 573573093 (audio)
2026-10-07 11:26:38,068 INFO [2/5] 573574841 (audio)
2026-10-07 11:26:38,079 INFO [3/5] 573575712 (audio)
2026-10-07 11:26:38,089 INFO [4/5] 573577042 (audio)
2026-10-07 11:26:38,098 INFO [5/5] 573578657 (audio)
2026-10-07 11:26:38,109 INFO == Curso: Which extension do you choose?  -> Which extension do you choose_  (3 videos de clips, 5 sobrantes omitidos)
2026-10-07 11:26:38,109 INFO [1/3] 865369019 (audio)
2026-10-07 11:26:38,120 INFO [2/3] 865372088 (audio)
2026-10-07 11:26:38,139 INFO [3/3] 865372995 (audio)
2026-10-07 11:26:38,154 INFO == Curso: Asking Move - Attachment  -> Asking Move - Attachment  (4 videos de clips, 7 sobrantes omitidos)
2026-10-07 11:26:38,155 INFO [1/4] 741554889 (audio)
2026-10-07 11:26:38,165 INFO [2/4] 741556237 (audio)
2026-10-07 11:26:47,953 INFO [3/4] 741557148 (audio)
2026-10-07 11:27:12,673 INFO [4/4] 741558232 (audio)
2026-10-07 11:27:34,234 INFO == Curso: 2025 Lanker Cup Final Shin Jinseo VS Dang Yifei  -> 2025 Lanker Cup Final Shin Jinseo VS Dang Yifei  (2 videos de clips, 6 sobrantes omitidos)
2026-10-07 11:27:34,235 INFO [1/2] 1130740194 (audio)
2026-10-07 11:28:11,967 INFO [2/2] 1130742479 (audio)
2026-10-07 11:28:37,465 INFO == Curso: Beginner Course 9 Make Territory Efficiently  -> Beginner Course 9 Make Territory Efficiently  (4 videos de clips, 4 sobrantes omitidos)
2026-10-07 11:28:37,465 INFO [1/4] 689961589 (audio)
2026-10-07 11:29:03,629 INFO [2/4] 689963154 (audio)
2026-10-07 11:29:28,718 INFO [3/4] 689963993 (audio)
2026-10-07 11:29:44,617 INFO [4/4] 689964863 (audio)
2026-10-07 11:30:03,390 INFO == Curso: Attacking Skill 1  -> Attacking Skill 1  (5 videos de clips, 5 sobrantes omitidos)
2026-10-07 11:30:03,391 INFO [1/5] 630804538 (audio)
2026-10-07 11:30:13,252 INFO [2/5] 630811626 (audio)
2026-10-07 11:30:52,430 INFO [3/5] 630835591 (audio)
2026-10-07 11:31:34,889 INFO [4/5] 630839317 (audio)
2026-10-07 11:32:01,391 INFO [5/5] 630857451 (audio)
2026-10-07 11:32:27,059 INFO == Curso: How Can You Defend Your Territory Against Wave Attack?  -> How Can You Defend Your Territory Against Wave Attack_  (3 videos de clips, 4 sobrantes omitidos)
2026-10-07 11:32:27,060 INFO [1/3] 912200062 (audio)
2026-10-07 11:32:38,911 INFO [2/3] 912201993 (audio)
2026-10-07 11:33:01,423 INFO [3/3] 912203690 (audio)
2026-10-07 11:33:23,229 INFO == Curso: Good Tenuki vs Bad Tenuki 2  -> Good Tenuki vs Bad Tenuki 2  (2 videos de clips, 5 sobrantes omitidos)
2026-10-07 11:33:23,230 INFO [1/2] 592054011 (audio)
2026-10-07 11:33:43,580 INFO [2/2] 592056920 (audio)
2026-10-07 11:34:02,052 INFO == Curso: 3 Baduk Provers For Life&Death  -> 3 Baduk Provers For Life&Death  (4 videos de clips, 2 sobrantes omitidos)
2026-10-07 11:34:02,053 INFO [1/4] 670150605 (audio)
2026-10-07 11:34:10,364 INFO [2/4] 670153399 (audio)
2026-10-07 11:34:51,080 INFO [3/4] 670155407 (audio)
2026-10-07 11:35:15,407 INFO [4/4] 670157421 (audio)
2026-10-07 11:35:51,981 INFO == Curso: Belly Attachment In Capturing Race  -> Belly Attachment In Capturing Race  (4 videos de clips, 6 sobrantes omitidos)
2026-10-07 11:35:51,982 INFO [1/4] 712318722 (audio)
2026-10-07 11:36:01,475 INFO [2/4] 712319982 (audio)
2026-10-07 11:36:20,502 INFO [3/4] 712321393 (audio)
2026-10-07 11:36:35,786 INFO [4/4] 712322325 (audio)
2026-10-07 11:36:56,705 INFO == Curso: Which Direction To Go? After Opening  -> Which Direction To Go_ After Opening  (2 videos de clips, 2 sobrantes omitidos)
2026-10-07 11:36:56,706 INFO [1/2] 940404438 (audio)
2026-10-07 11:37:31,036 INFO [2/2] 940405312 (audio)
2026-10-07 11:37:49,758 INFO == Curso: What can Black do in the corner as a probing move?  -> What can Black do in the corner as a probing move_  (3 videos de clips, 9 sobrantes omitidos)
2026-10-07 11:37:49,759 INFO [1/3] 1042909851 (audio)
2026-10-07 11:38:00,699 INFO [2/3] 1042910929 (audio)
2026-10-07 11:38:23,137 INFO [3/3] 1042912519 (audio)
2026-10-07 11:38:47,352 INFO == Curso: After The Most Common Jeong-Seock - Invasion   -> After The Most Common Jeong-Seock - Invasion  (3 videos de clips, 9 sobrantes omitidos)
2026-10-07 11:38:47,354 INFO [1/3] 719345493 (audio)
2026-10-07 11:38:55,325 INFO [2/3] 719346830 (audio)
2026-10-07 11:39:22,185 INFO [3/3] 719347858 (audio)
2026-10-07 11:39:46,706 INFO == Curso: Escape Technique 2 - Attachment  -> Escape Technique 2 - Attachment  (3 videos de clips, 4 sobrantes omitidos)
2026-10-07 11:39:46,707 INFO [1/3] 791403185 (audio)
2026-10-07 11:39:53,912 INFO [2/3] 791404152 (audio)
2026-10-07 11:40:33,862 INFO [3/3] 791404885 (audio)
2026-10-07 11:40:58,465 INFO == Curso: The Most Common Mistakes In The Corner  -> The Most Common Mistakes In The Corner  (4 videos de clips, 4 sobrantes omitidos)
2026-10-07 11:40:58,466 INFO [1/4] 745291666 (audio)
2026-10-07 11:41:07,759 INFO [2/4] 745294327 (audio)
2026-10-07 11:41:42,800 INFO [3/4] 745297105 (audio)
2026-10-07 11:42:20,888 INFO [4/4] 745298258 (audio)
2026-10-07 11:42:43,076 INFO == Curso: How To Answer Monkey Jump?  -> How To Answer Monkey Jump_  (3 videos de clips, 8 sobrantes omitidos)
2026-10-07 11:42:43,077 INFO [1/3] 573357198 (audio)
2026-10-07 11:42:52,681 INFO [2/3] 573362252 (audio)
2026-10-07 11:44:06,982 INFO [3/3] 573365768 (audio)
2026-10-07 11:44:52,091 INFO == Curso: 4 corner patterns you must know to be 9kyu 2  -> 4 corner patterns you must know to be 9kyu 2  (2 videos de clips)
2026-10-07 11:44:52,091 INFO [1/2] 511881670 (audio)
2026-10-07 11:45:26,617 INFO [2/2] 511881669 (audio)
2026-10-07 11:45:55,722 INFO == Curso: How do you play more efficiently?  -> How do you play more efficiently_  (3 videos de clips, 8 sobrantes omitidos)
2026-10-07 11:45:55,723 INFO [1/3] 831920998 (audio)
2026-10-07 11:46:04,684 INFO [2/3] 831925847 (audio)
2026-10-07 11:46:44,560 INFO [3/3] 831929484 (audio)
2026-10-07 11:47:23,850 INFO == Curso: Life&Death problems   -> Life&Death problems  (5 videos de clips, 1 sobrantes omitidos)
2026-10-07 11:47:23,852 INFO [1/5] 812585939 (audio)
2026-10-07 11:47:26,268 WARNING 812585939 [audio] intento 1/3 fallo: ERROR: [vimeo] 812585939: Unable to download webpage: HTTP Error 404: Not Found (caused by <HTTPError 404: Not Found>)
2026-10-07 11:47:30,589 WARNING 812585939 [audio] intento 2/3 fallo: ERROR: [vimeo] 812585939: Unable to download webpage: HTTP Error 404: Not Found (caused by <HTTPError 404: Not Found>)
2026-10-07 11:47:36,803 WARNING 812585939 [audio] intento 3/3 fallo: ERROR: [vimeo] 812585939: Unable to download webpage: HTTP Error 404: Not Found (caused by <HTTPError 404: Not Found>)
2026-10-07 11:47:42,804 ERROR 812585939 [audio] FALLO: ERROR: [vimeo] 812585939: Unable to download webpage: HTTP Error 404: Not Found (caused by <HTTPError 404: Not Found>)
2026-10-07 11:47:43,828 INFO [2/5] 812585986 (audio)
2026-10-07 11:47:46,302 WARNING 812585986 [audio] intento 1/3 fallo: ERROR: [vimeo] 812585986: Unable to download webpage: HTTP Error 404: Not Found (caused by <HTTPError 404: Not Found>)
2026-10-07 11:47:50,544 WARNING 812585986 [audio] intento 2/3 fallo: ERROR: [vimeo] 812585986: Unable to download webpage: HTTP Error 404: Not Found (caused by <HTTPError 404: Not Found>)
2026-10-07 11:47:56,794 WARNING 812585986 [audio] intento 3/3 fallo: ERROR: [vimeo] 812585986: Unable to download webpage: HTTP Error 404: Not Found (caused by <HTTPError 404: Not Found>)
2026-10-07 11:48:02,795 ERROR 812585986 [audio] FALLO: ERROR: [vimeo] 812585986: Unable to download webpage: HTTP Error 404: Not Found (caused by <HTTPError 404: Not Found>)
2026-10-07 11:48:03,821 INFO [3/5] 812586049 (audio)
2026-10-07 11:48:06,439 WARNING 812586049 [audio] intento 1/3 fallo: ERROR: [vimeo] 812586049: Unable to download webpage: HTTP Error 404: Not Found (caused by <HTTPError 404: Not Found>)
2026-10-07 11:48:10,660 WARNING 812586049 [audio] intento 2/3 fallo: ERROR: [vimeo] 812586049: Unable to download webpage: HTTP Error 404: Not Found (caused by <HTTPError 404: Not Found>)
2026-10-07 11:48:16,934 WARNING 812586049 [audio] intento 3/3 fallo: ERROR: [vimeo] 812586049: Unable to download webpage: HTTP Error 404: Not Found (caused by <HTTPError 404: Not Found>)
2026-10-07 11:48:22,935 ERROR 812586049 [audio] FALLO: ERROR: [vimeo] 812586049: Unable to download webpage: HTTP Error 404: Not Found (caused by <HTTPError 404: Not Found>)
2026-10-07 11:48:23,962 INFO [4/5] 810464022 (audio)
2026-10-07 11:48:47,812 INFO [5/5] 810467490 (audio)
2026-10-07 11:49:15,265 INFO == Curso: How far do you wish to extend?  -> How far do you wish to extend_  (3 videos de clips, 1 sobrantes omitidos)
2026-10-07 11:49:15,267 INFO [1/3] 1095732566 (audio)
2026-10-07 11:49:25,636 INFO [2/3] 1095734416 (audio)
2026-10-07 11:49:47,937 INFO [3/3] 1095736226 (audio)
2026-10-07 11:50:28,655 INFO == Curso: Basic Capturing Race Skills  -> Basic Capturing Race Skills  (4 videos de clips, 6 sobrantes omitidos)
2026-10-07 11:50:28,656 INFO [1/4] 765200098 (audio)
2026-10-07 11:50:37,290 INFO [2/4] 765201172 (audio)
2026-10-07 11:50:55,907 INFO [3/4] 765202286 (audio)
2026-10-07 11:51:12,152 INFO [4/4] 765203258 (audio)
2026-10-07 11:51:43,081 INFO == Curso: AI's Favorite Attachment  -> AI's Favorite Attachment  (4 videos de clips, 16 sobrantes omitidos)
2026-10-07 11:51:43,081 INFO [1/4] 574761764 (audio)
2026-10-07 11:51:52,879 INFO [2/4] 574767473 (audio)
2026-10-07 11:52:34,353 INFO [3/4] 574771529 (audio)
2026-10-07 11:53:14,634 INFO [4/4] 574774441 (audio)
2026-10-07 11:53:52,459 INFO == Curso: Beginner Course 12 Attacking Skill 2  -> Beginner Course 12 Attacking Skill 2  (2 videos de clips, 3 sobrantes omitidos)
2026-10-07 11:53:52,460 INFO [1/2] 692556595 (audio)
2026-10-07 11:54:44,547 INFO [2/2] 692557843 (audio)
2026-10-07 11:55:12,218 INFO == Curso: My Favorite Opnening Is Chinese Opening  -> My Favorite Opnening Is Chinese Opening  (2 videos de clips)
2026-10-07 11:55:12,219 INFO [1/2] 1023945019 (audio)
2026-10-07 11:55:49,762 INFO [2/2] 1023946654 (audio)
2026-10-07 11:56:15,837 INFO == Curso: Actual Game Endgame 1  -> Actual Game Endgame 1  (4 videos de clips, 8 sobrantes omitidos)
2026-10-07 11:56:15,838 INFO [1/4] 738205333 (audio)
2026-10-07 11:56:29,991 INFO [2/4] 738207996 (audio)
2026-10-07 11:56:58,086 INFO [3/4] 738210008 (audio)
2026-10-07 11:57:17,985 INFO [4/4] 738241601 (audio)
2026-10-07 11:57:49,505 INFO == Curso: Shin Jinseo Won the 9th Ing Cup  -> Shin Jinseo Won the 9th Ing Cup  (1 videos de clips, 4 sobrantes omitidos)
2026-10-07 11:57:49,521 INFO [1/1] 860725724 (audio)
2026-10-07 11:59:18,503 INFO == Curso: 2022 Samsung Cup Semifinal - Choi Jung 9p VS Byeon Sang Il 9p  -> 2022 Samsung Cup Semifinal - Choi Jung 9p VS Byeon Sang Il 9p  (5 videos de clips, 24 sobrantes omitidos)
2026-10-07 11:59:18,505 INFO [1/5] 770165603 (audio)
2026-10-07 11:59:28,577 INFO [2/5] 770167792 (audio)
2026-10-07 12:00:14,169 INFO [3/5] 770170358 (audio)
2026-10-07 12:00:31,740 WARNING 770170358 [audio] intento 1/3 fallo: [download] Got error: <urllib3.connection.HTTPSConnection object at 0x000002188B03C130>: Failed to resolve 'skyfire.vimeocdn.com' ([Errno 11001] getaddrinfo failed). Giving up after 5 retries | ERROR:  | [download] Got error: <urllib3.connection.HTTPSConnection object at 0x000002188B03E260>: Failed to resolve 'skyfire.vimeocdn.com' ([Errno 11001] getaddrinfo failed). Giving up after 5 retries
2026-10-07 12:00:39,408 INFO [4/5] 770172514 (audio)
2026-10-07 12:01:14,120 INFO [5/5] 770173117 (audio)
2026-10-07 12:01:24,800 INFO == Curso: Extension - Don't Be Confused about this!  -> Extension - Don't Be Confused about this!  (5 videos de clips, 11 sobrantes omitidos)
2026-10-07 12:01:24,801 INFO [1/5] 652855000 (audio)
2026-10-07 12:01:34,986 INFO [2/5] 652858977 (audio)
2026-10-07 12:02:02,446 INFO [3/5] 652861957 (audio)
2026-10-07 12:02:41,018 INFO [4/5] 652863559 (audio)
2026-10-07 12:03:04,955 INFO [5/5] 652865493 (audio)
2026-10-07 12:03:30,219 INFO == Curso: Tips for making a safe & great extension  -> Tips for making a safe & great extension  (1 videos de clips, 4 sobrantes omitidos)
2026-10-07 12:03:30,220 INFO [1/1] 585397492 (audio)
2026-10-07 12:04:11,431 INFO == Curso: Lee-Changho's Endgame Divine Moves 1  -> Lee-Changho's Endgame Divine Moves 1  (3 videos de clips, 12 sobrantes omitidos)
2026-10-07 12:04:11,432 INFO [1/3] 667568880 (audio)
2026-10-07 12:04:23,671 INFO [2/3] 667573432 (audio)
2026-10-07 12:05:02,164 INFO [3/3] 667576720 (audio)
2026-10-07 12:05:30,684 INFO == Curso: Rasmus amazing test course  -> Rasmus amazing test course  (3 videos de clips, 1 sobrantes omitidos)
2026-10-07 12:05:30,685 INFO [1/3] 1126767369 (audio)
2026-10-07 12:05:38,519 INFO [2/3] 1126769336 (audio)
2026-10-07 12:05:46,109 INFO [3/3] 1164548017 (audio)
2026-10-07 12:05:53,335 INFO == Curso: Common Mistakes In Fighting   -> Common Mistakes In Fighting  (5 videos de clips, 6 sobrantes omitidos)
2026-10-07 12:05:53,336 INFO [1/5] 637786818 (audio)
2026-10-07 12:06:02,931 INFO [2/5] 637789946 (audio)
2026-10-07 12:06:50,956 INFO [3/5] 637792388 (audio)
2026-10-07 12:07:36,922 INFO [4/5] 637795502 (audio)
2026-10-07 12:08:12,291 INFO [5/5] 637796859 (audio)
2026-10-07 12:08:29,318 INFO == Curso: Counting Liberties  - Big Eye Space 3  -> Counting Liberties - Big Eye Space 3  (3 videos de clips)
2026-10-07 12:08:29,319 INFO [1/3] 562179788 (audio)
2026-10-07 12:08:48,901 INFO [2/3] 562180663 (audio)
2026-10-07 12:09:04,172 INFO [3/3] 562181776 (audio)
2026-10-07 12:09:29,666 INFO == Curso: Joseki Mistake - Punish it!  -> Joseki Mistake - Punish it!  (5 videos de clips, 10 sobrantes omitidos)
2026-10-07 12:09:29,667 INFO [1/5] 695153384 (audio)
2026-10-07 12:09:37,618 INFO [2/5] 695154780 (audio)
2026-10-07 12:09:58,138 INFO [3/5] 695155254 (audio)
2026-10-07 12:10:15,113 INFO [4/5] 695155515 (audio)
2026-10-07 12:10:26,759 INFO [5/5] 695156676 (audio)
2026-10-07 12:10:53,373 INFO == Curso: Break Moyo Before It Becomes Big!  -> Break Moyo Before It Becomes Big!  (3 videos de clips, 15 sobrantes omitidos)
2026-10-07 12:10:53,374 INFO [1/3] 675378963 (audio)
2026-10-07 12:11:02,395 INFO [2/3] 675385154 (audio)
2026-10-07 12:11:40,040 INFO [3/3] 675402644 (audio)
2026-10-07 12:12:01,921 INFO == Curso: Knight's move attachment completion!!  -> Knight's move attachment completion!!  (6 videos de clips, 2 sobrantes omitidos)
2026-10-07 12:12:01,921 INFO [1/6] 829722225 (audio)
2026-10-07 12:12:11,163 INFO [2/6] 829723069 (audio)
2026-10-07 12:12:27,500 INFO [3/6] 829724149 (audio)
2026-10-07 12:12:43,125 INFO [4/6] 829725122 (audio)
2026-10-07 12:13:10,222 INFO [5/6] 829725923 (audio)
2026-10-07 12:13:31,618 INFO [6/6] 829726772 (audio)
2026-10-07 12:13:50,093 INFO == Curso: How Do you Deal With A Ko Fight?  -> How Do you Deal With A Ko Fight_  (3 videos de clips, 23 sobrantes omitidos)
2026-10-07 12:13:50,095 INFO [1/3] 822532821 (audio)
2026-10-07 12:13:59,340 INFO [2/3] 822534498 (audio)
2026-10-07 12:14:26,149 INFO [3/3] 822537372 (audio)
2026-10-07 12:14:59,194 INFO == Curso: Beginner Course 6 Alive Stone And Dead Stone   -> Beginner Course 6 Alive Stone And Dead Stone  (2 videos de clips, 6 sobrantes omitidos)
2026-10-07 12:14:59,195 INFO [1/2] 687401688 (audio)
2026-10-07 12:16:18,410 INFO [2/2] 687402558 (audio)
2026-10-07 12:16:50,158 INFO == Curso: The 3-star opening  -> The 3-star opening  (19 videos de clips)
2026-10-07 12:16:50,159 INFO [1/19] 522388765 (audio)
2026-10-07 12:17:01,534 INFO [2/19] 522388755 (audio)
2026-10-07 12:17:17,237 INFO [3/19] 522388756 (audio)
2026-10-07 12:17:41,763 INFO [4/19] 522388762 (audio)
2026-10-07 12:17:55,648 INFO [5/19] 522388764 (audio)
2026-10-07 12:18:07,878 INFO [6/19] 522388750 (audio)
2026-10-07 12:18:16,389 INFO [7/19] 522388766 (audio)
2026-10-07 12:18:43,248 INFO [8/19] 522388767 (audio)
2026-10-07 12:18:54,888 INFO [9/19] 522388763 (audio)
2026-10-07 12:19:20,085 INFO [10/19] 522388752 (audio)
2026-10-07 12:19:34,607 INFO [11/19] 522388759 (audio)
2026-10-07 12:19:43,962 INFO [12/19] 522388753 (audio)
2026-10-07 12:19:59,879 INFO [13/19] 522388760 (audio)
2026-10-07 12:20:07,902 INFO [14/19] 522388758 (audio)
2026-10-07 12:20:20,204 INFO [15/19] 522388751 (audio)
2026-10-07 12:20:38,702 INFO [16/19] 522388757 (audio)
2026-10-07 12:21:05,964 INFO [17/19] 522388768 (audio)
2026-10-07 12:21:35,778 INFO [18/19] 522388769 (audio)
2026-10-07 12:21:52,377 INFO [19/19] 522388754 (audio)
2026-10-07 12:22:31,074 INFO == Curso: Beginner Course 2 Connection  -> Beginner Course 2 Connection  (3 videos de clips, 16 sobrantes omitidos)
2026-10-07 12:22:31,075 INFO [1/3] 685088953 (audio)
2026-10-07 12:22:58,756 INFO [2/3] 685090831 (audio)
2026-10-07 12:23:27,999 INFO [3/3] 685143991 (audio)
2026-10-07 12:23:52,233 INFO == Curso: Secret Solution For Cross-Cut  -> Secret Solution For Cross-Cut  (5 videos de clips, 9 sobrantes omitidos)
2026-10-07 12:23:52,234 INFO [1/5] 635166450 (audio)
2026-10-07 12:24:00,371 INFO [2/5] 635179789 (audio)
2026-10-07 12:24:32,194 INFO [3/5] 635185524 (audio)
2026-10-07 12:25:00,144 INFO [4/5] 635191643 (audio)
2026-10-07 12:25:33,092 INFO [5/5] 635194143 (audio)
2026-10-07 12:25:53,318 INFO == Curso: Cleverness Of Sequence 1  -> Cleverness Of Sequence 1  (2 videos de clips)
2026-10-07 12:25:53,320 INFO [1/2] 577961944 (audio)
2026-10-07 12:26:01,015 INFO [2/2] 577965709 (audio)
2026-10-07 12:26:50,974 INFO == Curso: Judgement based on your style  -> Judgement based on your style  (3 videos de clips, 4 sobrantes omitidos)
2026-10-07 12:26:50,975 INFO [1/3] 1064152312 (audio)
2026-10-07 12:27:01,134 INFO [2/3] 1064152912 (audio)
2026-10-07 12:27:15,320 INFO [3/3] 1064153644 (audio)
2026-10-07 12:27:40,068 INFO == Curso: Sabaki - Light Haeng-Ma  -> Sabaki - Light Haeng-Ma  (5 videos de clips, 13 sobrantes omitidos)
2026-10-07 12:27:40,069 INFO [1/5] 673877932 (audio)
2026-10-07 12:27:48,758 INFO [2/5] 673880063 (audio)
2026-10-07 12:28:28,274 INFO [3/5] 673880897 (audio)
2026-10-07 12:28:46,783 INFO [4/5] 673881667 (audio)
2026-10-07 12:29:11,688 INFO [5/5] 673882175 (audio)
2026-10-07 12:29:31,035 INFO == Curso: Good Pincer & Bad Pincer  -> Good Pincer & Bad Pincer  (3 videos de clips, 5 sobrantes omitidos)
2026-10-07 12:29:31,037 INFO [1/3] 787305454 (audio)
2026-10-07 12:29:40,445 INFO [2/3] 787306698 (audio)
2026-10-07 12:30:02,308 INFO [3/3] 787308320 (audio)
2026-10-07 12:30:50,698 INFO == Curso: My favorite opening  -> My favorite opening  (4 videos de clips, 2 sobrantes omitidos)
2026-10-07 12:30:50,699 INFO [1/4] 1018563105 (audio)
2026-10-07 12:31:10,013 INFO [2/4] 1018564772 (audio)
2026-10-07 12:31:38,802 INFO [3/4] 1018566818 (audio)
2026-10-07 12:32:15,194 INFO [4/4] 1018567042 (audio)
2026-10-07 12:32:25,341 INFO == Curso: The ways to invade moyo & corner  -> The ways to invade moyo & corner  (4 videos de clips)
2026-10-07 12:32:25,342 INFO [1/4] 552736015 (audio)
2026-10-07 12:32:37,959 INFO [2/4] 552736012 (audio)
2026-10-07 12:34:00,414 INFO [3/4] 552736014 (audio)
2026-10-07 12:35:05,778 INFO [4/4] 552736013 (audio)
2026-10-07 12:35:27,559 INFO == Curso: Let's master 3-3 invasion during Jeong-seok 2  -> Let's master 3-3 invasion during Jeong-seok 2  (2 videos de clips)
2026-10-07 12:35:27,560 INFO [1/2] 520276182 (audio)
2026-10-07 12:35:57,373 INFO [2/2] 520276181 (audio)
2026-10-07 12:36:25,725 INFO == Curso: 2025 Samsung Cup Semifinal Kim Jiseok VS Ding Hao  -> 2025 Samsung Cup Semifinal Kim Jiseok VS Ding Hao  (2 videos de clips, 13 sobrantes omitidos)
2026-10-07 12:36:25,726 INFO [1/2] 1139923690 (audio)
2026-10-07 12:37:08,415 INFO [2/2] 1139928174 (audio)
2026-10-07 12:37:43,876 INFO == Curso: Punishing Overplay Moves  -> Punishing Overplay Moves  (3 videos de clips, 5 sobrantes omitidos)
2026-10-07 12:37:43,877 INFO [1/3] 656878255 (audio)
2026-10-07 12:37:53,340 INFO [2/3] 656880393 (audio)
2026-10-07 12:38:20,687 INFO [3/3] 656882551 (audio)
2026-10-07 12:38:59,443 INFO == Curso: Are you afraid of big shape?  -> Are you afraid of big shape_  (3 videos de clips, 3 sobrantes omitidos)
2026-10-07 12:38:59,444 INFO [1/3] 854330302 (audio)
2026-10-07 12:39:10,864 INFO [2/3] 854330982 (audio)
2026-10-07 12:39:25,843 INFO [3/3] 854331571 (audio)
2026-10-07 12:39:44,497 INFO == Curso: 1st Ing Cup finals - Cho Hoon Hyun 9p VS Nie Weiping 9p  -> 1st Ing Cup finals - Cho Hoon Hyun 9p VS Nie Weiping 9p  (8 videos de clips)
2026-10-07 12:39:44,497 INFO [1/8] 549649102 (audio)
2026-10-07 12:39:54,806 INFO [2/8] 549649099 (audio)
2026-10-07 12:40:06,999 INFO [3/8] 549649101 (audio)
2026-10-07 12:40:16,819 INFO [4/8] 549649100 (audio)
2026-10-07 12:41:09,887 INFO [5/8] 549649095 (audio)
2026-10-07 12:41:29,294 INFO [6/8] 549649098 (audio)
2026-10-07 12:42:10,619 INFO [7/8] 549649096 (audio)
2026-10-07 12:42:58,063 INFO [8/8] 549649097 (audio)
2026-10-07 12:43:09,735 INFO == Curso: Ko & Sabaki Skill From Top Players  -> Ko & Sabaki Skill From Top Players  (2 videos de clips, 2 sobrantes omitidos)
2026-10-07 12:43:09,736 INFO [1/2] 945677393 (audio)
2026-10-07 12:43:33,513 INFO [2/2] 945679551 (audio)
2026-10-07 12:44:10,977 INFO == Curso: Pincer or not?  -> Pincer or not_  (5 videos de clips, 14 sobrantes omitidos)
2026-10-07 12:44:10,978 INFO [1/5] 800148713 (audio)
2026-10-07 12:44:20,610 INFO [2/5] 800150563 (audio)
2026-10-07 12:44:45,228 INFO [3/5] 800151814 (audio)
2026-10-07 12:45:01,763 INFO [4/5] 800153131 (audio)
2026-10-07 12:45:23,855 INFO [5/5] 800154188 (audio)
2026-10-07 12:45:42,508 INFO == Curso: Locating Bad Aji In The Territory  -> Locating Bad Aji In The Territory  (3 videos de clips, 3 sobrantes omitidos)
2026-10-07 12:45:42,510 INFO [1/3] 1180569072 (audio)
2026-10-07 12:45:53,147 INFO [2/3] 1180570939 (audio)
2026-10-07 12:46:15,588 INFO [3/3] 1180573506 (audio)
2026-10-07 12:47:02,645 INFO == Curso: Don't Be Afraid Giving Your Stones! (Sacrifice) -Avoid Bad Shape 3  -> Don't Be Afraid Giving Your Stones! (Sacrifice) -Avoid Bad Shape 3  (2 videos de clips, 1 sobrantes omitidos)
2026-10-07 12:47:02,647 INFO [1/2] 570607565 (audio)
2026-10-07 12:47:26,245 INFO [2/2] 570608926 (audio)
2026-10-07 12:47:59,633 INFO == Curso: Hane tesuji   -> Hane tesuji  (5 videos de clips, 4 sobrantes omitidos)
2026-10-07 12:47:59,633 INFO [1/5] 1153149243 (audio)
2026-10-07 12:48:15,412 INFO [2/5] 1153150445 (audio)
2026-10-07 12:48:27,513 INFO [3/5] 1153152364 (audio)
2026-10-07 12:48:40,676 INFO [4/5] 1153153944 (audio)
2026-10-07 12:48:54,218 INFO [5/5] 1153154691 (audio)
2026-10-07 12:49:03,627 INFO == Curso: the shapes are all related! End Game lecture!  -> the shapes are all related! End Game lecture!  (4 videos de clips, 6 sobrantes omitidos)
2026-10-07 12:49:03,628 INFO [1/4] 870176791 (audio)
2026-10-07 12:49:14,004 INFO [2/4] 870177348 (audio)
2026-10-07 12:49:26,338 INFO [3/4] 870178070 (audio)
2026-10-07 12:49:38,441 INFO [4/4] 870178311 (audio)
2026-10-07 12:49:52,514 INFO == Curso: Breaking Two-Space Enclosure   -> Breaking Two-Space Enclosure  (5 videos de clips)
2026-10-07 12:49:52,515 INFO [1/5] 561152143 (audio)
2026-10-07 12:50:01,870 INFO [2/5] 561152145 (audio)
2026-10-07 12:50:18,764 INFO [3/5] 561152144 (audio)
2026-10-07 12:50:48,566 INFO [4/5] 561152146 (audio)
2026-10-07 12:51:23,302 INFO [5/5] 561152147 (audio)
2026-10-07 12:51:57,519 INFO == Curso:  Overconcentration -  How To Do Effective Moves?  -> Overconcentration - How To Do Effective Moves_  (5 videos de clips, 3 sobrantes omitidos)
2026-10-07 12:51:57,521 INFO [1/5] 686256891 (audio)
2026-10-07 12:52:07,878 INFO [2/5] 686258470 (audio)
2026-10-07 12:52:29,457 INFO [3/5] 686261152 (audio)
2026-10-07 12:52:57,880 INFO [4/5] 686262311 (audio)
2026-10-07 12:53:11,802 INFO [5/5] 686264164 (audio)
2026-10-07 12:53:36,621 INFO == Curso: Tesuji cutting&wedging  -> Tesuji cutting&wedging  (2 videos de clips)
2026-10-07 12:53:36,622 INFO [1/2] 563544945 (audio)
2026-10-07 12:54:17,958 INFO [2/2] 563548057 (audio)
2026-10-07 12:54:55,268 INFO == Curso: Middle Game Strategy Defending & Attacking  -> Middle Game Strategy Defending & Attacking  (2 videos de clips, 1 sobrantes omitidos)
2026-10-07 12:54:55,269 INFO [1/2] 587830195 (audio)
2026-10-07 12:55:32,292 INFO [2/2] 587840509 (audio)
2026-10-07 12:56:12,135 INFO == Curso: A Game Review From 'Awesome Baduk Tournament'  -> A Game Review From 'Awesome Baduk Tournament'  (3 videos de clips, 7 sobrantes omitidos)
2026-10-07 12:56:12,136 INFO [1/3] 805998609 (audio)
2026-10-07 12:56:22,097 INFO [2/3] 806005162 (audio)
2026-10-07 12:57:19,586 INFO [3/3] 806009999 (audio)
2026-10-07 12:58:08,560 INFO == Curso: Counterattack - Catching A Chance!  -> Counterattack - Catching A Chance!  (3 videos de clips, 1 sobrantes omitidos)
2026-10-07 12:58:08,561 INFO [1/3] 744972805 (audio)
2026-10-07 12:58:17,340 INFO [2/3] 744975634 (audio)
2026-10-07 12:58:57,347 INFO [3/3] 744978113 (audio)
2026-10-07 12:59:29,830 INFO == Curso: New Jeong-Seok Connect Or Not?  -> New Jeong-Seok Connect Or Not_  (3 videos de clips)
2026-10-07 12:59:29,831 INFO [1/3] 860542351 (audio)
2026-10-07 12:59:55,698 INFO [2/3] 860542933 (audio)
2026-10-07 13:00:23,439 INFO [3/3] 860543123 (audio)
2026-10-07 13:00:47,588 INFO == Curso: Aggressive Or Defensive?  -> Aggressive Or Defensive_  (4 videos de clips, 4 sobrantes omitidos)
2026-10-07 13:00:47,590 INFO [1/4] 755868245 (audio)
2026-10-07 13:01:08,006 INFO [2/4] 755869617 (audio)
2026-10-07 13:01:42,595 INFO [3/4] 755870471 (audio)
2026-10-07 13:02:07,910 INFO [4/4] 755871322 (audio)
2026-10-07 13:02:39,289 INFO == Curso: What Is Better Option? Jeong-Seok Choice  -> What Is Better Option_ Jeong-Seok Choice  (2 videos de clips, 1 sobrantes omitidos)
2026-10-07 13:02:39,290 INFO [1/2] 886476193 (audio)
2026-10-07 13:03:01,434 INFO [2/2] 886478895 (audio)
2026-10-07 13:03:36,424 INFO == Curso: Hit The Head Of Two Stones! 1  -> Hit The Head Of Two Stones! 1  (4 videos de clips, 12 sobrantes omitidos)
2026-10-07 13:03:36,425 INFO [1/4] 602516343 (audio)
2026-10-07 13:03:47,523 INFO [2/4] 602520166 (audio)
2026-10-07 13:04:12,603 INFO [3/4] 602523194 (audio)
2026-10-07 13:04:37,190 INFO [4/4] 602528190 (audio)
2026-10-07 13:04:56,896 INFO == Curso: After Jeong-Seock 2 - 4.4 point   -> After Jeong-Seock 2 - 4.4 point  (5 videos de clips)
2026-10-07 13:04:56,898 INFO [1/5] 524309979 (audio)
2026-10-07 13:05:08,330 INFO [2/5] 524309978 (audio)
2026-10-07 13:05:21,069 INFO [3/5] 524309981 (audio)
2026-10-07 13:05:35,176 INFO [4/5] 524309977 (audio)
2026-10-07 13:05:57,384 INFO [5/5] 524309980 (audio)
2026-10-07 13:06:08,636 INFO == Curso: How To React To Your Opponent's Move  -> How To React To Your Opponent's Move  (2 videos de clips)
2026-10-07 13:06:08,637 INFO [1/2] 1178477645 (audio)
2026-10-07 13:06:44,292 INFO [2/2] 1178480069 (audio)
2026-10-07 13:07:08,220 INFO == Curso: My Typical Mistakes 4  -> My Typical Mistakes 4  (4 videos de clips, 3 sobrantes omitidos)
2026-10-07 13:07:08,221 INFO [1/4] 789411753 (audio)
2026-10-07 13:07:18,144 INFO [2/4] 789412280 (audio)
2026-10-07 13:07:41,971 INFO [3/4] 789413781 (audio)
2026-10-07 13:08:10,420 INFO [4/4] 789414354 (audio)
2026-10-07 13:08:32,761 INFO == Curso: Connection Skill 2  -> Connection Skill 2  (2 videos de clips)
2026-10-07 13:08:32,762 INFO [1/2] 1101215439 (audio)
2026-10-07 13:09:11,885 INFO [2/2] 1101217161 (audio)
2026-10-07 13:09:41,344 INFO == Curso: 4 corner patterns you must know to be 9kyu 4  -> 4 corner patterns you must know to be 9kyu 4  (3 videos de clips)
2026-10-07 13:09:41,345 INFO [1/3] 511928154 (audio)
2026-10-07 13:10:20,949 INFO [2/3] 511928151 (audio)
2026-10-07 13:10:44,997 INFO [3/3] 511928152 (audio)
2026-10-07 13:11:03,804 INFO == Curso: Counting Liberties  - Eye Space 1-3  -> Counting Liberties - Eye Space 1-3  (5 videos de clips)
2026-10-07 13:11:03,806 INFO [1/5] 562691403 (audio)
2026-10-07 13:11:25,160 INFO [2/5] 562691431 (audio)
2026-10-07 13:11:57,214 INFO [3/5] 562691450 (audio)
2026-10-07 13:12:30,249 INFO [4/5] 562691474 (audio)
2026-10-07 13:12:51,279 INFO [5/5] 562691511 (audio)
2026-10-07 13:13:11,313 INFO == Curso: Choosing the perfect Jeong-Seock 3  -> Choosing the perfect Jeong-Seock 3  (5 videos de clips)
2026-10-07 13:13:11,314 INFO [1/5] 524320744 (audio)
2026-10-07 13:13:31,530 INFO [2/5] 524320739 (audio)
2026-10-07 13:13:51,889 INFO [3/5] 524320740 (audio)
2026-10-07 13:14:19,100 INFO [4/5] 524320741 (audio)
2026-10-07 13:14:39,628 INFO [5/5] 524320743 (audio)
2026-10-07 13:14:54,586 INFO == Curso: After The Test Move - Why Am I Always Confused?  -> After The Test Move - Why Am I Always Confused_  (6 videos de clips, 11 sobrantes omitidos)
2026-10-07 13:14:54,587 INFO [1/6] 782050203 (audio)
2026-10-07 13:15:04,111 INFO [2/6] 782051122 (audio)
2026-10-07 13:15:31,755 INFO [3/6] 782052643 (audio)
2026-10-07 13:15:51,536 INFO [4/6] 782053367 (audio)
2026-10-07 13:16:05,586 INFO [5/6] 782053916 (audio)
2026-10-07 13:16:29,242 INFO [6/6] 782054572 (audio)
2026-10-07 13:16:45,017 INFO == Curso: Younggil's Favourite Opening  -> Younggil's Favourite Opening  (3 videos de clips, 3 sobrantes omitidos)
2026-10-07 13:16:45,018 INFO [1/3] 1021883264 (audio)
2026-10-07 13:16:54,968 INFO [2/3] 1021887051 (audio)
2026-10-07 13:17:39,135 INFO [3/3] 1021887827 (audio)
2026-10-07 13:17:57,480 INFO == Curso: Peep Against Peep - High Technique  -> Peep Against Peep - High Technique  (4 videos de clips, 9 sobrantes omitidos)
2026-10-07 13:17:57,481 INFO [1/4] 707242383 (audio)
2026-10-07 13:18:06,849 INFO [2/4] 707243573 (audio)
2026-10-07 13:18:35,078 INFO [3/4] 707244287 (audio)
2026-10-07 13:18:58,426 INFO [4/4] 707245588 (audio)
2026-10-07 13:19:19,365 INFO == Curso: Tidy Up Your Shape 1  -> Tidy Up Your Shape 1  (2 videos de clips, 1 sobrantes omitidos)
2026-10-07 13:19:19,366 INFO [1/2] 1105001849 (audio)
2026-10-07 13:19:48,514 INFO [2/2] 1105002632 (audio)
2026-10-07 13:20:12,511 INFO == Curso: How to secure the win!   -> How to secure the win!  (3 videos de clips, 6 sobrantes omitidos)
2026-10-07 13:20:12,512 INFO [1/3] 1035076338 (audio)
2026-10-07 13:20:24,471 INFO [2/3] 1035076821 (audio)
2026-10-07 13:20:44,768 INFO [3/3] 1035077425 (audio)
2026-10-07 13:21:01,296 INFO == Curso: Magic of the corner 1-4   -> Magic of the corner 1-4  (4 videos de clips, 2 sobrantes omitidos)
2026-10-07 13:21:01,297 INFO [1/4] 524288944 (audio)
2026-10-07 13:21:11,797 INFO [2/4] 524288942 (audio)
2026-10-07 13:21:36,608 INFO [3/4] 547110488 (audio)
2026-10-07 13:22:02,835 INFO [4/4] 547110487 (audio)
2026-10-07 13:22:38,641 INFO == Curso: Learning a complicated Joseki  -> Learning a complicated Joseki  (3 videos de clips, 8 sobrantes omitidos)
2026-10-07 13:22:38,643 INFO [1/3] 816042666 (audio)
2026-10-07 13:22:50,046 INFO [2/3] 816044781 (audio)
2026-10-07 13:23:14,915 INFO [3/3] 816046022 (audio)
2026-10-07 13:23:53,714 INFO == Curso: Never lose Capturing Race 2 - Diagonal move  -> Never lose Capturing Race 2 - Diagonal move  (3 videos de clips)
2026-10-07 13:23:53,715 INFO [1/3] 541035753 (audio)
2026-10-07 13:24:13,509 INFO [2/3] 541035744 (audio)
2026-10-07 13:24:35,006 INFO [3/3] 541035746 (audio)
2026-10-07 13:25:21,043 INFO == Curso: Deep Invasion  -> Deep Invasion  (4 videos de clips, 1 sobrantes omitidos)
2026-10-07 13:25:21,046 INFO [1/4] 1228253341 (audio)
2026-10-07 13:25:52,954 INFO [2/4] 1228253877 (audio)
2026-10-07 13:26:15,100 INFO [3/4] 1228255159 (audio)
2026-10-07 13:26:31,597 INFO [4/4] 1228264088 (audio)
2026-10-07 13:26:48,637 INFO == Curso: Right Choice of Joseki  -> Right Choice of Joseki  (3 videos de clips, 3 sobrantes omitidos)
2026-10-07 13:26:48,638 INFO [1/3] 819271405 (audio)
2026-10-07 13:27:00,473 INFO [2/3] 819273726 (audio)
2026-10-07 13:27:23,482 WARNING 819273726 [audio] intento 1/3 fallo: [download] Got error: <urllib3.connection.HTTPSConnection object at 0x00000250953CB4C0>: Failed to resolve 'skyfire.vimeocdn.com' ([Errno 11001] getaddrinfo failed). Giving up after 5 retries | ERROR:  | [download] Got error: <urllib3.connection.HTTPSConnection object at 0x0000025095441B10>: Failed to resolve 'skyfire.vimeocdn.com' ([Errno 11001] getaddrinfo failed). Giving up after 5 retries
2026-10-07 13:27:30,746 INFO [3/3] 819275896 (audio)
2026-10-07 13:28:06,884 INFO == Curso: Direction of Play  -> Direction of Play  (3 videos de clips, 6 sobrantes omitidos)
2026-10-07 13:28:06,885 INFO [1/3] 930799096 (audio)
2026-10-07 13:28:21,010 INFO [2/3] 930802786 (audio)
2026-10-07 13:29:03,049 INFO [3/3] 930804367 (audio)
2026-10-07 13:29:39,284 INFO == Curso: Magic Skill In Capturing Race - Throw-In  -> Magic Skill In Capturing Race - Throw-In  (6 videos de clips, 16 sobrantes omitidos)
2026-10-07 13:29:39,285 INFO [1/6] 661583105 (audio)
2026-10-07 13:29:51,631 INFO [2/6] 661583751 (audio)
2026-10-07 13:30:12,415 INFO [3/6] 661584060 (audio)
2026-10-07 13:30:39,016 INFO [4/6] 661584675 (audio)
2026-10-07 13:31:03,923 INFO [5/6] 661585067 (audio)
2026-10-07 13:31:27,354 INFO [6/6] 661585632 (audio)
2026-10-07 13:31:50,464 INFO == Curso: My Favorite Trick Move  -> My Favorite Trick Move  (3 videos de clips)
2026-10-07 13:31:50,466 INFO [1/3] 1220566678 (audio)
2026-10-07 13:32:01,113 INFO [2/3] 1220567493 (audio)
2026-10-07 13:32:38,534 INFO [3/3] 1220567917 (audio)
2026-10-07 13:33:03,491 INFO == Curso: Asking move  -> Asking move  (3 videos de clips, 4 sobrantes omitidos)
2026-10-07 13:33:03,492 INFO [1/3] 1049516674 (audio)
2026-10-07 13:33:15,121 INFO [2/3] 1049518163 (audio)
2026-10-07 13:33:55,431 INFO [3/3] 1049519838 (audio)
2026-10-07 13:34:26,494 INFO == Curso: Attach to Corner! Part1   -> Attach to Corner! Part1  (4 videos de clips, 3 sobrantes omitidos)
2026-10-07 13:34:26,495 INFO [1/4] 892837301 (audio)
2026-10-07 13:34:38,067 INFO [2/4] 892837534 (audio)
2026-10-07 13:34:55,678 INFO [3/4] 892838156 (audio)
2026-10-07 13:35:28,285 INFO [4/4] 892838337 (audio)
2026-10-07 13:35:45,834 INFO == Curso: Must Know 3.3 Joseki (Jeong-Seock) 1  -> Must Know 3.3 Joseki (Jeong-Seock) 1  (4 videos de clips, 6 sobrantes omitidos)
2026-10-07 13:35:45,836 INFO [1/4] 642637682 (audio)
2026-10-07 13:35:58,095 INFO [2/4] 642641540 (audio)
2026-10-07 13:36:30,530 INFO [3/4] 642643662 (audio)
2026-10-07 13:37:10,574 INFO [4/4] 642645029 (audio)
2026-10-07 13:37:38,834 INFO == Curso: How should I play part 1  -> How should I play part 1  (4 videos de clips, 1 sobrantes omitidos)
2026-10-07 13:37:38,836 INFO [1/4] 841888844 (audio)
2026-10-07 13:37:50,918 INFO [2/4] 841889482 (audio)
2026-10-07 13:38:06,960 INFO [3/4] 841890412 (audio)
2026-10-07 13:38:28,000 INFO [4/4] 841890685 (audio)
2026-10-07 13:38:41,862 INFO == Curso: The hidden truth of Jeong-Seock 2  -> The hidden truth of Jeong-Seock 2  (6 videos de clips)
2026-10-07 13:38:41,863 INFO [1/6] 523804358 (audio)
2026-10-07 13:38:52,271 INFO [2/6] 523804357 (audio)
2026-10-07 13:39:08,643 INFO [3/6] 523804356 (audio)
2026-10-07 13:39:32,056 INFO [4/6] 523804354 (audio)
2026-10-07 13:40:09,690 INFO [5/6] 523804353 (audio)
2026-10-07 13:40:32,651 INFO [6/6] 523804359 (audio)
2026-10-07 13:40:43,597 INFO == Curso:  Dangerous Two-Space Jump  -> Dangerous Two-Space Jump  (3 videos de clips, 5 sobrantes omitidos)
2026-10-07 13:40:43,598 INFO [1/3] 779887334 (audio)
2026-10-07 13:40:56,193 INFO [2/3] 779888240 (audio)
2026-10-07 13:41:25,743 INFO [3/3] 779889548 (audio)
2026-10-07 13:42:19,673 INFO == Curso: Beginner Course 13 Three Strategic Dansu  -> Beginner Course 13 Three Strategic Dansu  (2 videos de clips, 11 sobrantes omitidos)
2026-10-07 13:42:19,674 INFO [1/2] 695398106 (audio)
2026-10-07 13:42:54,714 INFO [2/2] 695399985 (audio)
2026-10-07 13:43:25,253 INFO == Curso: Which direction should I go? 3 - Using thickness  -> Which direction should I go_ 3 - Using thickness  (2 videos de clips)
2026-10-07 13:43:25,254 INFO [1/2] 559384560 (audio)
2026-10-07 13:43:55,575 INFO [2/2] 559384559 (audio)
2026-10-07 13:44:27,026 INFO == Curso: Good haengma and Bad haengma  -> Good haengma and Bad haengma  (3 videos de clips, 16 sobrantes omitidos)
2026-10-07 13:44:27,027 INFO [1/3] 1072685664 (audio)
2026-10-07 13:44:37,903 INFO [2/3] 1072687203 (audio)
2026-10-07 13:44:51,948 INFO [3/3] 1072696992 (audio)
2026-10-07 13:45:29,992 INFO == Curso: Tips for best 50 moves in the opening for 10kyu level 3  -> Tips for best 50 moves in the opening for 10kyu level 3  (3 videos de clips)
2026-10-07 13:45:29,994 INFO [1/3] 517510182 (audio)
2026-10-07 13:46:14,054 INFO [2/3] 517510183 (audio)
2026-10-07 13:46:55,880 INFO [3/3] 517510184 (audio)
2026-10-07 13:47:19,858 INFO == Curso: Good move Bad move  -> Good move Bad move  (3 videos de clips, 5 sobrantes omitidos)
2026-10-07 13:47:19,859 INFO [1/3] 1148823265 (audio)
2026-10-07 13:47:29,270 INFO [2/3] 1148823890 (audio)
2026-10-07 13:47:52,284 INFO [3/3] 1148825009 (audio)
2026-10-07 13:48:20,368 INFO == Curso: Choosing the perfect Jeong-Seock (Joseki) 1-4   -> Choosing the perfect Jeong-Seock (Joseki) 1-4  (5 videos de clips)
2026-10-07 13:48:20,370 INFO [1/5] 524315551 (audio)
2026-10-07 13:48:28,905 INFO [2/5] 524315548 (audio)
2026-10-07 13:48:46,424 INFO [3/5] 524315549 (audio)
2026-10-07 13:49:05,493 INFO [4/5] 524315550 (audio)
2026-10-07 13:49:22,116 INFO [5/5] 524315552 (audio)
2026-10-07 13:49:37,170 INFO == Curso: Must know connection technique 3 - First line  -> Must know connection technique 3 - First line  (3 videos de clips)
2026-10-07 13:49:37,172 INFO [1/3] 544186866 (audio)
2026-10-07 13:50:03,917 INFO [2/3] 544186865 (audio)
2026-10-07 13:50:33,949 INFO [3/3] 544186867 (audio)
2026-10-07 13:51:10,537 INFO == Curso: Ing Cup Final Endgame Magic Lee-Changho VS Chang-Hao   -> Ing Cup Final Endgame Magic Lee-Changho VS Chang-Hao  (3 videos de clips, 5 sobrantes omitidos)
2026-10-07 13:51:10,539 INFO [1/3] 813983869 (audio)
2026-10-07 13:51:46,396 INFO [2/3] 813984731 (audio)
2026-10-07 13:52:17,319 INFO [3/3] 813985729 (audio)
2026-10-07 13:52:46,335 INFO == Curso: 연결만 잘해도 초보 탈출 할 수 있어요  -> 연결만 잘해도 초보 탈출 할 수 있어요  (3 videos de clips, 3 sobrantes omitidos)
2026-10-07 13:52:46,336 INFO [1/3] 1012408361 (audio)
2026-10-07 13:53:03,455 INFO [2/3] 1012409692 (audio)
2026-10-07 13:53:21,578 INFO [3/3] 1012410976 (audio)
2026-10-07 13:53:45,853 INFO == Curso: Let's Master 3-3 Evil Invasion   -> Let's Master 3-3 Evil Invasion  (3 videos de clips, 5 sobrantes omitidos)
2026-10-07 13:53:45,854 INFO [1/3] 654428603 (audio)
2026-10-07 13:53:55,862 INFO [2/3] 654430999 (audio)
2026-10-07 13:54:39,384 INFO [3/3] 654439044 (audio)
2026-10-07 13:55:06,461 INFO == Curso: Defense Attachment  -> Defense Attachment  (3 videos de clips, 17 sobrantes omitidos)
2026-10-07 13:55:06,462 INFO [1/3] 721701461 (audio)
2026-10-07 13:55:15,561 INFO [2/3] 721703460 (audio)
2026-10-07 13:55:46,158 INFO [3/3] 721705206 (audio)
2026-10-07 13:56:26,066 INFO == Curso: Don't Be Afraid Giving Your Stones! (Sacrifice) -Driving Tesuji 2  -> Don't Be Afraid Giving Your Stones! (Sacrifice) -Driving Tesuji 2  (2 videos de clips, 10 sobrantes omitidos)
2026-10-07 13:56:26,067 INFO [1/2] 570605154 (audio)
2026-10-07 13:56:53,114 INFO [2/2] 570606287 (audio)
2026-10-07 13:57:26,227 INFO == Curso: Ko Fight Skill  -> Ko Fight Skill  (4 videos de clips, 16 sobrantes omitidos)
2026-10-07 13:57:26,228 INFO [1/4] 665145574 (audio)
2026-10-07 13:57:35,702 INFO [2/4] 665159939 (audio)
2026-10-07 14:23:59,224 INFO [3/4] 665165421 (audio)
2026-10-07 14:24:30,068 INFO [4/4] 665168379 (audio)
2026-10-07 14:25:04,835 INFO == Curso: Art of Sabaki  -> Art of Sabaki  (3 videos de clips, 4 sobrantes omitidos)
2026-10-07 14:25:04,836 INFO [1/3] 988592400 (audio)
2026-10-07 14:25:17,668 INFO [2/3] 988595369 (audio)
2026-10-07 14:25:54,616 INFO [3/3] 988598010 (audio)
2026-10-07 14:26:29,264 INFO == Curso: 4 corner patterns you must know to be 9kyu 1  -> 4 corner patterns you must know to be 9kyu 1  (3 videos de clips)
2026-10-07 14:26:29,265 INFO [1/3] 511897221 (audio)
2026-10-07 14:26:40,669 INFO [2/3] 511897219 (audio)
2026-10-07 14:27:23,590 INFO [3/3] 511897220 (audio)
2026-10-07 14:28:01,893 INFO == Curso: Direction of play in the Opening  -> Direction of play in the Opening  (3 videos de clips, 10 sobrantes omitidos)
2026-10-07 14:28:01,894 INFO [1/3] 809566004 (audio)
2026-10-07 14:28:10,231 INFO [2/3] 809567304 (audio)
2026-10-07 14:28:35,993 INFO [3/3] 809569540 (audio)
2026-10-07 14:29:16,241 INFO == Curso: The difference between Single and Double digit Kyu  -> The difference between Single and Double digit Kyu  (5 videos de clips, 18 sobrantes omitidos)
2026-10-07 14:29:16,241 INFO [1/5] 855281683 (audio)
2026-10-07 14:29:26,471 INFO [2/5] 855284055 (audio)
2026-10-07 14:29:45,206 INFO [3/5] 855285593 (audio)
2026-10-07 14:29:56,788 INFO [4/5] 855286204 (audio)
2026-10-07 14:30:08,011 INFO [5/5] 855288104 (audio)
2026-10-07 14:30:24,760 INFO == Curso: Magic of the corner 3  -> Magic of the corner 3  (2 videos de clips)
2026-10-07 14:30:24,761 INFO [1/2] 524296229 (audio)
2026-10-07 14:30:50,424 INFO [2/2] 524296228 (audio)
2026-10-07 14:31:21,786 INFO == Curso: Don't Be Afraid Giving Your Stones! - Sacrifice  1-3  -> Don't Be Afraid Giving Your Stones! - Sacrifice 1-3  (3 videos de clips, 13 sobrantes omitidos)
2026-10-07 14:31:21,787 INFO [1/3] 570600165 (audio)
2026-10-07 14:31:44,055 INFO [2/3] 570601885 (audio)
2026-10-07 14:32:03,979 INFO [3/3] 570602723 (audio)
2026-10-07 14:32:26,228 INFO == Curso: Proper Extension  -> Proper Extension  (4 videos de clips, 14 sobrantes omitidos)
2026-10-07 14:32:26,229 INFO [1/4] 846052807 (audio)
2026-10-07 14:32:36,988 INFO [2/4] 846054885 (audio)
2026-10-07 14:32:50,188 INFO [3/4] 846055442 (audio)
2026-10-07 14:33:02,369 INFO [4/4] 846055938 (audio)
2026-10-07 14:33:16,299 INFO == Curso: Must Know! Sabaki!  -> Must Know! Sabaki!  (3 videos de clips, 5 sobrantes omitidos)
2026-10-07 14:33:16,300 INFO [1/3] 972189980 (audio)
2026-10-07 14:33:30,421 INFO [2/3] 972192307 (audio)
2026-10-07 14:33:49,992 INFO [3/3] 972196070 (audio)
2026-10-07 14:34:14,123 INFO == Curso: Asking moves   -> Asking moves  (9 videos de clips)
2026-10-07 14:34:14,124 INFO [1/9] 1184356231 (audio)
2026-10-07 14:34:27,736 INFO [2/9] 1184356633 (audio)
2026-10-07 14:34:39,728 INFO [3/9] 1184357059 (audio)
2026-10-07 14:34:52,461 INFO [4/9] 1184357722 (audio)
2026-10-07 14:35:02,629 INFO [5/9] 1184357947 (audio)
2026-10-07 14:35:12,667 INFO [6/9] 1184358088 (audio)
2026-10-07 14:35:23,832 INFO [7/9] 1184358283 (audio)
2026-10-07 14:35:31,829 INFO [8/9] 1184358427 (audio)
2026-10-07 14:35:40,963 INFO [9/9] 1184358560 (audio)
2026-10-07 14:35:50,901 INFO == Curso: Pincer Joeng-Seok Strategy  -> Pincer Joeng-Seok Strategy  (2 videos de clips, 5 sobrantes omitidos)
2026-10-07 14:35:50,902 INFO [1/2] 771523022 (audio)
2026-10-07 14:36:16,010 INFO [2/2] 771525686 (audio)
2026-10-07 14:36:49,770 INFO == Curso: Find The Vital-Point  -> Find The Vital-Point  (4 videos de clips, 11 sobrantes omitidos)
2026-10-07 14:36:49,771 INFO [1/4] 714705304 (audio)
2026-10-07 14:36:57,714 INFO [2/4] 714706246 (audio)
2026-10-07 14:37:10,291 INFO [3/4] 714707349 (audio)
2026-10-07 14:37:22,514 INFO [4/4] 714708007 (audio)
2026-10-07 14:37:37,822 INFO == Curso: Right choice in the opening  -> Right choice in the opening  (3 videos de clips, 11 sobrantes omitidos)
2026-10-07 14:37:37,823 INFO [1/3] 802238845 (audio)
2026-10-07 14:37:42,935 WARNING 802238845 [audio] intento 1/3 fallo: ERROR: [vimeo] 802238845: Requested format is not available. Use --list-formats for a list of available formats
2026-10-07 14:37:47,864 WARNING 802238845 [audio] intento 2/3 fallo: ERROR: [vimeo] 802238845: Requested format is not available. Use --list-formats for a list of available formats
2026-10-07 14:37:54,891 WARNING 802238845 [audio] intento 3/3 fallo: ERROR: [vimeo] 802238845: Requested format is not available. Use --list-formats for a list of available formats
2026-10-07 14:38:00,892 ERROR 802238845 [audio] FALLO: ERROR: [vimeo] 802238845: Requested format is not available. Use --list-formats for a list of available formats
2026-10-07 14:38:01,919 INFO [2/3] 802238611 (audio)
2026-10-07 14:38:07,967 WARNING 802238611 [audio] intento 1/3 fallo: ERROR: [vimeo] 802238611: Requested format is not available. Use --list-formats for a list of available formats
2026-10-07 14:38:12,809 WARNING 802238611 [audio] intento 2/3 fallo: ERROR: [vimeo] 802238611: Requested format is not available. Use --list-formats for a list of available formats
2026-10-07 14:38:21,312 WARNING 802238611 [audio] intento 3/3 fallo: ERROR: [vimeo] 802238611: Requested format is not available. Use --list-formats for a list of available formats
2026-10-07 14:38:27,314 ERROR 802238611 [audio] FALLO: ERROR: [vimeo] 802238611: Requested format is not available. Use --list-formats for a list of available formats
2026-10-07 14:38:28,339 INFO [3/3] 802242252 (audio)
2026-10-07 14:38:34,817 WARNING 802242252 [audio] intento 1/3 fallo: ERROR: [vimeo] 802242252: Requested format is not available. Use --list-formats for a list of available formats
2026-10-07 14:38:40,964 WARNING 802242252 [audio] intento 2/3 fallo: ERROR: [vimeo] 802242252: Requested format is not available. Use --list-formats for a list of available formats
2026-10-07 14:38:49,679 WARNING 802242252 [audio] intento 3/3 fallo: ERROR: [vimeo] 802242252: Requested format is not available. Use --list-formats for a list of available formats
2026-10-07 14:38:55,680 ERROR 802242252 [audio] FALLO: ERROR: [vimeo] 802242252: Requested format is not available. Use --list-formats for a list of available formats
2026-10-07 14:38:56,718 INFO == Curso: Where are my Ko threats?  -> Where are my Ko threats_ [f8SCiKxyZ2lEGDARMP1H]  (3 videos de clips, 2 sobrantes omitidos)
2026-10-07 14:38:56,719 INFO [1/3] 900675315 (audio)
2026-10-07 14:39:12,029 INFO [2/3] 900676440 (audio)
2026-10-07 14:39:15,666 WARNING 900676440 [audio] intento 1/3 fallo: ERROR: [vimeo] 900676440: Unable to download webpage: HTTP Error 404: Not Found (caused by <HTTPError 404: Not Found>)
2026-10-07 14:39:21,189 WARNING 900676440 [audio] intento 2/3 fallo: ERROR: [vimeo] 900676440: Unable to download webpage: HTTP Error 404: Not Found (caused by <HTTPError 404: Not Found>)
2026-10-07 14:39:28,628 WARNING 900676440 [audio] intento 3/3 fallo: ERROR: [vimeo] 900676440: Unable to download webpage: HTTP Error 404: Not Found (caused by <HTTPError 404: Not Found>)
2026-10-07 14:39:34,629 ERROR 900676440 [audio] FALLO: ERROR: [vimeo] 900676440: Unable to download webpage: HTTP Error 404: Not Found (caused by <HTTPError 404: Not Found>)
2026-10-07 14:39:35,655 INFO [3/3] 900677544 (audio)
2026-10-07 14:39:55,754 INFO == Curso: Defend  -> Defend  (3 videos de clips, 6 sobrantes omitidos)
2026-10-07 14:39:55,755 INFO [1/3] 910036351 (audio)
2026-10-07 14:40:06,228 INFO [2/3] 910041969 (audio)
2026-10-07 14:40:36,020 INFO [3/3] 910044489 (audio)
2026-10-07 14:40:59,859 INFO == Curso: All About The Diagonal Move  -> All About The Diagonal Move  (5 videos de clips, 7 sobrantes omitidos)
2026-10-07 14:40:59,860 INFO [1/5] 763063492 (audio)
2026-10-07 14:41:10,857 INFO [2/5] 763064194 (audio)
2026-10-07 14:41:31,730 INFO [3/5] 763064585 (audio)
2026-10-07 14:41:52,681 INFO [4/5] 763066379 (audio)
2026-10-07 14:42:09,075 INFO [5/5] 763067120 (audio)
2026-10-07 14:42:35,939 INFO == Curso: Direction Of Attack   -> Direction Of Attack  (3 videos de clips, 5 sobrantes omitidos)
2026-10-07 14:42:35,940 INFO [1/3] 702308470 (audio)
2026-10-07 14:42:45,592 INFO [2/3] 702309604 (audio)
2026-10-07 14:43:18,540 INFO [3/3] 702311103 (audio)
2026-10-07 14:44:06,610 INFO == Curso: Typical Jeong-Seock Mistakes  -> Typical Jeong-Seock Mistakes  (4 videos de clips, 7 sobrantes omitidos)
2026-10-07 14:44:06,611 INFO [1/4] 753264677 (audio)
2026-10-07 14:44:16,124 INFO [2/4] 753266314 (audio)
2026-10-07 14:44:42,590 INFO [3/4] 753267160 (audio)
2026-10-07 14:44:58,453 INFO [4/4] 753268076 (audio)
2026-10-07 14:45:15,543 INFO == Curso:  Don't Always Trust The Knights Move! - Weakness Of Knight's Move  -> Don't Always Trust The Knights Move! - Weakness Of Knight's Move  (9 videos de clips, 29 sobrantes omitidos)
2026-10-07 14:45:15,544 INFO [1/9] 640622933 (audio)
2026-10-07 14:45:23,382 INFO [2/9] 640624440 (audio)
2026-10-07 14:45:51,426 INFO [3/9] 640624997 (audio)
2026-10-07 14:46:08,851 INFO [4/9] 640625562 (audio)
2026-10-07 14:46:24,794 INFO [5/9] 640626803 (audio)
2026-10-07 14:46:43,329 INFO [6/9] 640627320 (audio)
2026-10-07 14:46:57,515 INFO [7/9] 640628641 (audio)
2026-10-07 14:47:32,238 INFO [8/9] 640629458 (audio)
2026-10-07 14:47:41,673 INFO [9/9] 640630112 (audio)
2026-10-07 14:48:03,103 INFO == Curso: Alphago vs Lee-Sedol  Historic Match  -> Alphago vs Lee-Sedol Historic Match  (4 videos de clips, 2 sobrantes omitidos)
2026-10-07 14:48:03,104 INFO [1/4] 604036389 (audio)
2026-10-07 14:48:17,876 INFO [2/4] 604043062 (audio)
2026-10-07 14:48:56,642 INFO [3/4] 604049580 (audio)
2026-10-07 14:49:17,471 INFO [4/4] 604061505 (audio)
2026-10-07 14:50:01,942 INFO == Curso:  Don't Bother Me Anymore! - 3.3 Ivasion  -> Don't Bother Me Anymore! - 3.3 Ivasion  (5 videos de clips, 12 sobrantes omitidos)
2026-10-07 14:50:01,943 INFO [1/5] 648072914 (audio)
2026-10-07 14:50:13,882 INFO [2/5] 648074565 (audio)
2026-10-07 14:50:39,413 INFO [3/5] 648074941 (audio)
2026-10-07 14:50:54,549 INFO [4/5] 648076154 (audio)
2026-10-07 14:51:25,191 INFO [5/5] 648076797 (audio)
2026-10-07 14:51:44,342 INFO == Curso: Tenuki  -> Tenuki  (3 videos de clips, 9 sobrantes omitidos)
2026-10-07 14:51:44,343 INFO [1/3] 996595550 (audio)
2026-10-07 14:51:57,480 INFO [2/3] 996604701 (audio)
2026-10-07 14:52:29,272 INFO [3/3] 996608768 (audio)
2026-10-07 14:52:49,043 INFO == Curso: Breakout Haeng Ma  - Attachment & Escape  -> Breakout Haeng Ma - Attachment & Escape  (3 videos de clips, 29 sobrantes omitidos)
2026-10-07 14:52:49,044 INFO [1/3] 578824560 (audio)
2026-10-07 14:53:02,083 INFO [2/3] 578830946 (audio)
2026-10-07 14:53:26,879 INFO [3/3] 578833961 (audio)
2026-10-07 14:53:49,791 INFO == Curso: Double Hane Technique  -> Double Hane Technique  (7 videos de clips, 4 sobrantes omitidos)
2026-10-07 14:53:49,796 INFO [1/7] 624409130 (audio)
2026-10-07 14:54:03,332 INFO [2/7] 624412887 (audio)
2026-10-07 14:54:26,382 INFO [3/7] 624416795 (audio)
2026-10-07 14:54:47,810 INFO [4/7] 624424173 (audio)
2026-10-07 14:55:21,626 INFO [5/7] 624428067 (audio)
2026-10-07 14:55:43,975 INFO [6/7] 624432021 (audio)
2026-10-07 14:56:09,602 INFO [7/7] 624437060 (audio)
2026-10-07 14:56:40,844 INFO == Curso: How much is this Ko worth?  -> How much is this Ko worth_  (4 videos de clips)
2026-10-07 14:56:40,846 INFO [1/4] 902505646 (audio)
2026-10-07 14:56:54,633 INFO [2/4] 902506081 (audio)
2026-10-07 14:57:11,145 INFO [3/4] 902506267 (audio)
2026-10-07 14:57:26,189 INFO [4/4] 902506459 (audio)
2026-10-07 14:57:44,984 INFO == Curso: How to Handle a Cut in Baduk  -> How to Handle a Cut in Baduk  (3 videos de clips, 11 sobrantes omitidos)
2026-10-07 14:57:44,985 INFO [1/3] 1195249890 (audio)
2026-10-07 14:58:11,411 INFO [2/3] 1195250861 (audio)
2026-10-07 14:58:34,735 INFO [3/3] 1195251363 (audio)
2026-10-07 14:58:53,529 INFO == Curso: Which direction should I go? 2 - Weak groups  -> Which direction should I go_ 2 - Weak groups  (2 videos de clips)
2026-10-07 14:58:53,530 INFO [1/2] 559380432 (audio)
2026-10-07 14:59:27,082 INFO [2/2] 559380431 (audio)
2026-10-07 14:59:47,073 INFO == Curso: AI's Favorite Attachment 2  -> AI's Favorite Attachment 2  (5 videos de clips, 10 sobrantes omitidos)
2026-10-07 14:59:47,074 INFO [1/5] 648906575 (audio)
2026-10-07 14:59:58,397 INFO [2/5] 648908490 (audio)
2026-10-07 15:00:13,805 INFO [3/5] 648911697 (audio)
2026-10-07 15:00:37,621 INFO [4/5] 648913538 (audio)
2026-10-07 15:01:12,890 INFO [5/5] 648915548 (audio)
2026-10-07 15:01:45,355 INFO == Curso: How to reduce White's thickness?  -> How to reduce White's thickness_  (3 videos de clips, 4 sobrantes omitidos)
2026-10-07 15:01:45,355 INFO [1/3] 1103249574 (audio)
2026-10-07 15:02:00,472 INFO [2/3] 1103252516 (audio)
2026-10-07 15:02:27,434 INFO [3/3] 1103254368 (audio)
2026-10-07 15:03:02,225 INFO == Curso: Is This Joseki Disappear?  -> Is This Joseki Disappear_  (4 videos de clips, 8 sobrantes omitidos)
2026-10-07 15:03:02,227 INFO [1/4] 825769187 (audio)
2026-10-07 15:03:16,613 INFO [2/4] 825774442 (audio)
2026-10-07 15:03:55,248 INFO [3/4] 825776391 (audio)
2026-10-07 15:04:28,272 INFO [4/4] 825777456 (audio)
2026-10-07 15:04:49,780 INFO == Curso: The hidden truth of Jeong-Seock (Joseki) 1-4   -> The hidden truth of Jeong-Seock (Joseki) 1-4  (10 videos de clips)
2026-10-07 15:04:49,781 INFO [1/10] 523796204 (audio)
2026-10-07 15:05:01,225 INFO [2/10] 523796210 (audio)
2026-10-07 15:05:13,523 INFO [3/10] 523796203 (audio)
2026-10-07 15:05:33,297 INFO [4/10] 523796205 (audio)
2026-10-07 15:05:46,852 INFO [5/10] 523796211 (audio)
2026-10-07 15:06:11,156 INFO [6/10] 523796214 (audio)
2026-10-07 15:06:23,903 INFO [7/10] 523796202 (audio)
2026-10-07 15:06:39,279 INFO [8/10] 523796206 (audio)
2026-10-07 15:06:55,358 INFO [9/10] 523796208 (audio)
2026-10-07 15:07:06,728 INFO [10/10] 523796209 (audio)
2026-10-07 15:07:16,997 INFO == Curso: The Strength of Stones Determines Direction  -> The Strength of Stones Determines Direction  (2 videos de clips)
2026-10-07 15:07:16,998 INFO [1/2] 1135278334 (audio)
2026-10-07 15:07:52,019 INFO [2/2] 1135279840 (audio)
2026-10-07 17:59:43,432 WARNING 1135279840 [audio] intento 1/3 fallo: [download] Got error: <urllib3.connection.HTTPSConnection object at 0x0000016D0D22C5B0>: Failed to resolve 'skyfire.vimeocdn.com' ([Errno 11001] getaddrinfo failed). Giving up after 5 retries | ERROR:  | [download] Got error: <urllib3.connection.HTTPSConnection object at 0x0000016D0D22E590>: Failed to resolve 'skyfire.vimeocdn.com' ([Errno 11001] getaddrinfo failed). Giving up after 5 retries
2026-10-07 18:00:04,252 INFO == Curso: Everything of 3-3 point invasion   -> Everything of 3-3 point invasion  (5 videos de clips)
2026-10-07 18:00:04,253 INFO [1/5] 537710392 (audio)
2026-10-07 18:00:50,925 INFO [2/5] 540566728 (audio)
2026-10-07 18:01:36,642 INFO [3/5] 541055084 (audio)
2026-10-07 18:02:21,186 INFO [4/5] 541055083 (audio)
2026-10-07 18:03:12,893 INFO [5/5] 541055082 (audio)
2026-10-07 18:03:50,252 INFO == Curso: Annoying Invasion - After 3.3 Invasion  -> Annoying Invasion - After 3.3 Invasion  (3 videos de clips, 13 sobrantes omitidos)
2026-10-07 18:03:50,252 INFO [1/3] 669085134 (audio)
2026-10-07 18:04:03,522 INFO [2/3] 669086846 (audio)
2026-10-07 18:04:42,459 INFO [3/3] 669087964 (audio)
2026-10-07 18:05:24,462 INFO == Curso: Corner & Side's Secret Rule - Corner 4/6, Side 6/8   -> Corner & Side's Secret Rule - Corner 4_6, Side 6_8  (4 videos de clips, 21 sobrantes omitidos)
2026-10-07 18:05:24,463 INFO [1/4] 587108790 (audio)
2026-10-07 18:05:35,310 INFO [2/4] 587110204 (audio)
2026-10-07 18:05:55,426 INFO [3/4] 587111381 (audio)
2026-10-07 18:06:22,229 INFO [4/4] 587254987 (audio)
2026-10-07 18:06:50,467 INFO == Curso: Lee Chang Ho's Genius Invasion  -> Lee Chang Ho's Genius Invasion  (4 videos de clips, 14 sobrantes omitidos)
2026-10-07 18:06:50,467 INFO [1/4] 663307083 (audio)
2026-10-07 18:07:00,913 INFO [2/4] 663311809 (audio)
2026-10-07 18:07:27,798 INFO [3/4] 663313834 (audio)
2026-10-07 18:07:52,690 INFO [4/4] 663315043 (audio)
2026-10-07 18:08:16,389 INFO == Curso: Old vs New Jeong-Seok 1  -> Old vs New Jeong-Seok 1  (2 videos de clips, 2 sobrantes omitidos)
2026-10-07 18:08:16,390 INFO [1/2] 751215810 (audio)
2026-10-07 18:08:38,401 INFO [2/2] 751219191 (audio)
2026-10-07 18:09:05,951 INFO == Curso: Understanding of Kobayashi's opening!  -> Understanding of Kobayashi's opening!  (4 videos de clips)
2026-10-07 18:09:05,952 INFO [1/4] 793645824 (audio)
2026-10-07 18:09:13,246 INFO [2/4] 793644827 (audio)
2026-10-07 18:09:37,842 INFO [3/4] 793646224 (audio)
2026-10-07 18:10:15,962 INFO [4/4] 793646408 (audio)
2026-10-07 18:10:24,636 INFO == Curso: Tips for best 50 moves in the opening for 10kyu level 1  -> Tips for best 50 moves in the opening for 10kyu level 1  (4 videos de clips)
2026-10-07 18:10:24,637 INFO [1/4] 517473349 (audio)
2026-10-07 18:10:39,079 INFO [2/4] 517473348 (audio)
2026-10-07 18:11:18,339 INFO [3/4] 517473351 (audio)
2026-10-07 18:11:44,314 INFO [4/4] 517473350 (audio)
2026-10-07 18:11:54,262 INFO == Curso: Vital Point Of The Shape 1  -> Vital Point Of The Shape 1  (3 videos de clips, 1 sobrantes omitidos)
2026-10-07 18:11:54,263 INFO [1/3] 775478773 (audio)
2026-10-07 18:12:01,905 INFO [2/3] 775479920 (audio)
2026-10-07 18:12:29,487 INFO [3/3] 775480865 (audio)
2026-10-07 18:12:56,941 INFO == Curso: Typical Mistakes 1 For DDK  -> Typical Mistakes 1 For DDK  (2 videos de clips, 2 sobrantes omitidos)
2026-10-07 18:12:56,941 INFO [1/2] 742694450 (audio)
2026-10-07 18:13:43,361 INFO [2/2] 742698084 (audio)
2026-10-07 18:14:21,433 INFO == Curso: Making A Net In Different Situations  -> Making A Net In Different Situations  (2 videos de clips, 1 sobrantes omitidos)
2026-10-07 18:14:21,434 INFO [1/2] 816515995 (audio)
2026-10-07 18:14:46,910 INFO [2/2] 816518180 (audio)
2026-10-07 18:15:09,933 INFO == Curso: 3가지 바둑격언으로 쉽게 배우는 사활  -> 3가지 바둑격언으로 쉽게 배우는 사활  (4 videos de clips, 6 sobrantes omitidos)
2026-10-07 18:15:09,935 INFO [1/4] 991526403 (audio)
2026-10-07 18:15:18,703 INFO [2/4] 991528753 (audio)
2026-10-07 18:15:39,111 INFO [3/4] 991530552 (audio)
2026-10-07 18:15:57,860 INFO [4/4] 991532329 (audio)
2026-10-07 18:16:16,096 INFO == Curso: Nobi -   defense & attack at the same time  -> Nobi - defense & attack at the same time  (5 videos de clips, 13 sobrantes omitidos)
2026-10-07 18:16:16,097 INFO [1/5] 671419859 (audio)
2026-10-07 18:16:24,611 INFO [2/5] 671420663 (audio)
2026-10-07 18:16:41,905 INFO [3/5] 671421349 (audio)
2026-10-07 18:17:05,212 INFO [4/5] 671422296 (audio)
2026-10-07 18:17:22,453 INFO [5/5] 671424333 (audio)
2026-10-07 18:17:41,802 INFO == Curso: Beginner Course 21 False Eye  -> Beginner Course 21 False Eye  (2 videos de clips, 7 sobrantes omitidos)
2026-10-07 18:17:41,803 INFO [1/2] 718281372 (audio)
2026-10-07 18:18:04,843 INFO [2/2] 718285154 (audio)
2026-10-07 18:18:51,595 INFO == Curso: Beginner Course 17 Opening On 13x13 Board  -> Beginner Course 17 Opening On 13x13 Board  (2 videos de clips, 3 sobrantes omitidos)
2026-10-07 18:18:51,596 INFO [1/2] 706133349 (audio)
2026-10-07 18:19:32,740 INFO [2/2] 706136428 (audio)
2026-10-07 18:19:59,484 INFO == Curso: Hit The Head Of Two Stones! 2  -> Hit The Head Of Two Stones! 2  (4 videos de clips, 5 sobrantes omitidos)
2026-10-07 18:19:59,485 INFO [1/4] 602532644 (audio)
2026-10-07 18:20:22,493 INFO [2/4] 602535417 (audio)
2026-10-07 18:20:34,744 INFO [3/4] 602536476 (audio)
2026-10-07 18:20:48,244 INFO [4/4] 602539067 (audio)
2026-10-07 18:21:07,420 INFO == Curso: Forbidden Moves - Play This Move, If You Want To Lose Game!  -> Forbidden Moves - Play This Move, If You Want To Lose Game!  (4 videos de clips, 27 sobrantes omitidos)
2026-10-07 18:21:07,422 INFO [1/4] 581521101 (audio)
2026-10-07 18:21:15,623 INFO [2/4] 581523909 (audio)
2026-10-07 18:21:44,784 INFO [3/4] 581526334 (audio)
2026-10-07 18:22:22,870 INFO [4/4] 581527687 (audio)
2026-10-07 18:22:44,611 INFO == Curso: The Best Reduction Timing   -> The Best Reduction Timing  (3 videos de clips, 9 sobrantes omitidos)
2026-10-07 18:22:44,613 INFO [1/3] 688024030 (audio)
2026-10-07 18:22:52,586 INFO [2/3] 688029696 (audio)
2026-10-07 18:23:20,992 INFO [3/3] 688034362 (audio)
2026-10-07 18:23:50,842 INFO == Curso: The Art of the Cut: Working with Clamps and Wedges  -> The Art of the Cut_ Working with Clamps and Wedges  (2 videos de clips)
2026-10-07 18:23:50,842 INFO [1/2] 1206599116 (audio)
2026-10-07 18:24:10,147 INFO [2/2] 1206106812 (audio)
2026-10-07 18:24:35,357 INFO == Curso: Unforgettable Endgame Tesuji  -> Unforgettable Endgame Tesuji  (3 videos de clips, 2 sobrantes omitidos)
2026-10-07 18:24:35,370 INFO [1/3] 967206461 (audio)
2026-10-07 18:24:45,447 INFO [2/3] 967214134 (audio)
2026-10-07 18:25:12,505 INFO [3/3] 967221905 (audio)
2026-10-07 18:25:35,047 INFO == Curso: Tengen and Yeonwoo's Tragic Mistake!  -> Tengen and Yeonwoo's Tragic Mistake!  (2 videos de clips, 1 sobrantes omitidos)
2026-10-07 18:25:35,048 INFO [1/2] 955900574 (audio)
2026-10-07 18:26:03,581 INFO [2/2] 955903589 (audio)
2026-10-07 18:26:25,319 INFO == Curso: When do you Tenuki?  -> When do you Tenuki_  (3 videos de clips, 6 sobrantes omitidos)
2026-10-07 18:26:25,320 INFO [1/3] 1000445659 (audio)
2026-10-07 18:26:34,765 INFO [2/3] 1000448465 (audio)
2026-10-07 18:27:00,047 INFO [3/3] 1000450554 (audio)
2026-10-07 18:27:27,995 INFO == Curso: What Happens If White Invades In Your Corner?  -> What Happens If White Invades In Your Corner_  (2 videos de clips, 11 sobrantes omitidos)
2026-10-07 18:27:27,995 INFO [1/2] 816494798 (audio)
2026-10-07 18:28:06,074 INFO [2/2] 816496694 (audio)
2026-10-07 18:28:38,418 INFO == Curso: Corner Is Destroyed With This Move  -> Corner Is Destroyed With This Move  (2 videos de clips, 3 sobrantes omitidos)
2026-10-07 18:28:38,418 INFO [1/2] 829828195 (audio)
2026-10-07 18:29:08,398 INFO [2/2] 829829740 (audio)
2026-10-07 18:29:29,437 INFO == Curso: Must know connection technique 4 - Knight's move & Diagonal move  -> Must know connection technique 4 - Knight's move & Diagonal move  (4 videos de clips)
2026-10-07 18:29:29,438 INFO [1/4] 544186892 (audio)
2026-10-07 18:29:58,131 INFO [2/4] 544186893 (audio)
2026-10-07 18:30:17,729 INFO [3/4] 544186891 (audio)
2026-10-07 18:30:38,195 INFO [4/4] 544186890 (audio)
2026-10-07 18:30:56,432 INFO == Curso: New course  -> New course [luwirvB0TxmtvSNuFoxh]  (1 videos de clips)
2026-10-07 18:30:56,433 INFO [1/1] 880742412 (audio)
2026-10-07 18:31:49,980 INFO == Curso: Typical Mistake In Jeong-Seok  -> Typical Mistake In Jeong-Seok  (3 videos de clips, 8 sobrantes omitidos)
2026-10-07 18:31:49,982 INFO [1/3] 841629671 (audio)
2026-10-07 18:32:05,689 INFO [2/3] 841629930 (audio)
2026-10-07 18:32:16,652 INFO [3/3] 841630151 (audio)
2026-10-07 18:32:27,940 INFO == Curso: The hidden truth of Jeong-Seock 3  -> The hidden truth of Jeong-Seock 3  (6 videos de clips)
2026-10-07 18:32:27,941 INFO [1/6] 523807078 (audio)
2026-10-07 18:32:37,817 INFO [2/6] 523807075 (audio)
2026-10-07 18:32:49,493 INFO [3/6] 523807074 (audio)
2026-10-07 18:33:10,013 INFO [4/6] 523807076 (audio)
2026-10-07 18:33:21,311 INFO [5/6] 523807073 (audio)
2026-10-07 18:33:31,806 INFO [6/6] 523807079 (audio)
2026-10-07 18:33:45,747 INFO == Curso: Attacking Opponent's Weak Points 1  -> Attacking Opponent's Weak Points 1  (3 videos de clips, 2 sobrantes omitidos)
2026-10-07 18:33:45,748 INFO [1/3] 757165669 (audio)
2026-10-07 18:34:18,979 INFO [2/3] 757168453 (audio)
2026-10-07 18:34:52,548 INFO [3/3] 757171015 (audio)
2026-10-07 18:35:17,956 INFO == Curso: Beginner Course 11 Attacking Skill 1  -> Beginner Course 11 Attacking Skill 1  (4 videos de clips, 11 sobrantes omitidos)
2026-10-07 18:35:17,957 INFO [1/4] 692510004 (audio)
2026-10-07 18:35:25,490 INFO [2/4] 692511545 (audio)
2026-10-07 18:35:47,720 INFO [3/4] 692512966 (audio)
2026-10-07 18:36:13,542 INFO [4/4] 692514459 (audio)
2026-10-07 18:36:35,648 INFO == Curso: Tesuji In THE ACTUAL GAME 1  -> Tesuji In THE ACTUAL GAME 1  (3 videos de clips, 4 sobrantes omitidos)
2026-10-07 18:36:35,649 INFO [1/3] 764006020 (audio)
2026-10-07 18:36:57,584 INFO [2/3] 764007223 (audio)
2026-10-07 18:37:18,985 INFO [3/3] 764008243 (audio)
2026-10-07 18:37:41,469 INFO == Curso: Never Lose Capturing race 1-4  -> Never Lose Capturing race 1-4  (4 videos de clips)
2026-10-07 18:37:41,470 INFO [1/4] 541060470 (audio)
2026-10-07 18:37:56,665 INFO [2/4] 541060472 (audio)
2026-10-07 18:38:16,330 INFO [3/4] 541060473 (audio)
2026-10-07 18:38:33,669 INFO [4/4] 541060471 (audio)
2026-10-07 18:38:52,246 INFO == Curso: Punish Overplay  -> Punish Overplay  (4 videos de clips, 6 sobrantes omitidos)
2026-10-07 18:38:52,246 INFO [1/4] 742956854 (audio)
2026-10-07 18:39:01,708 INFO [2/4] 742958384 (audio)
2026-10-07 18:39:20,809 INFO [3/4] 742959952 (audio)
2026-10-07 18:39:36,609 INFO [4/4] 742962292 (audio)
2026-10-07 18:40:09,458 INFO == Curso: Must Know Endgame 2 - Cut, Attachment  -> Must Know Endgame 2 - Cut, Attachment  (3 videos de clips, 11 sobrantes omitidos)
2026-10-07 18:40:09,459 INFO [1/3] 777590217 (audio)
2026-10-07 18:40:19,015 INFO [2/3] 777591689 (audio)
2026-10-07 18:40:59,975 INFO [3/3] 777593426 (audio)
2026-10-07 18:41:38,051 INFO == Curso: 50 Moves Opening Like a Pro 1  -> 50 Moves Opening Like a Pro 1  (5 videos de clips, 15 sobrantes omitidos)
2026-10-07 18:41:38,053 INFO [1/5] 597776471 (audio)
2026-10-07 18:41:47,985 INFO [2/5] 597782753 (audio)
2026-10-07 18:42:27,680 INFO [3/5] 597787482 (audio)
2026-10-07 18:43:17,701 INFO [4/5] 597791725 (audio)
2026-10-07 18:43:23,997 WARNING 597791725 [audio] intento 1/3 fallo: ERROR: [vimeo] 597791725: Unable to download webpage: HTTP Error 503: Service Unavailable (caused by <HTTPError 503: Service Unavailable>)
2026-10-07 18:44:05,912 INFO [5/5] 597797008 (audio)
2026-10-07 18:44:59,259 INFO == Curso: The Basics of the Bent Four  -> The Basics of the Bent Four  (4 videos de clips, 2 sobrantes omitidos)
2026-10-07 18:44:59,260 INFO [1/4] 1228344665 (audio)
2026-10-07 18:45:07,212 INFO [2/4] 1228345286 (audio)
2026-10-07 18:45:21,680 INFO [3/4] 1228346201 (audio)
2026-10-07 18:45:42,311 INFO [4/4] 1228347042 (audio)
2026-10-07 18:45:53,899 INFO == Curso: This invasion is so annoying!!  -> This invasion is so annoying!!  (4 videos de clips, 2 sobrantes omitidos)
2026-10-07 18:45:53,900 INFO [1/4] 888187035 (audio)
2026-10-07 18:46:01,992 INFO [2/4] 888187189 (audio)
2026-10-07 18:46:12,962 INFO [3/4] 888188184 (audio)
2026-10-07 18:46:28,536 INFO [4/4] 888188410 (audio)
2026-10-07 18:46:44,347 INFO == Curso: How to Trick   -> How to Trick  (3 videos de clips, 9 sobrantes omitidos)
2026-10-07 18:46:44,348 INFO [1/3] 1027129588 (audio)
2026-10-07 18:46:54,446 INFO [2/3] 1027130793 (audio)
2026-10-07 18:47:16,115 INFO [3/3] 1027131927 (audio)
2026-10-07 18:47:34,639 INFO == Curso: Trick Move Lecture 2  -> Trick Move Lecture 2  (4 videos de clips, 2 sobrantes omitidos)
2026-10-07 18:47:34,640 INFO [1/4] 643402383 (audio)
2026-10-07 18:47:43,989 INFO [2/4] 643404397 (audio)
2026-10-07 18:48:12,134 INFO [3/4] 643407895 (audio)
2026-10-07 18:48:37,911 INFO [4/4] 643409603 (audio)
2026-10-07 18:49:17,481 INFO == Curso: Beginner Course 15 Weak Points In Territory 1  -> Beginner Course 15 Weak Points In Territory 1  (3 videos de clips)
2026-10-07 18:49:17,482 INFO [1/3] 702544057 (audio)
2026-10-07 18:49:44,121 INFO [2/3] 702545056 (audio)
2026-10-07 18:50:04,649 INFO [3/3] 702545689 (audio)
2026-10-07 18:50:21,453 INFO == Curso: Avoid Repeating Errors  -> Avoid Repeating Errors  (3 videos de clips, 13 sobrantes omitidos)
2026-10-07 18:50:21,454 INFO [1/3] 1081739071 (audio)
2026-10-07 18:50:31,757 INFO [2/3] 1081740648 (audio)
2026-10-07 18:50:48,392 INFO [3/3] 1081741838 (audio)
2026-10-07 18:51:06,592 INFO == Curso: Beginner Course 26 3-4 Corner Pattern   -> Beginner Course 26 3-4 Corner Pattern  (2 videos de clips, 2 sobrantes omitidos)
2026-10-07 18:51:06,593 INFO [1/2] 729592903 (audio)
2026-10-07 18:51:28,078 INFO [2/2] 729595091 (audio)
2026-10-07 18:52:03,976 INFO == Curso: Tesuji sacrificing  -> Tesuji sacrificing  (1 videos de clips)
2026-10-07 18:52:03,976 INFO [1/1] 565186969 (audio)
2026-10-07 18:53:39,310 INFO == Curso: Magic of the corner 2  -> Magic of the corner 2  (6 videos de clips)
2026-10-07 18:53:39,311 INFO [1/6] 524291847 (audio)
2026-10-07 18:53:56,542 INFO [2/6] 524291848 (audio)
2026-10-07 18:54:18,160 INFO [3/6] 524291851 (audio)
2026-10-07 18:54:38,286 INFO [4/6] 524291852 (audio)
2026-10-07 18:55:00,112 INFO [5/6] 524291850 (audio)
2026-10-07 18:55:17,019 INFO [6/6] 524291849 (audio)
2026-10-07 18:55:38,703 INFO == Curso: Tips for sacrificing & having a good shape   -> Tips for sacrificing & having a good shape  (4 videos de clips, 4 sobrantes omitidos)
2026-10-07 18:55:38,704 INFO [1/4] 666438943 (audio)
2026-10-07 18:55:51,214 INFO [2/4] 666439920 (audio)
2026-10-07 18:56:16,290 INFO [3/4] 666441402 (audio)
2026-10-07 18:56:36,130 INFO [4/4] 666442273 (audio)
2026-10-07 18:56:59,457 INFO == Curso: Must know connection technique 2 - Bamboo Joint & Hane  -> Must know connection technique 2 - Bamboo Joint & Hane  (4 videos de clips)
2026-10-07 18:56:59,457 INFO [1/4] 544186783 (audio)
2026-10-07 18:57:16,251 INFO [2/4] 544186784 (audio)
2026-10-07 18:57:31,812 INFO [3/4] 544186785 (audio)
2026-10-07 18:57:46,387 INFO [4/4] 544186786 (audio)
2026-10-07 18:58:12,433 INFO == Curso: How To Play The AI Way?  -> How To Play The AI Way_  (4 videos de clips, 16 sobrantes omitidos)
2026-10-07 18:58:12,434 INFO [1/4] 767554822 (audio)
2026-10-07 18:58:23,081 INFO [2/4] 767557796 (audio)
2026-10-07 18:59:07,279 INFO [3/4] 767558892 (audio)
2026-10-07 18:59:43,557 INFO [4/4] 767561452 (audio)
2026-10-07 19:00:03,137 INFO == Curso: How to play good attacking & Haengma?  -> How to play good attacking & Haengma_  (2 videos de clips, 7 sobrantes omitidos)
2026-10-07 19:00:03,138 INFO [1/2] 810475684 (audio)
2026-10-07 19:00:45,708 INFO [2/2] 810477607 (audio)
2026-10-07 19:01:17,495 INFO == Curso: How to attack in middle game  -> How to attack in middle game  (3 videos de clips, 2 sobrantes omitidos)
2026-10-07 19:01:17,496 INFO [1/3] 946401898 (audio)
2026-10-07 19:01:25,666 INFO [2/3] 946403871 (audio)
2026-10-07 19:01:50,747 INFO [3/3] 946438048 (audio)
2026-10-07 19:02:10,657 INFO == Curso: Awesome Baduk Tournament Game Reviews - Right Continuation   -> Awesome Baduk Tournament Game Reviews - Right Continuation  (3 videos de clips, 5 sobrantes omitidos)
2026-10-07 19:02:10,658 INFO [1/3] 884195883 (audio)
2026-10-07 19:02:22,095 INFO [2/3] 884200110 (audio)
2026-10-07 19:02:43,643 INFO [3/3] 884213216 (audio)
2026-10-07 19:03:10,034 INFO == Curso: Capturing Skill 1  -> Capturing Skill 1  (2 videos de clips, 1 sobrantes omitidos)
2026-10-07 19:03:10,035 INFO [1/2] 766459574 (audio)
2026-10-07 19:03:34,518 INFO [2/2] 766464146 (audio)
2026-10-07 19:04:28,555 INFO == Curso: Invasion among the 3-3 jeong-seok!   -> Invasion among the 3-3 jeong-seok!  (3 videos de clips, 2 sobrantes omitidos)
2026-10-07 19:04:28,556 INFO [1/3] 1002986442 (audio)
2026-10-07 19:04:41,565 INFO [2/3] 1002987414 (audio)
2026-10-07 19:05:01,153 INFO [3/3] 1002989094 (audio)
2026-10-07 19:05:21,367 INFO == Curso: Respond  -> Respond  (3 videos de clips)
2026-10-07 19:05:21,368 INFO [1/3] 1208617283 (audio)
2026-10-07 19:05:29,877 INFO [2/3] 1208617704 (audio)
2026-10-07 19:05:43,265 INFO [3/3] 1208618817 (audio)
2026-10-07 19:06:05,314 INFO == Curso: Make the corner perfect!  -> Make the corner perfect!  (1 videos de clips)
2026-10-07 19:06:05,315 INFO [1/1] 552746805 (audio)
2026-10-07 19:06:40,220 INFO == Curso: Gang-Dongyoon vs FanTingyu 2022 Nongsim cup  -> Gang-Dongyoon vs FanTingyu 2022 Nongsim cup  (4 videos de clips, 2 sobrantes omitidos)
2026-10-07 19:06:40,221 INFO [1/4] 761831261 (audio)
2026-10-07 19:07:09,034 INFO [2/4] 761833374 (audio)
2026-10-07 19:07:37,601 INFO [3/4] 761835399 (audio)
2026-10-07 19:08:02,793 INFO [4/4] 761837954 (audio)
2026-10-07 19:08:27,295 INFO == Curso: Approach & Respoons For 4-5 Point  -> Approach & Respoons For 4-5 Point  (3 videos de clips, 4 sobrantes omitidos)
2026-10-07 19:08:27,296 INFO [1/3] 922255017 (audio)
2026-10-07 19:08:39,230 INFO [2/3] 922257131 (audio)
2026-10-07 19:09:03,691 INFO [3/3] 922262604 (audio)
2026-10-07 19:09:27,370 INFO == Curso: "Let's master the one-space pincer!" 1  -> _Let's master the one-space pincer!_ 1  (3 videos de clips, 5 sobrantes omitidos)
2026-10-07 19:09:27,371 INFO [1/3] 1077815787 (audio)
2026-10-07 19:09:37,878 INFO [2/3] 1078528164 (audio)
2026-10-07 19:10:14,039 INFO [3/3] 1078534230 (audio)
2026-10-07 19:10:44,063 INFO == Curso: More it goes, more it gets?  -> More it goes, more it gets_  (4 videos de clips, 1 sobrantes omitidos)
2026-10-07 19:10:44,064 INFO [1/4] 826722302 (audio)
2026-10-07 19:10:54,029 INFO [2/4] 826723795 (audio)
2026-10-07 19:11:27,331 INFO [3/4] 826725299 (audio)
2026-10-07 19:11:52,177 INFO [4/4] 826725903 (audio)
2026-10-07 19:12:18,547 INFO == Curso: The Best Decisions In The 50 Moves  -> The Best Decisions In The 50 Moves  (3 videos de clips, 5 sobrantes omitidos)
2026-10-07 19:12:18,548 INFO [1/3] 793806452 (audio)
2026-10-07 19:12:26,672 INFO [2/3] 793808103 (audio)
2026-10-07 19:13:05,627 INFO [3/3] 793809362 (audio)
2026-10-07 19:13:44,048 INFO == Curso: Must Know Endgame  - Sacrifice & Using Aji   -> Must Know Endgame - Sacrifice & Using Aji  (3 videos de clips, 5 sobrantes omitidos)
2026-10-07 19:13:44,049 INFO [1/3] 567408887 (audio)
2026-10-07 19:14:13,546 INFO [2/3] 567414379 (audio)
2026-10-07 19:15:00,047 INFO [3/3] 567415507 (audio)
2026-10-07 19:15:19,160 INFO == Curso: Beginner Course 1 Basic Rules   -> Beginner Course 1 Basic Rules  (2 videos de clips, 11 sobrantes omitidos)
2026-10-07 19:15:19,161 INFO [1/2] 684644000 (audio)
2026-10-07 19:15:44,585 INFO [2/2] 684659549 (audio)
2026-10-07 19:16:18,762 INFO == Curso: These Days Pincer Jeong-Seok    -> These Days Pincer Jeong-Seok  (3 videos de clips, 2 sobrantes omitidos)
2026-10-07 19:16:18,762 INFO [1/3] 852086224 (audio)
2026-10-07 19:16:37,374 INFO [2/3] 852087601 (audio)
2026-10-07 19:17:05,582 INFO [3/3] 852245142 (audio)
2026-10-07 19:17:19,244 INFO == Curso: Proper variations after Joseki  -> Proper variations after Joseki  (3 videos de clips, 5 sobrantes omitidos)
2026-10-07 19:17:19,245 INFO [1/3] 1057597613 (audio)
2026-10-07 19:17:28,612 INFO [2/3] 1057602207 (audio)
2026-10-07 19:17:48,955 INFO [3/3] 1057604044 (audio)
2026-10-07 19:18:08,576 INFO == Curso: Side Invasion - Depends on Ladder  -> Side Invasion - Depends on Ladder  (4 videos de clips, 19 sobrantes omitidos)
2026-10-07 19:18:08,577 INFO [1/4] 659888349 (audio)
2026-10-07 19:18:17,279 INFO [2/4] 659890135 (audio)
2026-10-07 19:18:39,508 INFO [3/4] 659892062 (audio)
2026-10-07 19:19:02,656 INFO [4/4] 659893669 (audio)
2026-10-07 19:19:33,129 INFO == Curso: Love Cosmic Style? - Takemiya's Natural Style  -> Love Cosmic Style_ - Takemiya's Natural Style  (5 videos de clips, 8 sobrantes omitidos)
2026-10-07 19:19:33,131 INFO [1/5] 584466067 (audio)
2026-10-07 19:19:45,929 INFO [2/5] 584470273 (audio)
2026-10-07 19:20:48,566 INFO [3/5] 584471775 (audio)
2026-10-07 19:21:32,540 INFO [4/5] 584473024 (audio)
2026-10-07 19:21:56,219 INFO [5/5] 584473537 (audio)
2026-10-07 19:22:11,528 INFO == Curso: How to Secure  -> How to Secure  (3 videos de clips, 4 sobrantes omitidos)
2026-10-07 19:22:11,529 INFO [1/3] 1036707141 (audio)
2026-10-07 19:22:19,859 INFO [2/3] 1036710236 (audio)
2026-10-07 19:22:43,004 INFO [3/3] 1036711988 (audio)
2026-10-07 19:23:12,004 INFO == Curso: The upper attachment 2  -> The upper attachment 2  (7 videos de clips, 1 sobrantes omitidos)
2026-10-07 19:23:12,005 INFO [1/7] 1164543368 (audio)
2026-10-07 19:23:24,346 INFO [2/7] 1164543339 (audio)
2026-10-07 19:23:34,884 INFO [3/7] 1164543312 (audio)
2026-10-07 19:23:46,114 INFO [4/7] 1164543289 (audio)
2026-10-07 19:23:55,571 INFO [5/7] 1164543271 (audio)
2026-10-07 19:24:04,357 INFO [6/7] 1164543241 (audio)
2026-10-07 19:24:17,668 INFO [7/7] 1164543219 (audio)
2026-10-07 19:24:27,057 INFO == Curso: After Jeong-Seock 3 - 4.4 point   -> After Jeong-Seock 3 - 4.4 point  (5 videos de clips)
2026-10-07 19:24:27,058 INFO [1/5] 524312119 (audio)
2026-10-07 19:24:38,353 INFO [2/5] 524312118 (audio)
2026-10-07 19:24:58,990 INFO [3/5] 524312122 (audio)
2026-10-07 19:25:22,101 INFO [4/5] 524312120 (audio)
2026-10-07 19:25:36,467 INFO [5/5] 524312123 (audio)
2026-10-07 19:25:48,651 INFO == Curso: Typical Mistakes In The Actual Game 4   -> Typical Mistakes In The Actual Game 4  (3 videos de clips, 12 sobrantes omitidos)
2026-10-07 19:25:48,652 INFO [1/3] 825842043 (audio)
2026-10-07 19:26:19,966 INFO [2/3] 825843251 (audio)
2026-10-07 19:26:34,239 INFO [3/3] 825845353 (audio)
2026-10-07 19:27:04,181 INFO == Curso: All About The L-Shape 1 - Basic & One Leg  -> All About The L-Shape 1 - Basic & One Leg  (5 videos de clips, 14 sobrantes omitidos)
2026-10-07 19:27:04,182 INFO [1/5] 573567195 (audio)
2026-10-07 19:27:16,386 INFO [2/5] 573568920 (audio)
2026-10-07 19:27:45,144 INFO [3/5] 573569608 (audio)
2026-10-07 19:28:00,181 INFO [4/5] 573570604 (audio)
2026-10-07 19:28:20,652 INFO [5/5] 573571648 (audio)
2026-10-07 19:28:52,896 INFO == Curso: My Typical Mistakes 1  -> My Typical Mistakes 1  (5 videos de clips, 23 sobrantes omitidos)
2026-10-07 19:28:52,897 INFO [1/5] 594143913 (audio)
2026-10-07 19:29:01,070 INFO [2/5] 594147747 (audio)
2026-10-07 19:29:39,904 INFO [3/5] 594151391 (audio)
2026-10-07 19:30:14,168 INFO [4/5] 594153287 (audio)
2026-10-07 19:30:28,805 INFO [5/5] 594156537 (audio)
2026-10-07 19:31:02,576 INFO == Curso: How to Stabilize Center Group  -> How to Stabilize Center Group  (3 videos de clips, 10 sobrantes omitidos)
2026-10-07 19:31:02,577 INFO [1/3] 1149852995 (audio)
2026-10-07 19:31:17,608 INFO [2/3] 1149854451 (audio)
2026-10-07 19:31:24,778 WARNING 1149854451 [audio] intento 1/3 fallo: ERROR: unable to download video data: HTTP Error 503: Backend unavailable, connection timeout
2026-10-07 19:31:37,739 INFO [3/3] 1149855396 (audio)
2026-10-07 19:31:58,105 INFO == Curso: Let's master 3-3 invasion during Jeong-seok 1  -> Let's master 3-3 invasion during Jeong-seok 1  (2 videos de clips)
2026-10-07 19:31:58,105 INFO [1/2] 519564071 (audio)
2026-10-07 19:32:34,709 INFO [2/2] 519564073 (audio)
2026-10-07 19:33:00,253 INFO == Curso: Large Knight’s Move enclosure-2  -> Large Knight’s Move enclosure-2  (4 videos de clips, 3 sobrantes omitidos)
2026-10-07 19:33:00,254 INFO [1/4] 1110698158 (audio)
2026-10-07 19:33:08,027 INFO [2/4] 1110698720 (audio)
2026-10-07 19:33:24,507 INFO [3/4] 1110699370 (audio)
2026-10-07 19:33:41,308 INFO [4/4] 1110699921 (audio)
2026-10-07 19:33:52,754 INFO == Curso: Old joseki-2  -> Old joseki-2  (3 videos de clips, 2 sobrantes omitidos)
2026-10-07 19:33:52,754 INFO [1/3] 1182124155 (audio)
2026-10-07 19:34:02,133 INFO [2/3] 1182124730 (audio)
2026-10-07 19:34:19,204 INFO [3/3] 1182125583 (audio)
2026-10-07 19:34:41,976 INFO == Curso: The Cross Cut   -> The Cross Cut  (8 videos de clips)
2026-10-07 19:34:41,977 INFO [1/8] 1203157277 (audio)
2026-10-07 19:34:52,793 INFO [2/8] 1203157638 (audio)
2026-10-07 19:35:02,664 INFO [3/8] 1203157896 (audio)
2026-10-07 19:35:10,982 INFO [4/8] 1203158181 (audio)
2026-10-07 19:35:25,764 INFO [5/8] 1203158734 (audio)
2026-10-07 19:35:33,943 INFO [6/8] 1203159105 (audio)
2026-10-07 19:35:46,741 INFO [7/8] 1203159561 (audio)
2026-10-07 19:35:59,095 INFO [8/8] 1203160223 (audio)
2026-10-07 19:36:08,307 INFO == Curso: How do you continue?  -> How do you continue_  (3 videos de clips, 8 sobrantes omitidos)
2026-10-07 19:36:08,308 INFO [1/3] 867023352 (audio)
2026-10-07 19:36:17,697 INFO [2/3] 867024317 (audio)
2026-10-07 19:36:35,531 INFO [3/3] 867026354 (audio)
2026-10-07 19:36:55,585 INFO == Curso: Make or Break Shape!  -> Make or Break Shape!  (11 videos de clips, 4 sobrantes omitidos)
2026-10-07 19:36:55,586 INFO [1/11] 627444106 (audio)
2026-10-07 19:37:04,313 INFO [2/11] 627449695 (audio)
2026-10-07 19:37:33,603 INFO [3/11] 627453197 (audio)
2026-10-07 19:37:58,332 INFO [4/11] 627456559 (audio)
2026-10-07 19:38:23,081 INFO [5/11] 627458237 (audio)
2026-10-07 19:38:37,570 INFO [6/11] 627460094 (audio)
2026-10-07 19:38:53,380 INFO [7/11] 627463038 (audio)
2026-10-07 19:39:16,838 INFO [8/11] 627466136 (audio)
2026-10-07 19:39:38,172 INFO [9/11] 627469294 (audio)
2026-10-07 19:40:04,219 INFO [10/11] 627470809 (audio)
2026-10-07 19:40:17,736 INFO [11/11] 627474603 (audio)
2026-10-07 19:40:38,219 INFO == Curso: How to Securely Win a Winning Game  -> How to Securely Win a Winning Game  (3 videos de clips)
2026-10-07 19:40:38,220 INFO [1/3] 1039618363 (audio)
2026-10-07 19:41:07,453 INFO [2/3] 1039619005 (audio)
2026-10-07 19:41:22,472 INFO [3/3] 1039620193 (audio)
2026-10-07 19:41:41,216 INFO == Curso: Practical Life&Death Problems In The Actual Game 1  -> Practical Life&Death Problems In The Actual Game 1  (3 videos de clips, 5 sobrantes omitidos)
2026-10-07 19:41:41,217 INFO [1/3] 568097550 (audio)
2026-10-07 19:41:50,738 INFO [2/3] 568102042 (audio)
2026-10-07 19:42:42,422 INFO [3/3] 568107720 (audio)
2026-10-07 19:44:01,028 INFO == Curso: Double Wings? No!!  -> Double Wings_ No!!  (4 videos de clips, 9 sobrantes omitidos)
2026-10-07 19:44:01,029 INFO [1/4] 848993436 (audio)
2026-10-07 19:44:10,994 INFO [2/4] 848994353 (audio)
2026-10-07 19:44:26,648 INFO [3/4] 848995423 (audio)
2026-10-07 19:44:38,204 INFO [4/4] 848995924 (audio)
2026-10-07 19:44:48,511 INFO == Curso: Let's Master Monster Jeong-seok   -> Let's Master Monster Jeong-seok  (5 videos de clips, 8 sobrantes omitidos)
2026-10-07 19:44:48,511 INFO [1/5] 615142146 (audio)
2026-10-07 19:44:57,469 INFO [2/5] 615146569 (audio)
2026-10-07 19:45:28,398 INFO [3/5] 615150453 (audio)
2026-10-07 19:45:49,302 INFO [4/5] 615158540 (audio)
2026-10-07 19:46:26,683 INFO [5/5] 615894151 (audio)
2026-10-07 19:46:45,362 INFO == Curso: Shin Jinseo vs KataGo: Game 3   -> Shin Jinseo vs KataGo_ Game 3  (1 videos de clips)
2026-10-07 19:46:45,363 INFO [1/1] 1211993740 (audio)
2026-10-07 19:47:23,586 INFO == Curso: Stone Bada VS Baby Pig Nongsim Cup Final  -> Stone Bada VS Baby Pig Nongsim Cup Final  (3 videos de clips, 10 sobrantes omitidos)
2026-10-07 19:47:23,587 INFO [1/3] 833053149 (audio)
2026-10-07 19:47:36,174 INFO [2/3] 833054982 (audio)
2026-10-07 19:48:09,833 INFO [3/3] 833056018 (audio)
2026-10-07 19:48:40,089 INFO == Curso: Chunlan Cup Best 16 - Byeon Sang Il 9p VS Gu Zihao 9p  -> Chunlan Cup Best 16 - Byeon Sang Il 9p VS Gu Zihao 9p  (3 videos de clips, 12 sobrantes omitidos)
2026-10-07 19:48:40,090 INFO [1/3] 697646498 (audio)
2026-10-07 19:48:51,751 INFO [2/3] 697649795 (audio)
2026-10-07 19:49:52,988 INFO [3/3] 697651153 (audio)
2026-10-07 19:50:30,645 INFO == Curso: Point review! Awesome Baduk Tournament   -> Point review! Awesome Baduk Tournament  (3 videos de clips, 3 sobrantes omitidos)
2026-10-07 19:50:30,657 INFO [1/3] 807575582 (audio)
2026-10-07 19:50:42,723 INFO [2/3] 807582158 (audio)
2026-10-07 19:51:39,379 INFO [3/3] 807586964 (audio)
2026-10-07 19:52:17,991 INFO == Curso: Right response against invasion  -> Right response against invasion  (3 videos de clips, 6 sobrantes omitidos)
2026-10-07 19:52:17,992 INFO [1/3] 812958299 (audio)
2026-10-07 19:52:28,834 INFO [2/3] 812964589 (audio)
2026-10-07 19:53:00,038 INFO [3/3] 812967165 (audio)
2026-10-07 19:53:30,150 INFO == Curso: After Jeong-Seock (Joseki) - 4.4 point 1-4   -> After Jeong-Seock (Joseki) - 4.4 point 1-4  (3 videos de clips)
2026-10-07 19:53:30,152 INFO [1/3] 524304435 (audio)
2026-10-07 19:53:38,390 INFO [2/3] 524304434 (audio)
2026-10-07 19:54:00,814 INFO [3/3] 524304433 (audio)
2026-10-07 19:54:21,571 INFO == Curso: The Art of the Split  -> The Art of the Split  (3 videos de clips, 1 sobrantes omitidos)
2026-10-07 19:54:21,572 INFO [1/3] 1223899463 (audio)
2026-10-07 19:54:28,505 INFO [2/3] 1223900352 (audio)
2026-10-07 19:54:48,026 INFO [3/3] 1223901649 (audio)
2026-10-07 19:55:15,602 INFO == Curso: How to maintain my lead?  -> How to maintain my lead_  (3 videos de clips, 11 sobrantes omitidos)
2026-10-07 19:55:15,603 INFO [1/3] 792637367 (audio)
2026-10-07 19:55:24,523 INFO [2/3] 792642075 (audio)
2026-10-07 19:55:52,627 INFO [3/3] 792645567 (audio)
2026-10-07 19:56:20,792 INFO == Curso: Beginner Course 27 19x19 Review 1  -> Beginner Course 27 19x19 Review 1  (3 videos de clips, 1 sobrantes omitidos)
2026-10-07 19:56:20,793 INFO [1/3] 731674914 (audio)
2026-10-07 19:56:29,875 INFO [2/3] 731677986 (audio)
2026-10-07 19:57:10,961 INFO [3/3] 731682376 (audio)
2026-10-07 19:57:54,435 INFO == Curso: Do you like this Joseki? I do  -> Do you like this Joseki_ I do  (3 videos de clips, 1 sobrantes omitidos)
2026-10-07 19:57:54,436 INFO [1/3] 1111078158 (audio)
2026-10-07 19:58:04,785 INFO [2/3] 1111079569 (audio)
2026-10-07 19:58:26,347 INFO [3/3] 1111081529 (audio)
2026-10-07 19:58:52,553 INFO == Curso: Trick Move Lecture 1  -> Trick Move Lecture 1  (4 videos de clips, 10 sobrantes omitidos)
2026-10-07 19:58:52,554 INFO [1/4] 641879640 (audio)
2026-10-07 19:59:01,737 INFO [2/4] 641885085 (audio)
2026-10-07 19:59:43,442 INFO [3/4] 641889397 (audio)
2026-10-07 20:00:25,452 INFO [4/4] 641893658 (audio)
2026-10-07 20:00:59,175 INFO == Curso: Attack Direction  -> Attack Direction  (4 videos de clips, 12 sobrantes omitidos)
2026-10-07 20:00:59,176 INFO [1/4] 772736779 (audio)
2026-10-07 20:01:08,067 INFO [2/4] 772739043 (audio)
2026-10-07 20:01:48,293 INFO [3/4] 772740634 (audio)
2026-10-07 20:02:23,835 INFO [4/4] 772742836 (audio)
2026-10-07 20:02:43,356 INFO == Curso: Those Moves Appear In Every Game 2 - One Space Jump Or Knight's Move  -> Those Moves Appear In Every Game 2 - One Space Jump Or Knight's Move  (2 videos de clips, 4 sobrantes omitidos)
2026-10-07 20:02:43,357 INFO [1/2] 564997775 (audio)
2026-10-07 20:03:12,793 INFO [2/2] 565194950 (audio)
2026-10-07 20:03:58,953 INFO == Curso: which side should you block?  -> which side should you block_  (3 videos de clips, 5 sobrantes omitidos)
2026-10-07 20:03:58,954 INFO [1/3] 1143663959 (audio)
2026-10-07 20:04:09,566 INFO [2/3] 1144037003 (audio)
2026-10-07 20:04:30,785 INFO [3/3] 1144037756 (audio)
2026-10-07 20:04:56,721 INFO == Curso: Typical mistakes 5  -> Typical mistakes 5  (3 videos de clips, 2 sobrantes omitidos)
2026-10-07 20:04:56,722 INFO [1/3] 1097449164 (audio)
2026-10-07 20:05:05,679 INFO [2/3] 1097451564 (audio)
2026-10-07 20:05:40,896 INFO [3/3] 1097453395 (audio)
2026-10-07 20:06:14,927 INFO == Curso: Game Review - 1st Fujitsu Cup Final  -> Game Review - 1st Fujitsu Cup Final  (3 videos de clips, 8 sobrantes omitidos)
2026-10-07 20:06:14,928 INFO [1/3] 837567668 (audio)
2026-10-07 20:06:29,101 INFO [2/3] 837570496 (audio)
2026-10-07 20:07:03,966 INFO [3/3] 837573530 (audio)
2026-10-07 20:07:29,336 INFO == Curso: Must know connection technique 1-4  -> Must know connection technique 1-4  (5 videos de clips)
2026-10-07 20:07:29,337 INFO [1/5] 543902767 (audio)
2026-10-07 20:07:41,271 INFO [2/5] 543902771 (audio)
2026-10-07 20:08:08,572 INFO [3/5] 543902768 (audio)
2026-10-07 20:08:36,380 INFO [4/5] 543902769 (audio)
2026-10-07 20:08:51,967 INFO [5/5] 543902770 (audio)
2026-10-07 20:09:08,842 INFO == Curso: Breakout Haeng-ma 1 - Escape (Sabaki)  -> Breakout Haeng-ma 1 - Escape (Sabaki)  (2 videos de clips, 6 sobrantes omitidos)
2026-10-07 20:09:08,854 INFO [1/2] 578837965 (audio)
2026-10-07 20:09:36,402 INFO [2/2] 578840027 (audio)
2026-10-07 20:10:10,087 INFO == Curso: Important Tips for Joseki  -> Important Tips for Joseki  (3 videos de clips, 12 sobrantes omitidos)
2026-10-07 20:10:10,087 INFO [1/3] 699351866 (audio)
2026-10-07 20:10:18,969 INFO [2/3] 699356893 (audio)
2026-10-07 20:11:06,880 INFO [3/3] 699358512 (audio)
2026-10-07 20:11:33,080 INFO == Curso: Right continuation  -> Right continuation  (3 videos de clips, 9 sobrantes omitidos)
2026-10-07 20:11:33,081 INFO [1/3] 828752056 (audio)
2026-10-07 20:11:44,943 INFO [2/3] 828753173 (audio)
2026-10-07 20:12:23,730 INFO [3/3] 828754397 (audio)
2026-10-07 20:13:04,703 INFO == Curso: New 3-3 A.I Jeong-seok!  -> New 3-3 A.I Jeong-seok!  (4 videos de clips, 3 sobrantes omitidos)
2026-10-07 20:13:04,704 INFO [1/4] 862805849 (audio)
2026-10-07 20:13:15,270 INFO [2/4] 862806040 (audio)
2026-10-07 20:13:25,627 INFO [3/4] 862806304 (audio)
2026-10-07 20:13:39,953 INFO [4/4] 862806704 (audio)
2026-10-07 20:13:54,871 INFO == Curso: Connection In The Actual Game 1  -> Connection In The Actual Game 1  (4 videos de clips, 3 sobrantes omitidos)
2026-10-07 20:13:54,872 INFO [1/4] 754564986 (audio)
2026-10-07 20:14:03,604 INFO [2/4] 754566788 (audio)
2026-10-07 20:14:28,183 INFO [3/4] 754568443 (audio)
2026-10-07 20:15:05,550 INFO [4/4] 754569580 (audio)
2026-10-07 20:15:33,673 INFO == Curso: Tips For Making Great Shapes 1.   -> Tips For Making Great Shapes 1  (3 videos de clips, 1 sobrantes omitidos)
2026-10-07 20:15:33,674 INFO [1/3] 577952905 (audio)
2026-10-07 20:15:42,465 INFO [2/3] 577955972 (audio)
2026-10-07 20:16:19,703 INFO [3/3] 577958605 (audio)
2026-10-07 20:16:45,716 INFO == Curso: Finding Vital Points 1  -> Finding Vital Points 1  (1 videos de clips, 2 sobrantes omitidos)
2026-10-07 20:16:45,717 INFO [1/1] 577972942 (audio)
2026-10-07 20:17:44,921 INFO == Curso: Essential Tesuji 1 Knight's Move  -> Essential Tesuji 1 Knight's Move  (3 videos de clips, 7 sobrantes omitidos)
2026-10-07 20:17:44,923 INFO [1/3] 563532161 (audio)
2026-10-07 20:17:56,225 INFO [2/3] 563535900 (audio)
2026-10-07 20:18:37,165 INFO [3/3] 563538598 (audio)
2026-10-07 20:19:14,474 INFO == Curso: Right response in the opening  -> Right response in the opening  (3 videos de clips, 4 sobrantes omitidos)
2026-10-07 20:19:14,475 INFO [1/3] 1077300747 (audio)
2026-10-07 20:19:25,365 INFO [2/3] 1077302132 (audio)
2026-10-07 20:19:42,189 INFO [3/3] 1077304413 (audio)
2026-10-07 20:20:12,442 INFO == Curso: Is knight's approach always right?  -> Is knight's approach always right_  (4 videos de clips, 13 sobrantes omitidos)
2026-10-07 20:20:12,443 INFO [1/4] 799109059 (audio)
2026-10-07 20:20:20,635 INFO [2/4] 799113109 (audio)
2026-10-07 20:20:52,452 INFO [3/4] 799116090 (audio)
2026-10-07 20:21:37,195 INFO [4/4] 799117183 (audio)
2026-10-07 20:21:47,962 INFO == Curso: "Let's master the one-space pincer!" 3  -> _Let's master the one-space pincer!_ 3  (4 videos de clips)
2026-10-07 20:21:47,964 INFO [1/4] 1133316848 (audio)
2026-10-07 20:21:57,287 INFO [2/4] 1133331822 (audio)
2026-10-07 20:22:09,239 INFO [3/4] 1133332479 (audio)
2026-10-07 20:22:26,087 INFO [4/4] 1133333721 (audio)
2026-10-07 20:22:59,220 INFO == Curso: Can you save this big dragon?  -> Can you save this big dragon_  (5 videos de clips, 2 sobrantes omitidos)
2026-10-07 20:22:59,220 INFO [1/5] 813131254 (audio)
2026-10-07 20:23:08,303 INFO [2/5] 813133594 (audio)
2026-10-07 20:23:30,967 INFO [3/5] 813135338 (audio)
2026-10-07 20:23:53,543 INFO [4/5] 813136185 (audio)
2026-10-07 20:24:10,339 INFO [5/5] 813137664 (audio)
2026-10-07 20:24:37,924 INFO == Curso: Attack Skills To Beat Rivals  -> Attack Skills To Beat Rivals  (4 videos de clips, 7 sobrantes omitidos)
2026-10-07 20:24:37,925 INFO [1/4] 723959833 (audio)
2026-10-07 20:24:46,531 INFO [2/4] 723961190 (audio)
2026-10-07 20:25:16,714 INFO [3/4] 723961700 (audio)
2026-10-07 20:25:34,231 INFO [4/4] 723962455 (audio)
2026-10-07 20:25:53,215 INFO == Curso: Which direction should I go?  - Potential  1-4  -> Which direction should I go_ - Potential 1-4  (2 videos de clips)
2026-10-07 20:25:53,215 INFO [1/2] 559584484 (audio)
2026-10-07 20:26:02,030 INFO [2/2] 559584485 (audio)
2026-10-07 20:26:58,582 INFO == Curso: Those Moves Appear In Every Game - Haeng ma 1-4  -> Those Moves Appear In Every Game - Haeng ma 1-4  (4 videos de clips, 5 sobrantes omitidos)
2026-10-07 20:26:58,583 INFO [1/4] 564992080 (audio)
2026-10-07 20:27:08,187 INFO [2/4] 564993156 (audio)
2026-10-07 20:27:32,727 INFO [3/4] 564994548 (audio)
2026-10-07 20:27:55,301 INFO [4/4] 564995344 (audio)
2026-10-07 20:28:17,307 INFO == Curso: Ask before Denfence!  -> Ask before Denfence!  (3 videos de clips, 1 sobrantes omitidos)
2026-10-07 20:28:17,309 INFO [1/3] 912180407 (audio)
2026-10-07 20:28:31,259 INFO [2/3] 912181635 (audio)
2026-10-07 20:28:58,202 INFO [3/3] 912182529 (audio)
2026-10-07 20:29:18,613 INFO == Curso: Veteran gives a lesson to a rookie!!   -> Veteran gives a lesson to a rookie!!  (4 videos de clips, 2 sobrantes omitidos)
2026-10-07 20:29:18,613 INFO [1/4] 817573837 (audio)
2026-10-07 20:29:31,106 INFO [2/4] 817576154 (audio)
2026-10-07 20:30:02,186 INFO [3/4] 817578302 (audio)
2026-10-07 20:30:27,755 INFO [4/4] 817580744 (audio)
2026-10-07 20:31:02,146 INFO == Curso: Aren't These The Same Hane? - Best Tips For Against Hane!  -> Aren't These The Same Hane_ - Best Tips For Against Hane!  (5 videos de clips, 8 sobrantes omitidos)
2026-10-07 20:31:02,147 INFO [1/5] 650588287 (audio)
2026-10-07 20:31:11,450 INFO [2/5] 650590326 (audio)
2026-10-07 20:31:50,983 INFO [3/5] 650591138 (audio)
2026-10-07 20:32:08,723 INFO [4/5] 650592190 (audio)
2026-10-07 20:32:37,313 INFO [5/5] 650593777 (audio)
2026-10-07 20:32:55,994 INFO == Curso: Two-Space Enclosure  -> Two-Space Enclosure  (6 videos de clips)
2026-10-07 20:32:55,994 INFO [1/6] 560793601 (audio)
2026-10-07 20:33:06,180 INFO [2/6] 560793603 (audio)
2026-10-07 20:33:23,483 INFO [3/6] 560793605 (audio)
2026-10-07 20:33:47,140 INFO [4/6] 560793604 (audio)
2026-10-07 20:34:17,677 INFO [5/6] 560793602 (audio)
2026-10-07 20:34:56,035 INFO [6/6] 560793600 (audio)
2026-10-07 20:35:08,537 INFO == Curso: The fierce 3.3 invasion  -> The fierce 3.3 invasion  (7 videos de clips, 1 sobrantes omitidos)
2026-10-07 20:35:08,538 INFO [1/7] 1191554835 (audio)
2026-10-07 20:35:19,754 INFO [2/7] 1191556107 (audio)
2026-10-07 20:35:30,472 INFO [3/7] 1191558862 (audio)
2026-10-07 20:35:47,206 INFO [4/7] 1191560771 (audio)
2026-10-07 20:35:58,321 INFO [5/7] 1191562085 (audio)
2026-10-07 20:36:12,672 INFO [6/7] 1191562402 (audio)
2026-10-07 20:36:21,355 INFO [7/7] 1191562987 (audio)
2026-10-07 20:36:33,566 INFO == Curso:  This Endgame appears 100%  -> This Endgame appears 100%  (3 videos de clips, 4 sobrantes omitidos)
2026-10-07 20:36:33,567 INFO [1/3] 873229930 (audio)
2026-10-07 20:36:42,378 INFO [2/3] 873231641 (audio)
2026-10-07 20:37:04,493 INFO [3/3] 873233005 (audio)
2026-10-07 20:37:24,727 INFO == Curso: Fake Blocking VS Real Blocking  -> Fake Blocking VS Real Blocking  (5 videos de clips, 8 sobrantes omitidos)
2026-10-07 20:37:24,728 INFO [1/5] 704817224 (audio)
2026-10-07 20:37:33,589 INFO [2/5] 704818155 (audio)
2026-10-07 20:37:54,238 INFO [3/5] 704818700 (audio)
2026-10-07 20:38:13,025 INFO [4/5] 704819186 (audio)
2026-10-07 20:38:33,295 INFO [5/5] 704819705 (audio)
2026-10-07 20:38:50,764 INFO == Curso: Tricky Invasion and Responses  -> Tricky Invasion and Responses  (3 videos de clips, 1 sobrantes omitidos)
2026-10-07 20:38:50,765 INFO [1/3] 1128953299 (audio)
2026-10-07 20:39:00,146 INFO [2/3] 1128955239 (audio)
2026-10-07 20:39:29,190 INFO [3/3] 1128956890 (audio)
2026-10-07 20:39:57,304 INFO == Curso: Beginner Course 19 Review On 13x13 Board  -> Beginner Course 19 Review On 13x13 Board  (3 videos de clips, 1 sobrantes omitidos)
2026-10-07 20:39:57,305 INFO [1/3] 711186638 (audio)
2026-10-07 20:40:37,414 INFO [2/3] 711188996 (audio)
2026-10-07 20:41:07,525 INFO [3/3] 711206313 (audio)
2026-10-07 20:41:28,007 INFO == Curso: Side Fighting  -> Side Fighting  (4 videos de clips, 17 sobrantes omitidos)
2026-10-07 20:41:28,009 INFO [1/4] 660887491 (audio)
2026-10-07 20:41:36,379 INFO [2/4] 660892105 (audio)
2026-10-07 20:42:05,094 INFO [3/4] 660894608 (audio)
2026-10-07 20:42:25,578 INFO [4/4] 660896574 (audio)
2026-10-07 20:43:05,436 INFO == Curso: NongSim Cup Final Game - Shin Jin Seo 9p VS Guzu Hao  -> NongSim Cup Final Game - Shin Jin Seo 9p VS Guzu Hao  (4 videos de clips, 3 sobrantes omitidos)
2026-10-07 20:43:05,437 INFO [1/4] 803362872 (audio)
2026-10-07 20:43:18,922 INFO [2/4] 803365409 (audio)
2026-10-07 20:44:06,709 INFO [3/4] 803367619 (audio)
2026-10-07 20:44:46,547 INFO [4/4] 803369909 (audio)
2026-10-07 20:45:31,008 INFO == Curso: Choosing the Right Extension  -> Choosing the Right Extension  (3 videos de clips)
2026-10-07 20:45:31,009 INFO [1/3] 1199859834 (audio)
2026-10-07 20:45:40,137 INFO [2/3] 1199861871 (audio)
2026-10-07 20:46:10,520 INFO [3/3] 1199863928 (audio)
2026-10-07 20:46:42,238 INFO == Curso: How To Break Knight's Move Enclosure  -> How To Break Knight's Move Enclosure  (2 videos de clips, 4 sobrantes omitidos)
2026-10-07 20:46:42,240 INFO [1/2] 582497785 (audio)
2026-10-07 20:47:02,774 INFO [2/2] 582502073 (audio)
2026-10-07 20:47:45,156 INFO == Curso: Good Tenuki vs Bad Tenuki 1  -> Good Tenuki vs Bad Tenuki 1  (3 videos de clips, 3 sobrantes omitidos)
2026-10-07 20:47:45,157 INFO [1/3] 592038420 (audio)
2026-10-07 20:47:54,147 INFO [2/3] 592043535 (audio)
2026-10-07 20:48:36,102 INFO [3/3] 592048851 (audio)
2026-10-07 20:49:05,610 INFO == Curso: 27. GS Caltex Cup - Shin Jin Seo 9p VS An Seong Jun 9p  -> 27. GS Caltex Cup - Shin Jin Seo 9p VS An Seong Jun 9p  (3 videos de clips, 8 sobrantes omitidos)
2026-10-07 20:49:05,611 INFO [1/3] 728378350 (audio)
2026-10-07 20:49:16,435 INFO [2/3] 728380252 (audio)
2026-10-07 20:50:01,855 INFO [3/3] 728382904 (audio)
2026-10-07 20:51:06,331 INFO == Curso: Beginner Course 23 Mutual Life (Seki)  -> Beginner Course 23 Mutual Life (Seki)  (3 videos de clips, 2 sobrantes omitidos)
2026-10-07 20:51:06,333 INFO [1/3] 722928638 (audio)
2026-10-07 20:51:14,203 INFO [2/3] 722932188 (audio)
2026-10-07 20:51:40,363 INFO [3/3] 722936088 (audio)
2026-10-07 20:52:06,487 INFO == Curso: Champion vs Rising Star Choi-Jung vs Kim-Enji  -> Champion vs Rising Star Choi-Jung vs Kim-Enji  (2 videos de clips, 3 sobrantes omitidos)
2026-10-07 20:52:06,488 INFO [1/2] 783272093 (audio)
2026-10-07 20:52:57,755 INFO [2/2] 783274455 (audio)
2026-10-07 20:53:25,589 INFO == Curso: Right Choice at  New Joseki  -> Right Choice at New Joseki  (3 videos de clips, 10 sobrantes omitidos)
2026-10-07 20:53:25,591 INFO [1/3] 857738021 (audio)
2026-10-07 20:53:37,931 INFO [2/3] 857739958 (audio)
2026-10-07 20:53:58,945 INFO [3/3] 857741218 (audio)
2026-10-07 20:54:18,560 INFO Terminado. Fallos: 11. Manifest: out\manifest.json
2026-10-07 22:31:46,318 INFO lessons.json: 452 curso(s)
2026-10-07 22:31:46,331 INFO == Curso: How to Escape? How?  -> How to Escape_ How_  (3 videos de clips)
2026-10-07 22:31:46,332 INFO [1/3] 893284210 (audio)
2026-10-07 22:31:46,345 INFO [2/3] 893285403 (audio)
2026-10-07 22:31:46,358 INFO [3/3] 893286382 (audio)
2026-10-07 22:31:46,373 INFO == Curso: Winning Way In The Most Important Moment  -> Winning Way In The Most Important Moment  (3 videos de clips, 3 sobrantes omitidos)
2026-10-07 22:31:46,373 INFO [1/3] 749549754 (audio)
2026-10-07 22:31:46,386 INFO [2/3] 749556741 (audio)
2026-10-07 22:31:46,400 INFO [3/3] 749560073 (audio)
2026-10-07 22:31:46,416 INFO == Curso: Which way?  -> Which way_  (4 videos de clips, 1 sobrantes omitidos)
2026-10-07 22:31:46,417 INFO [1/4] 936885646 (audio)
2026-10-07 22:31:46,430 INFO [2/4] 936885967 (audio)
2026-10-07 22:31:46,443 INFO [3/4] 936886347 (audio)
2026-10-07 22:31:46,456 INFO [4/4] 936886735 (audio)
2026-10-07 22:31:46,471 INFO == Curso: Beginner Course 3 Forbidden Place  -> Beginner Course 3 Forbidden Place  (2 videos de clips, 1 sobrantes omitidos)
2026-10-07 22:31:46,471 INFO [1/2] 685134987 (audio)
2026-10-07 22:31:46,485 INFO [2/2] 685135902 (audio)
2026-10-07 22:31:46,501 INFO == Curso: Reduction Skill & Timing  -> Reduction Skill & Timing  (3 videos de clips)
2026-10-07 22:31:46,501 INFO [1/3] 807224090 (audio)
2026-10-07 22:31:46,514 INFO [2/3] 807224578 (audio)
2026-10-07 22:31:46,527 INFO [3/3] 807225098 (audio)
2026-10-07 22:31:46,543 INFO == Curso: How to Defense 3-3 Invasion?  -> How to Defense 3-3 Invasion_  (2 videos de clips, 1 sobrantes omitidos)
2026-10-07 22:31:46,543 INFO [1/2] 910013947 (audio)
2026-10-07 22:31:46,556 INFO [2/2] 910015338 (audio)
2026-10-07 22:31:46,571 INFO == Curso: The upper attachment  -> The upper attachment  (2 videos de clips, 3 sobrantes omitidos)
2026-10-07 22:31:46,571 INFO [1/2] 1144114171 (audio)
2026-10-07 22:31:46,585 INFO [2/2] 1144114710 (audio)
2026-10-07 22:31:46,600 INFO == Curso: New course  -> New course  (2 videos de clips, 1 sobrantes omitidos)
2026-10-07 22:31:46,600 INFO [1/2] 1072152550 (audio)
2026-10-07 22:31:46,613 INFO [2/2] 1072153110 (audio)
2026-10-07 22:31:46,629 INFO == Curso: Beginner Course 4 Ko Rule  -> Beginner Course 4 Ko Rule  (2 videos de clips, 5 sobrantes omitidos)
2026-10-07 22:31:46,629 INFO [1/2] 686651003 (audio)
2026-10-07 22:31:46,642 INFO [2/2] 686704658 (audio)
2026-10-07 22:31:46,662 INFO == Curso: Reduce Territory  -> Reduce Territory  (3 videos de clips, 2 sobrantes omitidos)
2026-10-07 22:31:46,663 INFO [1/3] 1099221923 (audio)
2026-10-07 22:31:46,678 INFO [2/3] 1099222589 (audio)
2026-10-07 22:31:46,691 INFO [3/3] 1099223049 (audio)
2026-10-07 22:31:46,706 INFO == Curso: Fighting Skills -  Catch After Threat  -> Fighting Skills - Catch After Threat  (4 videos de clips, 8 sobrantes omitidos)
2026-10-07 22:31:46,706 INFO [1/4] 575290242 (audio)
2026-10-07 22:31:46,719 INFO [2/4] 575292747 (audio)
2026-10-07 22:31:46,732 INFO [3/4] 575294285 (audio)
2026-10-07 22:31:46,745 INFO [4/4] 575296463 (audio)
2026-10-07 22:31:46,761 INFO == Curso: Is This Invasion Or Reduction? - Attach! If you don't know..  -> Is This Invasion Or Reduction_ - Attach! If you don't know  (5 videos de clips, 23 sobrantes omitidos)
2026-10-07 22:31:46,761 INFO [1/5] 589240396 (audio)
2026-10-07 22:31:46,773 INFO [2/5] 589245708 (audio)
2026-10-07 22:31:46,787 INFO [3/5] 589248095 (audio)
2026-10-07 22:31:46,799 INFO [4/5] 589251889 (audio)
2026-10-07 22:31:46,813 INFO [5/5] 589254501 (audio)
2026-10-07 22:31:46,828 INFO == Curso: Important stones vs Useless stones  -> Important stones vs Useless stones  (4 videos de clips)
2026-10-07 22:31:46,829 INFO [1/4] 545959984 (audio)
2026-10-07 22:31:46,841 INFO [2/4] 545959981 (audio)
2026-10-07 22:31:46,854 INFO [3/4] 545959983 (audio)
2026-10-07 22:31:46,868 INFO [4/4] 545959982 (audio)
2026-10-07 22:31:46,883 INFO == Curso: Punishment  -> Punishment  (3 videos de clips, 8 sobrantes omitidos)
2026-10-07 22:31:46,883 INFO [1/3] 906212721 (audio)
2026-10-07 22:31:46,898 INFO [2/3] 906581128 (audio)
2026-10-07 22:31:46,912 INFO [3/3] 906582139 (audio)
2026-10-07 22:31:46,927 INFO == Curso: Alumni meet at the Final   -> Alumni meet at the Final  (3 videos de clips, 3 sobrantes omitidos)
2026-10-07 22:31:46,927 INFO [1/3] 803849426 (audio)
2026-10-07 22:31:46,940 INFO [2/3] 803855409 (audio)
2026-10-07 22:31:46,952 INFO [3/3] 803861849 (audio)
2026-10-07 22:31:46,967 INFO == Curso: My Typical Mistakes 3  -> My Typical Mistakes 3  (4 videos de clips, 10 sobrantes omitidos)
2026-10-07 22:31:46,968 INFO [1/4] 743726802 (audio)
2026-10-07 22:31:46,980 INFO [2/4] 743729067 (audio)
2026-10-07 22:31:46,993 INFO [3/4] 743730200 (audio)
2026-10-07 22:31:47,005 INFO [4/4] 743732737 (audio)
2026-10-07 22:31:47,021 INFO == Curso: LG CUP FINAL REVIEW 4 BIG DRAGON FIGHTING  -> LG CUP FINAL REVIEW 4 BIG DRAGON FIGHTING  (4 videos de clips, 8 sobrantes omitidos)
2026-10-07 22:31:47,021 INFO [1/4] 678027162 (audio)
2026-10-07 22:31:47,034 INFO [2/4] 678030294 (audio)
2026-10-07 22:31:47,047 INFO [3/4] 678032518 (audio)
2026-10-07 22:31:47,060 INFO [4/4] 678036249 (audio)
2026-10-07 22:31:47,075 INFO == Curso: Mastering Connections Can Make You Stronger  -> Mastering Connections Can Make You Stronger  (2 videos de clips)
2026-10-07 22:31:47,075 INFO [1/2] 1083531052 (audio)
2026-10-07 22:31:47,088 INFO [2/2] 1083533543 (audio)
2026-10-07 22:31:47,103 INFO == Curso: Unforgettable Mistake  -> Unforgettable Mistake  (3 videos de clips, 2 sobrantes omitidos)
2026-10-07 22:31:47,103 INFO [1/3] 951801559 (audio)
2026-10-07 22:31:47,116 INFO [2/3] 951802228 (audio)
2026-10-07 22:31:47,129 INFO [3/3] 951802656 (audio)
2026-10-07 22:31:47,144 INFO == Curso: What is this move?  -> What is this move_  (6 videos de clips, 1 sobrantes omitidos)
2026-10-07 22:31:47,144 INFO [1/6] 820930958 (audio)
2026-10-07 22:31:47,156 INFO [2/6] 820932237 (audio)
2026-10-07 22:31:47,169 INFO [3/6] 820933729 (audio)
2026-10-07 22:31:47,182 INFO [4/6] 820936703 (audio)
2026-10-07 22:31:47,195 INFO [5/6] 820938896 (audio)
2026-10-07 22:31:47,208 INFO [6/6] 820940004 (audio)
2026-10-07 22:31:47,224 INFO == Curso: Potential Judgement Between Corner & Side  -> Potential Judgement Between Corner & Side  (2 videos de clips, 1 sobrantes omitidos)
2026-10-07 22:31:47,224 INFO [1/2] 1062014199 (audio)
2026-10-07 22:31:47,237 INFO [2/2] 1062016301 (audio)
2026-10-07 22:31:47,252 INFO == Curso: "Let's master the one-space pincer!" 2  -> _Let's master the one-space pincer!_ 2  (3 videos de clips, 1 sobrantes omitidos)
2026-10-07 22:31:47,252 INFO [1/3] 1087519010 (audio)
2026-10-07 22:31:47,265 INFO [2/3] 1087519247 (audio)
2026-10-07 22:31:47,278 INFO [3/3] 1087520439 (audio)
2026-10-07 22:31:47,294 INFO == Curso: How To Punish Thin Shapes In Go  -> How To Punish Thin Shapes In Go  (2 videos de clips)
2026-10-07 22:31:47,295 INFO [1/2] 1142392286 (audio)
2026-10-07 22:31:47,307 INFO [2/2] 1142394852 (audio)
2026-10-07 22:31:47,322 INFO == Curso: Let`s study End game-2  -> Let`s study End game-2  (2 videos de clips, 5 sobrantes omitidos)
2026-10-07 22:31:47,323 INFO [1/2] 1190455047 (audio)
2026-10-07 22:31:47,336 INFO [2/2] 1190458147 (audio)
2026-10-07 22:31:47,352 INFO == Curso: Corner & Side's Secret Rule - Side 6/8   -> Corner & Side's Secret Rule - Side 6_8  (3 videos de clips, 9 sobrantes omitidos)
2026-10-07 22:31:47,352 INFO [1/3] 587114978 (audio)
2026-10-07 22:31:47,365 INFO [2/3] 587116318 (audio)
2026-10-07 22:31:47,378 INFO [3/3] 587117500 (audio)
2026-10-07 22:31:47,394 INFO == Curso: Test  -> Test  (1 videos de clips)
2026-10-07 22:31:47,394 INFO [1/1] 905192838 (audio)
2026-10-07 22:31:47,410 INFO == Curso: Nongsim cup legendary match Lee-ChangHo vs Wangsi   -> Nongsim cup legendary match Lee-ChangHo vs Wangsi  (3 videos de clips, 17 sobrantes omitidos)
2026-10-07 22:31:47,410 INFO [1/3] 800047916 (audio)
2026-10-07 22:31:47,424 INFO [2/3] 800048634 (audio)
2026-10-07 22:31:47,440 INFO [3/3] 800050165 (audio)
2026-10-07 22:31:47,456 INFO == Curso: How can you ensure a victory when you are in the lead?  -> How can you ensure a victory when you are in the lead_  (3 videos de clips, 7 sobrantes omitidos)
2026-10-07 22:31:47,456 INFO [1/3] 1041852247 (audio)
2026-10-07 22:31:47,468 INFO [2/3] 1041852869 (audio)
2026-10-07 22:31:47,482 INFO [3/3] 1041863867 (audio)
2026-10-07 22:31:47,498 INFO == Curso: Best Reduction Timing  -> Best Reduction Timing  (4 videos de clips, 3 sobrantes omitidos)
2026-10-07 22:31:47,499 INFO [1/4] 680240950 (audio)
2026-10-07 22:31:47,512 INFO [2/4] 680244627 (audio)
2026-10-07 22:31:47,526 INFO [3/4] 680245952 (audio)
2026-10-07 22:31:47,539 INFO [4/4] 680248309 (audio)
2026-10-07 22:31:47,555 INFO == Curso: How do you handle vulnerable groups?  -> How do you handle vulnerable groups_  (3 videos de clips, 6 sobrantes omitidos)
2026-10-07 22:31:47,555 INFO [1/3] 950891696 (audio)
2026-10-07 22:31:47,568 INFO [2/3] 950892945 (audio)
2026-10-07 22:31:47,581 INFO [3/3] 950895409 (audio)
2026-10-07 22:31:47,598 INFO == Curso: Escape -  Practical Attachment & Cut  -> Escape - Practical Attachment & Cut  (4 videos de clips, 11 sobrantes omitidos)
2026-10-07 22:31:47,598 INFO [1/4] 679442030 (audio)
2026-10-07 22:31:47,612 INFO [2/4] 679444677 (audio)
2026-10-07 22:31:47,625 INFO [3/4] 679445358 (audio)
2026-10-07 22:31:47,638 INFO [4/4] 679446802 (audio)
2026-10-07 22:31:47,655 INFO == Curso: 20th Meijin Final, Game 5 - Cosmic Style vs Subway Style  -> 20th Meijin Final, Game 5 - Cosmic Style vs Subway Style  (3 videos de clips, 16 sobrantes omitidos)
2026-10-07 22:31:47,655 INFO [1/3] 839748836 (audio)
2026-10-07 22:31:47,672 INFO [2/3] 839753489 (audio)
2026-10-07 22:31:47,691 INFO [3/3] 839757536 (audio)
2026-10-07 22:31:47,712 INFO == Curso: Must Know Endgame 2 - Sacrifice 1 / Using Aji 2  -> Must Know Endgame 2 - Sacrifice 1 _ Using Aji 2  (3 videos de clips, 2 sobrantes omitidos)
2026-10-07 22:31:47,713 INFO [1/3] 567418551 (audio)
2026-10-07 22:31:47,728 INFO [2/3] 567420266 (audio)
2026-10-07 22:31:47,742 INFO [3/3] 567422059 (audio)
2026-10-07 22:31:47,759 INFO == Curso: 3-3 joseki variation! (kosumi attachment)  -> 3-3 joseki variation! (kosumi attachment)  (3 videos de clips, 2 sobrantes omitidos)
2026-10-07 22:31:47,759 INFO [1/3] 1053278600 (audio)
2026-10-07 22:31:47,774 INFO [2/3] 1053279100 (audio)
2026-10-07 22:31:47,787 INFO [3/3] 1053279769 (audio)
2026-10-07 22:31:47,804 INFO == Curso: Beginner Course 28 19X19 Review 2  -> Beginner Course 28 19X19 Review 2  (2 videos de clips, 3 sobrantes omitidos)
2026-10-07 22:31:47,804 INFO [1/2] 733872018 (audio)
2026-10-07 22:31:47,818 INFO [2/2] 733875699 (audio)
2026-10-07 22:31:47,835 INFO == Curso: After Joseki  -> After Joseki  (3 videos de clips)
2026-10-07 22:31:47,835 INFO [1/3] 1059182373 (audio)
2026-10-07 22:31:47,850 INFO [2/3] 1059183280 (audio)
2026-10-07 22:31:47,868 INFO [3/3] 1059184129 (audio)
2026-10-07 22:31:47,885 INFO == Curso: Hane VS Nobi   -> Hane VS Nobi  (4 videos de clips, 10 sobrantes omitidos)
2026-10-07 22:31:47,886 INFO [1/4] 734704960 (audio)
2026-10-07 22:31:47,900 INFO [2/4] 734709440 (audio)
2026-10-07 22:31:47,915 INFO [3/4] 734713256 (audio)
2026-10-07 22:31:47,932 INFO [4/4] 734715504 (audio)
2026-10-07 22:31:47,948 INFO == Curso: Counting Liberties  - Increase 2  -> Counting Liberties - Increase 2  (4 videos de clips)
2026-10-07 22:31:47,949 INFO [1/4] 562692579 (audio)
2026-10-07 22:31:47,961 INFO [2/4] 562692611 (audio)
2026-10-07 22:31:47,974 INFO [3/4] 562692641 (audio)
2026-10-07 22:31:47,987 INFO [4/4] 562692666 (audio)
2026-10-07 22:31:48,003 INFO == Curso: Chunlan Cup Best 8 - Shin Jin Seo 9p VS Ke Jie 9p  -> Chunlan Cup Best 8 - Shin Jin Seo 9p VS Ke Jie 9p  (3 videos de clips, 16 sobrantes omitidos)
2026-10-07 22:31:48,003 INFO [1/3] 783880209 (audio)
2026-10-07 22:31:48,016 INFO [2/3] 783885604 (audio)
2026-10-07 22:31:48,030 INFO [3/3] 783889528 (audio)
2026-10-07 22:31:48,046 INFO == Curso: Capturing race- One Eye vs No Eye  -> Capturing race- One Eye vs No Eye  (3 videos de clips, 4 sobrantes omitidos)
2026-10-07 22:31:48,046 INFO [1/3] 1207793746 (audio)
2026-10-07 22:31:48,060 INFO [2/3] 1207797692 (audio)
2026-10-07 22:31:48,072 INFO [3/3] 1207800910 (audio)
2026-10-07 22:31:48,088 INFO == Curso: How to attack with a night's move  -> How to attack with a night's move  (4 videos de clips, 2 sobrantes omitidos)
2026-10-07 22:31:48,088 INFO [1/4] 1175858356 (audio)
2026-10-07 22:31:48,101 INFO [2/4] 1175858727 (audio)
2026-10-07 22:31:48,114 INFO [3/4] 1175860675 (audio)
2026-10-07 22:31:48,127 INFO [4/4] 1175861535 (audio)
2026-10-07 22:31:48,142 INFO == Curso: 4 corner patterns you must know to be 9kyu 3  -> 4 corner patterns you must know to be 9kyu 3  (2 videos de clips)
2026-10-07 22:31:48,142 INFO [1/2] 511890770 (audio)
2026-10-07 22:31:48,154 INFO [2/2] 511890771 (audio)
2026-10-07 22:31:48,170 INFO == Curso: 3 Tips For Making Good Extension  -> 3 Tips For Making Good Extension  (3 videos de clips, 2 sobrantes omitidos)
2026-10-07 22:31:48,170 INFO [1/3] 585374409 (audio)
2026-10-07 22:31:48,183 INFO [2/3] 585379783 (audio)
2026-10-07 22:31:48,196 INFO [3/3] 585384087 (audio)
2026-10-07 22:31:48,211 INFO == Curso: AI's Favorite Move - Shoulder Hit  -> AI's Favorite Move - Shoulder Hit  (6 videos de clips, 9 sobrantes omitidos)
2026-10-07 22:31:48,211 INFO [1/6] 633765692 (audio)
2026-10-07 22:31:48,224 INFO [2/6] 633775178 (audio)
2026-10-07 22:31:48,239 INFO [3/6] 633779613 (audio)
2026-10-07 22:31:48,252 INFO [4/6] 633781679 (audio)
2026-10-07 22:31:48,265 INFO [5/6] 633788388 (audio)
2026-10-07 22:31:48,278 INFO [6/6] 633790974 (audio)
2026-10-07 22:31:48,293 INFO == Curso: How to invade  -> How to invade  (3 videos de clips, 2 sobrantes omitidos)
2026-10-07 22:31:48,294 INFO [1/3] 923678600 (audio)
2026-10-07 22:31:48,307 INFO [2/3] 923682740 (audio)
2026-10-07 22:31:48,320 INFO [3/3] 923684719 (audio)
2026-10-07 22:31:48,337 INFO == Curso: Who can ends his Winning race?  -> Who can ends his Winning race_  (3 videos de clips, 1 sobrantes omitidos)
2026-10-07 22:31:48,338 INFO [1/3] 834998610 (audio)
2026-10-07 22:31:48,351 INFO [2/3] 834999433 (audio)
2026-10-07 22:31:48,365 INFO [3/3] 835000271 (audio)
2026-10-07 22:31:48,380 INFO == Curso: Choosing the perfect Jeong-Seock 4  -> Choosing the perfect Jeong-Seock 4  (4 videos de clips)
2026-10-07 22:31:48,381 INFO [1/4] 524325398 (audio)
2026-10-07 22:31:48,394 INFO [2/4] 524325397 (audio)
2026-10-07 22:31:48,407 INFO [3/4] 524325399 (audio)
2026-10-07 22:31:48,420 INFO [4/4] 524325396 (audio)
2026-10-07 22:31:48,435 INFO == Curso: New course  -> New course [6lCBz6XlfanKZ4CPp4kg]  (1 videos de clips, 8 sobrantes omitidos)
2026-10-07 22:31:48,435 INFO [1/1] 1072562125 (audio)
2026-10-07 22:31:48,496 INFO == Curso: A Gentle Erosion In The Endgame  -> A Gentle Erosion In The Endgame  (3 videos de clips, 5 sobrantes omitidos)
2026-10-07 22:31:48,496 INFO [1/3] 1189162084 (audio)
2026-10-07 22:31:48,510 INFO [2/3] 1189165071 (audio)
2026-10-07 22:31:48,524 INFO [3/3] 1189170179 (audio)
2026-10-07 22:31:48,539 INFO == Curso: Side Fighting Skill 1  -> Side Fighting Skill 1  (5 videos de clips, 10 sobrantes omitidos)
2026-10-07 22:31:48,540 INFO [1/5] 595142032 (audio)
2026-10-07 22:31:48,553 INFO [2/5] 595154625 (audio)
2026-10-07 22:31:48,566 INFO [3/5] 595156543 (audio)
2026-10-07 22:31:48,579 INFO [4/5] 595158205 (audio)
2026-10-07 22:31:48,597 INFO [5/5] 595165848 (audio)
2026-10-07 22:31:48,613 INFO == Curso: Large Knight’s Move enclosure-1  -> Large Knight’s Move enclosure-1  (3 videos de clips, 1 sobrantes omitidos)
2026-10-07 22:31:48,613 INFO [1/3] 1091518826 (audio)
2026-10-07 22:31:48,626 INFO [2/3] 1091519088 (audio)
2026-10-07 22:31:48,639 INFO [3/3] 1091520040 (audio)
2026-10-07 22:31:48,653 INFO == Curso: Bad Aji in the Endgame  -> Bad Aji in the Endgame  (3 videos de clips, 8 sobrantes omitidos)
2026-10-07 22:31:48,654 INFO [1/3] 1171373616 (audio)
2026-10-07 22:31:48,672 INFO [2/3] 1171375279 (audio)
2026-10-07 22:31:48,691 INFO [3/3] 1171376164 (audio)
2026-10-07 22:31:48,708 INFO == Curso: One of the Greatest Games: A Perfect Calculation of Central InfluenceㅣShin-Jinseo vs Dang-Yifei  -> One of the Greatest Games_ A Perfect Calculation of Central InfluenceㅣShin-Jinseo vs Dang-Yifei  (3 videos de clips, 1 sobrantes omitidos)
2026-10-07 22:31:48,709 INFO [1/3] 1094043361 (audio)
2026-10-07 22:31:48,722 INFO [2/3] 1094045164 (audio)
2026-10-07 22:31:48,734 INFO [3/3] 1094046839 (audio)
2026-10-07 22:31:48,751 INFO == Curso: Invade or Reduce?  -> Invade or Reduce_  (5 videos de clips)
2026-10-07 22:31:48,751 INFO [1/5] 926836408 (audio)
2026-10-07 22:31:48,764 INFO [2/5] 926836941 (audio)
2026-10-07 22:31:48,778 INFO [3/5] 926837413 (audio)
2026-10-07 22:31:48,791 INFO [4/5] 926837843 (audio)
2026-10-07 22:31:48,805 INFO [5/5] 926838402 (audio)
2026-10-07 22:31:48,834 INFO == Curso: Professional's Tenuki In Their Games  -> Professional's Tenuki In Their Games  (3 videos de clips, 2 sobrantes omitidos)
2026-10-07 22:31:48,834 INFO [1/3] 995040671 (audio)
2026-10-07 22:31:48,848 INFO [2/3] 995041471 (audio)
2026-10-07 22:31:48,861 INFO [3/3] 995043215 (audio)
2026-10-07 22:31:48,877 INFO == Curso: Invasion against a 3-star formation  -> Invasion against a 3-star formation  (4 videos de clips, 13 sobrantes omitidos)
2026-10-07 22:31:48,877 INFO [1/4] 795959707 (audio)
2026-10-07 22:31:48,890 INFO [2/4] 795961259 (audio)
2026-10-07 22:31:48,904 INFO [3/4] 795961906 (audio)
2026-10-07 22:31:48,918 INFO [4/4] 795962131 (audio)
2026-10-07 22:31:48,933 INFO == Curso: Side Fighting 1-2  -> Side Fighting 1-2  (2 videos de clips, 3 sobrantes omitidos)
2026-10-07 22:31:48,933 INFO [1/2] 595737209 (audio)
2026-10-07 22:31:48,947 INFO [2/2] 595740523 (audio)
2026-10-07 22:31:48,961 INFO == Curso: My favourite opening!   -> My favourite opening!  (4 videos de clips, 5 sobrantes omitidos)
2026-10-07 22:31:48,961 INFO [1/4] 1015099002 (audio)
2026-10-07 22:31:48,974 INFO [2/4] 1015099547 (audio)
2026-10-07 22:31:48,986 INFO [3/4] 1015099953 (audio)
2026-10-07 22:31:48,999 INFO [4/4] 1015100754 (audio)
2026-10-07 22:31:49,015 INFO == Curso: Beginner Course 16 Weak Points In Territory 2  -> Beginner Course 16 Weak Points In Territory 2  (2 videos de clips)
2026-10-07 22:31:49,015 INFO [1/2] 702550041 (audio)
2026-10-07 22:31:49,028 INFO [2/2] 702906437 (audio)
2026-10-07 22:31:49,043 INFO == Curso: A Miracle In The Endgame  -> A Miracle In The Endgame  (3 videos de clips, 2 sobrantes omitidos)
2026-10-07 22:31:49,044 INFO [1/3] 881658397 (audio)
2026-10-07 22:31:49,056 INFO [2/3] 881662370 (audio)
2026-10-07 22:31:49,068 INFO [3/3] 881778897 (audio)
2026-10-07 22:31:49,084 INFO == Curso: Invasion & Attacking 1  -> Invasion & Attacking 1  (6 videos de clips, 9 sobrantes omitidos)
2026-10-07 22:31:49,084 INFO [1/6] 639337672 (audio)
2026-10-07 22:31:49,098 INFO [2/6] 639339958 (audio)
2026-10-07 22:31:49,111 INFO [3/6] 639341598 (audio)
2026-10-07 22:31:49,126 INFO [4/6] 639344375 (audio)
2026-10-07 22:31:49,138 INFO [5/6] 639346135 (audio)
2026-10-07 22:31:49,151 INFO [6/6] 639347909 (audio)
2026-10-07 22:31:49,167 INFO == Curso: Beginner Course 22 Throw-In & False Eye  -> Beginner Course 22 Throw-In & False Eye  (2 videos de clips, 3 sobrantes omitidos)
2026-10-07 22:31:49,167 INFO [1/2] 720670375 (audio)
2026-10-07 22:31:49,180 INFO [2/2] 720673697 (audio)
2026-10-07 22:31:49,196 INFO == Curso: Choose The Correct Jeong-Seock!  -> Choose The Correct Jeong-Seock!  (3 videos de clips, 4 sobrantes omitidos)
2026-10-07 22:31:49,197 INFO [1/3] 758218072 (audio)
2026-10-07 22:31:49,210 INFO [2/3] 758220694 (audio)
2026-10-07 22:31:49,223 INFO [3/3] 758222464 (audio)
2026-10-07 22:31:49,239 INFO == Curso: Professional's Marvelous Sabaki Or Living  -> Professional's Marvelous Sabaki Or Living  (2 videos de clips, 2 sobrantes omitidos)
2026-10-07 22:31:49,239 INFO [1/2] 980650087 (audio)
2026-10-07 22:31:49,252 INFO [2/2] 980654759 (audio)
2026-10-07 22:31:49,267 INFO == Curso: Cross Cut  -> Cross Cut  (3 videos de clips, 8 sobrantes omitidos)
2026-10-07 22:31:49,268 INFO [1/3] 691316272 (audio)
2026-10-07 22:31:49,281 INFO [2/3] 691319412 (audio)
2026-10-07 22:31:49,294 INFO [3/3] 691322286 (audio)
2026-10-07 22:31:49,309 INFO == Curso: Studying Endgame  -> Studying Endgame  (3 videos de clips, 6 sobrantes omitidos)
2026-10-07 22:31:49,309 INFO [1/3] 1156220153 (audio)
2026-10-07 22:31:49,325 INFO [2/3] 1156223323 (audio)
2026-10-07 22:31:49,337 INFO [3/3] 1156226120 (audio)
2026-10-07 22:31:49,353 INFO == Curso: Trick joseki?  -> Trick joseki_  (4 videos de clips)
2026-10-07 22:31:49,353 INFO [1/4] 1118085973 (audio)
2026-10-07 22:31:49,366 INFO [2/4] 1118086709 (audio)
2026-10-07 22:31:49,379 INFO [3/4] 1118087679 (audio)
2026-10-07 22:31:49,391 INFO [4/4] 1118089024 (audio)
2026-10-07 22:31:49,407 INFO == Curso: Loose Ladder  -> Loose Ladder  (3 videos de clips, 16 sobrantes omitidos)
2026-10-07 22:31:49,407 INFO [1/3] 732693825 (audio)
2026-10-07 22:31:49,420 INFO [2/3] 732697414 (audio)
2026-10-07 22:31:49,434 INFO [3/3] 732698126 (audio)
2026-10-07 22:31:49,449 INFO == Curso: Old Joseki  -> Old Joseki  (4 videos de clips, 6 sobrantes omitidos)
2026-10-07 22:31:49,449 INFO [1/4] 1173255617 (audio)
2026-10-07 22:31:49,462 INFO [2/4] 1173257636 (audio)
2026-10-07 22:31:49,475 INFO [3/4] 1173259871 (audio)
2026-10-07 22:31:49,487 INFO [4/4] 1173261449 (audio)
2026-10-07 22:31:49,502 INFO == Curso: A rare mild trick move  -> A rare mild trick move  (3 videos de clips, 6 sobrantes omitidos)
2026-10-07 22:31:49,503 INFO [1/3] 1033276208 (audio)
2026-10-07 22:31:49,516 INFO [2/3] 1033277168 (audio)
2026-10-07 22:31:49,529 INFO [3/3] 1033278862 (audio)
2026-10-07 22:31:49,544 INFO == Curso: If it was your game 1  -> If it was your game 1  (4 videos de clips, 2 sobrantes omitidos)
2026-10-07 22:31:49,544 INFO [1/4] 823423830 (audio)
2026-10-07 22:31:49,557 INFO [2/4] 823425540 (audio)
2026-10-07 22:31:49,570 INFO [3/4] 823426704 (audio)
2026-10-07 22:31:49,583 INFO [4/4] 823429234 (audio)
2026-10-07 22:31:49,599 INFO == Curso: The Easiest Way to Reduce   -> The Easiest Way to Reduce  (5 videos de clips, 10 sobrantes omitidos)
2026-10-07 22:31:49,599 INFO [1/5] 676546306 (audio)
2026-10-07 22:31:49,613 INFO [2/5] 676547706 (audio)
2026-10-07 22:31:49,626 INFO [3/5] 676548566 (audio)
2026-10-07 22:31:49,639 INFO [4/5] 676549232 (audio)
2026-10-07 22:31:49,653 INFO [5/5] 676550283 (audio)
2026-10-07 22:31:49,672 INFO == Curso: Know the Key Points of Attack, Make Attacking Easy  -> Know the Key Points of Attack, Make Attacking Easy  (2 videos de clips, 2 sobrantes omitidos)
2026-10-07 22:31:49,673 INFO [1/2] 1108984441 (audio)
2026-10-07 22:31:49,691 INFO [2/2] 1108985736 (audio)
2026-10-07 22:31:49,706 INFO == Curso: 이 영상 보시면 삼삼침입 100% 잡을 수 있습니다  -> 이 영상 보시면 삼삼침입 100% 잡을 수 있습니다  (2 videos de clips, 2 sobrantes omitidos)
2026-10-07 22:31:49,707 INFO [1/2] 1022132167 (audio)
2026-10-07 22:31:49,720 INFO [2/2] 1022135327 (audio)
2026-10-07 22:31:49,737 INFO == Curso: The Art of Sabaki  -> The Art of Sabaki  (3 videos de clips, 3 sobrantes omitidos)
2026-10-07 22:31:49,737 INFO [1/3] 1217102909 (audio)
2026-10-07 22:31:49,749 INFO [2/3] 1217104879 (audio)
2026-10-07 22:31:49,763 INFO [3/3] 1217106844 (audio)
2026-10-07 22:31:49,778 INFO == Curso: Dealing with Overplays: How to Punish Mistakes  -> Dealing with Overplays_ How to Punish Mistakes  (3 videos de clips)
2026-10-07 22:31:49,778 INFO [1/3] 1158757073 (audio)
2026-10-07 22:31:49,792 INFO [2/3] 1158757277 (audio)
2026-10-07 22:31:49,805 INFO [3/3] 1158757172 (audio)
2026-10-07 22:31:49,821 INFO == Curso: Those Moves Appear In Every Game 3  - Large Knight's Move   -> Those Moves Appear In Every Game 3 - Large Knight's Move  (1 videos de clips, 1 sobrantes omitidos)
2026-10-07 22:31:49,821 INFO [1/1] 565195066 (audio)
2026-10-07 22:31:49,837 INFO == Curso: Repeated Mistakes  -> Repeated Mistakes  (3 videos de clips, 7 sobrantes omitidos)
2026-10-07 22:31:49,837 INFO [1/3] 746092514 (audio)
2026-10-07 22:31:49,850 INFO [2/3] 746094511 (audio)
2026-10-07 22:31:49,865 INFO [3/3] 746095534 (audio)
2026-10-07 22:31:49,881 INFO == Curso: Nongsim Cup Review Iyamayuta vs Shin-Minjun  -> Nongsim Cup Review Iyamayuta vs Shin-Minjun  (4 videos de clips, 9 sobrantes omitidos)
2026-10-07 22:31:49,881 INFO [1/4] 651957380 (audio)
2026-10-07 22:31:49,895 INFO [2/4] 651963296 (audio)
2026-10-07 22:31:49,909 INFO [3/4] 651965787 (audio)
2026-10-07 22:31:49,921 INFO [4/4] 651968284 (audio)
2026-10-07 22:31:49,938 INFO == Curso: The Only Invasion Patterns You Need to Know  -> The Only Invasion Patterns You Need to Know  (3 videos de clips, 2 sobrantes omitidos)
2026-10-07 22:31:49,939 INFO [1/3] 1128718600 (audio)
2026-10-07 22:31:49,951 INFO [2/3] 1128719281 (audio)
2026-10-07 22:31:49,965 INFO [3/3] 1128719589 (audio)
2026-10-07 22:31:49,980 INFO == Curso: Different value of extensions  -> Different value of extensions  (3 videos de clips, 9 sobrantes omitidos)
2026-10-07 22:31:49,981 INFO [1/3] 802664337 (audio)
2026-10-07 22:31:49,994 INFO [2/3] 802666352 (audio)
2026-10-07 22:31:50,007 INFO [3/3] 802670275 (audio)
2026-10-07 22:31:50,021 INFO == Curso: Am I Hikaru? - Hikaru VS Suyoung  -> Am I Hikaru_ - Hikaru VS Suyoung  (6 videos de clips, 9 sobrantes omitidos)
2026-10-07 22:31:50,022 INFO [1/6] 645534136 (audio)
2026-10-07 22:31:50,035 INFO [2/6] 645536066 (audio)
2026-10-07 22:31:50,048 INFO [3/6] 645536872 (audio)
2026-10-07 22:31:50,061 INFO [4/6] 645537488 (audio)
2026-10-07 22:31:50,074 INFO [5/6] 645539119 (audio)
2026-10-07 22:31:50,086 INFO [6/6] 645540357 (audio)
2026-10-07 22:31:50,102 INFO == Curso: Continuation  After An Invasion  -> Continuation After An Invasion  (3 videos de clips, 6 sobrantes omitidos)
2026-10-07 22:31:50,102 INFO [1/3] 1012085177 (audio)
2026-10-07 22:31:50,115 INFO [2/3] 1012088548 (audio)
2026-10-07 22:31:50,128 INFO [3/3] 1012090128 (audio)
2026-10-07 22:31:50,144 INFO == Curso: Tips for best 50 moves in the opening for 10kyu level 2  -> Tips for best 50 moves in the opening for 10kyu level 2  (4 videos de clips)
2026-10-07 22:31:50,144 INFO [1/4] 517500070 (audio)
2026-10-07 22:31:50,157 INFO [2/4] 517500067 (audio)
2026-10-07 22:31:50,171 INFO [3/4] 517500068 (audio)
2026-10-07 22:31:50,184 INFO [4/4] 517500069 (audio)
2026-10-07 22:31:50,200 INFO == Curso: Harass Your Opponent! - Use Aji 2  -> Harass Your Opponent! - Use Aji 2  (3 videos de clips, 2 sobrantes omitidos)
2026-10-07 22:31:50,200 INFO [1/3] 608963155 (audio)
2026-10-07 22:31:50,214 INFO [2/3] 608969744 (audio)
2026-10-07 22:31:50,227 INFO [3/3] 609229575 (audio)
2026-10-07 22:31:50,242 INFO == Curso: Trendy New Interesting Move  -> Trendy New Interesting Move  (3 videos de clips, 25 sobrantes omitidos)
2026-10-07 22:31:50,243 INFO [1/3] 659228789 (audio)
2026-10-07 22:31:50,255 INFO [2/3] 659232168 (audio)
2026-10-07 22:31:50,268 INFO [3/3] 659234683 (audio)
2026-10-07 22:31:50,283 INFO == Curso: Probing Moves and Responses by ProfessionalsㅣPark-Junghwan vs Guzihao  -> Probing Moves and Responses by ProfessionalsㅣPark-Junghwan vs Guzihao  (2 videos de clips, 1 sobrantes omitidos)
2026-10-07 22:31:50,284 INFO [1/2] 1044234153 (audio)
2026-10-07 22:31:50,296 INFO [2/2] 1044235479 (audio)
2026-10-07 22:31:50,312 INFO == Curso: Let`s study endgame-1  -> Let`s study endgame-1  (5 videos de clips, 2 sobrantes omitidos)
2026-10-07 22:31:50,313 INFO [1/5] 1151105106 (audio)
2026-10-07 22:31:50,327 INFO [2/5] 1151281598 (audio)
2026-10-07 22:31:50,340 INFO [3/5] 1151281697 (audio)
2026-10-07 22:31:50,356 INFO [4/5] 1151281837 (audio)
2026-10-07 22:31:50,369 INFO [5/5] 1151282602 (audio)
2026-10-07 22:31:50,384 INFO == Curso: How to play in the corner  -> How to play in the corner  (5 videos de clips, 2 sobrantes omitidos)
2026-10-07 22:31:50,384 INFO [1/5] 1166655097 (audio)
2026-10-07 22:31:50,396 INFO [2/5] 1166655540 (audio)
2026-10-07 22:31:50,409 INFO [3/5] 1166655723 (audio)
2026-10-07 22:31:50,422 INFO [4/5] 1166656936 (audio)
2026-10-07 22:31:50,435 INFO [5/5] 1166658836 (audio)
2026-10-07 22:31:50,451 INFO == Curso: Don't Miss This Vital Point!  -> Don't Miss This Vital Point!  (2 videos de clips, 9 sobrantes omitidos)
2026-10-07 22:31:50,451 INFO [1/2] 774972246 (audio)
2026-10-07 22:31:50,464 INFO [2/2] 774974725 (audio)
2026-10-07 22:31:50,479 INFO == Curso: The attachment tesuji  -> The attachment tesuji  (6 videos de clips, 1 sobrantes omitidos)
2026-10-07 22:31:50,480 INFO [1/6] 1211128356 (audio)
2026-10-07 22:31:50,492 INFO [2/6] 1211128613 (audio)
2026-10-07 22:31:50,506 INFO [3/6] 1211128721 (audio)
2026-10-07 22:31:50,519 INFO [4/6] 1211128884 (audio)
2026-10-07 22:31:50,532 INFO [5/6] 1211129033 (audio)
2026-10-07 22:31:50,545 INFO [6/6] 1211129197 (audio)
2026-10-07 22:31:50,560 INFO == Curso: Typical Mistakes 2 For DDK  -> Typical Mistakes 2 For DDK  (2 videos de clips, 2 sobrantes omitidos)
2026-10-07 22:31:50,560 INFO [1/2] 747265317 (audio)
2026-10-07 22:31:50,574 INFO [2/2] 747274340 (audio)
2026-10-07 22:31:50,589 INFO == Curso: 14th Chunlan Cup Final Game 1  -> 14th Chunlan Cup Final Game 1  (1 videos de clips)
2026-10-07 22:31:50,590 INFO [1/1] 850000703 (audio)
2026-10-07 22:31:50,605 INFO == Curso: Invisible Fight!  -> Invisible Fight!  (3 videos de clips, 2 sobrantes omitidos)
2026-10-07 22:31:50,605 INFO [1/3] 942908597 (audio)
2026-10-07 22:31:50,618 INFO [2/3] 942909609 (audio)
2026-10-07 22:31:50,630 INFO [3/3] 942909972 (audio)
2026-10-07 22:31:50,645 INFO == Curso: The Strongest AI - Golaxy VS TianGo  -> The Strongest AI - Golaxy VS TianGo  (4 videos de clips, 7 sobrantes omitidos)
2026-10-07 22:31:50,647 INFO [1/4] 655652938 (audio)
2026-10-07 22:31:50,659 INFO [2/4] 655655274 (audio)
2026-10-07 22:31:50,676 INFO [3/4] 655656432 (audio)
2026-10-07 22:31:50,694 INFO [4/4] 655657398 (audio)
2026-10-07 22:31:50,710 INFO == Curso: Good Shape vs Bad Shape 1  -> Good Shape vs Bad Shape 1  (3 videos de clips, 2 sobrantes omitidos)
2026-10-07 22:31:50,710 INFO [1/3] 759003879 (audio)
2026-10-07 22:31:50,723 INFO [2/3] 759009237 (audio)
2026-10-07 22:31:50,735 INFO [3/3] 759012569 (audio)
2026-10-07 22:31:50,750 INFO == Curso: Direction  -> Direction  (3 videos de clips, 7 sobrantes omitidos)
2026-10-07 22:31:50,750 INFO [1/3] 933551236 (audio)
2026-10-07 22:31:50,763 INFO [2/3] 933553886 (audio)
2026-10-07 22:31:50,775 INFO [3/3] 933758239 (audio)
2026-10-07 22:31:50,791 INFO == Curso: wedge  -> wedge  (3 videos de clips, 1 sobrantes omitidos)
2026-10-07 22:31:50,791 INFO [1/3] 1200993500 (audio)
2026-10-07 22:31:50,805 INFO [2/3] 1200994437 (audio)
2026-10-07 22:31:50,818 INFO [3/3] 1200994858 (audio)
2026-10-07 22:31:50,833 INFO == Curso: Magic Of Ko Smart Way To Do Ko  -> Magic Of Ko Smart Way To Do Ko  (2 videos de clips, 2 sobrantes omitidos)
2026-10-07 22:31:50,834 INFO [1/2] 899009779 (audio)
2026-10-07 22:31:50,846 INFO [2/2] 899010086 (audio)
2026-10-07 22:31:50,868 INFO == Curso: Where are my Ko threats?  -> Where are my Ko threats_  (3 videos de clips, 2 sobrantes omitidos)
2026-10-07 22:31:50,868 INFO [1/3] 901468639 (audio)
2026-10-07 22:31:50,881 INFO [2/3] 901471862 (audio)
2026-10-07 22:31:50,895 INFO [3/3] 901472777 (audio)
2026-10-07 22:31:50,911 INFO == Curso: Do Not Jump  -> Do Not Jump  (3 videos de clips, 4 sobrantes omitidos)
2026-10-07 22:31:50,911 INFO [1/3] 662556380 (audio)
2026-10-07 22:31:50,925 INFO [2/3] 662560190 (audio)
2026-10-07 22:31:50,942 INFO [3/3] 662563125 (audio)
2026-10-07 22:31:50,958 INFO == Curso: Important & Urgent Place - Look At The Whole Board!  -> Important & Urgent Place - Look At The Whole Board!  (3 videos de clips, 8 sobrantes omitidos)
2026-10-07 22:31:50,959 INFO [1/3] 760544791 (audio)
2026-10-07 22:31:50,975 INFO [2/3] 760547033 (audio)
2026-10-07 22:31:50,989 INFO [3/3] 760548592 (audio)
2026-10-07 22:31:51,005 INFO == Curso: Never lose Capturing Race 4 - Vital point  -> Never lose Capturing Race 4 - Vital point  (3 videos de clips)
2026-10-07 22:31:51,005 INFO [1/3] 541326978 (audio)
2026-10-07 22:31:51,018 INFO [2/3] 541326979 (audio)
2026-10-07 22:31:51,032 INFO [3/3] 541326977 (audio)
2026-10-07 22:31:51,047 INFO == Curso: How to Fix Your Shape  -> How to Fix Your Shape  (3 videos de clips, 5 sobrantes omitidos)
2026-10-07 22:31:51,047 INFO [1/3] 1186961005 (audio)
2026-10-07 22:31:51,060 INFO [2/3] 1186962307 (audio)
2026-10-07 22:31:51,072 INFO [3/3] 1186963395 (audio)
2026-10-07 22:31:51,089 INFO == Curso: Big Place VS Urgent Place  -> Big Place VS Urgent Place  (4 videos de clips, 7 sobrantes omitidos)
2026-10-07 22:31:51,089 INFO [1/4] 612461368 (audio)
2026-10-07 22:31:51,101 INFO [2/4] 612472090 (audio)
2026-10-07 22:31:51,114 INFO [3/4] 612479696 (audio)
2026-10-07 22:31:51,127 INFO [4/4] 612489872 (audio)
2026-10-07 22:31:51,141 INFO == Curso: Escaping Golden Rule   -> Escaping Golden Rule  (3 videos de clips, 2 sobrantes omitidos)
2026-10-07 22:31:51,142 INFO [1/3] 646830234 (audio)
2026-10-07 22:31:51,154 INFO [2/3] 646832558 (audio)
2026-10-07 22:31:51,166 INFO [3/3] 646835077 (audio)
2026-10-07 22:31:51,181 INFO == Curso: Using Sente to Connect, Capture, Escape In A Fight  -> Using Sente to Connect, Capture, Escape In A Fight  (4 videos de clips, 16 sobrantes omitidos)
2026-10-07 22:31:51,181 INFO [1/4] 687462940 (audio)
2026-10-07 22:31:51,194 INFO [2/4] 687465165 (audio)
2026-10-07 22:31:51,207 INFO [3/4] 687466647 (audio)
2026-10-07 22:31:51,219 INFO [4/4] 687467989 (audio)
2026-10-07 22:31:51,234 INFO == Curso: Fight on the side  -> Fight on the side  (3 videos de clips, 7 sobrantes omitidos)
2026-10-07 22:31:51,234 INFO [1/3] 1002342800 (audio)
2026-10-07 22:31:51,247 INFO [2/3] 1002343471 (audio)
2026-10-07 22:31:51,259 INFO [3/3] 1002344304 (audio)
2026-10-07 22:31:51,274 INFO == Curso: Two space pincer   -> Two space pincer  (4 videos de clips, 3 sobrantes omitidos)
2026-10-07 22:31:51,275 INFO [1/4] 1126800602 (audio)
2026-10-07 22:31:51,289 INFO [2/4] 1126801988 (audio)
2026-10-07 22:31:51,303 INFO [3/4] 1126802670 (audio)
2026-10-07 22:31:51,321 INFO [4/4] 1126804066 (audio)
2026-10-07 22:31:51,337 INFO == Curso: Beginner Course 8 Lines, Corner, Side, Center  -> Beginner Course 8 Lines, Corner, Side, Center  (3 videos de clips, 13 sobrantes omitidos)
2026-10-07 22:31:51,338 INFO [1/3] 689941535 (audio)
2026-10-07 22:31:51,353 INFO [2/3] 689942501 (audio)
2026-10-07 22:31:51,366 INFO [3/3] 689942844 (audio)
2026-10-07 22:31:51,382 INFO == Curso: Connection Skill 1  -> Connection Skill 1  (3 videos de clips, 2 sobrantes omitidos)
2026-10-07 22:31:51,382 INFO [1/3] 769428730 (audio)
2026-10-07 22:31:51,395 INFO [2/3] 769431027 (audio)
2026-10-07 22:31:51,407 INFO [3/3] 769433180 (audio)
2026-10-07 22:31:51,422 INFO == Curso: Typical Mistakes 3  -> Typical Mistakes 3  (3 videos de clips, 3 sobrantes omitidos)
2026-10-07 22:31:51,423 INFO [1/3] 796642456 (audio)
2026-10-07 22:31:51,435 INFO [2/3] 796644814 (audio)
2026-10-07 22:31:51,448 INFO [3/3] 796647455 (audio)
2026-10-07 22:31:51,463 INFO == Curso: Tenuki and play better place  -> Tenuki and play better place  (3 videos de clips)
2026-10-07 22:31:51,463 INFO [1/3] 999074818 (audio)
2026-10-07 22:31:51,476 INFO [2/3] 999075560 (audio)
2026-10-07 22:31:51,489 INFO [3/3] 999076487 (audio)
2026-10-07 22:31:51,503 INFO == Curso: Beginner Course 10 Review Of 9x9 Board Game.  -> Beginner Course 10 Review Of 9x9 Board Game  (2 videos de clips, 11 sobrantes omitidos)
2026-10-07 22:31:51,504 INFO [1/2] 689985533 (audio)
2026-10-07 22:31:51,517 INFO [2/2] 689987299 (audio)
2026-10-07 22:31:51,533 INFO == Curso: Endgame-Using Stone To Connect  -> Endgame-Using Stone To Connect  (4 videos de clips, 9 sobrantes omitidos)
2026-10-07 22:31:51,533 INFO [1/4] 709792117 (audio)
2026-10-07 22:31:51,545 INFO [2/4] 709793650 (audio)
2026-10-07 22:31:51,558 INFO [3/4] 709794235 (audio)
2026-10-07 22:31:51,571 INFO [4/4] 709795550 (audio)
2026-10-07 22:31:51,585 INFO == Curso: Can't Avoid This Trick Move  -> Can't Avoid This Trick Move  (2 videos de clips)
2026-10-07 22:31:51,586 INFO [1/2] 1031912478 (audio)
2026-10-07 22:31:51,598 INFO [2/2] 1031914021 (audio)
2026-10-07 22:31:51,613 INFO == Curso: Beginner Course 7 Completing Boundary & Endgame  -> Beginner Course 7 Completing Boundary & Endgame  (3 videos de clips, 10 sobrantes omitidos)
2026-10-07 22:31:51,613 INFO [1/3] 687405238 (audio)
2026-10-07 22:31:51,627 INFO [2/3] 687405807 (audio)
2026-10-07 22:31:51,639 INFO [3/3] 687449024 (audio)
2026-10-07 22:31:51,657 INFO == Curso: Beginner Course 18 Common Mistakes Top 3  -> Beginner Course 18 Common Mistakes Top 3  (4 videos de clips, 3 sobrantes omitidos)
2026-10-07 22:31:51,657 INFO [1/4] 708531152 (audio)
2026-10-07 22:31:51,670 INFO [2/4] 708532429 (audio)
2026-10-07 22:31:51,683 INFO [3/4] 708534147 (audio)
2026-10-07 22:31:51,699 INFO [4/4] 708535317 (audio)
2026-10-07 22:31:51,714 INFO == Curso: New course  -> New course [HAQWWQbxZApmALv6Kidz]  (1 videos de clips)
2026-10-07 22:31:51,715 INFO [1/1] 1072158957 (audio)
2026-10-07 22:31:51,729 INFO == Curso: Never play those moves!  -> Never play those moves!  (6 videos de clips)
2026-10-07 22:31:51,729 INFO [1/6] 543754609 (audio)
2026-10-07 22:31:51,742 INFO [2/6] 543754607 (audio)
2026-10-07 22:31:51,757 INFO [3/6] 543754608 (audio)
2026-10-07 22:31:51,770 INFO [4/6] 543754606 (audio)
2026-10-07 22:31:51,783 INFO [5/6] 544223407 (audio)
2026-10-07 22:31:51,797 INFO [6/6] 544223409 (audio)
2026-10-07 22:31:51,812 INFO == Curso: How To Break Through In Opponent's Area?  -> How To Break Through In Opponent's Area_  (4 videos de clips, 7 sobrantes omitidos)
2026-10-07 22:31:51,812 INFO [1/4] 599975588 (audio)
2026-10-07 22:31:51,825 INFO [2/4] 599981908 (audio)
2026-10-07 22:31:51,837 INFO [3/4] 599987273 (audio)
2026-10-07 22:31:51,850 INFO [4/4] 599992115 (audio)
2026-10-07 22:31:51,864 INFO == Curso: Tiger's Mouth Vital PointㅣBaduk Proverb  -> Tiger's Mouth Vital PointㅣBaduk Proverb  (3 videos de clips, 3 sobrantes omitidos)
2026-10-07 22:31:51,865 INFO [1/3] 787485806 (audio)
2026-10-07 22:31:51,878 INFO [2/3] 787487507 (audio)
2026-10-07 22:31:51,892 INFO [3/3] 787489043 (audio)
2026-10-07 22:31:51,907 INFO == Curso: Mastering The Ko Fight  -> Mastering The Ko Fight  (3 videos de clips, 14 sobrantes omitidos)
2026-10-07 22:31:51,907 INFO [1/3] 1137782558 (audio)
2026-10-07 22:31:51,919 INFO [2/3] 1137784658 (audio)
2026-10-07 22:31:51,932 INFO [3/3] 1137787457 (audio)
2026-10-07 22:31:51,947 INFO == Curso: Super Attachment Lecture  -> Super Attachment Lecture  (5 videos de clips, 6 sobrantes omitidos)
2026-10-07 22:31:51,947 INFO [1/5] 672610534 (audio)
2026-10-07 22:31:51,960 INFO [2/5] 672613855 (audio)
2026-10-07 22:31:51,973 INFO [3/5] 672615006 (audio)
2026-10-07 22:31:51,985 INFO [4/5] 672615518 (audio)
2026-10-07 22:31:51,998 INFO [5/5] 672616638 (audio)
2026-10-07 22:31:52,013 INFO == Curso: Removing the Base – A Key Technique in Attack  -> Removing the Base – A Key Technique in Attack  (2 videos de clips, 4 sobrantes omitidos)
2026-10-07 22:31:52,013 INFO [1/2] 1116645302 (audio)
2026-10-07 22:31:52,026 INFO [2/2] 1116646170 (audio)
2026-10-07 22:31:52,041 INFO == Curso: Beginner Course 25 Corner Pattern 2  -> Beginner Course 25 Corner Pattern 2  (2 videos de clips, 1 sobrantes omitidos)
2026-10-07 22:31:52,042 INFO [1/2] 727330177 (audio)
2026-10-07 22:31:52,054 INFO [2/2] 727331983 (audio)
2026-10-07 22:31:52,071 INFO == Curso: Playing In The Center  -> Playing In The Center  (3 videos de clips)
2026-10-07 22:31:52,071 INFO [1/3] 1163447226 (audio)
2026-10-07 22:31:52,083 INFO [2/3] 1163447138 (audio)
2026-10-07 22:31:52,096 INFO [3/3] 1163447044 (audio)
2026-10-07 22:31:52,111 INFO == Curso: Let's get to know about the Trend Jeongseok!!   -> Let's get to know about the Trend Jeongseok!!  (3 videos de clips, 6 sobrantes omitidos)
2026-10-07 22:31:52,111 INFO [1/3] 797529574 (audio)
2026-10-07 22:31:52,124 INFO [2/3] 797535382 (audio)
2026-10-07 22:31:52,138 INFO [3/3] 797537335 (audio)
2026-10-07 22:31:52,153 INFO == Curso: Ask before defense   -> Ask before defense  (3 videos de clips, 4 sobrantes omitidos)
2026-10-07 22:31:52,153 INFO [1/3] 1046616306 (audio)
2026-10-07 22:31:52,165 INFO [2/3] 1046616575 (audio)
2026-10-07 22:31:52,178 INFO [3/3] 1046617101 (audio)
2026-10-07 22:31:52,193 INFO == Curso: How to sabaki  -> How to sabaki  (3 videos de clips, 4 sobrantes omitidos)
2026-10-07 22:31:52,194 INFO [1/3] 979550386 (audio)
2026-10-07 22:31:52,207 INFO [2/3] 979551536 (audio)
2026-10-07 22:31:52,221 INFO [3/3] 979553268 (audio)
2026-10-07 22:31:52,234 INFO == Curso: New course  -> New course [IngyWEtvjSvS2lP2o6sY]  (4 videos de clips, 9 sobrantes omitidos)
2026-10-07 22:31:52,235 INFO [1/4] 857343521 (audio)
2026-10-07 22:31:55,389 WARNING 857343521 [audio] intento 1/3 fallo: ERROR: [vimeo] 857343521: Requested format is not available. Use --list-formats for a list of available formats
2026-10-07 22:32:00,048 WARNING 857343521 [audio] intento 2/3 fallo: ERROR: [vimeo] 857343521: Requested format is not available. Use --list-formats for a list of available formats
2026-10-07 22:32:06,740 WARNING 857343521 [audio] intento 3/3 fallo: ERROR: [vimeo] 857343521: Requested format is not available. Use --list-formats for a list of available formats
2026-10-07 22:32:12,742 ERROR 857343521 [audio] FALLO: ERROR: [vimeo] 857343521: Requested format is not available. Use --list-formats for a list of available formats
2026-10-07 22:32:13,759 INFO [2/4] 857345262 (audio)
2026-10-07 22:32:17,390 WARNING 857345262 [audio] intento 1/3 fallo: ERROR: [vimeo] 857345262: Requested format is not available. Use --list-formats for a list of available formats
2026-10-07 22:32:22,223 WARNING 857345262 [audio] intento 2/3 fallo: ERROR: [vimeo] 857345262: Requested format is not available. Use --list-formats for a list of available formats
2026-10-07 22:32:29,055 WARNING 857345262 [audio] intento 3/3 fallo: ERROR: [vimeo] 857345262: Requested format is not available. Use --list-formats for a list of available formats
2026-10-07 22:32:35,056 ERROR 857345262 [audio] FALLO: ERROR: [vimeo] 857345262: Requested format is not available. Use --list-formats for a list of available formats
2026-10-07 22:32:36,070 INFO [3/4] 857345476 (audio)
2026-10-07 22:32:38,954 WARNING 857345476 [audio] intento 1/3 fallo: ERROR: [vimeo] 857345476: Requested format is not available. Use --list-formats for a list of available formats
2026-10-07 22:32:43,644 WARNING 857345476 [audio] intento 2/3 fallo: ERROR: [vimeo] 857345476: Requested format is not available. Use --list-formats for a list of available formats
2026-10-07 22:32:50,320 WARNING 857345476 [audio] intento 3/3 fallo: ERROR: [vimeo] 857345476: Requested format is not available. Use --list-formats for a list of available formats
2026-10-07 22:32:56,321 ERROR 857345476 [audio] FALLO: ERROR: [vimeo] 857345476: Requested format is not available. Use --list-formats for a list of available formats
2026-10-07 22:32:57,341 INFO [4/4] 857345416 (audio)
2026-10-07 22:33:00,492 WARNING 857345416 [audio] intento 1/3 fallo: ERROR: [vimeo] 857345416: Requested format is not available. Use --list-formats for a list of available formats
2026-10-07 22:33:05,187 WARNING 857345416 [audio] intento 2/3 fallo: ERROR: [vimeo] 857345416: Requested format is not available. Use --list-formats for a list of available formats
2026-10-07 22:33:11,888 WARNING 857345416 [audio] intento 3/3 fallo: ERROR: [vimeo] 857345416: Requested format is not available. Use --list-formats for a list of available formats
2026-10-07 22:33:17,889 ERROR 857345416 [audio] FALLO: ERROR: [vimeo] 857345416: Requested format is not available. Use --list-formats for a list of available formats
2026-10-07 22:33:18,908 INFO == Curso: After Jeong-Seock 4 - 4.4 point  -> After Jeong-Seock 4 - 4.4 point  (2 videos de clips)
2026-10-07 22:33:18,908 INFO [1/2] 524313656 (audio)
2026-10-07 22:33:18,923 INFO [2/2] 524313655 (audio)
2026-10-07 22:33:18,940 INFO == Curso: Good choice in the Opening  -> Good choice in the Opening  (4 videos de clips, 13 sobrantes omitidos)
2026-10-07 22:33:18,940 INFO [1/4] 825619443 (audio)
2026-10-07 22:33:18,953 INFO [2/4] 825623694 (audio)
2026-10-07 22:33:18,967 INFO [3/4] 825625372 (audio)
2026-10-07 22:33:18,979 INFO [4/4] 825626570 (audio)
2026-10-07 22:33:18,996 INFO == Curso: Escaping Techniques  -> Escaping Techniques  (3 videos de clips, 8 sobrantes omitidos)
2026-10-07 22:33:18,997 INFO [1/3] 897670794 (audio)
2026-10-07 22:33:19,010 INFO [2/3] 897671343 (audio)
2026-10-07 22:33:19,022 INFO [3/3] 897671969 (audio)
2026-10-07 22:33:19,037 INFO == Curso: Choosing the perfect Jeong-Seock 2  -> Choosing the perfect Jeong-Seock 2  (7 videos de clips)
2026-10-07 22:33:19,037 INFO [1/7] 524318188 (audio)
2026-10-07 22:33:19,052 INFO [2/7] 524318191 (audio)
2026-10-07 22:33:19,066 INFO [3/7] 524318189 (audio)
2026-10-07 22:33:19,080 INFO [4/7] 524318194 (audio)
2026-10-07 22:33:19,093 INFO [5/7] 524318190 (audio)
2026-10-07 22:33:19,105 INFO [6/7] 524318187 (audio)
2026-10-07 22:33:19,119 INFO [7/7] 524318186 (audio)
2026-10-07 22:33:19,136 INFO == Curso: Useful Endgame - Attachment  -> Useful Endgame - Attachment  (3 videos de clips, 6 sobrantes omitidos)
2026-10-07 22:33:19,136 INFO [1/3] 872885157 (audio)
2026-10-07 22:33:19,149 INFO [2/3] 872887050 (audio)
2026-10-07 22:33:19,163 INFO [3/3] 872889633 (audio)
2026-10-07 22:33:19,177 INFO == Curso: Tips For Finding Better Space  -> Tips For Finding Better Space  (4 videos de clips, 3 sobrantes omitidos)
2026-10-07 22:33:19,177 INFO [1/4] 778842755 (audio)
2026-10-07 22:33:19,190 INFO [2/4] 778845554 (audio)
2026-10-07 22:33:19,202 INFO [3/4] 778846679 (audio)
2026-10-07 22:33:19,216 INFO [4/4] 778848268 (audio)
2026-10-07 22:33:19,231 INFO == Curso: Capturing Race 2   -> Capturing Race 2  (2 videos de clips)
2026-10-07 22:33:19,232 INFO [1/2] 783253462 (audio)
2026-10-07 22:33:19,245 INFO [2/2] 783255421 (audio)
2026-10-07 22:33:19,261 INFO == Curso: Why Not Cut!   -> Why Not Cut!  (4 videos de clips, 7 sobrantes omitidos)
2026-10-07 22:33:19,262 INFO [1/4] 682196348 (audio)
2026-10-07 22:33:19,278 INFO [2/4] 682198194 (audio)
2026-10-07 22:33:19,294 INFO [3/4] 682199082 (audio)
2026-10-07 22:33:19,306 INFO [4/4] 682200765 (audio)
2026-10-07 22:33:19,321 INFO == Curso: Pull Up the Roots: Attacking The Base   -> Pull Up the Roots_ Attacking The Base  (6 videos de clips, 4 sobrantes omitidos)
2026-10-07 22:33:19,321 INFO [1/6] 1231249778 (audio)
2026-10-07 22:33:19,334 INFO [2/6] 1231251027 (audio)
2026-10-07 22:33:19,348 INFO [3/6] 1231251725 (audio)
2026-10-07 22:33:19,360 INFO [4/6] 1231252338 (audio)
2026-10-07 22:33:19,374 INFO [5/6] 1231252947 (audio)
2026-10-07 22:33:19,386 INFO [6/6] 1231253540 (audio)
2026-10-07 22:33:19,401 INFO == Curso: Wang Xinghao 9 dan won the 5th Nie Weiping Cup  -> Wang Xinghao 9 dan won the 5th Nie Weiping Cup  (1 videos de clips, 13 sobrantes omitidos)
2026-10-07 22:33:19,401 INFO [1/1] 875998248 (audio)
2026-10-07 22:33:19,416 INFO == Curso: Capturing Race 3 Tips  -> Capturing Race 3 Tips  (4 videos de clips, 1 sobrantes omitidos)
2026-10-07 22:33:19,416 INFO [1/4] 740227256 (audio)
2026-10-07 22:33:19,429 INFO [2/4] 740228770 (audio)
2026-10-07 22:33:19,443 INFO [3/4] 740229767 (audio)
2026-10-07 22:33:19,455 INFO [4/4] 740230911 (audio)
2026-10-07 22:33:19,472 INFO == Curso: Unbelievable losing moves  -> Unbelievable losing moves  (3 videos de clips, 1 sobrantes omitidos)
2026-10-07 22:33:19,472 INFO [1/3] 1085830494 (audio)
2026-10-07 22:33:19,485 INFO [2/3] 1085832609 (audio)
2026-10-07 22:33:19,499 INFO [3/3] 1085834238 (audio)
2026-10-07 22:33:19,514 INFO == Curso: Those Moves Appear In Every Game 4 -  Knight's Move Or Large Knight's Move  -> Those Moves Appear In Every Game 4 - Knight's Move Or Large Knight's Move  (2 videos de clips)
2026-10-07 22:33:19,514 INFO [1/2] 565007523 (audio)
2026-10-07 22:33:19,527 INFO [2/2] 565195167 (audio)
2026-10-07 22:33:19,542 INFO == Curso: Easy&Wise  Split  -> Easy&Wise Split  (4 videos de clips, 5 sobrantes omitidos)
2026-10-07 22:33:19,543 INFO [1/4] 726255364 (audio)
2026-10-07 22:33:19,555 INFO [2/4] 726256492 (audio)
2026-10-07 22:33:19,568 INFO [3/4] 726258438 (audio)
2026-10-07 22:33:19,581 INFO [4/4] 726259130 (audio)
2026-10-07 22:33:19,595 INFO == Curso: Gaining 20 Points In Endgame  -> Gaining 20 Points In Endgame  (3 videos de clips, 6 sobrantes omitidos)
2026-10-07 22:33:19,596 INFO [1/3] 578756576 (audio)
2026-10-07 22:33:19,608 INFO [2/3] 578759510 (audio)
2026-10-07 22:33:19,621 INFO [3/3] 578761143 (audio)
2026-10-07 22:33:19,636 INFO == Curso: Endgame In The Actual Game 2  -> Endgame In The Actual Game 2  (3 videos de clips, 1 sobrantes omitidos)
2026-10-07 22:33:19,636 INFO [1/3] 870021283 (audio)
2026-10-07 22:33:19,665 INFO [2/3] 870021759 (audio)
2026-10-07 22:33:19,679 INFO [3/3] 870022053 (audio)
2026-10-07 22:33:19,694 INFO == Curso: 가장 많이 나오는 유단자 문제 - 이렇게 쉬웠어?  -> 가장 많이 나오는 유단자 문제 - 이렇게 쉬웠어_  (4 videos de clips, 25 sobrantes omitidos)
2026-10-07 22:33:19,694 INFO [1/4] 988975359 (audio)
2026-10-07 22:33:19,707 INFO [2/4] 988984443 (audio)
2026-10-07 22:33:19,734 INFO [3/4] 988987264 (audio)
2026-10-07 22:33:19,748 INFO [4/4] 988990286 (audio)
2026-10-07 22:33:19,764 INFO == Curso: Don't Invade Here   -> Don't Invade Here  (2 videos de clips, 1 sobrantes omitidos)
2026-10-07 22:33:19,765 INFO [1/2] 781127733 (audio)
2026-10-07 22:33:19,778 INFO [2/2] 781130018 (audio)
2026-10-07 22:33:19,794 INFO == Curso: My Typical Mistakes 2   -> My Typical Mistakes 2  (7 videos de clips, 18 sobrantes omitidos)
2026-10-07 22:33:19,794 INFO [1/7] 614495584 (audio)
2026-10-07 22:33:19,808 INFO [2/7] 614519179 (audio)
2026-10-07 22:33:19,821 INFO [3/7] 614521257 (audio)
2026-10-07 22:33:19,834 INFO [4/7] 614523261 (audio)
2026-10-07 22:33:19,847 INFO [5/7] 614524668 (audio)
2026-10-07 22:33:19,860 INFO [6/7] 614528886 (audio)
2026-10-07 22:33:19,874 INFO [7/7] 614533545 (audio)
2026-10-07 22:33:19,891 INFO == Curso: Beginner Course 14 Capturing Race  -> Beginner Course 14 Capturing Race  (4 videos de clips, 4 sobrantes omitidos)
2026-10-07 22:33:19,891 INFO [1/4] 696014231 (audio)
2026-10-07 22:33:19,905 INFO [2/4] 696021062 (audio)
2026-10-07 22:33:19,918 INFO [3/4] 696025736 (audio)
2026-10-07 22:33:19,932 INFO [4/4] 696027311 (audio)
2026-10-07 22:33:19,947 INFO == Curso: The hidden truth of Jeong-Seock 4  -> The hidden truth of Jeong-Seock 4  (5 videos de clips)
2026-10-07 22:33:19,948 INFO [1/5] 523812887 (audio)
2026-10-07 22:33:19,960 INFO [2/5] 523812886 (audio)
2026-10-07 22:33:19,973 INFO [3/5] 523812885 (audio)
2026-10-07 22:33:19,986 INFO [4/5] 523812889 (audio)
2026-10-07 22:33:19,999 INFO [5/5] 523812888 (audio)
2026-10-07 22:33:20,015 INFO == Curso: Attacking Two Space Extension  -> Attacking Two Space Extension  (3 videos de clips, 5 sobrantes omitidos)
2026-10-07 22:33:20,016 INFO [1/3] 566440805 (audio)
2026-10-07 22:33:20,028 INFO [2/3] 566444918 (audio)
2026-10-07 22:33:20,041 INFO [3/3] 566449617 (audio)
2026-10-07 22:33:20,058 INFO == Curso: Knowing The Variations After Jeong-Seok Levels Up Your Game  -> Knowing The Variations After Jeong-Seok Levels Up Your Game  (2 videos de clips, 1 sobrantes omitidos)
2026-10-07 22:33:20,058 INFO [1/2] 1052669232 (audio)
2026-10-07 22:33:20,071 INFO [2/2] 1052669746 (audio)
2026-10-07 22:33:20,086 INFO == Curso: 여기는 두지 마세요!ㅣ실전에 자주 나오는 실수  -> 여기는 두지 마세요!ㅣ실전에 자주 나오는 실수  (2 videos de clips, 2 sobrantes omitidos)
2026-10-07 22:33:20,087 INFO [1/2] 1003181591 (audio)
2026-10-07 22:33:20,099 INFO [2/2] 1003183086 (audio)
2026-10-07 22:33:20,115 INFO == Curso: Is This Stone Important? - Useless Stones  -> Is This Stone Important_ - Useless Stones  (5 videos de clips, 10 sobrantes omitidos)
2026-10-07 22:33:20,115 INFO [1/5] 692533757 (audio)
2026-10-07 22:33:20,128 INFO [2/5] 692534356 (audio)
2026-10-07 22:33:20,141 INFO [3/5] 692535570 (audio)
2026-10-07 22:33:20,155 INFO [4/5] 692536522 (audio)
2026-10-07 22:33:20,167 INFO [5/5] 692537279 (audio)
2026-10-07 22:33:20,184 INFO == Curso: Magic of the corner 4  -> Magic of the corner 4  (2 videos de clips)
2026-10-07 22:33:20,185 INFO [1/2] 524302117 (audio)
2026-10-07 22:33:20,198 INFO [2/2] 524302113 (audio)
2026-10-07 22:33:20,214 INFO == Curso: When & How To Count Territory?  -> When & How To Count Territory_  (4 videos de clips, 14 sobrantes omitidos)
2026-10-07 22:33:20,214 INFO [1/4] 730551978 (audio)
2026-10-07 22:33:20,228 INFO [2/4] 730552646 (audio)
2026-10-07 22:33:20,241 INFO [3/4] 730553509 (audio)
2026-10-07 22:33:20,254 INFO [4/4] 730554610 (audio)
2026-10-07 22:33:20,271 INFO == Curso: Mistake!  -> Mistake!  (3 videos de clips, 1 sobrantes omitidos)
2026-10-07 22:33:20,271 INFO [1/3] 956542621 (audio)
2026-10-07 22:33:20,287 INFO [2/3] 956545414 (audio)
2026-10-07 22:33:20,306 INFO [3/3] 956550016 (audio)
2026-10-07 22:33:20,323 INFO == Curso: How To Avoid Empty Triangle?   -> How To Avoid Empty Triangle_  (4 videos de clips, 12 sobrantes omitidos)
2026-10-07 22:33:20,324 INFO [1/4] 657408271 (audio)
2026-10-07 22:33:20,336 INFO [2/4] 657411826 (audio)
2026-10-07 22:33:20,350 INFO [3/4] 657413735 (audio)
2026-10-07 22:33:20,363 INFO [4/4] 657417112 (audio)
2026-10-07 22:33:20,379 INFO == Curso: Haengma Skills for Escaping Dangerous Situations  -> Haengma Skills for Escaping Dangerous Situations  (2 videos de clips, 1 sobrantes omitidos)
2026-10-07 22:33:20,379 INFO [1/2] 1075325669 (audio)
2026-10-07 22:33:20,392 INFO [2/2] 1075327892 (audio)
2026-10-07 22:33:20,408 INFO == Curso: Confuse Your Opponents With This Invasion!  -> Confuse Your Opponents With This Invasion!  (4 videos de clips, 38 sobrantes omitidos)
2026-10-07 22:33:20,409 INFO [1/4] 683713557 (audio)
2026-10-07 22:33:20,422 INFO [2/4] 683715407 (audio)
2026-10-07 22:33:20,435 INFO [3/4] 683717688 (audio)
2026-10-07 22:33:20,449 INFO [4/4] 683720097 (audio)
2026-10-07 22:33:20,465 INFO == Curso: How To Punish Overplay Moves?  -> How To Punish Overplay Moves_  (3 videos de clips, 4 sobrantes omitidos)
2026-10-07 22:33:20,465 INFO [1/3] 895859490 (audio)
2026-10-07 22:33:20,478 INFO [2/3] 895860244 (audio)
2026-10-07 22:33:20,490 INFO [3/3] 895861391 (audio)
2026-10-07 22:33:20,505 INFO == Curso: Opening  -> Opening  (3 videos de clips, 4 sobrantes omitidos)
2026-10-07 22:33:20,505 INFO [1/3] 1067948591 (audio)
2026-10-07 22:33:20,518 INFO [2/3] 1067952219 (audio)
2026-10-07 22:33:20,530 INFO [3/3] 1067953283 (audio)
2026-10-07 22:33:20,545 INFO == Curso:  5 Sacrifice Techniques  -> 5 Sacrifice Techniques  (6 videos de clips, 15 sobrantes omitidos)
2026-10-07 22:33:20,545 INFO [1/6] 619702984 (audio)
2026-10-07 22:33:20,557 INFO [2/6] 619709294 (audio)
2026-10-07 22:33:20,570 INFO [3/6] 619717368 (audio)
2026-10-07 22:33:20,583 INFO [4/6] 619721413 (audio)
2026-10-07 22:33:20,596 INFO [5/6] 619725644 (audio)
2026-10-07 22:33:20,609 INFO [6/6] 619731500 (audio)
2026-10-07 22:33:20,626 INFO == Curso: Which direction should I go? 4 - Important place  -> Which direction should I go_ 4 - Important place  (2 videos de clips)
2026-10-07 22:33:20,626 INFO [1/2] 559391987 (audio)
2026-10-07 22:33:20,640 INFO [2/2] 559391973 (audio)
2026-10-07 22:33:20,658 INFO == Curso: Beginner Course 20 Life & Death   -> Beginner Course 20 Life & Death  (4 videos de clips, 10 sobrantes omitidos)
2026-10-07 22:33:20,659 INFO [1/4] 713123558 (audio)
2026-10-07 22:33:20,671 INFO [2/4] 713125201 (audio)
2026-10-07 22:33:20,683 INFO [3/4] 713126058 (audio)
2026-10-07 22:33:20,696 INFO [4/4] 713142341 (audio)
2026-10-07 22:33:20,711 INFO == Curso: Let's master 3-3 invasion during Jeong-seok 3  -> Let's master 3-3 invasion during Jeong-seok 3  (1 videos de clips)
2026-10-07 22:33:20,711 INFO [1/1] 520276397 (audio)
2026-10-07 22:33:20,727 INFO == Curso: Get Out Of Attack - Break Out  -> Get Out Of Attack - Break Out  (3 videos de clips, 13 sobrantes omitidos)
2026-10-07 22:33:20,727 INFO [1/3] 684962217 (audio)
2026-10-07 22:33:20,739 INFO [2/3] 684964655 (audio)
2026-10-07 22:33:20,753 INFO [3/3] 684967168 (audio)
2026-10-07 22:33:20,767 INFO == Curso: Studying Endgame - Proper Monkey Jumps  -> Studying Endgame - Proper Monkey Jumps  (3 videos de clips, 3 sobrantes omitidos)
2026-10-07 22:33:20,768 INFO [1/3] 877143123 (audio)
2026-10-07 22:33:20,780 INFO [2/3] 877146066 (audio)
2026-10-07 22:33:20,793 INFO [3/3] 877148093 (audio)
2026-10-07 22:33:20,807 INFO == Curso: Trick move!   -> Trick move!  (3 videos de clips, 4 sobrantes omitidos)
2026-10-07 22:33:20,807 INFO [1/3] 1029210915 (audio)
2026-10-07 22:33:20,820 INFO [2/3] 1029211799 (audio)
2026-10-07 22:33:20,834 INFO [3/3] 1029212641 (audio)
2026-10-07 22:33:20,853 INFO == Curso: Why did this Joseki vanish?  -> Why did this Joseki vanish_  (3 videos de clips, 4 sobrantes omitidos)
2026-10-07 22:33:20,853 INFO [1/3] 1120853764 (audio)
2026-10-07 22:33:20,866 INFO [2/3] 1120856550 (audio)
2026-10-07 22:33:20,879 INFO [3/3] 1120858832 (audio)
2026-10-07 22:33:20,896 INFO == Curso: Invasion Or Reduction?  -> Invasion Or Reduction_  (2 videos de clips, 1 sobrantes omitidos)
2026-10-07 22:33:20,897 INFO [1/2] 919586626 (audio)
2026-10-07 22:33:20,909 INFO [2/2] 919589666 (audio)
2026-10-07 22:33:20,924 INFO == Curso: How do you escape?  -> How do you escape_  (3 videos de clips, 2 sobrantes omitidos)
2026-10-07 22:33:20,925 INFO [1/3] 891227603 (audio)
2026-10-07 22:33:20,938 INFO [2/3] 891229233 (audio)
2026-10-07 22:33:20,951 INFO [3/3] 891231507 (audio)
2026-10-07 22:33:20,966 INFO == Curso: Side Invasion And Fight  -> Side Invasion And Fight  (2 videos de clips)
2026-10-07 22:33:20,966 INFO [1/2] 1009845708 (audio)
2026-10-07 22:33:20,979 INFO [2/2] 1009846685 (audio)
2026-10-07 22:33:20,995 INFO == Curso: Never lose Capturing Race 3 - Cut,Extend,Throw in   -> Never lose Capturing Race 3 - Cut,Extend,Throw in  (3 videos de clips)
2026-10-07 22:33:20,995 INFO [1/3] 541046838 (audio)
2026-10-07 22:33:21,007 INFO [2/3] 541046836 (audio)
2026-10-07 22:33:21,020 INFO [3/3] 541046837 (audio)
2026-10-07 22:33:21,035 INFO == Curso: Strange Invasion - Don't get tricked!  -> Strange Invasion - Don't get tricked!  (5 videos de clips, 12 sobrantes omitidos)
2026-10-07 22:33:21,036 INFO [1/5] 843778648 (audio)
2026-10-07 22:33:21,049 INFO [2/5] 843780033 (audio)
2026-10-07 22:33:21,062 INFO [3/5] 843781815 (audio)
2026-10-07 22:33:21,074 INFO [4/5] 843782680 (audio)
2026-10-07 22:33:21,089 INFO [5/5] 843782810 (audio)
2026-10-07 22:33:21,103 INFO == Curso: Beginner Course 24 Corner Pattern 1  -> Beginner Course 24 Corner Pattern 1  (3 videos de clips, 3 sobrantes omitidos)
2026-10-07 22:33:21,104 INFO [1/3] 725240843 (audio)
2026-10-07 22:33:21,117 INFO [2/3] 725244609 (audio)
2026-10-07 22:33:21,130 INFO [3/3] 725246224 (audio)
2026-10-07 22:33:21,144 INFO == Curso: Ko Threat, Respond or Ignore?  -> Ko Threat, Respond or Ignore_  (3 videos de clips, 12 sobrantes omitidos)
2026-10-07 22:33:21,145 INFO [1/3] 905103306 (audio)
2026-10-07 22:33:21,158 INFO [2/3] 905107047 (audio)
2026-10-07 22:33:21,171 INFO [3/3] 905202307 (audio)
2026-10-07 22:33:21,185 INFO == Curso: Harass Your Opponent! - Take a Base 1 - 2  -> Harass Your Opponent! - Take a Base 1 - 2  (5 videos de clips, 11 sobrantes omitidos)
2026-10-07 22:33:21,185 INFO [1/5] 608939387 (audio)
2026-10-07 22:33:21,198 INFO [2/5] 608946107 (audio)
2026-10-07 22:33:21,210 INFO [3/5] 608949903 (audio)
2026-10-07 22:33:21,223 INFO [4/5] 608952516 (audio)
2026-10-07 22:33:21,235 INFO [5/5] 608957122 (audio)
2026-10-07 22:33:21,251 INFO == Curso: Beginner Course 5 Life & Death  -> Beginner Course 5 Life & Death  (3 videos de clips, 4 sobrantes omitidos)
2026-10-07 22:33:21,251 INFO [1/3] 686671340 (audio)
2026-10-07 22:33:21,264 INFO [2/3] 686672818 (audio)
2026-10-07 22:33:21,277 INFO [3/3] 686676450 (audio)
2026-10-07 22:33:21,292 INFO == Curso: Territory VS Influence Cho-SeongA vs Wang-Chenxing  -> Territory VS Influence Cho-SeongA vs Wang-Chenxing  (5 videos de clips, 7 sobrantes omitidos)
2026-10-07 22:33:21,292 INFO [1/5] 776566259 (audio)
2026-10-07 22:33:21,312 INFO [2/5] 776569943 (audio)
2026-10-07 22:33:21,332 INFO [3/5] 776571479 (audio)
2026-10-07 22:33:21,346 INFO [4/5] 776573331 (audio)
2026-10-07 22:33:21,359 INFO [5/5] 776575106 (audio)
2026-10-07 22:33:21,374 INFO == Curso: Evaluate & Judge   -> Evaluate & Judge  (3 videos de clips, 5 sobrantes omitidos)
2026-10-07 22:33:21,374 INFO [1/3] 1066711775 (audio)
2026-10-07 22:33:21,387 INFO [2/3] 1066713501 (audio)
2026-10-07 22:33:21,400 INFO [3/3] 1066716000 (audio)
2026-10-07 22:33:21,415 INFO == Curso: All About The L-Shape + One Leg 2  -> All About The L-Shape + One Leg 2  (5 videos de clips, 9 sobrantes omitidos)
2026-10-07 22:33:21,415 INFO [1/5] 573573093 (audio)
2026-10-07 22:33:21,427 INFO [2/5] 573574841 (audio)
2026-10-07 22:33:21,441 INFO [3/5] 573575712 (audio)
2026-10-07 22:33:21,454 INFO [4/5] 573577042 (audio)
2026-10-07 22:33:21,468 INFO [5/5] 573578657 (audio)
2026-10-07 22:33:21,482 INFO == Curso: Which extension do you choose?  -> Which extension do you choose_  (3 videos de clips, 5 sobrantes omitidos)
2026-10-07 22:33:21,483 INFO [1/3] 865369019 (audio)
2026-10-07 22:33:21,496 INFO [2/3] 865372088 (audio)
2026-10-07 22:33:21,508 INFO [3/3] 865372995 (audio)
2026-10-07 22:33:21,524 INFO == Curso: Asking Move - Attachment  -> Asking Move - Attachment  (4 videos de clips, 7 sobrantes omitidos)
2026-10-07 22:33:21,525 INFO [1/4] 741554889 (audio)
2026-10-07 22:33:21,538 INFO [2/4] 741556237 (audio)
2026-10-07 22:33:21,552 INFO [3/4] 741557148 (audio)
2026-10-07 22:33:21,564 INFO [4/4] 741558232 (audio)
2026-10-07 22:33:21,579 INFO == Curso: 2025 Lanker Cup Final Shin Jinseo VS Dang Yifei  -> 2025 Lanker Cup Final Shin Jinseo VS Dang Yifei  (2 videos de clips, 6 sobrantes omitidos)
2026-10-07 22:33:21,579 INFO [1/2] 1130740194 (audio)
2026-10-07 22:33:21,592 INFO [2/2] 1130742479 (audio)
2026-10-07 22:33:21,609 INFO == Curso: Beginner Course 9 Make Territory Efficiently  -> Beginner Course 9 Make Territory Efficiently  (4 videos de clips, 4 sobrantes omitidos)
2026-10-07 22:33:21,609 INFO [1/4] 689961589 (audio)
2026-10-07 22:33:21,622 INFO [2/4] 689963154 (audio)
2026-10-07 22:33:21,634 INFO [3/4] 689963993 (audio)
2026-10-07 22:33:21,647 INFO [4/4] 689964863 (audio)
2026-10-07 22:33:21,662 INFO == Curso: Attacking Skill 1  -> Attacking Skill 1  (5 videos de clips, 5 sobrantes omitidos)
2026-10-07 22:33:21,664 INFO [1/5] 630804538 (audio)
2026-10-07 22:33:21,677 INFO [2/5] 630811626 (audio)
2026-10-07 22:33:21,691 INFO [3/5] 630835591 (audio)
2026-10-07 22:33:21,704 INFO [4/5] 630839317 (audio)
2026-10-07 22:33:21,717 INFO [5/5] 630857451 (audio)
2026-10-07 22:33:21,733 INFO == Curso: How Can You Defend Your Territory Against Wave Attack?  -> How Can You Defend Your Territory Against Wave Attack_  (3 videos de clips, 4 sobrantes omitidos)
2026-10-07 22:33:21,733 INFO [1/3] 912200062 (audio)
2026-10-07 22:33:21,746 INFO [2/3] 912201993 (audio)
2026-10-07 22:33:21,759 INFO [3/3] 912203690 (audio)
2026-10-07 22:33:21,773 INFO == Curso: Good Tenuki vs Bad Tenuki 2  -> Good Tenuki vs Bad Tenuki 2  (2 videos de clips, 5 sobrantes omitidos)
2026-10-07 22:33:21,775 INFO [1/2] 592054011 (audio)
2026-10-07 22:33:21,787 INFO [2/2] 592056920 (audio)
2026-10-07 22:33:21,802 INFO == Curso: 3 Baduk Provers For Life&Death  -> 3 Baduk Provers For Life&Death  (4 videos de clips, 2 sobrantes omitidos)
2026-10-07 22:33:21,802 INFO [1/4] 670150605 (audio)
2026-10-07 22:33:21,815 INFO [2/4] 670153399 (audio)
2026-10-07 22:33:21,828 INFO [3/4] 670155407 (audio)
2026-10-07 22:33:21,841 INFO [4/4] 670157421 (audio)
2026-10-07 22:33:21,855 INFO == Curso: Belly Attachment In Capturing Race  -> Belly Attachment In Capturing Race  (4 videos de clips, 6 sobrantes omitidos)
2026-10-07 22:33:21,855 INFO [1/4] 712318722 (audio)
2026-10-07 22:33:21,868 INFO [2/4] 712319982 (audio)
2026-10-07 22:33:21,881 INFO [3/4] 712321393 (audio)
2026-10-07 22:33:21,895 INFO [4/4] 712322325 (audio)
2026-10-07 22:33:21,911 INFO == Curso: Which Direction To Go? After Opening  -> Which Direction To Go_ After Opening  (2 videos de clips, 2 sobrantes omitidos)
2026-10-07 22:33:21,911 INFO [1/2] 940404438 (audio)
2026-10-07 22:33:21,925 INFO [2/2] 940405312 (audio)
2026-10-07 22:33:21,942 INFO == Curso: What can Black do in the corner as a probing move?  -> What can Black do in the corner as a probing move_  (3 videos de clips, 9 sobrantes omitidos)
2026-10-07 22:33:21,942 INFO [1/3] 1042909851 (audio)
2026-10-07 22:33:21,955 INFO [2/3] 1042910929 (audio)
2026-10-07 22:33:21,969 INFO [3/3] 1042912519 (audio)
2026-10-07 22:33:21,986 INFO == Curso: After The Most Common Jeong-Seock - Invasion   -> After The Most Common Jeong-Seock - Invasion  (3 videos de clips, 9 sobrantes omitidos)
2026-10-07 22:33:21,986 INFO [1/3] 719345493 (audio)
2026-10-07 22:33:21,999 INFO [2/3] 719346830 (audio)
2026-10-07 22:33:22,011 INFO [3/3] 719347858 (audio)
2026-10-07 22:33:22,027 INFO == Curso: Escape Technique 2 - Attachment  -> Escape Technique 2 - Attachment  (3 videos de clips, 4 sobrantes omitidos)
2026-10-07 22:33:22,028 INFO [1/3] 791403185 (audio)
2026-10-07 22:33:22,040 INFO [2/3] 791404152 (audio)
2026-10-07 22:33:22,052 INFO [3/3] 791404885 (audio)
2026-10-07 22:33:22,067 INFO == Curso: The Most Common Mistakes In The Corner  -> The Most Common Mistakes In The Corner  (4 videos de clips, 4 sobrantes omitidos)
2026-10-07 22:33:22,068 INFO [1/4] 745291666 (audio)
2026-10-07 22:33:22,080 INFO [2/4] 745294327 (audio)
2026-10-07 22:33:22,093 INFO [3/4] 745297105 (audio)
2026-10-07 22:33:22,106 INFO [4/4] 745298258 (audio)
2026-10-07 22:33:22,121 INFO == Curso: How To Answer Monkey Jump?  -> How To Answer Monkey Jump_  (3 videos de clips, 8 sobrantes omitidos)
2026-10-07 22:33:22,121 INFO [1/3] 573357198 (audio)
2026-10-07 22:33:22,133 INFO [2/3] 573362252 (audio)
2026-10-07 22:33:22,146 INFO [3/3] 573365768 (audio)
2026-10-07 22:33:22,162 INFO == Curso: 4 corner patterns you must know to be 9kyu 2  -> 4 corner patterns you must know to be 9kyu 2  (2 videos de clips)
2026-10-07 22:33:22,163 INFO [1/2] 511881670 (audio)
2026-10-07 22:33:22,175 INFO [2/2] 511881669 (audio)
2026-10-07 22:33:22,191 INFO == Curso: How do you play more efficiently?  -> How do you play more efficiently_  (3 videos de clips, 8 sobrantes omitidos)
2026-10-07 22:33:22,191 INFO [1/3] 831920998 (audio)
2026-10-07 22:33:22,205 INFO [2/3] 831925847 (audio)
2026-10-07 22:33:22,218 INFO [3/3] 831929484 (audio)
2026-10-07 22:33:22,236 INFO == Curso: Life&Death problems   -> Life&Death problems  (5 videos de clips, 1 sobrantes omitidos)
2026-10-07 22:33:22,236 INFO [1/5] 812585939 (audio)
2026-10-07 22:33:24,686 WARNING 812585939 [audio] intento 1/3 fallo: ERROR: [vimeo] 812585939: Unable to download webpage: HTTP Error 404: Not Found (caused by <HTTPError 404: Not Found>)
2026-10-07 22:33:28,949 WARNING 812585939 [audio] intento 2/3 fallo: ERROR: [vimeo] 812585939: Unable to download webpage: HTTP Error 404: Not Found (caused by <HTTPError 404: Not Found>)
2026-10-07 22:33:35,233 WARNING 812585939 [audio] intento 3/3 fallo: ERROR: [vimeo] 812585939: Unable to download webpage: HTTP Error 404: Not Found (caused by <HTTPError 404: Not Found>)
2026-10-07 22:33:41,234 ERROR 812585939 [audio] FALLO: ERROR: [vimeo] 812585939: Unable to download webpage: HTTP Error 404: Not Found (caused by <HTTPError 404: Not Found>)
2026-10-07 22:33:42,251 INFO [2/5] 812585986 (audio)
2026-10-07 22:33:44,640 WARNING 812585986 [audio] intento 1/3 fallo: ERROR: [vimeo] 812585986: Unable to download webpage: HTTP Error 404: Not Found (caused by <HTTPError 404: Not Found>)
2026-10-07 22:33:48,886 WARNING 812585986 [audio] intento 2/3 fallo: ERROR: [vimeo] 812585986: Unable to download webpage: HTTP Error 404: Not Found (caused by <HTTPError 404: Not Found>)
2026-10-07 22:33:55,148 WARNING 812585986 [audio] intento 3/3 fallo: ERROR: [vimeo] 812585986: Unable to download webpage: HTTP Error 404: Not Found (caused by <HTTPError 404: Not Found>)
2026-10-07 22:34:01,149 ERROR 812585986 [audio] FALLO: ERROR: [vimeo] 812585986: Unable to download webpage: HTTP Error 404: Not Found (caused by <HTTPError 404: Not Found>)
2026-10-07 22:34:02,166 INFO [3/5] 812586049 (audio)
2026-10-07 22:34:04,631 WARNING 812586049 [audio] intento 1/3 fallo: ERROR: [vimeo] 812586049: Unable to download webpage: HTTP Error 404: Not Found (caused by <HTTPError 404: Not Found>)
2026-10-07 22:34:08,905 WARNING 812586049 [audio] intento 2/3 fallo: ERROR: [vimeo] 812586049: Unable to download webpage: HTTP Error 404: Not Found (caused by <HTTPError 404: Not Found>)
2026-10-07 22:34:15,233 WARNING 812586049 [audio] intento 3/3 fallo: ERROR: [vimeo] 812586049: Unable to download webpage: HTTP Error 404: Not Found (caused by <HTTPError 404: Not Found>)
2026-10-07 22:34:21,234 ERROR 812586049 [audio] FALLO: ERROR: [vimeo] 812586049: Unable to download webpage: HTTP Error 404: Not Found (caused by <HTTPError 404: Not Found>)
2026-10-07 22:34:22,255 INFO [4/5] 810464022 (audio)
2026-10-07 22:34:22,278 INFO [5/5] 810467490 (audio)
2026-10-07 22:34:22,294 INFO == Curso: How far do you wish to extend?  -> How far do you wish to extend_  (3 videos de clips, 1 sobrantes omitidos)
2026-10-07 22:34:22,294 INFO [1/3] 1095732566 (audio)
2026-10-07 22:34:22,307 INFO [2/3] 1095734416 (audio)
2026-10-07 22:34:22,319 INFO [3/3] 1095736226 (audio)
2026-10-07 22:34:22,336 INFO == Curso: Basic Capturing Race Skills  -> Basic Capturing Race Skills  (4 videos de clips, 6 sobrantes omitidos)
2026-10-07 22:34:22,337 INFO [1/4] 765200098 (audio)
2026-10-07 22:34:22,350 INFO [2/4] 765201172 (audio)
2026-10-07 22:34:22,363 INFO [3/4] 765202286 (audio)
2026-10-07 22:34:22,376 INFO [4/4] 765203258 (audio)
2026-10-07 22:34:22,391 INFO == Curso: AI's Favorite Attachment  -> AI's Favorite Attachment  (4 videos de clips, 16 sobrantes omitidos)
2026-10-07 22:34:22,391 INFO [1/4] 574761764 (audio)
2026-10-07 22:34:22,403 INFO [2/4] 574767473 (audio)
2026-10-07 22:34:22,418 INFO [3/4] 574771529 (audio)
2026-10-07 22:34:22,432 INFO [4/4] 574774441 (audio)
2026-10-07 22:34:22,447 INFO == Curso: Beginner Course 12 Attacking Skill 2  -> Beginner Course 12 Attacking Skill 2  (2 videos de clips, 3 sobrantes omitidos)
2026-10-07 22:34:22,447 INFO [1/2] 692556595 (audio)
2026-10-07 22:34:22,461 INFO [2/2] 692557843 (audio)
2026-10-07 22:34:22,476 INFO == Curso: My Favorite Opnening Is Chinese Opening  -> My Favorite Opnening Is Chinese Opening  (2 videos de clips)
2026-10-07 22:34:22,476 INFO [1/2] 1023945019 (audio)
2026-10-07 22:34:22,489 INFO [2/2] 1023946654 (audio)
2026-10-07 22:34:22,505 INFO == Curso: Actual Game Endgame 1  -> Actual Game Endgame 1  (4 videos de clips, 8 sobrantes omitidos)
2026-10-07 22:34:22,505 INFO [1/4] 738205333 (audio)
2026-10-07 22:34:22,518 INFO [2/4] 738207996 (audio)
2026-10-07 22:34:22,532 INFO [3/4] 738210008 (audio)
2026-10-07 22:34:22,545 INFO [4/4] 738241601 (audio)
2026-10-07 22:34:22,563 INFO == Curso: Shin Jinseo Won the 9th Ing Cup  -> Shin Jinseo Won the 9th Ing Cup  (1 videos de clips, 4 sobrantes omitidos)
2026-10-07 22:34:22,564 INFO [1/1] 860725724 (audio)
2026-10-07 22:34:22,582 INFO == Curso: 2022 Samsung Cup Semifinal - Choi Jung 9p VS Byeon Sang Il 9p  -> 2022 Samsung Cup Semifinal - Choi Jung 9p VS Byeon Sang Il 9p  (5 videos de clips, 24 sobrantes omitidos)
2026-10-07 22:34:22,582 INFO [1/5] 770165603 (audio)
2026-10-07 22:34:22,600 INFO [2/5] 770167792 (audio)
2026-10-07 22:34:22,613 INFO [3/5] 770170358 (audio)
2026-10-07 22:34:22,627 INFO [4/5] 770172514 (audio)
2026-10-07 22:34:22,642 INFO [5/5] 770173117 (audio)
2026-10-07 22:34:22,658 INFO == Curso: Extension - Don't Be Confused about this!  -> Extension - Don't Be Confused about this!  (5 videos de clips, 11 sobrantes omitidos)
2026-10-07 22:34:22,659 INFO [1/5] 652855000 (audio)
2026-10-07 22:34:22,671 INFO [2/5] 652858977 (audio)
2026-10-07 22:34:22,684 INFO [3/5] 652861957 (audio)
2026-10-07 22:34:22,697 INFO [4/5] 652863559 (audio)
2026-10-07 22:34:22,710 INFO [5/5] 652865493 (audio)
2026-10-07 22:34:22,725 INFO == Curso: Tips for making a safe & great extension  -> Tips for making a safe & great extension  (1 videos de clips, 4 sobrantes omitidos)
2026-10-07 22:34:22,726 INFO [1/1] 585397492 (audio)
2026-10-07 22:34:22,740 INFO == Curso: Lee-Changho's Endgame Divine Moves 1  -> Lee-Changho's Endgame Divine Moves 1  (3 videos de clips, 12 sobrantes omitidos)
2026-10-07 22:34:22,741 INFO [1/3] 667568880 (audio)
2026-10-07 22:34:22,753 INFO [2/3] 667573432 (audio)
2026-10-07 22:34:22,770 INFO [3/3] 667576720 (audio)
2026-10-07 22:34:22,785 INFO == Curso: Rasmus amazing test course  -> Rasmus amazing test course  (3 videos de clips, 1 sobrantes omitidos)
2026-10-07 22:34:22,785 INFO [1/3] 1126767369 (audio)
2026-10-07 22:34:22,797 INFO [2/3] 1126769336 (audio)
2026-10-07 22:34:22,810 INFO [3/3] 1164548017 (audio)
2026-10-07 22:34:22,826 INFO == Curso: Common Mistakes In Fighting   -> Common Mistakes In Fighting  (5 videos de clips, 6 sobrantes omitidos)
2026-10-07 22:34:22,826 INFO [1/5] 637786818 (audio)
2026-10-07 22:34:22,841 INFO [2/5] 637789946 (audio)
2026-10-07 22:34:22,857 INFO [3/5] 637792388 (audio)
2026-10-07 22:34:22,870 INFO [4/5] 637795502 (audio)
2026-10-07 22:34:22,885 INFO [5/5] 637796859 (audio)
2026-10-07 22:34:22,904 INFO == Curso: Counting Liberties  - Big Eye Space 3  -> Counting Liberties - Big Eye Space 3  (3 videos de clips)
2026-10-07 22:34:22,904 INFO [1/3] 562179788 (audio)
2026-10-07 22:34:22,917 INFO [2/3] 562180663 (audio)
2026-10-07 22:34:22,929 INFO [3/3] 562181776 (audio)
2026-10-07 22:34:22,944 INFO == Curso: Joseki Mistake - Punish it!  -> Joseki Mistake - Punish it!  (5 videos de clips, 10 sobrantes omitidos)
2026-10-07 22:34:22,945 INFO [1/5] 695153384 (audio)
2026-10-07 22:34:22,957 INFO [2/5] 695154780 (audio)
2026-10-07 22:34:22,969 INFO [3/5] 695155254 (audio)
2026-10-07 22:34:22,982 INFO [4/5] 695155515 (audio)
2026-10-07 22:34:22,994 INFO [5/5] 695156676 (audio)
2026-10-07 22:34:23,008 INFO == Curso: Break Moyo Before It Becomes Big!  -> Break Moyo Before It Becomes Big!  (3 videos de clips, 15 sobrantes omitidos)
2026-10-07 22:34:23,009 INFO [1/3] 675378963 (audio)
2026-10-07 22:34:23,022 INFO [2/3] 675385154 (audio)
2026-10-07 22:34:23,034 INFO [3/3] 675402644 (audio)
2026-10-07 22:34:23,049 INFO == Curso: Knight's move attachment completion!!  -> Knight's move attachment completion!!  (6 videos de clips, 2 sobrantes omitidos)
2026-10-07 22:34:23,050 INFO [1/6] 829722225 (audio)
2026-10-07 22:34:23,062 INFO [2/6] 829723069 (audio)
2026-10-07 22:34:23,075 INFO [3/6] 829724149 (audio)
2026-10-07 22:34:23,093 INFO [4/6] 829725122 (audio)
2026-10-07 22:34:23,111 INFO [5/6] 829725923 (audio)
2026-10-07 22:34:23,126 INFO [6/6] 829726772 (audio)
2026-10-07 22:34:23,142 INFO == Curso: How Do you Deal With A Ko Fight?  -> How Do you Deal With A Ko Fight_  (3 videos de clips, 23 sobrantes omitidos)
2026-10-07 22:34:23,142 INFO [1/3] 822532821 (audio)
2026-10-07 22:34:23,154 INFO [2/3] 822534498 (audio)
2026-10-07 22:34:23,167 INFO [3/3] 822537372 (audio)
2026-10-07 22:34:23,182 INFO == Curso: Beginner Course 6 Alive Stone And Dead Stone   -> Beginner Course 6 Alive Stone And Dead Stone  (2 videos de clips, 6 sobrantes omitidos)
2026-10-07 22:34:23,182 INFO [1/2] 687401688 (audio)
2026-10-07 22:34:23,196 INFO [2/2] 687402558 (audio)
2026-10-07 22:34:23,211 INFO == Curso: The 3-star opening  -> The 3-star opening  (19 videos de clips)
2026-10-07 22:34:23,212 INFO [1/19] 522388765 (audio)
2026-10-07 22:34:23,225 INFO [2/19] 522388755 (audio)
2026-10-07 22:34:23,238 INFO [3/19] 522388756 (audio)
2026-10-07 22:34:23,250 INFO [4/19] 522388762 (audio)
2026-10-07 22:34:23,264 INFO [5/19] 522388764 (audio)
2026-10-07 22:34:23,276 INFO [6/19] 522388750 (audio)
2026-10-07 22:34:23,289 INFO [7/19] 522388766 (audio)
2026-10-07 22:34:23,302 INFO [8/19] 522388767 (audio)
2026-10-07 22:34:23,316 INFO [9/19] 522388763 (audio)
2026-10-07 22:34:23,329 INFO [10/19] 522388752 (audio)
2026-10-07 22:34:23,343 INFO [11/19] 522388759 (audio)
2026-10-07 22:34:23,355 INFO [12/19] 522388753 (audio)
2026-10-07 22:34:23,368 INFO [13/19] 522388760 (audio)
2026-10-07 22:34:23,381 INFO [14/19] 522388758 (audio)
2026-10-07 22:34:23,395 INFO [15/19] 522388751 (audio)
2026-10-07 22:34:23,408 INFO [16/19] 522388757 (audio)
2026-10-07 22:34:23,421 INFO [17/19] 522388768 (audio)
2026-10-07 22:34:23,434 INFO [18/19] 522388769 (audio)
2026-10-07 22:34:23,447 INFO [19/19] 522388754 (audio)
2026-10-07 22:34:23,463 INFO == Curso: Beginner Course 2 Connection  -> Beginner Course 2 Connection  (3 videos de clips, 16 sobrantes omitidos)
2026-10-07 22:34:23,464 INFO [1/3] 685088953 (audio)
2026-10-07 22:34:23,476 INFO [2/3] 685090831 (audio)
2026-10-07 22:34:23,490 INFO [3/3] 685143991 (audio)
2026-10-07 22:34:23,504 INFO == Curso: Secret Solution For Cross-Cut  -> Secret Solution For Cross-Cut  (5 videos de clips, 9 sobrantes omitidos)
2026-10-07 22:34:23,505 INFO [1/5] 635166450 (audio)
2026-10-07 22:34:23,517 INFO [2/5] 635179789 (audio)
2026-10-07 22:34:23,531 INFO [3/5] 635185524 (audio)
2026-10-07 22:34:23,547 INFO [4/5] 635191643 (audio)
2026-10-07 22:34:23,560 INFO [5/5] 635194143 (audio)
2026-10-07 22:34:23,575 INFO == Curso: Cleverness Of Sequence 1  -> Cleverness Of Sequence 1  (2 videos de clips)
2026-10-07 22:34:23,576 INFO [1/2] 577961944 (audio)
2026-10-07 22:34:23,589 INFO [2/2] 577965709 (audio)
2026-10-07 22:34:23,603 INFO == Curso: Judgement based on your style  -> Judgement based on your style  (3 videos de clips, 4 sobrantes omitidos)
2026-10-07 22:34:23,604 INFO [1/3] 1064152312 (audio)
2026-10-07 22:34:23,617 INFO [2/3] 1064152912 (audio)
2026-10-07 22:34:23,630 INFO [3/3] 1064153644 (audio)
2026-10-07 22:34:23,647 INFO == Curso: Sabaki - Light Haeng-Ma  -> Sabaki - Light Haeng-Ma  (5 videos de clips, 13 sobrantes omitidos)
2026-10-07 22:34:23,647 INFO [1/5] 673877932 (audio)
2026-10-07 22:34:23,660 INFO [2/5] 673880063 (audio)
2026-10-07 22:34:23,673 INFO [3/5] 673880897 (audio)
2026-10-07 22:34:23,685 INFO [4/5] 673881667 (audio)
2026-10-07 22:34:23,700 INFO [5/5] 673882175 (audio)
2026-10-07 22:34:23,714 INFO == Curso: Good Pincer & Bad Pincer  -> Good Pincer & Bad Pincer  (3 videos de clips, 5 sobrantes omitidos)
2026-10-07 22:34:23,715 INFO [1/3] 787305454 (audio)
2026-10-07 22:34:23,727 INFO [2/3] 787306698 (audio)
2026-10-07 22:34:23,740 INFO [3/3] 787308320 (audio)
2026-10-07 22:34:23,755 INFO == Curso: My favorite opening  -> My favorite opening  (4 videos de clips, 2 sobrantes omitidos)
2026-10-07 22:34:23,755 INFO [1/4] 1018563105 (audio)
2026-10-07 22:34:23,771 INFO [2/4] 1018564772 (audio)
2026-10-07 22:34:23,784 INFO [3/4] 1018566818 (audio)
2026-10-07 22:34:23,797 INFO [4/4] 1018567042 (audio)
2026-10-07 22:34:23,813 INFO == Curso: The ways to invade moyo & corner  -> The ways to invade moyo & corner  (4 videos de clips)
2026-10-07 22:34:23,813 INFO [1/4] 552736015 (audio)
2026-10-07 22:34:23,825 INFO [2/4] 552736012 (audio)
2026-10-07 22:34:23,838 INFO [3/4] 552736014 (audio)
2026-10-07 22:34:23,850 INFO [4/4] 552736013 (audio)
2026-10-07 22:34:23,866 INFO == Curso: Let's master 3-3 invasion during Jeong-seok 2  -> Let's master 3-3 invasion during Jeong-seok 2  (2 videos de clips)
2026-10-07 22:34:23,866 INFO [1/2] 520276182 (audio)
2026-10-07 22:34:23,879 INFO [2/2] 520276181 (audio)
2026-10-07 22:34:23,894 INFO == Curso: 2025 Samsung Cup Semifinal Kim Jiseok VS Ding Hao  -> 2025 Samsung Cup Semifinal Kim Jiseok VS Ding Hao  (2 videos de clips, 13 sobrantes omitidos)
2026-10-07 22:34:23,895 INFO [1/2] 1139923690 (audio)
2026-10-07 22:34:23,907 INFO [2/2] 1139928174 (audio)
2026-10-07 22:34:23,922 INFO == Curso: Punishing Overplay Moves  -> Punishing Overplay Moves  (3 videos de clips, 5 sobrantes omitidos)
2026-10-07 22:34:23,922 INFO [1/3] 656878255 (audio)
2026-10-07 22:34:23,934 INFO [2/3] 656880393 (audio)
2026-10-07 22:34:23,947 INFO [3/3] 656882551 (audio)
2026-10-07 22:34:23,963 INFO == Curso: Are you afraid of big shape?  -> Are you afraid of big shape_  (3 videos de clips, 3 sobrantes omitidos)
2026-10-07 22:34:23,963 INFO [1/3] 854330302 (audio)
2026-10-07 22:34:23,975 INFO [2/3] 854330982 (audio)
2026-10-07 22:34:23,988 INFO [3/3] 854331571 (audio)
2026-10-07 22:34:24,002 INFO == Curso: 1st Ing Cup finals - Cho Hoon Hyun 9p VS Nie Weiping 9p  -> 1st Ing Cup finals - Cho Hoon Hyun 9p VS Nie Weiping 9p  (8 videos de clips)
2026-10-07 22:34:24,003 INFO [1/8] 549649102 (audio)
2026-10-07 22:34:24,015 INFO [2/8] 549649099 (audio)
2026-10-07 22:34:24,029 INFO [3/8] 549649101 (audio)
2026-10-07 22:34:24,043 INFO [4/8] 549649100 (audio)
2026-10-07 22:34:24,057 INFO [5/8] 549649095 (audio)
2026-10-07 22:34:24,069 INFO [6/8] 549649098 (audio)
2026-10-07 22:34:24,085 INFO [7/8] 549649096 (audio)
2026-10-07 22:34:24,103 INFO [8/8] 549649097 (audio)
2026-10-07 22:34:24,119 INFO == Curso: Ko & Sabaki Skill From Top Players  -> Ko & Sabaki Skill From Top Players  (2 videos de clips, 2 sobrantes omitidos)
2026-10-07 22:34:24,120 INFO [1/2] 945677393 (audio)
2026-10-07 22:34:24,133 INFO [2/2] 945679551 (audio)
2026-10-07 22:34:24,149 INFO == Curso: Pincer or not?  -> Pincer or not_  (5 videos de clips, 14 sobrantes omitidos)
2026-10-07 22:34:24,149 INFO [1/5] 800148713 (audio)
2026-10-07 22:34:24,162 INFO [2/5] 800150563 (audio)
2026-10-07 22:34:24,174 INFO [3/5] 800151814 (audio)
2026-10-07 22:34:24,187 INFO [4/5] 800153131 (audio)
2026-10-07 22:34:24,199 INFO [5/5] 800154188 (audio)
2026-10-07 22:34:24,214 INFO == Curso: Locating Bad Aji In The Territory  -> Locating Bad Aji In The Territory  (3 videos de clips, 3 sobrantes omitidos)
2026-10-07 22:34:24,214 INFO [1/3] 1180569072 (audio)
2026-10-07 22:34:24,227 INFO [2/3] 1180570939 (audio)
2026-10-07 22:34:24,240 INFO [3/3] 1180573506 (audio)
2026-10-07 22:34:24,256 INFO == Curso: Don't Be Afraid Giving Your Stones! (Sacrifice) -Avoid Bad Shape 3  -> Don't Be Afraid Giving Your Stones! (Sacrifice) -Avoid Bad Shape 3  (2 videos de clips, 1 sobrantes omitidos)
2026-10-07 22:34:24,256 INFO [1/2] 570607565 (audio)
2026-10-07 22:34:24,270 INFO [2/2] 570608926 (audio)
2026-10-07 22:34:24,285 INFO == Curso: Hane tesuji   -> Hane tesuji  (5 videos de clips, 4 sobrantes omitidos)
2026-10-07 22:34:24,285 INFO [1/5] 1153149243 (audio)
2026-10-07 22:34:24,298 INFO [2/5] 1153150445 (audio)
2026-10-07 22:34:24,312 INFO [3/5] 1153152364 (audio)
2026-10-07 22:34:24,325 INFO [4/5] 1153153944 (audio)
2026-10-07 22:34:24,337 INFO [5/5] 1153154691 (audio)
2026-10-07 22:34:24,352 INFO == Curso: the shapes are all related! End Game lecture!  -> the shapes are all related! End Game lecture!  (4 videos de clips, 6 sobrantes omitidos)
2026-10-07 22:34:24,354 INFO [1/4] 870176791 (audio)
2026-10-07 22:34:24,366 INFO [2/4] 870177348 (audio)
2026-10-07 22:34:24,380 INFO [3/4] 870178070 (audio)
2026-10-07 22:34:24,393 INFO [4/4] 870178311 (audio)
2026-10-07 22:34:24,408 INFO == Curso: Breaking Two-Space Enclosure   -> Breaking Two-Space Enclosure  (5 videos de clips)
2026-10-07 22:34:24,409 INFO [1/5] 561152143 (audio)
2026-10-07 22:34:24,421 INFO [2/5] 561152145 (audio)
2026-10-07 22:34:24,434 INFO [3/5] 561152144 (audio)
2026-10-07 22:34:24,447 INFO [4/5] 561152146 (audio)
2026-10-07 22:34:24,461 INFO [5/5] 561152147 (audio)
2026-10-07 22:34:24,478 INFO == Curso:  Overconcentration -  How To Do Effective Moves?  -> Overconcentration - How To Do Effective Moves_  (5 videos de clips, 3 sobrantes omitidos)
2026-10-07 22:34:24,478 INFO [1/5] 686256891 (audio)
2026-10-07 22:34:24,490 INFO [2/5] 686258470 (audio)
2026-10-07 22:34:24,503 INFO [3/5] 686261152 (audio)
2026-10-07 22:34:24,515 INFO [4/5] 686262311 (audio)
2026-10-07 22:34:24,529 INFO [5/5] 686264164 (audio)
2026-10-07 22:34:24,544 INFO == Curso: Tesuji cutting&wedging  -> Tesuji cutting&wedging  (2 videos de clips)
2026-10-07 22:34:24,544 INFO [1/2] 563544945 (audio)
2026-10-07 22:34:24,556 INFO [2/2] 563548057 (audio)
2026-10-07 22:34:24,571 INFO == Curso: Middle Game Strategy Defending & Attacking  -> Middle Game Strategy Defending & Attacking  (2 videos de clips, 1 sobrantes omitidos)
2026-10-07 22:34:24,572 INFO [1/2] 587830195 (audio)
2026-10-07 22:34:24,584 INFO [2/2] 587840509 (audio)
2026-10-07 22:34:24,600 INFO == Curso: A Game Review From 'Awesome Baduk Tournament'  -> A Game Review From 'Awesome Baduk Tournament'  (3 videos de clips, 7 sobrantes omitidos)
2026-10-07 22:34:24,600 INFO [1/3] 805998609 (audio)
2026-10-07 22:34:24,614 INFO [2/3] 806005162 (audio)
2026-10-07 22:34:24,626 INFO [3/3] 806009999 (audio)
2026-10-07 22:34:24,641 INFO == Curso: Counterattack - Catching A Chance!  -> Counterattack - Catching A Chance!  (3 videos de clips, 1 sobrantes omitidos)
2026-10-07 22:34:24,641 INFO [1/3] 744972805 (audio)
2026-10-07 22:34:24,654 INFO [2/3] 744975634 (audio)
2026-10-07 22:34:24,668 INFO [3/3] 744978113 (audio)
2026-10-07 22:34:24,683 INFO == Curso: New Jeong-Seok Connect Or Not?  -> New Jeong-Seok Connect Or Not_  (3 videos de clips)
2026-10-07 22:34:24,683 INFO [1/3] 860542351 (audio)
2026-10-07 22:34:24,696 INFO [2/3] 860542933 (audio)
2026-10-07 22:34:24,710 INFO [3/3] 860543123 (audio)
2026-10-07 22:34:24,724 INFO == Curso: Aggressive Or Defensive?  -> Aggressive Or Defensive_  (4 videos de clips, 4 sobrantes omitidos)
2026-10-07 22:34:24,724 INFO [1/4] 755868245 (audio)
2026-10-07 22:34:24,736 INFO [2/4] 755869617 (audio)
2026-10-07 22:34:24,750 INFO [3/4] 755870471 (audio)
2026-10-07 22:34:24,763 INFO [4/4] 755871322 (audio)
2026-10-07 22:34:24,779 INFO == Curso: What Is Better Option? Jeong-Seok Choice  -> What Is Better Option_ Jeong-Seok Choice  (2 videos de clips, 1 sobrantes omitidos)
2026-10-07 22:34:24,779 INFO [1/2] 886476193 (audio)
2026-10-07 22:34:24,793 INFO [2/2] 886478895 (audio)
2026-10-07 22:34:24,808 INFO == Curso: Hit The Head Of Two Stones! 1  -> Hit The Head Of Two Stones! 1  (4 videos de clips, 12 sobrantes omitidos)
2026-10-07 22:34:24,809 INFO [1/4] 602516343 (audio)
2026-10-07 22:34:24,821 INFO [2/4] 602520166 (audio)
2026-10-07 22:34:24,835 INFO [3/4] 602523194 (audio)
2026-10-07 22:34:24,848 INFO [4/4] 602528190 (audio)
2026-10-07 22:34:24,863 INFO == Curso: After Jeong-Seock 2 - 4.4 point   -> After Jeong-Seock 2 - 4.4 point  (5 videos de clips)
2026-10-07 22:34:24,863 INFO [1/5] 524309979 (audio)
2026-10-07 22:34:24,876 INFO [2/5] 524309978 (audio)
2026-10-07 22:34:24,890 INFO [3/5] 524309981 (audio)
2026-10-07 22:34:24,902 INFO [4/5] 524309977 (audio)
2026-10-07 22:34:24,914 INFO [5/5] 524309980 (audio)
2026-10-07 22:34:24,929 INFO == Curso: How To React To Your Opponent's Move  -> How To React To Your Opponent's Move  (2 videos de clips)
2026-10-07 22:34:24,930 INFO [1/2] 1178477645 (audio)
2026-10-07 22:34:24,943 INFO [2/2] 1178480069 (audio)
2026-10-07 22:34:24,959 INFO == Curso: My Typical Mistakes 4  -> My Typical Mistakes 4  (4 videos de clips, 3 sobrantes omitidos)
2026-10-07 22:34:24,959 INFO [1/4] 789411753 (audio)
2026-10-07 22:34:24,972 INFO [2/4] 789412280 (audio)
2026-10-07 22:34:24,984 INFO [3/4] 789413781 (audio)
2026-10-07 22:34:24,996 INFO [4/4] 789414354 (audio)
2026-10-07 22:34:25,012 INFO == Curso: Connection Skill 2  -> Connection Skill 2  (2 videos de clips)
2026-10-07 22:34:25,013 INFO [1/2] 1101215439 (audio)
2026-10-07 22:34:25,025 INFO [2/2] 1101217161 (audio)
2026-10-07 22:34:25,040 INFO == Curso: 4 corner patterns you must know to be 9kyu 4  -> 4 corner patterns you must know to be 9kyu 4  (3 videos de clips)
2026-10-07 22:34:25,040 INFO [1/3] 511928154 (audio)
2026-10-07 22:34:25,053 INFO [2/3] 511928151 (audio)
2026-10-07 22:34:25,065 INFO [3/3] 511928152 (audio)
2026-10-07 22:34:25,081 INFO == Curso: Counting Liberties  - Eye Space 1-3  -> Counting Liberties - Eye Space 1-3  (5 videos de clips)
2026-10-07 22:34:25,082 INFO [1/5] 562691403 (audio)
2026-10-07 22:34:25,101 INFO [2/5] 562691431 (audio)
2026-10-07 22:34:25,115 INFO [3/5] 562691450 (audio)
2026-10-07 22:34:25,128 INFO [4/5] 562691474 (audio)
2026-10-07 22:34:25,141 INFO [5/5] 562691511 (audio)
2026-10-07 22:34:25,156 INFO == Curso: Choosing the perfect Jeong-Seock 3  -> Choosing the perfect Jeong-Seock 3  (5 videos de clips)
2026-10-07 22:34:25,157 INFO [1/5] 524320744 (audio)
2026-10-07 22:34:25,170 INFO [2/5] 524320739 (audio)
2026-10-07 22:34:25,183 INFO [3/5] 524320740 (audio)
2026-10-07 22:34:25,195 INFO [4/5] 524320741 (audio)
2026-10-07 22:34:25,208 INFO [5/5] 524320743 (audio)
2026-10-07 22:34:25,225 INFO == Curso: After The Test Move - Why Am I Always Confused?  -> After The Test Move - Why Am I Always Confused_  (6 videos de clips, 11 sobrantes omitidos)
2026-10-07 22:34:25,225 INFO [1/6] 782050203 (audio)
2026-10-07 22:34:25,238 INFO [2/6] 782051122 (audio)
2026-10-07 22:34:25,251 INFO [3/6] 782052643 (audio)
2026-10-07 22:34:25,264 INFO [4/6] 782053367 (audio)
2026-10-07 22:34:25,278 INFO [5/6] 782053916 (audio)
2026-10-07 22:34:25,290 INFO [6/6] 782054572 (audio)
2026-10-07 22:34:25,306 INFO == Curso: Younggil's Favourite Opening  -> Younggil's Favourite Opening  (3 videos de clips, 3 sobrantes omitidos)
2026-10-07 22:34:25,306 INFO [1/3] 1021883264 (audio)
2026-10-07 22:34:25,319 INFO [2/3] 1021887051 (audio)
2026-10-07 22:34:25,332 INFO [3/3] 1021887827 (audio)
2026-10-07 22:34:25,347 INFO == Curso: Peep Against Peep - High Technique  -> Peep Against Peep - High Technique  (4 videos de clips, 9 sobrantes omitidos)
2026-10-07 22:34:25,348 INFO [1/4] 707242383 (audio)
2026-10-07 22:34:25,361 INFO [2/4] 707243573 (audio)
2026-10-07 22:34:25,374 INFO [3/4] 707244287 (audio)
2026-10-07 22:34:25,386 INFO [4/4] 707245588 (audio)
2026-10-07 22:34:25,401 INFO == Curso: Tidy Up Your Shape 1  -> Tidy Up Your Shape 1  (2 videos de clips, 1 sobrantes omitidos)
2026-10-07 22:34:25,401 INFO [1/2] 1105001849 (audio)
2026-10-07 22:34:25,416 INFO [2/2] 1105002632 (audio)
2026-10-07 22:34:25,430 INFO == Curso: How to secure the win!   -> How to secure the win!  (3 videos de clips, 6 sobrantes omitidos)
2026-10-07 22:34:25,431 INFO [1/3] 1035076338 (audio)
2026-10-07 22:34:25,444 INFO [2/3] 1035076821 (audio)
2026-10-07 22:34:25,456 INFO [3/3] 1035077425 (audio)
2026-10-07 22:34:25,471 INFO == Curso: Magic of the corner 1-4   -> Magic of the corner 1-4  (4 videos de clips, 2 sobrantes omitidos)
2026-10-07 22:34:25,472 INFO [1/4] 524288944 (audio)
2026-10-07 22:34:25,485 INFO [2/4] 524288942 (audio)
2026-10-07 22:34:25,498 INFO [3/4] 547110488 (audio)
2026-10-07 22:34:25,510 INFO [4/4] 547110487 (audio)
2026-10-07 22:34:25,525 INFO == Curso: Learning a complicated Joseki  -> Learning a complicated Joseki  (3 videos de clips, 8 sobrantes omitidos)
2026-10-07 22:34:25,525 INFO [1/3] 816042666 (audio)
2026-10-07 22:34:25,537 INFO [2/3] 816044781 (audio)
2026-10-07 22:34:25,550 INFO [3/3] 816046022 (audio)
2026-10-07 22:34:25,564 INFO == Curso: Never lose Capturing Race 2 - Diagonal move  -> Never lose Capturing Race 2 - Diagonal move  (3 videos de clips)
2026-10-07 22:34:25,564 INFO [1/3] 541035753 (audio)
2026-10-07 22:34:25,577 INFO [2/3] 541035744 (audio)
2026-10-07 22:34:25,590 INFO [3/3] 541035746 (audio)
2026-10-07 22:34:25,606 INFO == Curso: Deep Invasion  -> Deep Invasion  (4 videos de clips, 1 sobrantes omitidos)
2026-10-07 22:34:25,606 INFO [1/4] 1228253341 (audio)
2026-10-07 22:34:25,618 INFO [2/4] 1228253877 (audio)
2026-10-07 22:34:25,633 INFO [3/4] 1228255159 (audio)
2026-10-07 22:34:25,647 INFO [4/4] 1228264088 (audio)
2026-10-07 22:34:25,662 INFO == Curso: Right Choice of Joseki  -> Right Choice of Joseki  (3 videos de clips, 3 sobrantes omitidos)
2026-10-07 22:34:25,662 INFO [1/3] 819271405 (audio)
2026-10-07 22:34:25,674 INFO [2/3] 819273726 (audio)
2026-10-07 22:34:25,687 INFO [3/3] 819275896 (audio)
2026-10-07 22:34:25,702 INFO == Curso: Direction of Play  -> Direction of Play  (3 videos de clips, 6 sobrantes omitidos)
2026-10-07 22:34:25,702 INFO [1/3] 930799096 (audio)
2026-10-07 22:34:25,715 INFO [2/3] 930802786 (audio)
2026-10-07 22:34:25,728 INFO [3/3] 930804367 (audio)
2026-10-07 22:34:25,742 INFO == Curso: Magic Skill In Capturing Race - Throw-In  -> Magic Skill In Capturing Race - Throw-In  (6 videos de clips, 16 sobrantes omitidos)
2026-10-07 22:34:25,743 INFO [1/6] 661583105 (audio)
2026-10-07 22:34:25,755 INFO [2/6] 661583751 (audio)
2026-10-07 22:34:25,769 INFO [3/6] 661584060 (audio)
2026-10-07 22:34:25,781 INFO [4/6] 661584675 (audio)
2026-10-07 22:34:25,795 INFO [5/6] 661585067 (audio)
2026-10-07 22:34:25,809 INFO [6/6] 661585632 (audio)
2026-10-07 22:34:25,823 INFO == Curso: My Favorite Trick Move  -> My Favorite Trick Move  (3 videos de clips)
2026-10-07 22:34:25,823 INFO [1/3] 1220566678 (audio)
2026-10-07 22:34:25,835 INFO [2/3] 1220567493 (audio)
2026-10-07 22:34:25,848 INFO [3/3] 1220567917 (audio)
2026-10-07 22:34:25,863 INFO == Curso: Asking move  -> Asking move  (3 videos de clips, 4 sobrantes omitidos)
2026-10-07 22:34:25,863 INFO [1/3] 1049516674 (audio)
2026-10-07 22:34:25,876 INFO [2/3] 1049518163 (audio)
2026-10-07 22:34:25,888 INFO [3/3] 1049519838 (audio)
2026-10-07 22:34:25,904 INFO == Curso: Attach to Corner! Part1   -> Attach to Corner! Part1  (4 videos de clips, 3 sobrantes omitidos)
2026-10-07 22:34:25,904 INFO [1/4] 892837301 (audio)
2026-10-07 22:34:25,917 INFO [2/4] 892837534 (audio)
2026-10-07 22:34:25,930 INFO [3/4] 892838156 (audio)
2026-10-07 22:34:25,943 INFO [4/4] 892838337 (audio)
2026-10-07 22:34:25,957 INFO == Curso: Must Know 3.3 Joseki (Jeong-Seock) 1  -> Must Know 3.3 Joseki (Jeong-Seock) 1  (4 videos de clips, 6 sobrantes omitidos)
2026-10-07 22:34:25,958 INFO [1/4] 642637682 (audio)
2026-10-07 22:34:25,970 INFO [2/4] 642641540 (audio)
2026-10-07 22:34:25,983 INFO [3/4] 642643662 (audio)
2026-10-07 22:34:25,995 INFO [4/4] 642645029 (audio)
2026-10-07 22:34:26,010 INFO == Curso: How should I play part 1  -> How should I play part 1  (4 videos de clips, 1 sobrantes omitidos)
2026-10-07 22:34:26,011 INFO [1/4] 841888844 (audio)
2026-10-07 22:34:26,024 INFO [2/4] 841889482 (audio)
2026-10-07 22:34:26,036 INFO [3/4] 841890412 (audio)
2026-10-07 22:34:26,052 INFO [4/4] 841890685 (audio)
2026-10-07 22:34:26,067 INFO == Curso: The hidden truth of Jeong-Seock 2  -> The hidden truth of Jeong-Seock 2  (6 videos de clips)
2026-10-07 22:34:26,067 INFO [1/6] 523804358 (audio)
2026-10-07 22:34:26,083 INFO [2/6] 523804357 (audio)
2026-10-07 22:34:26,097 INFO [3/6] 523804356 (audio)
2026-10-07 22:34:26,113 INFO [4/6] 523804354 (audio)
2026-10-07 22:34:26,129 INFO [5/6] 523804353 (audio)
2026-10-07 22:34:26,141 INFO [6/6] 523804359 (audio)
2026-10-07 22:34:26,155 INFO == Curso:  Dangerous Two-Space Jump  -> Dangerous Two-Space Jump  (3 videos de clips, 5 sobrantes omitidos)
2026-10-07 22:34:26,156 INFO [1/3] 779887334 (audio)
2026-10-07 22:34:26,167 INFO [2/3] 779888240 (audio)
2026-10-07 22:34:26,180 INFO [3/3] 779889548 (audio)
2026-10-07 22:34:26,194 INFO == Curso: Beginner Course 13 Three Strategic Dansu  -> Beginner Course 13 Three Strategic Dansu  (2 videos de clips, 11 sobrantes omitidos)
2026-10-07 22:34:26,194 INFO [1/2] 695398106 (audio)
2026-10-07 22:34:26,208 INFO [2/2] 695399985 (audio)
2026-10-07 22:34:26,222 INFO == Curso: Which direction should I go? 3 - Using thickness  -> Which direction should I go_ 3 - Using thickness  (2 videos de clips)
2026-10-07 22:34:26,222 INFO [1/2] 559384560 (audio)
2026-10-07 22:34:26,234 INFO [2/2] 559384559 (audio)
2026-10-07 22:34:26,249 INFO == Curso: Good haengma and Bad haengma  -> Good haengma and Bad haengma  (3 videos de clips, 16 sobrantes omitidos)
2026-10-07 22:34:26,249 INFO [1/3] 1072685664 (audio)
2026-10-07 22:34:26,263 INFO [2/3] 1072687203 (audio)
2026-10-07 22:34:26,289 INFO [3/3] 1072696992 (audio)
2026-10-07 22:34:26,303 INFO == Curso: Tips for best 50 moves in the opening for 10kyu level 3  -> Tips for best 50 moves in the opening for 10kyu level 3  (3 videos de clips)
2026-10-07 22:34:26,304 INFO [1/3] 517510182 (audio)
2026-10-07 22:34:26,316 INFO [2/3] 517510183 (audio)
2026-10-07 22:34:26,329 INFO [3/3] 517510184 (audio)
2026-10-07 22:34:26,344 INFO == Curso: Good move Bad move  -> Good move Bad move  (3 videos de clips, 5 sobrantes omitidos)
2026-10-07 22:34:26,344 INFO [1/3] 1148823265 (audio)
2026-10-07 22:34:26,356 INFO [2/3] 1148823890 (audio)
2026-10-07 22:34:26,369 INFO [3/3] 1148825009 (audio)
2026-10-07 22:34:26,384 INFO == Curso: Choosing the perfect Jeong-Seock (Joseki) 1-4   -> Choosing the perfect Jeong-Seock (Joseki) 1-4  (5 videos de clips)
2026-10-07 22:34:26,384 INFO [1/5] 524315551 (audio)
2026-10-07 22:34:26,398 INFO [2/5] 524315548 (audio)
2026-10-07 22:34:26,410 INFO [3/5] 524315549 (audio)
2026-10-07 22:34:26,422 INFO [4/5] 524315550 (audio)
2026-10-07 22:34:26,435 INFO [5/5] 524315552 (audio)
2026-10-07 22:34:26,450 INFO == Curso: Must know connection technique 3 - First line  -> Must know connection technique 3 - First line  (3 videos de clips)
2026-10-07 22:34:26,450 INFO [1/3] 544186866 (audio)
2026-10-07 22:34:26,463 INFO [2/3] 544186865 (audio)
2026-10-07 22:34:26,476 INFO [3/3] 544186867 (audio)
2026-10-07 22:34:26,491 INFO == Curso: Ing Cup Final Endgame Magic Lee-Changho VS Chang-Hao   -> Ing Cup Final Endgame Magic Lee-Changho VS Chang-Hao  (3 videos de clips, 5 sobrantes omitidos)
2026-10-07 22:34:26,491 INFO [1/3] 813983869 (audio)
2026-10-07 22:34:26,504 INFO [2/3] 813984731 (audio)
2026-10-07 22:34:26,517 INFO [3/3] 813985729 (audio)
2026-10-07 22:34:26,532 INFO == Curso: 연결만 잘해도 초보 탈출 할 수 있어요  -> 연결만 잘해도 초보 탈출 할 수 있어요  (3 videos de clips, 3 sobrantes omitidos)
2026-10-07 22:34:26,533 INFO [1/3] 1012408361 (audio)
2026-10-07 22:34:26,546 INFO [2/3] 1012409692 (audio)
2026-10-07 22:34:26,559 INFO [3/3] 1012410976 (audio)
2026-10-07 22:34:26,574 INFO == Curso: Let's Master 3-3 Evil Invasion   -> Let's Master 3-3 Evil Invasion  (3 videos de clips, 5 sobrantes omitidos)
2026-10-07 22:34:26,574 INFO [1/3] 654428603 (audio)
2026-10-07 22:34:26,587 INFO [2/3] 654430999 (audio)
2026-10-07 22:34:26,601 INFO [3/3] 654439044 (audio)
2026-10-07 22:34:26,616 INFO == Curso: Defense Attachment  -> Defense Attachment  (3 videos de clips, 17 sobrantes omitidos)
2026-10-07 22:34:26,616 INFO [1/3] 721701461 (audio)
2026-10-07 22:34:26,629 INFO [2/3] 721703460 (audio)
2026-10-07 22:34:26,643 INFO [3/3] 721705206 (audio)
2026-10-07 22:34:26,659 INFO == Curso: Don't Be Afraid Giving Your Stones! (Sacrifice) -Driving Tesuji 2  -> Don't Be Afraid Giving Your Stones! (Sacrifice) -Driving Tesuji 2  (2 videos de clips, 10 sobrantes omitidos)
2026-10-07 22:34:26,660 INFO [1/2] 570605154 (audio)
2026-10-07 22:34:26,672 INFO [2/2] 570606287 (audio)
2026-10-07 22:34:26,687 INFO == Curso: Ko Fight Skill  -> Ko Fight Skill  (4 videos de clips, 16 sobrantes omitidos)
2026-10-07 22:34:26,688 INFO [1/4] 665145574 (audio)
2026-10-07 22:34:26,700 INFO [2/4] 665159939 (audio)
2026-10-07 22:34:26,714 INFO [3/4] 665165421 (audio)
2026-10-07 22:34:26,727 INFO [4/4] 665168379 (audio)
2026-10-07 22:34:26,742 INFO == Curso: Art of Sabaki  -> Art of Sabaki  (3 videos de clips, 4 sobrantes omitidos)
2026-10-07 22:34:26,742 INFO [1/3] 988592400 (audio)
2026-10-07 22:34:26,755 INFO [2/3] 988595369 (audio)
2026-10-07 22:34:26,767 INFO [3/3] 988598010 (audio)
2026-10-07 22:34:26,782 INFO == Curso: 4 corner patterns you must know to be 9kyu 1  -> 4 corner patterns you must know to be 9kyu 1  (3 videos de clips)
2026-10-07 22:34:26,783 INFO [1/3] 511897221 (audio)
2026-10-07 22:34:26,797 INFO [2/3] 511897219 (audio)
2026-10-07 22:34:26,810 INFO [3/3] 511897220 (audio)
2026-10-07 22:34:26,827 INFO == Curso: Direction of play in the Opening  -> Direction of play in the Opening  (3 videos de clips, 10 sobrantes omitidos)
2026-10-07 22:34:26,827 INFO [1/3] 809566004 (audio)
2026-10-07 22:34:26,840 INFO [2/3] 809567304 (audio)
2026-10-07 22:34:26,854 INFO [3/3] 809569540 (audio)
2026-10-07 22:34:26,870 INFO == Curso: The difference between Single and Double digit Kyu  -> The difference between Single and Double digit Kyu  (5 videos de clips, 18 sobrantes omitidos)
2026-10-07 22:34:26,871 INFO [1/5] 855281683 (audio)
2026-10-07 22:34:26,884 INFO [2/5] 855284055 (audio)
2026-10-07 22:34:26,897 INFO [3/5] 855285593 (audio)
2026-10-07 22:34:26,910 INFO [4/5] 855286204 (audio)
2026-10-07 22:34:26,923 INFO [5/5] 855288104 (audio)
2026-10-07 22:34:26,938 INFO == Curso: Magic of the corner 3  -> Magic of the corner 3  (2 videos de clips)
2026-10-07 22:34:26,938 INFO [1/2] 524296229 (audio)
2026-10-07 22:34:26,950 INFO [2/2] 524296228 (audio)
2026-10-07 22:34:26,965 INFO == Curso: Don't Be Afraid Giving Your Stones! - Sacrifice  1-3  -> Don't Be Afraid Giving Your Stones! - Sacrifice 1-3  (3 videos de clips, 13 sobrantes omitidos)
2026-10-07 22:34:26,965 INFO [1/3] 570600165 (audio)
2026-10-07 22:34:26,979 INFO [2/3] 570601885 (audio)
2026-10-07 22:34:26,992 INFO [3/3] 570602723 (audio)
2026-10-07 22:34:27,008 INFO == Curso: Proper Extension  -> Proper Extension  (4 videos de clips, 14 sobrantes omitidos)
2026-10-07 22:34:27,009 INFO [1/4] 846052807 (audio)
2026-10-07 22:34:27,022 INFO [2/4] 846054885 (audio)
2026-10-07 22:34:27,034 INFO [3/4] 846055442 (audio)
2026-10-07 22:34:27,046 INFO [4/4] 846055938 (audio)
2026-10-07 22:34:27,061 INFO == Curso: Must Know! Sabaki!  -> Must Know! Sabaki!  (3 videos de clips, 5 sobrantes omitidos)
2026-10-07 22:34:27,062 INFO [1/3] 972189980 (audio)
2026-10-07 22:34:27,074 INFO [2/3] 972192307 (audio)
2026-10-07 22:34:27,088 INFO [3/3] 972196070 (audio)
2026-10-07 22:34:27,106 INFO == Curso: Asking moves   -> Asking moves  (9 videos de clips)
2026-10-07 22:34:27,107 INFO [1/9] 1184356231 (audio)
2026-10-07 22:34:27,120 INFO [2/9] 1184356633 (audio)
2026-10-07 22:34:27,137 INFO [3/9] 1184357059 (audio)
2026-10-07 22:34:27,149 INFO [4/9] 1184357722 (audio)
2026-10-07 22:34:27,162 INFO [5/9] 1184357947 (audio)
2026-10-07 22:34:27,175 INFO [6/9] 1184358088 (audio)
2026-10-07 22:34:27,188 INFO [7/9] 1184358283 (audio)
2026-10-07 22:34:27,201 INFO [8/9] 1184358427 (audio)
2026-10-07 22:34:27,213 INFO [9/9] 1184358560 (audio)
2026-10-07 22:34:27,228 INFO == Curso: Pincer Joeng-Seok Strategy  -> Pincer Joeng-Seok Strategy  (2 videos de clips, 5 sobrantes omitidos)
2026-10-07 22:34:27,229 INFO [1/2] 771523022 (audio)
2026-10-07 22:34:27,241 INFO [2/2] 771525686 (audio)
2026-10-07 22:34:27,256 INFO == Curso: Find The Vital-Point  -> Find The Vital-Point  (4 videos de clips, 11 sobrantes omitidos)
2026-10-07 22:34:27,256 INFO [1/4] 714705304 (audio)
2026-10-07 22:34:27,269 INFO [2/4] 714706246 (audio)
2026-10-07 22:34:27,283 INFO [3/4] 714707349 (audio)
2026-10-07 22:34:27,296 INFO [4/4] 714708007 (audio)
2026-10-07 22:34:27,311 INFO == Curso: Right choice in the opening  -> Right choice in the opening  (3 videos de clips, 11 sobrantes omitidos)
2026-10-07 22:34:27,311 INFO [1/3] 802238845 (audio)
2026-10-07 22:34:31,581 WARNING 802238845 [audio] intento 1/3 fallo: ERROR: [vimeo] 802238845: Requested format is not available. Use --list-formats for a list of available formats
2026-10-07 22:34:36,563 WARNING 802238845 [audio] intento 2/3 fallo: ERROR: [vimeo] 802238845: Requested format is not available. Use --list-formats for a list of available formats
2026-10-07 22:34:43,497 WARNING 802238845 [audio] intento 3/3 fallo: ERROR: [vimeo] 802238845: Requested format is not available. Use --list-formats for a list of available formats
2026-10-07 22:34:49,498 ERROR 802238845 [audio] FALLO: ERROR: [vimeo] 802238845: Requested format is not available. Use --list-formats for a list of available formats
2026-10-07 22:34:50,514 INFO [2/3] 802238611 (audio)
2026-10-07 22:34:54,494 WARNING 802238611 [audio] intento 1/3 fallo: ERROR: [vimeo] 802238611: Requested format is not available. Use --list-formats for a list of available formats
2026-10-07 22:34:59,231 WARNING 802238611 [audio] intento 2/3 fallo: ERROR: [vimeo] 802238611: Requested format is not available. Use --list-formats for a list of available formats
2026-10-07 22:35:05,947 WARNING 802238611 [audio] intento 3/3 fallo: ERROR: [vimeo] 802238611: Requested format is not available. Use --list-formats for a list of available formats
2026-10-07 22:35:11,948 ERROR 802238611 [audio] FALLO: ERROR: [vimeo] 802238611: Requested format is not available. Use --list-formats for a list of available formats
2026-10-07 22:35:12,965 INFO [3/3] 802242252 (audio)
2026-10-07 22:35:17,195 WARNING 802242252 [audio] intento 1/3 fallo: ERROR: [vimeo] 802242252: Requested format is not available. Use --list-formats for a list of available formats
2026-10-07 22:35:22,371 WARNING 802242252 [audio] intento 2/3 fallo: ERROR: [vimeo] 802242252: Requested format is not available. Use --list-formats for a list of available formats
2026-10-07 22:35:29,119 WARNING 802242252 [audio] intento 3/3 fallo: ERROR: [vimeo] 802242252: Requested format is not available. Use --list-formats for a list of available formats
2026-10-07 22:35:35,120 ERROR 802242252 [audio] FALLO: ERROR: [vimeo] 802242252: Requested format is not available. Use --list-formats for a list of available formats
2026-10-07 22:35:36,147 INFO == Curso: Where are my Ko threats?  -> Where are my Ko threats_ [f8SCiKxyZ2lEGDARMP1H]  (3 videos de clips, 2 sobrantes omitidos)
2026-10-07 22:35:36,148 INFO [1/3] 900675315 (audio)
2026-10-07 22:35:36,160 INFO [2/3] 900676440 (audio)
2026-10-07 22:35:38,561 WARNING 900676440 [audio] intento 1/3 fallo: ERROR: [vimeo] 900676440: Unable to download webpage: HTTP Error 404: Not Found (caused by <HTTPError 404: Not Found>)
2026-10-07 22:35:42,898 WARNING 900676440 [audio] intento 2/3 fallo: ERROR: [vimeo] 900676440: Unable to download webpage: HTTP Error 404: Not Found (caused by <HTTPError 404: Not Found>)
2026-10-07 22:35:49,249 WARNING 900676440 [audio] intento 3/3 fallo: ERROR: [vimeo] 900676440: Unable to download webpage: HTTP Error 404: Not Found (caused by <HTTPError 404: Not Found>)
2026-10-07 22:35:55,250 ERROR 900676440 [audio] FALLO: ERROR: [vimeo] 900676440: Unable to download webpage: HTTP Error 404: Not Found (caused by <HTTPError 404: Not Found>)
2026-10-07 22:35:56,268 INFO [3/3] 900677544 (audio)
2026-10-07 22:35:56,289 INFO == Curso: Defend  -> Defend  (3 videos de clips, 6 sobrantes omitidos)
2026-10-07 22:35:56,289 INFO [1/3] 910036351 (audio)
2026-10-07 22:35:56,305 INFO [2/3] 910041969 (audio)
2026-10-07 22:35:56,319 INFO [3/3] 910044489 (audio)
2026-10-07 22:35:56,336 INFO == Curso: All About The Diagonal Move  -> All About The Diagonal Move  (5 videos de clips, 7 sobrantes omitidos)
2026-10-07 22:35:56,336 INFO [1/5] 763063492 (audio)
2026-10-07 22:35:56,352 INFO [2/5] 763064194 (audio)
2026-10-07 22:35:56,367 INFO [3/5] 763064585 (audio)
2026-10-07 22:35:56,386 INFO [4/5] 763066379 (audio)
2026-10-07 22:35:56,402 INFO [5/5] 763067120 (audio)
2026-10-07 22:35:56,419 INFO == Curso: Direction Of Attack   -> Direction Of Attack  (3 videos de clips, 5 sobrantes omitidos)
2026-10-07 22:35:56,420 INFO [1/3] 702308470 (audio)
2026-10-07 22:35:56,433 INFO [2/3] 702309604 (audio)
2026-10-07 22:35:56,453 INFO [3/3] 702311103 (audio)
2026-10-07 22:35:56,478 INFO == Curso: Typical Jeong-Seock Mistakes  -> Typical Jeong-Seock Mistakes  (4 videos de clips, 7 sobrantes omitidos)
2026-10-07 22:35:56,478 INFO [1/4] 753264677 (audio)
2026-10-07 22:35:56,496 INFO [2/4] 753266314 (audio)
2026-10-07 22:35:56,512 INFO [3/4] 753267160 (audio)
2026-10-07 22:35:56,528 INFO [4/4] 753268076 (audio)
2026-10-07 22:35:56,548 INFO == Curso:  Don't Always Trust The Knights Move! - Weakness Of Knight's Move  -> Don't Always Trust The Knights Move! - Weakness Of Knight's Move  (9 videos de clips, 29 sobrantes omitidos)
2026-10-07 22:35:56,549 INFO [1/9] 640622933 (audio)
2026-10-07 22:35:56,566 INFO [2/9] 640624440 (audio)
2026-10-07 22:35:56,584 INFO [3/9] 640624997 (audio)
2026-10-07 22:35:56,597 INFO [4/9] 640625562 (audio)
2026-10-07 22:35:56,615 INFO [5/9] 640626803 (audio)
2026-10-07 22:35:56,632 INFO [6/9] 640627320 (audio)
2026-10-07 22:35:56,649 INFO [7/9] 640628641 (audio)
2026-10-07 22:35:56,666 INFO [8/9] 640629458 (audio)
2026-10-07 22:35:56,680 INFO [9/9] 640630112 (audio)
2026-10-07 22:35:56,696 INFO == Curso: Alphago vs Lee-Sedol  Historic Match  -> Alphago vs Lee-Sedol Historic Match  (4 videos de clips, 2 sobrantes omitidos)
2026-10-07 22:35:56,696 INFO [1/4] 604036389 (audio)
2026-10-07 22:35:56,710 INFO [2/4] 604043062 (audio)
2026-10-07 22:35:56,724 INFO [3/4] 604049580 (audio)
2026-10-07 22:35:56,740 INFO [4/4] 604061505 (audio)
2026-10-07 22:35:56,758 INFO == Curso:  Don't Bother Me Anymore! - 3.3 Ivasion  -> Don't Bother Me Anymore! - 3.3 Ivasion  (5 videos de clips, 12 sobrantes omitidos)
2026-10-07 22:35:56,758 INFO [1/5] 648072914 (audio)
2026-10-07 22:35:56,771 INFO [2/5] 648074565 (audio)
2026-10-07 22:35:56,785 INFO [3/5] 648074941 (audio)
2026-10-07 22:35:56,800 INFO [4/5] 648076154 (audio)
2026-10-07 22:35:56,813 INFO [5/5] 648076797 (audio)
2026-10-07 22:35:56,828 INFO == Curso: Tenuki  -> Tenuki  (3 videos de clips, 9 sobrantes omitidos)
2026-10-07 22:35:56,828 INFO [1/3] 996595550 (audio)
2026-10-07 22:35:56,841 INFO [2/3] 996604701 (audio)
2026-10-07 22:35:56,855 INFO [3/3] 996608768 (audio)
2026-10-07 22:35:56,871 INFO == Curso: Breakout Haeng Ma  - Attachment & Escape  -> Breakout Haeng Ma - Attachment & Escape  (3 videos de clips, 29 sobrantes omitidos)
2026-10-07 22:35:56,872 INFO [1/3] 578824560 (audio)
2026-10-07 22:35:56,885 INFO [2/3] 578830946 (audio)
2026-10-07 22:35:56,898 INFO [3/3] 578833961 (audio)
2026-10-07 22:35:56,915 INFO == Curso: Double Hane Technique  -> Double Hane Technique  (7 videos de clips, 4 sobrantes omitidos)
2026-10-07 22:35:56,915 INFO [1/7] 624409130 (audio)
2026-10-07 22:35:56,933 INFO [2/7] 624412887 (audio)
2026-10-07 22:35:56,947 INFO [3/7] 624416795 (audio)
2026-10-07 22:35:56,960 INFO [4/7] 624424173 (audio)
2026-10-07 22:35:56,974 INFO [5/7] 624428067 (audio)
2026-10-07 22:35:56,991 INFO [6/7] 624432021 (audio)
2026-10-07 22:35:57,007 INFO [7/7] 624437060 (audio)
2026-10-07 22:35:57,026 INFO == Curso: How much is this Ko worth?  -> How much is this Ko worth_  (4 videos de clips)
2026-10-07 22:35:57,026 INFO [1/4] 902505646 (audio)
2026-10-07 22:35:57,042 INFO [2/4] 902506081 (audio)
2026-10-07 22:35:57,060 INFO [3/4] 902506267 (audio)
2026-10-07 22:35:57,075 INFO [4/4] 902506459 (audio)
2026-10-07 22:35:57,093 INFO == Curso: How to Handle a Cut in Baduk  -> How to Handle a Cut in Baduk  (3 videos de clips, 11 sobrantes omitidos)
2026-10-07 22:35:57,094 INFO [1/3] 1195249890 (audio)
2026-10-07 22:35:57,112 INFO [2/3] 1195250861 (audio)
2026-10-07 22:35:57,128 INFO [3/3] 1195251363 (audio)
2026-10-07 22:35:57,154 INFO == Curso: Which direction should I go? 2 - Weak groups  -> Which direction should I go_ 2 - Weak groups  (2 videos de clips)
2026-10-07 22:35:57,154 INFO [1/2] 559380432 (audio)
2026-10-07 22:35:57,175 INFO [2/2] 559380431 (audio)
2026-10-07 22:35:57,201 INFO == Curso: AI's Favorite Attachment 2  -> AI's Favorite Attachment 2  (5 videos de clips, 10 sobrantes omitidos)
2026-10-07 22:35:57,201 INFO [1/5] 648906575 (audio)
2026-10-07 22:35:57,220 INFO [2/5] 648908490 (audio)
2026-10-07 22:35:57,242 INFO [3/5] 648911697 (audio)
2026-10-07 22:35:57,264 INFO [4/5] 648913538 (audio)
2026-10-07 22:35:57,284 INFO [5/5] 648915548 (audio)
2026-10-07 22:35:57,303 INFO == Curso: How to reduce White's thickness?  -> How to reduce White's thickness_  (3 videos de clips, 4 sobrantes omitidos)
2026-10-07 22:35:57,304 INFO [1/3] 1103249574 (audio)
2026-10-07 22:35:57,319 INFO [2/3] 1103252516 (audio)
2026-10-07 22:35:57,333 INFO [3/3] 1103254368 (audio)
2026-10-07 22:35:57,350 INFO == Curso: Is This Joseki Disappear?  -> Is This Joseki Disappear_  (4 videos de clips, 8 sobrantes omitidos)
2026-10-07 22:35:57,350 INFO [1/4] 825769187 (audio)
2026-10-07 22:35:57,365 INFO [2/4] 825774442 (audio)
2026-10-07 22:35:57,381 INFO [3/4] 825776391 (audio)
2026-10-07 22:35:57,395 INFO [4/4] 825777456 (audio)
2026-10-07 22:35:57,417 INFO == Curso: The hidden truth of Jeong-Seock (Joseki) 1-4   -> The hidden truth of Jeong-Seock (Joseki) 1-4  (10 videos de clips)
2026-10-07 22:35:57,418 INFO [1/10] 523796204 (audio)
2026-10-07 22:35:57,440 INFO [2/10] 523796210 (audio)
2026-10-07 22:35:57,466 INFO [3/10] 523796203 (audio)
2026-10-07 22:35:57,485 INFO [4/10] 523796205 (audio)
2026-10-07 22:35:57,500 INFO [5/10] 523796211 (audio)
2026-10-07 22:35:57,520 INFO [6/10] 523796214 (audio)
2026-10-07 22:35:57,543 INFO [7/10] 523796202 (audio)
2026-10-07 22:35:57,563 INFO [8/10] 523796206 (audio)
2026-10-07 22:35:57,582 INFO [9/10] 523796208 (audio)
2026-10-07 22:35:57,605 INFO [10/10] 523796209 (audio)
2026-10-07 22:35:57,628 INFO == Curso: The Strength of Stones Determines Direction  -> The Strength of Stones Determines Direction  (2 videos de clips)
2026-10-07 22:35:57,629 INFO [1/2] 1135278334 (audio)
2026-10-07 22:35:57,650 INFO [2/2] 1135279840 (audio)
2026-10-07 22:35:57,675 INFO == Curso: Everything of 3-3 point invasion   -> Everything of 3-3 point invasion  (5 videos de clips)
2026-10-07 22:35:57,676 INFO [1/5] 537710392 (audio)
2026-10-07 22:35:57,695 INFO [2/5] 540566728 (audio)
2026-10-07 22:35:57,717 INFO [3/5] 541055084 (audio)
2026-10-07 22:35:57,740 INFO [4/5] 541055083 (audio)
2026-10-07 22:35:57,763 INFO [5/5] 541055082 (audio)
2026-10-07 22:35:57,787 INFO == Curso: Annoying Invasion - After 3.3 Invasion  -> Annoying Invasion - After 3.3 Invasion  (3 videos de clips, 13 sobrantes omitidos)
2026-10-07 22:35:57,788 INFO [1/3] 669085134 (audio)
2026-10-07 22:35:57,812 INFO [2/3] 669086846 (audio)
2026-10-07 22:35:57,835 INFO [3/3] 669087964 (audio)
2026-10-07 22:35:57,860 INFO == Curso: Corner & Side's Secret Rule - Corner 4/6, Side 6/8   -> Corner & Side's Secret Rule - Corner 4_6, Side 6_8  (4 videos de clips, 21 sobrantes omitidos)
2026-10-07 22:35:57,860 INFO [1/4] 587108790 (audio)
2026-10-07 22:35:57,884 INFO [2/4] 587110204 (audio)
2026-10-07 22:35:57,913 INFO [3/4] 587111381 (audio)
2026-10-07 22:35:57,938 INFO [4/4] 587254987 (audio)
2026-10-07 22:35:57,959 INFO == Curso: Lee Chang Ho's Genius Invasion  -> Lee Chang Ho's Genius Invasion  (4 videos de clips, 14 sobrantes omitidos)
2026-10-07 22:35:57,959 INFO [1/4] 663307083 (audio)
2026-10-07 22:35:57,984 INFO [2/4] 663311809 (audio)
2026-10-07 22:35:58,011 INFO [3/4] 663313834 (audio)
2026-10-07 22:35:58,035 INFO [4/4] 663315043 (audio)
2026-10-07 22:35:58,061 INFO == Curso: Old vs New Jeong-Seok 1  -> Old vs New Jeong-Seok 1  (2 videos de clips, 2 sobrantes omitidos)
2026-10-07 22:35:58,061 INFO [1/2] 751215810 (audio)
2026-10-07 22:35:58,085 INFO [2/2] 751219191 (audio)
2026-10-07 22:35:58,107 INFO == Curso: Understanding of Kobayashi's opening!  -> Understanding of Kobayashi's opening!  (4 videos de clips)
2026-10-07 22:35:58,108 INFO [1/4] 793645824 (audio)
2026-10-07 22:35:58,129 INFO [2/4] 793644827 (audio)
2026-10-07 22:35:58,148 INFO [3/4] 793646224 (audio)
2026-10-07 22:35:58,172 INFO [4/4] 793646408 (audio)
2026-10-07 22:35:58,197 INFO == Curso: Tips for best 50 moves in the opening for 10kyu level 1  -> Tips for best 50 moves in the opening for 10kyu level 1  (4 videos de clips)
2026-10-07 22:35:58,197 INFO [1/4] 517473349 (audio)
2026-10-07 22:35:58,220 INFO [2/4] 517473348 (audio)
2026-10-07 22:35:58,243 INFO [3/4] 517473351 (audio)
2026-10-07 22:35:58,264 INFO [4/4] 517473350 (audio)
2026-10-07 22:35:58,294 INFO == Curso: Vital Point Of The Shape 1  -> Vital Point Of The Shape 1  (3 videos de clips, 1 sobrantes omitidos)
2026-10-07 22:35:58,294 INFO [1/3] 775478773 (audio)
2026-10-07 22:35:58,316 INFO [2/3] 775479920 (audio)
2026-10-07 22:35:58,334 INFO [3/3] 775480865 (audio)
2026-10-07 22:35:58,357 INFO == Curso: Typical Mistakes 1 For DDK  -> Typical Mistakes 1 For DDK  (2 videos de clips, 2 sobrantes omitidos)
2026-10-07 22:35:58,358 INFO [1/2] 742694450 (audio)
2026-10-07 22:35:58,382 INFO [2/2] 742698084 (audio)
2026-10-07 22:35:58,401 INFO == Curso: Making A Net In Different Situations  -> Making A Net In Different Situations  (2 videos de clips, 1 sobrantes omitidos)
2026-10-07 22:35:58,401 INFO [1/2] 816515995 (audio)
2026-10-07 22:35:58,427 INFO [2/2] 816518180 (audio)
2026-10-07 22:35:58,452 INFO == Curso: 3가지 바둑격언으로 쉽게 배우는 사활  -> 3가지 바둑격언으로 쉽게 배우는 사활  (4 videos de clips, 6 sobrantes omitidos)
2026-10-07 22:35:58,452 INFO [1/4] 991526403 (audio)
2026-10-07 22:35:58,475 INFO [2/4] 991528753 (audio)
2026-10-07 22:35:58,496 INFO [3/4] 991530552 (audio)
2026-10-07 22:35:58,516 INFO [4/4] 991532329 (audio)
2026-10-07 22:35:58,542 INFO == Curso: Nobi -   defense & attack at the same time  -> Nobi - defense & attack at the same time  (5 videos de clips, 13 sobrantes omitidos)
2026-10-07 22:35:58,543 INFO [1/5] 671419859 (audio)
2026-10-07 22:35:58,561 INFO [2/5] 671420663 (audio)
2026-10-07 22:35:58,587 INFO [3/5] 671421349 (audio)
2026-10-07 22:35:58,621 INFO [4/5] 671422296 (audio)
2026-10-07 22:35:58,644 INFO [5/5] 671424333 (audio)
2026-10-07 22:35:58,669 INFO == Curso: Beginner Course 21 False Eye  -> Beginner Course 21 False Eye  (2 videos de clips, 7 sobrantes omitidos)
2026-10-07 22:35:58,670 INFO [1/2] 718281372 (audio)
2026-10-07 22:35:58,694 INFO [2/2] 718285154 (audio)
2026-10-07 22:35:58,719 INFO == Curso: Beginner Course 17 Opening On 13x13 Board  -> Beginner Course 17 Opening On 13x13 Board  (2 videos de clips, 3 sobrantes omitidos)
2026-10-07 22:35:58,720 INFO [1/2] 706133349 (audio)
2026-10-07 22:35:58,742 INFO [2/2] 706136428 (audio)
2026-10-07 22:35:58,766 INFO == Curso: Hit The Head Of Two Stones! 2  -> Hit The Head Of Two Stones! 2  (4 videos de clips, 5 sobrantes omitidos)
2026-10-07 22:35:58,766 INFO [1/4] 602532644 (audio)
2026-10-07 22:35:58,790 INFO [2/4] 602535417 (audio)
2026-10-07 22:35:58,812 INFO [3/4] 602536476 (audio)
2026-10-07 22:35:58,834 INFO [4/4] 602539067 (audio)
2026-10-07 22:35:58,860 INFO == Curso: Forbidden Moves - Play This Move, If You Want To Lose Game!  -> Forbidden Moves - Play This Move, If You Want To Lose Game!  (4 videos de clips, 27 sobrantes omitidos)
2026-10-07 22:35:58,861 INFO [1/4] 581521101 (audio)
2026-10-07 22:35:58,884 INFO [2/4] 581523909 (audio)
2026-10-07 22:35:58,910 INFO [3/4] 581526334 (audio)
2026-10-07 22:35:58,932 INFO [4/4] 581527687 (audio)
2026-10-07 22:35:58,957 INFO == Curso: The Best Reduction Timing   -> The Best Reduction Timing  (3 videos de clips, 9 sobrantes omitidos)
2026-10-07 22:35:58,958 INFO [1/3] 688024030 (audio)
2026-10-07 22:35:58,981 INFO [2/3] 688029696 (audio)
2026-10-07 22:35:59,001 INFO [3/3] 688034362 (audio)
2026-10-07 22:35:59,024 INFO == Curso: The Art of the Cut: Working with Clamps and Wedges  -> The Art of the Cut_ Working with Clamps and Wedges  (2 videos de clips)
2026-10-07 22:35:59,024 INFO [1/2] 1206599116 (audio)
2026-10-07 22:35:59,048 INFO [2/2] 1206106812 (audio)
2026-10-07 22:35:59,072 INFO == Curso: Unforgettable Endgame Tesuji  -> Unforgettable Endgame Tesuji  (3 videos de clips, 2 sobrantes omitidos)
2026-10-07 22:35:59,073 INFO [1/3] 967206461 (audio)
2026-10-07 22:35:59,097 INFO [2/3] 967214134 (audio)
2026-10-07 22:35:59,121 INFO [3/3] 967221905 (audio)
2026-10-07 22:35:59,149 INFO == Curso: Tengen and Yeonwoo's Tragic Mistake!  -> Tengen and Yeonwoo's Tragic Mistake!  (2 videos de clips, 1 sobrantes omitidos)
2026-10-07 22:35:59,149 INFO [1/2] 955900574 (audio)
2026-10-07 22:35:59,172 INFO [2/2] 955903589 (audio)
2026-10-07 22:35:59,197 INFO == Curso: When do you Tenuki?  -> When do you Tenuki_  (3 videos de clips, 6 sobrantes omitidos)
2026-10-07 22:35:59,197 INFO [1/3] 1000445659 (audio)
2026-10-07 22:35:59,221 INFO [2/3] 1000448465 (audio)
2026-10-07 22:35:59,244 INFO [3/3] 1000450554 (audio)
2026-10-07 22:35:59,269 INFO == Curso: What Happens If White Invades In Your Corner?  -> What Happens If White Invades In Your Corner_  (2 videos de clips, 11 sobrantes omitidos)
2026-10-07 22:35:59,270 INFO [1/2] 816494798 (audio)
2026-10-07 22:35:59,295 INFO [2/2] 816496694 (audio)
2026-10-07 22:35:59,321 INFO == Curso: Corner Is Destroyed With This Move  -> Corner Is Destroyed With This Move  (2 videos de clips, 3 sobrantes omitidos)
2026-10-07 22:35:59,322 INFO [1/2] 829828195 (audio)
2026-10-07 22:35:59,344 INFO [2/2] 829829740 (audio)
2026-10-07 22:35:59,368 INFO == Curso: Must know connection technique 4 - Knight's move & Diagonal move  -> Must know connection technique 4 - Knight's move & Diagonal move  (4 videos de clips)
2026-10-07 22:35:59,369 INFO [1/4] 544186892 (audio)
2026-10-07 22:35:59,390 INFO [2/4] 544186893 (audio)
2026-10-07 22:35:59,412 INFO [3/4] 544186891 (audio)
2026-10-07 22:35:59,435 INFO [4/4] 544186890 (audio)
2026-10-07 22:35:59,454 INFO == Curso: New course  -> New course [luwirvB0TxmtvSNuFoxh]  (1 videos de clips)
2026-10-07 22:35:59,454 INFO [1/1] 880742412 (audio)
2026-10-07 22:35:59,475 INFO == Curso: Typical Mistake In Jeong-Seok  -> Typical Mistake In Jeong-Seok  (3 videos de clips, 8 sobrantes omitidos)
2026-10-07 22:35:59,475 INFO [1/3] 841629671 (audio)
2026-10-07 22:35:59,491 INFO [2/3] 841629930 (audio)
2026-10-07 22:35:59,509 INFO [3/3] 841630151 (audio)
2026-10-07 22:35:59,527 INFO == Curso: The hidden truth of Jeong-Seock 3  -> The hidden truth of Jeong-Seock 3  (6 videos de clips)
2026-10-07 22:35:59,528 INFO [1/6] 523807078 (audio)
2026-10-07 22:35:59,549 INFO [2/6] 523807075 (audio)
2026-10-07 22:35:59,571 INFO [3/6] 523807074 (audio)
2026-10-07 22:35:59,593 INFO [4/6] 523807076 (audio)
2026-10-07 22:35:59,614 INFO [5/6] 523807073 (audio)
2026-10-07 22:35:59,637 INFO [6/6] 523807079 (audio)
2026-10-07 22:35:59,662 INFO == Curso: Attacking Opponent's Weak Points 1  -> Attacking Opponent's Weak Points 1  (3 videos de clips, 2 sobrantes omitidos)
2026-10-07 22:35:59,663 INFO [1/3] 757165669 (audio)
2026-10-07 22:35:59,688 INFO [2/3] 757168453 (audio)
2026-10-07 22:35:59,710 INFO [3/3] 757171015 (audio)
2026-10-07 22:35:59,739 INFO == Curso: Beginner Course 11 Attacking Skill 1  -> Beginner Course 11 Attacking Skill 1  (4 videos de clips, 11 sobrantes omitidos)
2026-10-07 22:35:59,740 INFO [1/4] 692510004 (audio)
2026-10-07 22:35:59,765 INFO [2/4] 692511545 (audio)
2026-10-07 22:35:59,789 INFO [3/4] 692512966 (audio)
2026-10-07 22:35:59,810 INFO [4/4] 692514459 (audio)
2026-10-07 22:35:59,834 INFO == Curso: Tesuji In THE ACTUAL GAME 1  -> Tesuji In THE ACTUAL GAME 1  (3 videos de clips, 4 sobrantes omitidos)
2026-10-07 22:35:59,834 INFO [1/3] 764006020 (audio)
2026-10-07 22:35:59,857 INFO [2/3] 764007223 (audio)
2026-10-07 22:35:59,882 INFO [3/3] 764008243 (audio)
2026-10-07 22:35:59,909 INFO == Curso: Never Lose Capturing race 1-4  -> Never Lose Capturing race 1-4  (4 videos de clips)
2026-10-07 22:35:59,912 INFO [1/4] 541060470 (audio)
2026-10-07 22:35:59,933 INFO [2/4] 541060472 (audio)
2026-10-07 22:35:59,957 INFO [3/4] 541060473 (audio)
2026-10-07 22:35:59,982 INFO [4/4] 541060471 (audio)
2026-10-07 22:36:00,008 INFO == Curso: Punish Overplay  -> Punish Overplay  (4 videos de clips, 6 sobrantes omitidos)
2026-10-07 22:36:00,009 INFO [1/4] 742956854 (audio)
2026-10-07 22:36:00,033 INFO [2/4] 742958384 (audio)
2026-10-07 22:36:00,056 INFO [3/4] 742959952 (audio)
2026-10-07 22:36:00,077 INFO [4/4] 742962292 (audio)
2026-10-07 22:36:00,105 INFO == Curso: Must Know Endgame 2 - Cut, Attachment  -> Must Know Endgame 2 - Cut, Attachment  (3 videos de clips, 11 sobrantes omitidos)
2026-10-07 22:36:00,106 INFO [1/3] 777590217 (audio)
2026-10-07 22:36:00,128 INFO [2/3] 777591689 (audio)
2026-10-07 22:36:00,150 INFO [3/3] 777593426 (audio)
2026-10-07 22:36:00,175 INFO == Curso: 50 Moves Opening Like a Pro 1  -> 50 Moves Opening Like a Pro 1  (5 videos de clips, 15 sobrantes omitidos)
2026-10-07 22:36:00,175 INFO [1/5] 597776471 (audio)
2026-10-07 22:36:00,198 INFO [2/5] 597782753 (audio)
2026-10-07 22:36:00,219 INFO [3/5] 597787482 (audio)
2026-10-07 22:36:00,241 INFO [4/5] 597791725 (audio)
2026-10-07 22:36:00,264 INFO [5/5] 597797008 (audio)
2026-10-07 22:36:00,287 INFO == Curso: The Basics of the Bent Four  -> The Basics of the Bent Four  (4 videos de clips, 2 sobrantes omitidos)
2026-10-07 22:36:00,288 INFO [1/4] 1228344665 (audio)
2026-10-07 22:36:00,309 INFO [2/4] 1228345286 (audio)
2026-10-07 22:36:00,328 INFO [3/4] 1228346201 (audio)
2026-10-07 22:36:00,349 INFO [4/4] 1228347042 (audio)
2026-10-07 22:36:00,375 INFO == Curso: This invasion is so annoying!!  -> This invasion is so annoying!!  (4 videos de clips, 2 sobrantes omitidos)
2026-10-07 22:36:00,375 INFO [1/4] 888187035 (audio)
2026-10-07 22:36:00,397 INFO [2/4] 888187189 (audio)
2026-10-07 22:36:00,420 INFO [3/4] 888188184 (audio)
2026-10-07 22:36:00,442 INFO [4/4] 888188410 (audio)
2026-10-07 22:36:00,467 INFO == Curso: How to Trick   -> How to Trick  (3 videos de clips, 9 sobrantes omitidos)
2026-10-07 22:36:00,468 INFO [1/3] 1027129588 (audio)
2026-10-07 22:36:00,490 INFO [2/3] 1027130793 (audio)
2026-10-07 22:36:00,513 INFO [3/3] 1027131927 (audio)
2026-10-07 22:36:00,537 INFO == Curso: Trick Move Lecture 2  -> Trick Move Lecture 2  (4 videos de clips, 2 sobrantes omitidos)
2026-10-07 22:36:00,538 INFO [1/4] 643402383 (audio)
2026-10-07 22:36:00,559 INFO [2/4] 643404397 (audio)
2026-10-07 22:36:00,578 INFO [3/4] 643407895 (audio)
2026-10-07 22:36:00,601 INFO [4/4] 643409603 (audio)
2026-10-07 22:36:00,630 INFO == Curso: Beginner Course 15 Weak Points In Territory 1  -> Beginner Course 15 Weak Points In Territory 1  (3 videos de clips)
2026-10-07 22:36:00,631 INFO [1/3] 702544057 (audio)
2026-10-07 22:36:00,656 INFO [2/3] 702545056 (audio)
2026-10-07 22:36:00,678 INFO [3/3] 702545689 (audio)
2026-10-07 22:36:00,703 INFO == Curso: Avoid Repeating Errors  -> Avoid Repeating Errors  (3 videos de clips, 13 sobrantes omitidos)
2026-10-07 22:36:00,703 INFO [1/3] 1081739071 (audio)
2026-10-07 22:36:00,726 INFO [2/3] 1081740648 (audio)
2026-10-07 22:36:00,747 INFO [3/3] 1081741838 (audio)
2026-10-07 22:36:00,770 INFO == Curso: Beginner Course 26 3-4 Corner Pattern   -> Beginner Course 26 3-4 Corner Pattern  (2 videos de clips, 2 sobrantes omitidos)
2026-10-07 22:36:00,770 INFO [1/2] 729592903 (audio)
2026-10-07 22:36:00,793 INFO [2/2] 729595091 (audio)
2026-10-07 22:36:00,818 INFO == Curso: Tesuji sacrificing  -> Tesuji sacrificing  (1 videos de clips)
2026-10-07 22:36:00,819 INFO [1/1] 565186969 (audio)
2026-10-07 22:36:00,844 INFO == Curso: Magic of the corner 2  -> Magic of the corner 2  (6 videos de clips)
2026-10-07 22:36:00,845 INFO [1/6] 524291847 (audio)
2026-10-07 22:36:00,866 INFO [2/6] 524291848 (audio)
2026-10-07 22:36:00,889 INFO [3/6] 524291851 (audio)
2026-10-07 22:36:00,911 INFO [4/6] 524291852 (audio)
2026-10-07 22:36:00,934 INFO [5/6] 524291850 (audio)
2026-10-07 22:36:00,955 INFO [6/6] 524291849 (audio)
2026-10-07 22:36:00,980 INFO == Curso: Tips for sacrificing & having a good shape   -> Tips for sacrificing & having a good shape  (4 videos de clips, 4 sobrantes omitidos)
2026-10-07 22:36:00,981 INFO [1/4] 666438943 (audio)
2026-10-07 22:36:01,003 INFO [2/4] 666439920 (audio)
2026-10-07 22:36:01,023 INFO [3/4] 666441402 (audio)
2026-10-07 22:36:01,046 INFO [4/4] 666442273 (audio)
2026-10-07 22:36:01,069 INFO == Curso: Must know connection technique 2 - Bamboo Joint & Hane  -> Must know connection technique 2 - Bamboo Joint & Hane  (4 videos de clips)
2026-10-07 22:36:01,070 INFO [1/4] 544186783 (audio)
2026-10-07 22:36:01,091 INFO [2/4] 544186784 (audio)
2026-10-07 22:36:01,110 INFO [3/4] 544186785 (audio)
2026-10-07 22:36:01,130 INFO [4/4] 544186786 (audio)
2026-10-07 22:36:01,147 INFO == Curso: How To Play The AI Way?  -> How To Play The AI Way_  (4 videos de clips, 16 sobrantes omitidos)
2026-10-07 22:36:01,148 INFO [1/4] 767554822 (audio)
2026-10-07 22:36:01,166 INFO [2/4] 767557796 (audio)
2026-10-07 22:36:01,186 INFO [3/4] 767558892 (audio)
2026-10-07 22:36:01,207 INFO [4/4] 767561452 (audio)
2026-10-07 22:36:01,226 INFO == Curso: How to play good attacking & Haengma?  -> How to play good attacking & Haengma_  (2 videos de clips, 7 sobrantes omitidos)
2026-10-07 22:36:01,227 INFO [1/2] 810475684 (audio)
2026-10-07 22:36:01,247 INFO [2/2] 810477607 (audio)
2026-10-07 22:36:01,269 INFO == Curso: How to attack in middle game  -> How to attack in middle game  (3 videos de clips, 2 sobrantes omitidos)
2026-10-07 22:36:01,270 INFO [1/3] 946401898 (audio)
2026-10-07 22:36:01,292 INFO [2/3] 946403871 (audio)
2026-10-07 22:36:01,314 INFO [3/3] 946438048 (audio)
2026-10-07 22:36:01,335 INFO == Curso: Awesome Baduk Tournament Game Reviews - Right Continuation   -> Awesome Baduk Tournament Game Reviews - Right Continuation  (3 videos de clips, 5 sobrantes omitidos)
2026-10-07 22:36:01,335 INFO [1/3] 884195883 (audio)
2026-10-07 22:36:01,357 INFO [2/3] 884200110 (audio)
2026-10-07 22:36:01,379 INFO [3/3] 884213216 (audio)
2026-10-07 22:36:01,400 INFO == Curso: Capturing Skill 1  -> Capturing Skill 1  (2 videos de clips, 1 sobrantes omitidos)
2026-10-07 22:36:01,401 INFO [1/2] 766459574 (audio)
2026-10-07 22:36:01,421 INFO [2/2] 766464146 (audio)
2026-10-07 22:36:01,443 INFO == Curso: Invasion among the 3-3 jeong-seok!   -> Invasion among the 3-3 jeong-seok!  (3 videos de clips, 2 sobrantes omitidos)
2026-10-07 22:36:01,443 INFO [1/3] 1002986442 (audio)
2026-10-07 22:36:01,470 INFO [2/3] 1002987414 (audio)
2026-10-07 22:36:01,490 INFO [3/3] 1002989094 (audio)
2026-10-07 22:36:01,509 INFO == Curso: Respond  -> Respond  (3 videos de clips)
2026-10-07 22:36:01,510 INFO [1/3] 1208617283 (audio)
2026-10-07 22:36:01,529 INFO [2/3] 1208617704 (audio)
2026-10-07 22:36:01,549 INFO [3/3] 1208618817 (audio)
2026-10-07 22:36:01,571 INFO == Curso: Make the corner perfect!  -> Make the corner perfect!  (1 videos de clips)
2026-10-07 22:36:01,571 INFO [1/1] 552746805 (audio)
2026-10-07 22:36:01,589 INFO == Curso: Gang-Dongyoon vs FanTingyu 2022 Nongsim cup  -> Gang-Dongyoon vs FanTingyu 2022 Nongsim cup  (4 videos de clips, 2 sobrantes omitidos)
2026-10-07 22:36:01,589 INFO [1/4] 761831261 (audio)
2026-10-07 22:36:01,617 INFO [2/4] 761833374 (audio)
2026-10-07 22:36:01,638 INFO [3/4] 761835399 (audio)
2026-10-07 22:36:01,658 INFO [4/4] 761837954 (audio)
2026-10-07 22:36:01,677 INFO == Curso: Approach & Respoons For 4-5 Point  -> Approach & Respoons For 4-5 Point  (3 videos de clips, 4 sobrantes omitidos)
2026-10-07 22:36:01,677 INFO [1/3] 922255017 (audio)
2026-10-07 22:36:01,697 INFO [2/3] 922257131 (audio)
2026-10-07 22:36:01,714 INFO [3/3] 922262604 (audio)
2026-10-07 22:36:01,737 INFO == Curso: "Let's master the one-space pincer!" 1  -> _Let's master the one-space pincer!_ 1  (3 videos de clips, 5 sobrantes omitidos)
2026-10-07 22:36:01,738 INFO [1/3] 1077815787 (audio)
2026-10-07 22:36:01,760 INFO [2/3] 1078528164 (audio)
2026-10-07 22:36:01,778 INFO [3/3] 1078534230 (audio)
2026-10-07 22:36:01,798 INFO == Curso: More it goes, more it gets?  -> More it goes, more it gets_  (4 videos de clips, 1 sobrantes omitidos)
2026-10-07 22:36:01,798 INFO [1/4] 826722302 (audio)
2026-10-07 22:36:01,817 INFO [2/4] 826723795 (audio)
2026-10-07 22:36:01,836 INFO [3/4] 826725299 (audio)
2026-10-07 22:36:01,850 INFO [4/4] 826725903 (audio)
2026-10-07 22:36:01,870 INFO == Curso: The Best Decisions In The 50 Moves  -> The Best Decisions In The 50 Moves  (3 videos de clips, 5 sobrantes omitidos)
2026-10-07 22:36:01,870 INFO [1/3] 793806452 (audio)
2026-10-07 22:36:01,893 INFO [2/3] 793808103 (audio)
2026-10-07 22:36:01,913 INFO [3/3] 793809362 (audio)
2026-10-07 22:36:01,937 INFO == Curso: Must Know Endgame  - Sacrifice & Using Aji   -> Must Know Endgame - Sacrifice & Using Aji  (3 videos de clips, 5 sobrantes omitidos)
2026-10-07 22:36:01,938 INFO [1/3] 567408887 (audio)
2026-10-07 22:36:01,957 INFO [2/3] 567414379 (audio)
2026-10-07 22:36:01,980 INFO [3/3] 567415507 (audio)
2026-10-07 22:36:02,003 INFO == Curso: Beginner Course 1 Basic Rules   -> Beginner Course 1 Basic Rules  (2 videos de clips, 11 sobrantes omitidos)
2026-10-07 22:36:02,003 INFO [1/2] 684644000 (audio)
2026-10-07 22:36:02,022 INFO [2/2] 684659549 (audio)
2026-10-07 22:36:02,046 INFO == Curso: These Days Pincer Jeong-Seok    -> These Days Pincer Jeong-Seok  (3 videos de clips, 2 sobrantes omitidos)
2026-10-07 22:36:02,047 INFO [1/3] 852086224 (audio)
2026-10-07 22:36:02,070 INFO [2/3] 852087601 (audio)
2026-10-07 22:36:02,093 INFO [3/3] 852245142 (audio)
2026-10-07 22:36:02,114 INFO == Curso: Proper variations after Joseki  -> Proper variations after Joseki  (3 videos de clips, 5 sobrantes omitidos)
2026-10-07 22:36:02,115 INFO [1/3] 1057597613 (audio)
2026-10-07 22:36:02,130 INFO [2/3] 1057602207 (audio)
2026-10-07 22:36:02,146 INFO [3/3] 1057604044 (audio)
2026-10-07 22:36:02,163 INFO == Curso: Side Invasion - Depends on Ladder  -> Side Invasion - Depends on Ladder  (4 videos de clips, 19 sobrantes omitidos)
2026-10-07 22:36:02,163 INFO [1/4] 659888349 (audio)
2026-10-07 22:36:02,183 INFO [2/4] 659890135 (audio)
2026-10-07 22:36:02,203 INFO [3/4] 659892062 (audio)
2026-10-07 22:36:02,220 INFO [4/4] 659893669 (audio)
2026-10-07 22:36:02,241 INFO == Curso: Love Cosmic Style? - Takemiya's Natural Style  -> Love Cosmic Style_ - Takemiya's Natural Style  (5 videos de clips, 8 sobrantes omitidos)
2026-10-07 22:36:02,241 INFO [1/5] 584466067 (audio)
2026-10-07 22:36:02,259 INFO [2/5] 584470273 (audio)
2026-10-07 22:36:02,273 INFO [3/5] 584471775 (audio)
2026-10-07 22:36:02,287 INFO [4/5] 584473024 (audio)
2026-10-07 22:36:02,301 INFO [5/5] 584473537 (audio)
2026-10-07 22:36:02,315 INFO == Curso: How to Secure  -> How to Secure  (3 videos de clips, 4 sobrantes omitidos)
2026-10-07 22:36:02,315 INFO [1/3] 1036707141 (audio)
2026-10-07 22:36:02,330 INFO [2/3] 1036710236 (audio)
2026-10-07 22:36:02,344 INFO [3/3] 1036711988 (audio)
2026-10-07 22:36:02,359 INFO == Curso: The upper attachment 2  -> The upper attachment 2  (7 videos de clips, 1 sobrantes omitidos)
2026-10-07 22:36:02,359 INFO [1/7] 1164543368 (audio)
2026-10-07 22:36:02,373 INFO [2/7] 1164543339 (audio)
2026-10-07 22:36:02,387 INFO [3/7] 1164543312 (audio)
2026-10-07 22:36:02,401 INFO [4/7] 1164543289 (audio)
2026-10-07 22:36:02,415 INFO [5/7] 1164543271 (audio)
2026-10-07 22:36:02,433 INFO [6/7] 1164543241 (audio)
2026-10-07 22:36:02,447 INFO [7/7] 1164543219 (audio)
2026-10-07 22:36:02,469 INFO == Curso: After Jeong-Seock 3 - 4.4 point   -> After Jeong-Seock 3 - 4.4 point  (5 videos de clips)
2026-10-07 22:36:02,469 INFO [1/5] 524312119 (audio)
2026-10-07 22:36:02,489 INFO [2/5] 524312118 (audio)
2026-10-07 22:36:02,505 INFO [3/5] 524312122 (audio)
2026-10-07 22:36:02,520 INFO [4/5] 524312120 (audio)
2026-10-07 22:36:02,534 INFO [5/5] 524312123 (audio)
2026-10-07 22:36:02,553 INFO == Curso: Typical Mistakes In The Actual Game 4   -> Typical Mistakes In The Actual Game 4  (3 videos de clips, 12 sobrantes omitidos)
2026-10-07 22:36:02,553 INFO [1/3] 825842043 (audio)
2026-10-07 22:36:02,568 INFO [2/3] 825843251 (audio)
2026-10-07 22:36:02,581 INFO [3/3] 825845353 (audio)
2026-10-07 22:36:02,599 INFO == Curso: All About The L-Shape 1 - Basic & One Leg  -> All About The L-Shape 1 - Basic & One Leg  (5 videos de clips, 14 sobrantes omitidos)
2026-10-07 22:36:02,600 INFO [1/5] 573567195 (audio)
2026-10-07 22:36:02,616 INFO [2/5] 573568920 (audio)
2026-10-07 22:36:02,636 INFO [3/5] 573569608 (audio)
2026-10-07 22:36:02,651 INFO [4/5] 573570604 (audio)
2026-10-07 22:36:02,667 INFO [5/5] 573571648 (audio)
2026-10-07 22:36:02,681 INFO == Curso: My Typical Mistakes 1  -> My Typical Mistakes 1  (5 videos de clips, 23 sobrantes omitidos)
2026-10-07 22:36:02,682 INFO [1/5] 594143913 (audio)
2026-10-07 22:36:02,696 INFO [2/5] 594147747 (audio)
2026-10-07 22:36:02,713 INFO [3/5] 594151391 (audio)
2026-10-07 22:36:02,730 INFO [4/5] 594153287 (audio)
2026-10-07 22:36:02,748 INFO [5/5] 594156537 (audio)
2026-10-07 22:36:02,763 INFO == Curso: How to Stabilize Center Group  -> How to Stabilize Center Group  (3 videos de clips, 10 sobrantes omitidos)
2026-10-07 22:36:02,764 INFO [1/3] 1149852995 (audio)
2026-10-07 22:36:02,779 INFO [2/3] 1149854451 (audio)
2026-10-07 22:36:02,793 INFO [3/3] 1149855396 (audio)
2026-10-07 22:36:02,808 INFO == Curso: Let's master 3-3 invasion during Jeong-seok 1  -> Let's master 3-3 invasion during Jeong-seok 1  (2 videos de clips)
2026-10-07 22:36:02,808 INFO [1/2] 519564071 (audio)
2026-10-07 22:36:02,822 INFO [2/2] 519564073 (audio)
2026-10-07 22:36:02,838 INFO == Curso: Large Knight’s Move enclosure-2  -> Large Knight’s Move enclosure-2  (4 videos de clips, 3 sobrantes omitidos)
2026-10-07 22:36:02,838 INFO [1/4] 1110698158 (audio)
2026-10-07 22:36:02,856 INFO [2/4] 1110698720 (audio)
2026-10-07 22:36:02,873 INFO [3/4] 1110699370 (audio)
2026-10-07 22:36:02,887 INFO [4/4] 1110699921 (audio)
2026-10-07 22:36:02,903 INFO == Curso: Old joseki-2  -> Old joseki-2  (3 videos de clips, 2 sobrantes omitidos)
2026-10-07 22:36:02,903 INFO [1/3] 1182124155 (audio)
2026-10-07 22:36:02,922 INFO [2/3] 1182124730 (audio)
2026-10-07 22:36:02,943 INFO [3/3] 1182125583 (audio)
2026-10-07 22:36:02,958 INFO == Curso: The Cross Cut   -> The Cross Cut  (8 videos de clips)
2026-10-07 22:36:02,959 INFO [1/8] 1203157277 (audio)
2026-10-07 22:36:02,974 INFO [2/8] 1203157638 (audio)
2026-10-07 22:36:02,987 INFO [3/8] 1203157896 (audio)
2026-10-07 22:36:03,001 INFO [4/8] 1203158181 (audio)
2026-10-07 22:36:03,015 INFO [5/8] 1203158734 (audio)
2026-10-07 22:36:03,030 INFO [6/8] 1203159105 (audio)
2026-10-07 22:36:03,048 INFO [7/8] 1203159561 (audio)
2026-10-07 22:36:03,069 INFO [8/8] 1203160223 (audio)
2026-10-07 22:36:03,102 INFO == Curso: How do you continue?  -> How do you continue_  (3 videos de clips, 8 sobrantes omitidos)
2026-10-07 22:36:03,102 INFO [1/3] 867023352 (audio)
2026-10-07 22:36:03,121 INFO [2/3] 867024317 (audio)
2026-10-07 22:36:03,141 INFO [3/3] 867026354 (audio)
2026-10-07 22:36:03,170 INFO == Curso: Make or Break Shape!  -> Make or Break Shape!  (11 videos de clips, 4 sobrantes omitidos)
2026-10-07 22:36:03,170 INFO [1/11] 627444106 (audio)
2026-10-07 22:36:03,193 INFO [2/11] 627449695 (audio)
2026-10-07 22:36:03,215 INFO [3/11] 627453197 (audio)
2026-10-07 22:36:03,240 INFO [4/11] 627456559 (audio)
2026-10-07 22:36:03,262 INFO [5/11] 627458237 (audio)
2026-10-07 22:36:03,279 INFO [6/11] 627460094 (audio)
2026-10-07 22:36:03,299 INFO [7/11] 627463038 (audio)
2026-10-07 22:36:03,325 INFO [8/11] 627466136 (audio)
2026-10-07 22:36:03,346 INFO [9/11] 627469294 (audio)
2026-10-07 22:36:03,366 INFO [10/11] 627470809 (audio)
2026-10-07 22:36:03,385 INFO [11/11] 627474603 (audio)
2026-10-07 22:36:03,416 INFO == Curso: How to Securely Win a Winning Game  -> How to Securely Win a Winning Game  (3 videos de clips)
2026-10-07 22:36:03,416 INFO [1/3] 1039618363 (audio)
2026-10-07 22:36:03,441 INFO [2/3] 1039619005 (audio)
2026-10-07 22:36:03,459 INFO [3/3] 1039620193 (audio)
2026-10-07 22:36:03,479 INFO == Curso: Practical Life&Death Problems In The Actual Game 1  -> Practical Life&Death Problems In The Actual Game 1  (3 videos de clips, 5 sobrantes omitidos)
2026-10-07 22:36:03,479 INFO [1/3] 568097550 (audio)
2026-10-07 22:36:03,505 INFO [2/3] 568102042 (audio)
2026-10-07 22:36:03,526 INFO [3/3] 568107720 (audio)
2026-10-07 22:36:03,546 INFO == Curso: Double Wings? No!!  -> Double Wings_ No!!  (4 videos de clips, 9 sobrantes omitidos)
2026-10-07 22:36:03,546 INFO [1/4] 848993436 (audio)
2026-10-07 22:36:03,566 INFO [2/4] 848994353 (audio)
2026-10-07 22:36:03,585 INFO [3/4] 848995423 (audio)
2026-10-07 22:36:03,604 INFO [4/4] 848995924 (audio)
2026-10-07 22:36:03,640 INFO == Curso: Let's Master Monster Jeong-seok   -> Let's Master Monster Jeong-seok  (5 videos de clips, 8 sobrantes omitidos)
2026-10-07 22:36:03,640 INFO [1/5] 615142146 (audio)
2026-10-07 22:36:03,665 INFO [2/5] 615146569 (audio)
2026-10-07 22:36:03,693 INFO [3/5] 615150453 (audio)
2026-10-07 22:36:03,712 INFO [4/5] 615158540 (audio)
2026-10-07 22:36:03,742 INFO [5/5] 615894151 (audio)
2026-10-07 22:36:03,772 INFO == Curso: Shin Jinseo vs KataGo: Game 3   -> Shin Jinseo vs KataGo_ Game 3  (1 videos de clips)
2026-10-07 22:36:03,772 INFO [1/1] 1211993740 (audio)
2026-10-07 22:36:03,803 INFO == Curso: Stone Bada VS Baby Pig Nongsim Cup Final  -> Stone Bada VS Baby Pig Nongsim Cup Final  (3 videos de clips, 10 sobrantes omitidos)
2026-10-07 22:36:03,803 INFO [1/3] 833053149 (audio)
2026-10-07 22:36:03,824 INFO [2/3] 833054982 (audio)
2026-10-07 22:36:03,846 INFO [3/3] 833056018 (audio)
2026-10-07 22:36:03,871 INFO == Curso: Chunlan Cup Best 16 - Byeon Sang Il 9p VS Gu Zihao 9p  -> Chunlan Cup Best 16 - Byeon Sang Il 9p VS Gu Zihao 9p  (3 videos de clips, 12 sobrantes omitidos)
2026-10-07 22:36:03,871 INFO [1/3] 697646498 (audio)
2026-10-07 22:36:03,899 INFO [2/3] 697649795 (audio)
2026-10-07 22:36:03,920 INFO [3/3] 697651153 (audio)
2026-10-07 22:36:03,949 INFO == Curso: Point review! Awesome Baduk Tournament   -> Point review! Awesome Baduk Tournament  (3 videos de clips, 3 sobrantes omitidos)
2026-10-07 22:36:03,950 INFO [1/3] 807575582 (audio)
2026-10-07 22:36:03,971 INFO [2/3] 807582158 (audio)
2026-10-07 22:36:03,996 INFO [3/3] 807586964 (audio)
2026-10-07 22:36:04,025 INFO == Curso: Right response against invasion  -> Right response against invasion  (3 videos de clips, 6 sobrantes omitidos)
2026-10-07 22:36:04,025 INFO [1/3] 812958299 (audio)
2026-10-07 22:36:04,053 INFO [2/3] 812964589 (audio)
2026-10-07 22:36:04,088 INFO [3/3] 812967165 (audio)
2026-10-07 22:36:04,126 INFO == Curso: After Jeong-Seock (Joseki) - 4.4 point 1-4   -> After Jeong-Seock (Joseki) - 4.4 point 1-4  (3 videos de clips)
2026-10-07 22:36:04,126 INFO [1/3] 524304435 (audio)
2026-10-07 22:36:04,153 INFO [2/3] 524304434 (audio)
2026-10-07 22:36:04,176 INFO [3/3] 524304433 (audio)
2026-10-07 22:36:04,225 INFO == Curso: The Art of the Split  -> The Art of the Split  (3 videos de clips, 1 sobrantes omitidos)
2026-10-07 22:36:04,225 INFO [1/3] 1223899463 (audio)
2026-10-07 22:36:04,253 INFO [2/3] 1223900352 (audio)
2026-10-07 22:36:04,279 INFO [3/3] 1223901649 (audio)
2026-10-07 22:36:04,305 INFO == Curso: How to maintain my lead?  -> How to maintain my lead_  (3 videos de clips, 11 sobrantes omitidos)
2026-10-07 22:36:04,306 INFO [1/3] 792637367 (audio)
2026-10-07 22:36:04,337 INFO [2/3] 792642075 (audio)
2026-10-07 22:36:04,363 INFO [3/3] 792645567 (audio)
2026-10-07 22:36:04,388 INFO == Curso: Beginner Course 27 19x19 Review 1  -> Beginner Course 27 19x19 Review 1  (3 videos de clips, 1 sobrantes omitidos)
2026-10-07 22:36:04,388 INFO [1/3] 731674914 (audio)
2026-10-07 22:36:04,412 INFO [2/3] 731677986 (audio)
2026-10-07 22:36:04,436 INFO [3/3] 731682376 (audio)
2026-10-07 22:36:04,470 INFO == Curso: Do you like this Joseki? I do  -> Do you like this Joseki_ I do  (3 videos de clips, 1 sobrantes omitidos)
2026-10-07 22:36:04,470 INFO [1/3] 1111078158 (audio)
2026-10-07 22:36:04,499 INFO [2/3] 1111079569 (audio)
2026-10-07 22:36:04,529 INFO [3/3] 1111081529 (audio)
2026-10-07 22:36:04,554 INFO == Curso: Trick Move Lecture 1  -> Trick Move Lecture 1  (4 videos de clips, 10 sobrantes omitidos)
2026-10-07 22:36:04,555 INFO [1/4] 641879640 (audio)
2026-10-07 22:36:04,576 INFO [2/4] 641885085 (audio)
2026-10-07 22:36:04,599 INFO [3/4] 641889397 (audio)
2026-10-07 22:36:04,625 INFO [4/4] 641893658 (audio)
2026-10-07 22:36:04,657 INFO == Curso: Attack Direction  -> Attack Direction  (4 videos de clips, 12 sobrantes omitidos)
2026-10-07 22:36:04,658 INFO [1/4] 772736779 (audio)
2026-10-07 22:36:04,689 INFO [2/4] 772739043 (audio)
2026-10-07 22:36:04,714 INFO [3/4] 772740634 (audio)
2026-10-07 22:36:04,734 INFO [4/4] 772742836 (audio)
2026-10-07 22:36:04,756 INFO == Curso: Those Moves Appear In Every Game 2 - One Space Jump Or Knight's Move  -> Those Moves Appear In Every Game 2 - One Space Jump Or Knight's Move  (2 videos de clips, 4 sobrantes omitidos)
2026-10-07 22:36:04,757 INFO [1/2] 564997775 (audio)
2026-10-07 22:36:04,777 INFO [2/2] 565194950 (audio)
2026-10-07 22:36:04,800 INFO == Curso: which side should you block?  -> which side should you block_  (3 videos de clips, 5 sobrantes omitidos)
2026-10-07 22:36:04,800 INFO [1/3] 1143663959 (audio)
2026-10-07 22:36:04,822 INFO [2/3] 1144037003 (audio)
2026-10-07 22:36:04,842 INFO [3/3] 1144037756 (audio)
2026-10-07 22:36:04,867 INFO == Curso: Typical mistakes 5  -> Typical mistakes 5  (3 videos de clips, 2 sobrantes omitidos)
2026-10-07 22:36:04,868 INFO [1/3] 1097449164 (audio)
2026-10-07 22:36:04,889 INFO [2/3] 1097451564 (audio)
2026-10-07 22:36:04,913 INFO [3/3] 1097453395 (audio)
2026-10-07 22:36:04,936 INFO == Curso: Game Review - 1st Fujitsu Cup Final  -> Game Review - 1st Fujitsu Cup Final  (3 videos de clips, 8 sobrantes omitidos)
2026-10-07 22:36:04,936 INFO [1/3] 837567668 (audio)
2026-10-07 22:36:04,963 INFO [2/3] 837570496 (audio)
2026-10-07 22:36:04,986 INFO [3/3] 837573530 (audio)
2026-10-07 22:36:05,009 INFO == Curso: Must know connection technique 1-4  -> Must know connection technique 1-4  (5 videos de clips)
2026-10-07 22:36:05,010 INFO [1/5] 543902767 (audio)
2026-10-07 22:36:05,032 INFO [2/5] 543902771 (audio)
2026-10-07 22:36:05,052 INFO [3/5] 543902768 (audio)
2026-10-07 22:36:05,073 INFO [4/5] 543902769 (audio)
2026-10-07 22:36:05,100 INFO [5/5] 543902770 (audio)
2026-10-07 22:36:05,124 INFO == Curso: Breakout Haeng-ma 1 - Escape (Sabaki)  -> Breakout Haeng-ma 1 - Escape (Sabaki)  (2 videos de clips, 6 sobrantes omitidos)
2026-10-07 22:36:05,124 INFO [1/2] 578837965 (audio)
2026-10-07 22:36:05,148 INFO [2/2] 578840027 (audio)
2026-10-07 22:36:05,177 INFO == Curso: Important Tips for Joseki  -> Important Tips for Joseki  (3 videos de clips, 12 sobrantes omitidos)
2026-10-07 22:36:05,178 INFO [1/3] 699351866 (audio)
2026-10-07 22:36:05,204 INFO [2/3] 699356893 (audio)
2026-10-07 22:36:05,233 INFO [3/3] 699358512 (audio)
2026-10-07 22:36:05,265 INFO == Curso: Right continuation  -> Right continuation  (3 videos de clips, 9 sobrantes omitidos)
2026-10-07 22:36:05,266 INFO [1/3] 828752056 (audio)
2026-10-07 22:36:05,287 INFO [2/3] 828753173 (audio)
2026-10-07 22:36:05,311 INFO [3/3] 828754397 (audio)
2026-10-07 22:36:05,347 INFO == Curso: New 3-3 A.I Jeong-seok!  -> New 3-3 A.I Jeong-seok!  (4 videos de clips, 3 sobrantes omitidos)
2026-10-07 22:36:05,347 INFO [1/4] 862805849 (audio)
2026-10-07 22:36:05,379 INFO [2/4] 862806040 (audio)
2026-10-07 22:36:05,400 INFO [3/4] 862806304 (audio)
2026-10-07 22:36:05,420 INFO [4/4] 862806704 (audio)
2026-10-07 22:36:05,447 INFO == Curso: Connection In The Actual Game 1  -> Connection In The Actual Game 1  (4 videos de clips, 3 sobrantes omitidos)
2026-10-07 22:36:05,447 INFO [1/4] 754564986 (audio)
2026-10-07 22:36:05,472 INFO [2/4] 754566788 (audio)
2026-10-07 22:36:05,494 INFO [3/4] 754568443 (audio)
2026-10-07 22:36:05,513 INFO [4/4] 754569580 (audio)
2026-10-07 22:36:05,534 INFO == Curso: Tips For Making Great Shapes 1.   -> Tips For Making Great Shapes 1  (3 videos de clips, 1 sobrantes omitidos)
2026-10-07 22:36:05,534 INFO [1/3] 577952905 (audio)
2026-10-07 22:36:05,553 INFO [2/3] 577955972 (audio)
2026-10-07 22:36:05,576 INFO [3/3] 577958605 (audio)
2026-10-07 22:36:05,596 INFO == Curso: Finding Vital Points 1  -> Finding Vital Points 1  (1 videos de clips, 2 sobrantes omitidos)
2026-10-07 22:36:05,597 INFO [1/1] 577972942 (audio)
2026-10-07 22:36:05,620 INFO == Curso: Essential Tesuji 1 Knight's Move  -> Essential Tesuji 1 Knight's Move  (3 videos de clips, 7 sobrantes omitidos)
2026-10-07 22:36:05,621 INFO [1/3] 563532161 (audio)
2026-10-07 22:36:05,640 INFO [2/3] 563535900 (audio)
2026-10-07 22:36:05,660 INFO [3/3] 563538598 (audio)
2026-10-07 22:36:05,682 INFO == Curso: Right response in the opening  -> Right response in the opening  (3 videos de clips, 4 sobrantes omitidos)
2026-10-07 22:36:05,682 INFO [1/3] 1077300747 (audio)
2026-10-07 22:36:05,702 INFO [2/3] 1077302132 (audio)
2026-10-07 22:36:05,720 INFO [3/3] 1077304413 (audio)
2026-10-07 22:36:05,741 INFO == Curso: Is knight's approach always right?  -> Is knight's approach always right_  (4 videos de clips, 13 sobrantes omitidos)
2026-10-07 22:36:05,741 INFO [1/4] 799109059 (audio)
2026-10-07 22:36:05,761 INFO [2/4] 799113109 (audio)
2026-10-07 22:36:05,782 INFO [3/4] 799116090 (audio)
2026-10-07 22:36:05,801 INFO [4/4] 799117183 (audio)
2026-10-07 22:36:05,827 INFO == Curso: "Let's master the one-space pincer!" 3  -> _Let's master the one-space pincer!_ 3  (4 videos de clips)
2026-10-07 22:36:05,827 INFO [1/4] 1133316848 (audio)
2026-10-07 22:36:05,848 INFO [2/4] 1133331822 (audio)
2026-10-07 22:36:05,866 INFO [3/4] 1133332479 (audio)
2026-10-07 22:36:05,888 INFO [4/4] 1133333721 (audio)
2026-10-07 22:36:05,920 INFO == Curso: Can you save this big dragon?  -> Can you save this big dragon_  (5 videos de clips, 2 sobrantes omitidos)
2026-10-07 22:36:05,920 INFO [1/5] 813131254 (audio)
2026-10-07 22:36:05,941 INFO [2/5] 813133594 (audio)
2026-10-07 22:36:05,970 INFO [3/5] 813135338 (audio)
2026-10-07 22:36:05,990 INFO [4/5] 813136185 (audio)
2026-10-07 22:36:06,022 INFO [5/5] 813137664 (audio)
2026-10-07 22:36:06,051 INFO == Curso: Attack Skills To Beat Rivals  -> Attack Skills To Beat Rivals  (4 videos de clips, 7 sobrantes omitidos)
2026-10-07 22:36:06,052 INFO [1/4] 723959833 (audio)
2026-10-07 22:36:06,071 INFO [2/4] 723961190 (audio)
2026-10-07 22:36:06,102 INFO [3/4] 723961700 (audio)
2026-10-07 22:36:06,123 INFO [4/4] 723962455 (audio)
2026-10-07 22:36:06,153 INFO == Curso: Which direction should I go?  - Potential  1-4  -> Which direction should I go_ - Potential 1-4  (2 videos de clips)
2026-10-07 22:36:06,153 INFO [1/2] 559584484 (audio)
2026-10-07 22:36:06,195 INFO [2/2] 559584485 (audio)
2026-10-07 22:36:06,239 INFO == Curso: Those Moves Appear In Every Game - Haeng ma 1-4  -> Those Moves Appear In Every Game - Haeng ma 1-4  (4 videos de clips, 5 sobrantes omitidos)
2026-10-07 22:36:06,242 INFO [1/4] 564992080 (audio)
2026-10-07 22:36:06,278 INFO [2/4] 564993156 (audio)
2026-10-07 22:36:06,308 INFO [3/4] 564994548 (audio)
2026-10-07 22:36:06,337 INFO [4/4] 564995344 (audio)
2026-10-07 22:36:06,366 INFO == Curso: Ask before Denfence!  -> Ask before Denfence!  (3 videos de clips, 1 sobrantes omitidos)
2026-10-07 22:36:06,367 INFO [1/3] 912180407 (audio)
2026-10-07 22:36:06,390 INFO [2/3] 912181635 (audio)
2026-10-07 22:36:06,414 INFO [3/3] 912182529 (audio)
2026-10-07 22:36:06,441 INFO == Curso: Veteran gives a lesson to a rookie!!   -> Veteran gives a lesson to a rookie!!  (4 videos de clips, 2 sobrantes omitidos)
2026-10-07 22:36:06,442 INFO [1/4] 817573837 (audio)
2026-10-07 22:36:06,464 INFO [2/4] 817576154 (audio)
2026-10-07 22:36:06,491 INFO [3/4] 817578302 (audio)
2026-10-07 22:36:06,518 INFO [4/4] 817580744 (audio)
2026-10-07 22:36:06,540 INFO == Curso: Aren't These The Same Hane? - Best Tips For Against Hane!  -> Aren't These The Same Hane_ - Best Tips For Against Hane!  (5 videos de clips, 8 sobrantes omitidos)
2026-10-07 22:36:06,541 INFO [1/5] 650588287 (audio)
2026-10-07 22:36:06,562 INFO [2/5] 650590326 (audio)
2026-10-07 22:36:06,589 INFO [3/5] 650591138 (audio)
2026-10-07 22:36:06,611 INFO [4/5] 650592190 (audio)
2026-10-07 22:36:06,640 INFO [5/5] 650593777 (audio)
2026-10-07 22:36:06,673 INFO == Curso: Two-Space Enclosure  -> Two-Space Enclosure  (6 videos de clips)
2026-10-07 22:36:06,674 INFO [1/6] 560793601 (audio)
2026-10-07 22:36:06,703 INFO [2/6] 560793603 (audio)
2026-10-07 22:36:06,735 INFO [3/6] 560793605 (audio)
2026-10-07 22:36:06,763 INFO [4/6] 560793604 (audio)
2026-10-07 22:36:06,792 INFO [5/6] 560793602 (audio)
2026-10-07 22:36:06,814 INFO [6/6] 560793600 (audio)
2026-10-07 22:36:06,845 INFO == Curso: The fierce 3.3 invasion  -> The fierce 3.3 invasion  (7 videos de clips, 1 sobrantes omitidos)
2026-10-07 22:36:06,846 INFO [1/7] 1191554835 (audio)
2026-10-07 22:36:06,877 INFO [2/7] 1191556107 (audio)
2026-10-07 22:36:06,902 INFO [3/7] 1191558862 (audio)
2026-10-07 22:36:06,926 INFO [4/7] 1191560771 (audio)
2026-10-07 22:36:06,951 INFO [5/7] 1191562085 (audio)
2026-10-07 22:36:06,975 INFO [6/7] 1191562402 (audio)
2026-10-07 22:36:06,998 INFO [7/7] 1191562987 (audio)
2026-10-07 22:36:07,033 INFO == Curso:  This Endgame appears 100%  -> This Endgame appears 100%  (3 videos de clips, 4 sobrantes omitidos)
2026-10-07 22:36:07,034 INFO [1/3] 873229930 (audio)
2026-10-07 22:36:07,056 INFO [2/3] 873231641 (audio)
2026-10-07 22:36:07,084 INFO [3/3] 873233005 (audio)
2026-10-07 22:36:07,120 INFO == Curso: Fake Blocking VS Real Blocking  -> Fake Blocking VS Real Blocking  (5 videos de clips, 8 sobrantes omitidos)
2026-10-07 22:36:07,121 INFO [1/5] 704817224 (audio)
2026-10-07 22:36:07,146 INFO [2/5] 704818155 (audio)
2026-10-07 22:36:07,177 INFO [3/5] 704818700 (audio)
2026-10-07 22:36:07,206 INFO [4/5] 704819186 (audio)
2026-10-07 22:36:07,238 INFO [5/5] 704819705 (audio)
2026-10-07 22:36:07,279 INFO == Curso: Tricky Invasion and Responses  -> Tricky Invasion and Responses  (3 videos de clips, 1 sobrantes omitidos)
2026-10-07 22:36:07,279 INFO [1/3] 1128953299 (audio)
2026-10-07 22:36:07,309 INFO [2/3] 1128955239 (audio)
2026-10-07 22:36:07,339 INFO [3/3] 1128956890 (audio)
2026-10-07 22:36:07,361 INFO == Curso: Beginner Course 19 Review On 13x13 Board  -> Beginner Course 19 Review On 13x13 Board  (3 videos de clips, 1 sobrantes omitidos)
2026-10-07 22:36:07,361 INFO [1/3] 711186638 (audio)
2026-10-07 22:36:07,387 INFO [2/3] 711188996 (audio)
2026-10-07 22:36:07,416 INFO [3/3] 711206313 (audio)
2026-10-07 22:36:07,437 INFO == Curso: Side Fighting  -> Side Fighting  (4 videos de clips, 17 sobrantes omitidos)
2026-10-07 22:36:07,438 INFO [1/4] 660887491 (audio)
2026-10-07 22:36:07,456 INFO [2/4] 660892105 (audio)
2026-10-07 22:36:07,479 INFO [3/4] 660894608 (audio)
2026-10-07 22:36:07,503 INFO [4/4] 660896574 (audio)
2026-10-07 22:36:07,541 INFO == Curso: NongSim Cup Final Game - Shin Jin Seo 9p VS Guzu Hao  -> NongSim Cup Final Game - Shin Jin Seo 9p VS Guzu Hao  (4 videos de clips, 3 sobrantes omitidos)
2026-10-07 22:36:07,542 INFO [1/4] 803362872 (audio)
2026-10-07 22:36:07,563 INFO [2/4] 803365409 (audio)
2026-10-07 22:36:07,589 INFO [3/4] 803367619 (audio)
2026-10-07 22:36:07,616 INFO [4/4] 803369909 (audio)
2026-10-07 22:36:07,639 INFO == Curso: Choosing the Right Extension  -> Choosing the Right Extension  (3 videos de clips)
2026-10-07 22:36:07,639 INFO [1/3] 1199859834 (audio)
2026-10-07 22:36:07,663 INFO [2/3] 1199861871 (audio)
2026-10-07 22:36:07,683 INFO [3/3] 1199863928 (audio)
2026-10-07 22:36:07,709 INFO == Curso: How To Break Knight's Move Enclosure  -> How To Break Knight's Move Enclosure  (2 videos de clips, 4 sobrantes omitidos)
2026-10-07 22:36:07,710 INFO [1/2] 582497785 (audio)
2026-10-07 22:36:07,733 INFO [2/2] 582502073 (audio)
2026-10-07 22:36:07,757 INFO == Curso: Good Tenuki vs Bad Tenuki 1  -> Good Tenuki vs Bad Tenuki 1  (3 videos de clips, 3 sobrantes omitidos)
2026-10-07 22:36:07,757 INFO [1/3] 592038420 (audio)
2026-10-07 22:36:07,776 INFO [2/3] 592043535 (audio)
2026-10-07 22:36:07,797 INFO [3/3] 592048851 (audio)
2026-10-07 22:36:07,819 INFO == Curso: 27. GS Caltex Cup - Shin Jin Seo 9p VS An Seong Jun 9p  -> 27. GS Caltex Cup - Shin Jin Seo 9p VS An Seong Jun 9p  (3 videos de clips, 8 sobrantes omitidos)
2026-10-07 22:36:07,819 INFO [1/3] 728378350 (audio)
2026-10-07 22:36:07,841 INFO [2/3] 728380252 (audio)
2026-10-07 22:36:07,868 INFO [3/3] 728382904 (audio)
2026-10-07 22:36:07,896 INFO == Curso: Beginner Course 23 Mutual Life (Seki)  -> Beginner Course 23 Mutual Life (Seki)  (3 videos de clips, 2 sobrantes omitidos)
2026-10-07 22:36:07,897 INFO [1/3] 722928638 (audio)
2026-10-07 22:36:07,924 INFO [2/3] 722932188 (audio)
2026-10-07 22:36:07,950 INFO [3/3] 722936088 (audio)
2026-10-07 22:36:07,975 INFO == Curso: Champion vs Rising Star Choi-Jung vs Kim-Enji  -> Champion vs Rising Star Choi-Jung vs Kim-Enji  (2 videos de clips, 3 sobrantes omitidos)
2026-10-07 22:36:07,975 INFO [1/2] 783272093 (audio)
2026-10-07 22:36:08,001 INFO [2/2] 783274455 (audio)
2026-10-07 22:36:08,024 INFO == Curso: Right Choice at  New Joseki  -> Right Choice at New Joseki  (3 videos de clips, 10 sobrantes omitidos)
2026-10-07 22:36:08,024 INFO [1/3] 857738021 (audio)
2026-10-07 22:36:08,046 INFO [2/3] 857739958 (audio)
2026-10-07 22:36:08,073 INFO [3/3] 857741218 (audio)
2026-10-07 22:36:08,100 INFO Terminado. Fallos: 11. Manifest: out\manifest.json
